stationID,tz,obsTimeUtc,obsTimeLocal,epoch,lat,lon,solarRadiationHigh,uvHigh,winddirAvg,humidityHigh,humidityLow,humidityAvg,qcStatus,metric.tempHigh,metric.tempLow,metric.tempAvg,metric.windspeedHigh,metric.windspeedLow,metric.windspeedAvg,metric.windgustHigh,metric.windgustLow,metric.windgustAvg,metric.dewptHigh,metric.dewptLow,metric.dewptAvg,metric.windchillHigh,metric.windchillLow,metric.windchillAvg,metric.heatindexHigh,metric.heatindexLow,metric.heatindexAvg,metric.pressureMax,metric.pressureMin,metric.pressureTrend,metric.precipRate,metric.precipTotal
KNYNEWYO1805,America/New_York,2024-01-01 05:58:23+00:00,2024-01-01 00:58:23,1704088703,40.638,-74.035,0.0,0.0,95.0,66.0,65.0,65.0,1,6.0,5.0,5.0,4.0,1.0,2.0,6.0,3.0,5.0,0.0,-1.0,-1.0,6.0,5.0,5.0,6.0,5.0,5.0,1016.26,1016.26,0.0,0.0,0.0
KNYNEWYO1805,America/New_York,2024-01-01 06:58:22+00:00,2024-01-01 01:58:22,1704092302,40.638,-74.035,0.0,0.0,104.0,66.0,65.0,65.0,1,6.0,5.0,5.0,3.0,1.0,2.0,6.0,3.0,4.0,0.0,-1.0,-1.0,6.0,5.0,5.0,6.0,5.0,5.0,1015.92,1015.92,0.0,0.0,0.0
KNYNEWYO1805,America/New_York,2024-01-01 07:58:21+00:00,2024-01-01 02:58:21,1704095901,40.638,-74.035,0.0,0.0,124.0,67.0,65.0,65.0,1,6.0,5.0,5.0,3.0,1.0,2.0,5.0,3.0,3.0,0.0,-1.0,0.0,6.0,5.0,5.0,6.0,5.0,5.0,1015.92,1015.92,0.0,0.0,0.0
KNYNEWYO1805,America/New_York,2024-01-01 08:59:21+00:00,2024-01-01 03:59:21,1704099561,40.638,-74.035,0.0,0.0,109.0,68.0,66.0,67.0,1,5.0,5.0,5.0,2.0,0.0,1.0,4.0,0.0,2.0,0.0,0.0,0.0,5.0,5.0,5.0,5.0,5.0,5.0,1015.58,1015.24,0.0,0.0,0.0
KNYNEWYO1805,America/New_York,2024-01-01 09:59:18+00:00,2024-01-01 04:59:18,1704103158,40.638,-74.035,0.0,0.0,115.0,68.0,67.0,67.0,1,5.0,5.0,5.0,1.0,0.0,0.0,3.0,0.0,1.0,0.0,-1.0,0.0,5.0,5.0,5.0,5.0,5.0,5.0,1015.58,1015.24,0.0,0.0,0.0
KNYNEWYO1805,America/New_York,2024-01-01 10:59:18+00:00,2024-01-01 05:59:18,1704106758,40.638,-74.035,0.0,0.0,107.0,72.0,68.0,70.0,1,5.0,5.0,5.0,0.0,0.0,0.0,3.0,0.0,1.0,1.0,0.0,0.0,5.0,5.0,5.0,5.0,5.0,5.0,1015.92,1015.24,0.74,0.03,0.18
KNYNEWYO1805,America/New_York,2024-01-01 11:59:17+00:00,2024-01-01 06:59:17,1704110357,40.638,-74.035,0.0,0.0,135.0,79.0,72.0,74.0,1,5.0,4.0,5.0,3.0,0.0,1.0,6.0,0.0,3.0,1.0,0.0,1.0,5.0,4.0,5.0,5.0,4.0,5.0,1016.26,1015.92,0.37,0.03,0.28
KNYNEWYO1805,America/New_York,2024-01-01 12:59:16+00:00,2024-01-01 07:59:16,1704113956,40.638,-74.035,16.0,0.1,92.0,83.0,80.0,81.0,1,4.0,4.0,4.0,1.0,0.0,1.0,5.0,0.0,3.0,2.0,1.0,1.0,4.0,4.0,4.0,4.0,4.0,4.0,1016.59,1016.26,0.37,0.0,0.33
KNYNEWYO1805,America/New_York,2024-01-01 13:59:14+00:00,2024-01-01 08:59:14,1704117554,40.638,-74.035,72.0,0.2,76.0,83.0,81.0,82.0,1,4.0,4.0,4.0,2.0,0.0,1.0,4.0,0.0,2.0,2.0,1.0,2.0,4.0,4.0,4.0,4.0,4.0,4.0,1017.27,1016.59,0.74,0.05,0.38
KNYNEWYO1805,America/New_York,2024-01-01 14:59:14+00:00,2024-01-01 09:59:14,1704121154,40.638,-74.035,258.0,0.9,110.0,82.0,77.0,80.0,1,5.0,5.0,5.0,1.0,0.0,0.0,4.0,0.0,2.0,2.0,2.0,2.0,5.0,5.0,5.0,5.0,5.0,5.0,1017.27,1017.27,0.0,0.0,0.38
KNYNEWYO1805,America/New_York,2024-01-01 15:58:23+00:00,2024-01-01 10:58:23,1704124703,40.638,-74.035,146.0,0.5,151.0,79.0,76.0,77.0,1,5.0,5.0,5.0,2.0,0.0,0.0,5.0,0.0,2.0,2.0,1.0,2.0,5.0,5.0,5.0,5.0,5.0,5.0,1017.27,1016.93,-0.38,0.0,0.38
KNYNEWYO1805,America/New_York,2024-01-01 16:59:13+00:00,2024-01-01 11:59:13,1704128353,40.638,-74.035,472.0,1.6,148.0,77.0,65.0,71.0,1,8.0,5.0,6.0,2.0,0.0,0.0,4.0,0.0,2.0,2.0,1.0,1.0,8.0,5.0,6.0,8.0,5.0,6.0,1016.93,1016.26,-0.74,0.0,0.38
KNYNEWYO1805,America/New_York,2024-01-01 17:59:11+00:00,2024-01-01 12:59:11,1704131951,40.638,-74.035,459.0,1.6,94.0,66.0,61.0,63.0,1,8.0,8.0,8.0,3.0,0.0,1.0,6.0,0.0,4.0,2.0,1.0,1.0,8.0,8.0,8.0,8.0,8.0,8.0,1016.26,1015.92,-0.37,0.0,0.38
KNYNEWYO1805,America/New_York,2024-01-01 18:59:10+00:00,2024-01-01 13:59:10,1704135550,40.638,-74.035,385.0,1.3,94.0,63.0,56.0,58.0,1,9.0,8.0,9.0,1.0,0.0,0.0,5.0,0.0,2.0,2.0,1.0,1.0,9.0,8.0,9.0,9.0,8.0,9.0,1016.26,1015.92,0.37,0.0,0.38
KNYNEWYO1805,America/New_York,2024-01-01 19:59:09+00:00,2024-01-01 14:59:09,1704139149,40.638,-74.035,103.0,0.4,299.0,63.0,61.0,62.0,1,8.0,7.0,8.0,1.0,0.0,0.0,4.0,0.0,1.0,1.0,0.0,1.0,8.0,7.0,8.0,8.0,7.0,8.0,1016.26,1016.26,0.0,0.0,0.38
KNYNEWYO1805,America/New_York,2024-01-01 20:59:07+00:00,2024-01-01 15:59:07,1704142747,40.638,-74.035,72.0,0.2,213.0,70.0,62.0,66.0,1,7.0,7.0,7.0,2.0,0.0,1.0,5.0,0.0,2.0,2.0,0.0,1.0,7.0,7.0,7.0,7.0,7.0,7.0,1016.59,1016.26,0.37,0.0,0.38
KNYNEWYO1805,America/New_York,2024-01-01 21:59:07+00:00,2024-01-01 16:59:07,1704146347,40.638,-74.035,23.0,0.1,139.0,69.0,65.0,67.0,1,7.0,7.0,7.0,2.0,0.0,1.0,5.0,0.0,2.0,2.0,1.0,1.0,7.0,7.0,7.0,7.0,7.0,7.0,1016.93,1016.59,0.37,0.0,0.38
KNYNEWYO1805,America/New_York,2024-01-01 22:59:06+00:00,2024-01-01 17:59:06,1704149946,40.638,-74.035,0.0,0.0,123.0,67.0,64.0,66.0,1,7.0,6.0,7.0,3.0,1.0,2.0,8.0,4.0,5.0,1.0,1.0,1.0,7.0,6.0,7.0,7.0,6.0,7.0,1017.27,1016.93,0.37,0.0,0.38
KNYNEWYO1805,America/New_York,2024-01-01 23:59:04+00:00,2024-01-01 18:59:04,1704153544,40.638,-74.035,0.0,0.0,122.0,68.0,66.0,66.0,1,6.0,6.0,6.0,4.0,1.0,2.0,8.0,4.0,5.0,1.0,0.0,0.0,6.0,6.0,6.0,6.0,6.0,6.0,1017.95,1017.27,0.74,0.0,0.38
KNYNEWYO1805,America/New_York,2024-01-02 00:59:03+00:00,2024-01-01 19:59:03,1704157143,40.638,-74.035,0.0,0.0,139.0,66.0,64.0,64.0,1,6.0,5.0,6.0,4.0,1.0,2.0,10.0,3.0,6.0,0.0,-1.0,-1.0,6.0,5.0,6.0,6.0,5.0,6.0,1017.95,1017.95,0.0,0.0,0.38
KNYNEWYO1805,America/New_York,2024-01-02 01:59:03+00:00,2024-01-01 20:59:03,1704160743,40.638,-74.035,0.0,0.0,134.0,66.0,64.0,65.0,1,5.0,5.0,5.0,5.0,1.0,3.0,9.0,3.0,6.0,0.0,-1.0,-1.0,5.0,4.0,5.0,5.0,5.0,5.0,1018.29,1017.95,0.37,0.0,0.38
KNYNEWYO1805,America/New_York,2024-01-02 02:59:01+00:00,2024-01-01 21:59:01,1704164341,40.638,-74.035,0.0,0.0,126.0,67.0,66.0,66.0,1,5.0,4.0,4.0,5.0,2.0,3.0,13.0,5.0,7.0,-1.0,-2.0,-1.0,5.0,3.0,4.0,5.0,4.0,4.0,1018.63,1018.29,0.37,0.0,0.38
KNYNEWYO1805,America/New_York,2024-01-02 03:59:01+00:00,2024-01-01 22:59:01,1704167941,40.638,-74.035,0.0,0.0,124.0,70.0,67.0,68.0,1,4.0,3.0,3.0,6.0,3.0,4.0,11.0,6.0,8.0,-2.0,-2.0,-2.0,4.0,2.0,3.0,4.0,3.0,3.0,1018.96,1018.63,0.0,0.0,0.38
KNYNEWYO1805,America/New_York,2024-01-02 04:58:58+00:00,2024-01-01 23:58:58,1704171538,40.638,-74.035,0.0,0.0,130.0,72.0,69.0,70.0,1,3.0,2.0,3.0,5.0,2.0,3.0,9.0,4.0,7.0,-2.0,-2.0,-2.0,3.0,2.0,3.0,3.0,2.0,3.0,1018.96,1018.63,-0.37,0.0,0.38
KNYNEWYO1805,America/New_York,2024-01-02 05:58:59+00:00,2024-01-02 00:58:59,1704175139,40.638,-74.035,0.0,0.0,111.0,73.0,71.0,72.0,1,2.0,2.0,2.0,5.0,3.0,4.0,13.0,6.0,9.0,-2.0,-3.0,-3.0,2.0,2.0,2.0,2.0,2.0,2.0,1018.63,1018.63,0.0,0.0,0.0
KNYNEWYO1805,America/New_York,2024-01-02 06:58:59+00:00,2024-01-02 01:58:59,1704178739,40.638,-74.035,0.0,0.0,2.0,73.0,71.0,72.0,1,2.0,1.0,1.0,6.0,2.0,4.0,14.0,4.0,10.0,-3.0,-3.0,-3.0,2.0,0.0,1.0,2.0,1.0,1.0,1018.63,1018.63,0.0,0.0,0.0
KNYNEWYO1805,America/New_York,2024-01-02 07:58:57+00:00,2024-01-02 02:58:57,1704182337,40.638,-74.035,0.0,0.0,87.0,72.0,70.0,70.0,1,1.0,1.0,1.0,5.0,2.0,4.0,17.0,5.0,9.0,-3.0,-4.0,-4.0,1.0,-1.0,1.0,1.0,1.0,1.0,1018.96,1018.63,0.0,0.0,0.0
KNYNEWYO1805,America/New_York,2024-01-02 08:58:55+00:00,2024-01-02 03:58:55,1704185935,40.638,-74.035,0.0,0.0,234.0,72.0,70.0,71.0,1,1.0,0.0,0.0,4.0,2.0,2.0,13.0,3.0,6.0,-4.0,-5.0,-4.0,1.0,0.0,0.0,1.0,0.0,0.0,1018.96,1018.96,0.0,0.0,0.0
KNYNEWYO1805,America/New_York,2024-01-02 09:58:55+00:00,2024-01-02 04:58:55,1704189535,40.638,-74.035,0.0,0.0,148.0,73.0,69.0,71.0,1,0.0,0.0,0.0,4.0,1.0,3.0,11.0,4.0,6.0,-4.0,-5.0,-5.0,0.0,0.0,0.0,0.0,0.0,0.0,1018.96,1018.96,0.0,0.0,0.0
KNYNEWYO1805,America/New_York,2024-01-02 10:58:55+00:00,2024-01-02 05:58:55,1704193135,40.638,-74.035,0.0,0.0,93.0,70.0,69.0,69.0,1,0.0,-1.0,0.0,5.0,2.0,4.0,12.0,6.0,8.0,-5.0,-6.0,-5.0,0.0,-2.0,-1.0,0.0,-1.0,0.0,1019.64,1018.96,0.73,0.0,0.0
KNYNEWYO1805,America/New_York,2024-01-02 11:58:53+00:00,2024-01-02 06:58:53,1704196733,40.638,-74.035,0.0,0.0,105.0,71.0,69.0,70.0,1,-1.0,-1.0,-1.0,5.0,2.0,3.0,12.0,3.0,7.0,-5.0,-6.0,-6.0,-1.0,-2.0,-1.0,-1.0,-1.0,-1.0,1019.98,1019.64,0.37,0.0,0.0
KNYNEWYO1805,America/New_York,2024-01-02 12:58:51+00:00,2024-01-02 07:58:51,1704200331,40.638,-74.035,26.0,0.1,110.0,72.0,70.0,70.0,1,-1.0,-1.0,-1.0,4.0,3.0,3.0,9.0,4.0,7.0,-5.0,-6.0,-6.0,-1.0,-1.0,-1.0,-1.0,-1.0,-1.0,1020.32,1019.98,0.37,0.0,0.0
KNYNEWYO1805,America/New_York,2024-01-02 13:58:51+00:00,2024-01-02 08:58:51,1704203931,40.638,-74.035,209.0,0.7,133.0,71.0,65.0,68.0,1,0.0,-1.0,0.0,5.0,3.0,4.0,10.0,5.0,7.0,-5.0,-6.0,-5.0,0.0,-1.0,0.0,0.0,-1.0,0.0,1020.32,1020.32,0.0,0.0,0.0
KNYNEWYO1805,America/New_York,2024-01-02 14:58:47+00:00,2024-01-02 09:58:47,1704207527,40.638,-74.035,360.0,1.2,129.0,66.0,63.0,64.0,1,2.0,0.0,1.0,6.0,3.0,3.0,14.0,4.0,7.0,-5.0,-5.0,-5.0,2.0,-1.0,1.0,2.0,0.0,1.0,1020.66,1020.32,0.0,0.0,0.0
KNYNEWYO1805,America/New_York,2024-01-02 15:58:48+00:00,2024-01-02 10:58:48,1704211128,40.638,-74.035,427.0,1.4,132.0,62.0,58.0,59.0,1,3.0,2.0,2.0,5.0,1.0,2.0,9.0,3.0,5.0,-5.0,-5.0,-5.0,3.0,0.0,2.0,3.0,2.0,2.0,1020.66,1019.64,-0.74,0.0,0.0
KNYNEWYO1805,America/New_York,2024-01-02 16:58:46+00:00,2024-01-02 11:58:46,1704214726,40.638,-74.035,448.0,1.5,144.0,58.0,57.0,57.0,1,3.0,3.0,3.0,5.0,1.0,3.0,8.0,4.0,5.0,-4.0,-5.0,-5.0,3.0,2.0,3.0,3.0,3.0,3.0,1019.64,1018.29,-1.48,0.0,0.0
KNYNEWYO1805,America/New_York,2024-01-02 17:58:46+00:00,2024-01-02 12:58:46,1704218326,40.638,-74.035,444.0,1.5,136.0,56.0,54.0,55.0,1,4.0,3.0,4.0,5.0,2.0,4.0,10.0,4.0,7.0,-4.0,-5.0,-4.0,4.0,3.0,4.0,4.0,3.0,4.0,1018.29,1017.27,-1.11,0.0,0.0
KNYNEWYO1805,America/New_York,2024-01-02 18:58:44+00:00,2024-01-02 13:58:44,1704221924,40.638,-74.035,396.0,1.3,135.0,54.0,50.0,52.0,1,6.0,4.0,5.0,5.0,1.0,3.0,9.0,4.0,6.0,-3.0,-4.0,-4.0,6.0,4.0,5.0,6.0,4.0,5.0,1017.27,1016.26,-1.11,0.0,0.0
KNYNEWYO1805,America/New_York,2024-01-02 19:58:44+00:00,2024-01-02 14:58:44,1704225524,40.638,-74.035,291.0,1.0,133.0,51.0,48.0,49.0,1,6.0,6.0,6.0,4.0,2.0,3.0,9.0,4.0,5.0,-3.0,-4.0,-4.0,6.0,6.0,6.0,6.0,6.0,6.0,1016.26,1016.26,0.0,0.0,0.0
KNYNEWYO1805,America/New_York,2024-01-02 20:58:42+00:00,2024-01-02 15:58:42,1704229122,40.638,-74.035,156.0,0.5,138.0,52.0,49.0,50.0,1,6.0,6.0,6.0,5.0,1.0,3.0,7.0,4.0,5.0,-3.0,-4.0,-4.0,6.0,5.0,6.0,6.0,6.0,6.0,1016.26,1015.92,-0.37,0.0,0.0
KNYNEWYO1805,America/New_York,2024-01-02 21:58:41+00:00,2024-01-02 16:58:41,1704232721,40.638,-74.035,22.0,0.1,127.0,57.0,51.0,54.0,1,6.0,6.0,6.0,3.0,1.0,3.0,6.0,4.0,5.0,-2.0,-4.0,-3.0,6.0,6.0,6.0,6.0,6.0,6.0,1016.26,1015.92,0.37,0.0,0.0
KNYNEWYO1805,America/New_York,2024-01-02 22:58:39+00:00,2024-01-02 17:58:39,1704236319,40.638,-74.035,0.0,0.0,145.0,58.0,54.0,56.0,1,6.0,5.0,5.0,3.0,1.0,2.0,5.0,3.0,4.0,-2.0,-3.0,-3.0,6.0,5.0,5.0,6.0,5.0,5.0,1016.26,1016.26,0.0,0.0,0.0
KNYNEWYO1805,America/New_York,2024-01-02 23:58:40+00:00,2024-01-02 18:58:40,1704239920,40.638,-74.035,0.0,0.0,140.0,62.0,58.0,59.0,1,5.0,5.0,5.0,3.0,0.0,1.0,6.0,0.0,2.0,-2.0,-2.0,-2.0,5.0,5.0,5.0,5.0,5.0,5.0,1016.59,1016.26,0.0,0.0,0.0
KNYNEWYO1805,America/New_York,2024-01-03 00:58:38+00:00,2024-01-02 19:58:38,1704243518,40.638,-74.035,0.0,0.0,121.0,64.0,61.0,62.0,1,5.0,4.0,5.0,1.0,0.0,0.0,4.0,0.0,1.0,-1.0,-2.0,-2.0,5.0,4.0,5.0,5.0,4.0,5.0,1016.59,1016.59,0.0,0.0,0.0
KNYNEWYO1805,America/New_York,2024-01-03 01:58:38+00:00,2024-01-02 20:58:38,1704247118,40.638,-74.035,0.0,0.0,129.0,66.0,61.0,63.0,1,5.0,4.0,4.0,4.0,0.0,1.0,5.0,0.0,3.0,-1.0,-2.0,-2.0,5.0,4.0,4.0,5.0,4.0,4.0,1016.59,1016.26,0.0,0.0,0.0
KNYNEWYO1805,America/New_York,2024-01-03 02:58:37+00:00,2024-01-02 21:58:37,1704250717,40.638,-74.035,0.0,0.0,108.0,68.0,65.0,66.0,1,4.0,3.0,4.0,4.0,1.0,2.0,6.0,3.0,4.0,-2.0,-2.0,-2.0,4.0,3.0,4.0,4.0,3.0,4.0,1016.93,1016.59,0.0,0.0,0.0
KNYNEWYO1805,America/New_York,2024-01-03 03:58:36+00:00,2024-01-02 22:58:36,1704254316,40.638,-74.035,0.0,0.0,105.0,69.0,65.0,67.0,1,4.0,3.0,3.0,4.0,0.0,2.0,5.0,2.0,4.0,-2.0,-3.0,-2.0,4.0,3.0,3.0,4.0,3.0,3.0,1016.93,1016.59,-0.37,0.0,0.0
KNYNEWYO1805,America/New_York,2024-01-03 04:58:33+00:00,2024-01-02 23:58:33,1704257913,40.638,-74.035,0.0,0.0,116.0,70.0,68.0,69.0,1,3.0,3.0,3.0,4.0,2.0,3.0,7.0,4.0,5.0,-2.0,-2.0,-2.0,3.0,3.0,3.0,3.0,3.0,3.0,1016.59,1016.26,-0.37,0.0,0.0
KNYNEWYO1805,America/New_York,2024-01-03 05:58:33+00:00,2024-01-03 00:58:33,1704261513,40.638,-74.035,0.0,0.0,120.0,72.0,71.0,71.0,1,3.0,3.0,3.0,5.0,3.0,4.0,9.0,6.0,7.0,-2.0,-2.0,-2.0,3.0,1.0,2.0,3.0,3.0,3.0,1016.26,1015.92,0.0,0.0,0.0
KNYNEWYO1805,America/New_York,2024-01-03 06:58:33+00:00,2024-01-03 01:58:33,1704265113,40.638,-74.035,0.0,0.0,113.0,74.0,72.0,72.0,1,3.0,2.0,2.0,5.0,3.0,4.0,12.0,5.0,7.0,-2.0,-2.0,-2.0,3.0,0.0,2.0,3.0,2.0,2.0,1016.26,1016.26,0.0,0.0,0.0
KNYNEWYO1805,America/New_York,2024-01-03 07:58:32+00:00,2024-01-03 02:58:32,1704268712,40.638,-74.035,0.0,0.0,102.0,75.0,73.0,74.0,1,2.0,2.0,2.0,5.0,3.0,4.0,9.0,5.0,7.0,-2.0,-2.0,-2.0,2.0,0.0,2.0,2.0,2.0,2.0,1016.26,1016.26,0.0,0.0,0.0
KNYNEWYO1805,America/New_York,2024-01-03 08:58:29+00:00,2024-01-03 03:58:29,1704272309,40.638,-74.035,0.0,0.0,108.0,76.0,75.0,75.0,1,2.0,2.0,2.0,5.0,3.0,4.0,8.0,5.0,7.0,-2.0,-3.0,-2.0,2.0,0.0,1.0,2.0,2.0,2.0,1016.26,1015.92,0.0,0.0,0.0
KNYNEWYO1805,America/New_York,2024-01-03 09:58:29+00:00,2024-01-03 04:58:29,1704275909,40.638,-74.035,0.0,0.0,121.0,75.0,74.0,74.0,1,1.0,1.0,1.0,5.0,3.0,4.0,8.0,5.0,6.0,-3.0,-3.0,-3.0,1.0,0.0,1.0,1.0,1.0,1.0,1016.59,1016.26,0.37,0.0,0.0
KNYNEWYO1805,America/New_York,2024-01-03 10:58:27+00:00,2024-01-03 05:58:27,1704279507,40.638,-74.035,0.0,0.0,123.0,76.0,74.0,74.0,1,2.0,1.0,1.0,4.0,3.0,3.0,7.0,3.0,5.0,-3.0,-3.0,-3.0,2.0,1.0,1.0,2.0,1.0,1.0,1016.59,1016.26,0.37,0.0,0.0
KNYNEWYO1805,America/New_York,2024-01-03 11:58:27+00:00,2024-01-03 06:58:27,1704283107,40.638,-74.035,0.0,0.0,118.0,74.0,72.0,72.0,1,2.0,2.0,2.0,4.0,1.0,3.0,7.0,3.0,5.0,-3.0,-3.0,-3.0,2.0,2.0,2.0,2.0,2.0,2.0,1016.93,1016.59,0.37,0.0,0.0
KNYNEWYO1805,America/New_York,2024-01-03 12:58:25+00:00,2024-01-03 07:58:25,1704286705,40.638,-74.035,16.0,0.1,91.0,74.0,71.0,72.0,1,2.0,2.0,2.0,5.0,3.0,3.0,12.0,4.0,6.0,-2.0,-3.0,-3.0,2.0,0.0,2.0,2.0,2.0,2.0,1017.95,1017.27,0.74,0.0,0.0
KNYNEWYO1805,America/New_York,2024-01-03 13:58:25+00:00,2024-01-03 08:58:25,1704290305,40.638,-74.035,196.0,0.6,101.0,74.0,70.0,72.0,1,2.0,1.0,2.0,4.0,3.0,4.0,7.0,5.0,6.0,-3.0,-3.0,-3.0,2.0,1.0,2.0,2.0,1.0,2.0,1017.95,1017.95,0.0,0.0,0.0
KNYNEWYO1805,America/New_York,2024-01-03 14:58:25+00:00,2024-01-03 09:58:25,1704293905,40.638,-74.035,354.0,1.2,113.0,70.0,62.0,65.0,1,4.0,2.0,3.0,5.0,3.0,4.0,8.0,5.0,7.0,-3.0,-3.0,-3.0,4.0,2.0,3.0,4.0,2.0,3.0,1017.95,1017.95,0.0,0.0,0.0
KNYNEWYO1805,America/New_York,2024-01-03 15:58:23+00:00,2024-01-03 10:58:23,1704297503,40.638,-74.035,411.0,1.4,134.0,63.0,58.0,60.0,1,5.0,4.0,4.0,4.0,1.0,3.0,6.0,3.0,5.0,-2.0,-3.0,-2.0,5.0,4.0,4.0,5.0,4.0,4.0,1017.95,1017.27,-0.74,0.0,0.0
KNYNEWYO1805,America/New_York,2024-01-03 16:59:21+00:00,2024-01-03 11:59:21,1704301161,40.638,-74.035,443.0,1.5,150.0,59.0,57.0,57.0,1,6.0,5.0,6.0,3.0,1.0,2.0,9.0,3.0,5.0,-2.0,-2.0,-2.0,6.0,5.0,6.0,6.0,5.0,6.0,1017.27,1016.26,-1.11,0.0,0.0
KNYNEWYO1805,America/New_York,2024-01-03 17:59:21+00:00,2024-01-03 12:59:21,1704304761,40.638,-74.035,464.0,1.5,138.0,58.0,53.0,55.0,1,7.0,6.0,6.0,4.0,0.0,3.0,7.0,3.0,5.0,-2.0,-2.0,-2.0,7.0,6.0,6.0,7.0,6.0,6.0,1016.26,1015.92,-0.37,0.0,0.0
KNYNEWYO1805,America/New_York,2024-01-03 18:59:19+00:00,2024-01-03 13:59:19,1704308359,40.638,-74.035,425.0,1.4,141.0,58.0,53.0,55.0,1,7.0,7.0,7.0,4.0,0.0,3.0,9.0,0.0,5.0,-1.0,-2.0,-2.0,7.0,7.0,7.0,7.0,7.0,7.0,1015.92,1015.58,-0.37,0.0,0.0
KNYNEWYO1805,America/New_York,2024-01-03 19:59:19+00:00,2024-01-03 14:59:19,1704311959,40.638,-74.035,260.0,0.9,127.0,60.0,55.0,57.0,1,7.0,6.0,7.0,5.0,2.0,4.0,9.0,4.0,6.0,-1.0,-2.0,-1.0,7.0,6.0,6.0,7.0,6.0,7.0,1015.58,1015.24,-0.37,0.0,0.0
KNYNEWYO1805,America/New_York,2024-01-03 20:59:19+00:00,2024-01-03 15:59:19,1704315559,40.638,-74.035,143.0,0.5,143.0,61.0,58.0,60.0,1,6.0,5.0,6.0,4.0,2.0,3.0,8.0,4.0,6.0,-1.0,-2.0,-2.0,6.0,5.0,6.0,6.0,5.0,6.0,1015.24,1015.24,0.0,0.0,0.0
KNYNEWYO1805,America/New_York,2024-01-03 21:59:16+00:00,2024-01-03 16:59:16,1704319156,40.638,-74.035,16.0,0.1,140.0,62.0,61.0,61.0,1,5.0,5.0,5.0,4.0,1.0,2.0,6.0,4.0,5.0,-2.0,-2.0,-2.0,5.0,5.0,5.0,5.0,5.0,5.0,1016.26,1015.24,1.11,0.0,0.0
KNYNEWYO1805,America/New_York,2024-01-03 22:59:16+00:00,2024-01-03 17:59:16,1704322756,40.638,-74.035,0.0,0.0,128.0,63.0,61.0,62.0,1,5.0,5.0,5.0,4.0,1.0,3.0,6.0,3.0,4.0,-1.0,-2.0,-2.0,5.0,5.0,5.0,5.0,5.0,5.0,1016.26,1016.26,0.0,0.0,0.0
KNYNEWYO1805,America/New_York,2024-01-03 23:59:15+00:00,2024-01-03 18:59:15,1704326355,40.638,-74.035,0.0,0.0,113.0,64.0,62.0,62.0,1,5.0,5.0,5.0,5.0,1.0,3.0,7.0,4.0,5.0,-1.0,-2.0,-2.0,5.0,4.0,5.0,5.0,5.0,5.0,1016.59,1016.26,0.37,0.0,0.0
KNYNEWYO1805,America/New_York,2024-01-04 00:59:15+00:00,2024-01-03 19:59:15,1704329955,40.638,-74.035,0.0,0.0,127.0,63.0,61.0,62.0,1,5.0,5.0,5.0,5.0,1.0,3.0,6.0,3.0,5.0,-2.0,-2.0,-2.0,5.0,4.0,5.0,5.0,5.0,5.0,1016.26,1015.92,-0.37,0.0,0.0
KNYNEWYO1805,America/New_York,2024-01-04 01:59:12+00:00,2024-01-03 20:59:12,1704333552,40.638,-74.035,0.0,0.0,126.0,65.0,62.0,63.0,1,5.0,5.0,5.0,4.0,1.0,3.0,7.0,4.0,5.0,-1.0,-2.0,-1.0,5.0,5.0,5.0,5.0,5.0,5.0,1015.92,1015.92,0.0,0.0,0.0
KNYNEWYO1805,America/New_York,2024-01-04 02:59:12+00:00,2024-01-03 21:59:12,1704337152,40.638,-74.035,0.0,0.0,122.0,65.0,64.0,64.0,1,5.0,5.0,5.0,3.0,0.0,1.0,8.0,1.0,4.0,-1.0,-2.0,-1.0,5.0,5.0,5.0,5.0,5.0,5.0,1015.92,1015.58,0.0,0.0,0.0
KNYNEWYO1805,America/New_York,2024-01-04 03:59:11+00:00,2024-01-03 22:59:11,1704340751,40.638,-74.035,0.0,0.0,139.0,65.0,64.0,64.0,1,5.0,4.0,5.0,3.0,0.0,1.0,5.0,1.0,3.0,-1.0,-2.0,-2.0,5.0,4.0,5.0,5.0,4.0,5.0,1015.92,1015.58,0.37,0.0,0.0
KNYNEWYO1805,America/New_York,2024-01-04 04:59:08+00:00,2024-01-03 23:59:08,1704344348,40.638,-74.035,0.0,0.0,141.0,65.0,64.0,64.0,1,4.0,4.0,4.0,2.0,0.0,0.0,4.0,0.0,2.0,-2.0,-2.0,-2.0,4.0,4.0,4.0,4.0,4.0,4.0,1015.92,1015.58,-0.37,0.0,0.0
KNYNEWYO1805,America/New_York,2024-01-04 05:59:08+00:00,2024-01-04 00:59:08,1704347948,40.638,-74.035,0.0,0.0,124.0,66.0,64.0,65.0,1,4.0,4.0,4.0,2.0,0.0,0.0,5.0,0.0,2.0,-1.0,-2.0,-2.0,4.0,4.0,4.0,4.0,4.0,4.0,1015.58,1015.24,-0.37,0.0,0.0
KNYNEWYO1805,America/New_York,2024-01-04 06:59:08+00:00,2024-01-04 01:59:08,1704351548,40.638,-74.035,0.0,0.0,118.0,66.0,65.0,65.0,1,4.0,4.0,4.0,2.0,0.0,0.0,3.0,0.0,2.0,-2.0,-2.0,-2.0,4.0,4.0,4.0,4.0,4.0,4.0,1015.24,1015.24,0.0,0.0,0.0
KNYNEWYO1805,America/New_York,2024-01-04 07:59:07+00:00,2024-01-04 02:59:07,1704355147,40.638,-74.035,0.0,0.0,214.0,68.0,66.0,67.0,1,4.0,4.0,4.0,1.0,0.0,0.0,4.0,0.0,2.0,-2.0,-2.0,-2.0,4.0,4.0,4.0,4.0,4.0,4.0,1015.24,1014.56,-0.37,0.0,0.0
KNYNEWYO1805,America/New_York,2024-01-04 08:59:04+00:00,2024-01-04 03:59:04,1704358744,40.638,-74.035,0.0,0.0,104.0,68.0,67.0,67.0,1,4.0,4.0,4.0,1.0,0.0,0.0,4.0,0.0,1.0,-2.0,-2.0,-2.0,4.0,4.0,4.0,4.0,4.0,4.0,1014.56,1013.88,-0.74,0.0,0.0
KNYNEWYO1805,America/New_York,2024-01-04 09:59:04+00:00,2024-01-04 04:59:04,1704362344,40.638,-74.035,0.0,0.0,114.0,70.0,67.0,68.0,1,4.0,4.0,4.0,2.0,0.0,1.0,4.0,0.0,2.0,-1.0,-2.0,-1.0,4.0,4.0,4.0,4.0,4.0,4.0,1013.88,1013.55,-0.37,0.0,0.0
KNYNEWYO1805,America/New_York,2024-01-04 10:59:04+00:00,2024-01-04 05:59:04,1704365944,40.638,-74.035,0.0,0.0,124.0,69.0,68.0,68.0,1,4.0,4.0,4.0,2.0,0.0,1.0,5.0,0.0,3.0,-1.0,-2.0,-1.0,4.0,4.0,4.0,4.0,4.0,4.0,1013.88,1013.55,-0.37,0.0,0.0
KNYNEWYO1805,America/New_York,2024-01-04 11:59:03+00:00,2024-01-04 06:59:03,1704369543,40.638,-74.035,0.0,0.0,101.0,70.0,68.0,68.0,1,4.0,4.0,4.0,1.0,1.0,1.0,6.0,3.0,4.0,-1.0,-1.0,-1.0,4.0,4.0,4.0,4.0,4.0,4.0,1013.88,1013.55,0.37,0.0,0.0
KNYNEWYO1805,America/New_York,2024-01-04 12:59:02+00:00,2024-01-04 07:59:02,1704373142,40.638,-74.035,14.0,0.0,101.0,70.0,68.0,68.0,1,4.0,4.0,4.0,1.0,0.0,0.0,4.0,0.0,2.0,-1.0,-1.0,-1.0,4.0,4.0,4.0,4.0,4.0,4.0,1014.56,1013.88,0.74,0.0,0.0
KNYNEWYO1805,America/New_York,2024-01-04 13:59:00+00:00,2024-01-04 08:59:00,1704376740,40.638,-74.035,38.0,0.1,85.0,69.0,67.0,68.0,1,4.0,4.0,4.0,4.0,0.0,2.0,8.0,3.0,5.0,-1.0,-1.0,-1.0,4.0,4.0,4.0,4.0,4.0,4.0,1014.56,1014.56,0.0,0.0,0.0
KNYNEWYO1805,America/New_York,2024-01-04 14:59:00+00:00,2024-01-04 09:59:00,1704380340,40.638,-74.035,51.0,0.2,103.0,70.0,68.0,69.0,1,4.0,4.0,4.0,5.0,2.0,4.0,9.0,4.0,6.0,-1.0,-1.0,-1.0,4.0,3.0,4.0,4.0,4.0,4.0,1015.24,1014.56,0.74,0.0,0.0
KNYNEWYO1805,America/New_York,2024-01-04 15:58:59+00:00,2024-01-04 10:58:59,1704383939,40.638,-74.035,166.0,0.5,128.0,71.0,68.0,69.0,1,5.0,4.0,4.0,5.0,1.0,3.0,8.0,4.0,6.0,0.0,-1.0,-1.0,5.0,4.0,4.0,5.0,4.0,4.0,1014.9,1014.56,-0.37,0.0,0.0
KNYNEWYO1805,America/New_York,2024-01-04 16:58:56+00:00,2024-01-04 11:58:56,1704387536,40.638,-74.035,222.0,0.7,125.0,68.0,66.0,66.0,1,6.0,5.0,5.0,4.0,1.0,3.0,8.0,3.0,6.0,0.0,-1.0,0.0,6.0,5.0,5.0,6.0,5.0,5.0,1014.56,1014.22,-0.37,0.0,0.0
KNYNEWYO1805,America/New_York,2024-01-04 17:58:56+00:00,2024-01-04 12:58:56,1704391136,40.638,-74.035,374.0,1.2,136.0,64.0,60.0,61.0,1,7.0,6.0,6.0,7.0,4.0,5.0,12.0,7.0,9.0,0.0,-1.0,-1.0,7.0,5.0,6.0,7.0,6.0,6.0,1014.22,1013.55,-0.74,0.0,0.0
KNYNEWYO1805,America/New_York,2024-01-04 18:58:56+00:00,2024-01-04 13:58:56,1704394736,40.638,-74.035,392.0,1.3,135.0,62.0,53.0,56.0,1,7.0,6.0,6.0,9.0,4.0,6.0,14.0,8.0,10.0,-1.0,-2.0,-2.0,7.0,4.0,5.0,7.0,6.0,6.0,1013.88,1013.55,0.37,0.0,0.0
KNYNEWYO1805,America/New_York,2024-01-04 19:58:54+00:00,2024-01-04 14:58:54,1704398334,40.638,-74.035,298.0,1.0,139.0,56.0,50.0,52.0,1,7.0,7.0,7.0,7.0,3.0,5.0,13.0,8.0,10.0,-1.0,-3.0,-2.0,7.0,6.0,6.0,7.0,7.0,7.0,1014.22,1013.88,0.37,0.0,0.0
KNYNEWYO1805,America/New_York,2024-01-04 20:58:52+00:00,2024-01-04 15:58:52,1704401932,40.638,-74.035,169.0,0.6,141.0,60.0,53.0,57.0,1,7.0,5.0,6.0,8.0,5.0,6.0,16.0,8.0,12.0,-2.0,-3.0,-2.0,6.0,3.0,4.0,7.0,5.0,6.0,1015.58,1014.56,1.11,0.0,0.0
KNYNEWYO1805,America/New_York,2024-01-04 21:58:52+00:00,2024-01-04 16:58:52,1704405532,40.638,-74.035,21.0,0.1,141.0,58.0,53.0,54.0,1,5.0,4.0,5.0,8.0,5.0,6.0,14.0,8.0,11.0,-3.0,-4.0,-4.0,4.0,3.0,3.0,5.0,4.0,5.0,1016.93,1015.58,1.48,0.0,0.0
KNYNEWYO1805,America/New_York,2024-01-04 22:58:52+00:00,2024-01-04 17:58:52,1704409132,40.638,-74.035,0.0,0.0,132.0,55.0,51.0,53.0,1,4.0,3.0,4.0,9.0,5.0,6.0,18.0,8.0,11.0,-4.0,-6.0,-5.0,3.0,0.0,2.0,4.0,3.0,4.0,1018.29,1016.93,1.48,0.0,0.0
KNYNEWYO1805,America/New_York,2024-01-04 23:58:50+00:00,2024-01-04 18:58:50,1704412730,40.638,-74.035,0.0,0.0,134.0,56.0,52.0,53.0,1,3.0,2.0,2.0,7.0,4.0,6.0,17.0,9.0,12.0,-6.0,-7.0,-6.0,3.0,0.0,1.0,3.0,2.0,2.0,1019.64,1018.63,1.11,0.0,0.0
KNYNEWYO1805,America/New_York,2024-01-05 00:58:48+00:00,2024-01-04 19:58:48,1704416328,40.638,-74.035,0.0,0.0,140.0,55.0,51.0,52.0,1,2.0,1.0,2.0,6.0,4.0,5.0,13.0,7.0,9.0,-6.0,-7.0,-7.0,2.0,0.0,1.0,2.0,1.0,2.0,1020.32,1019.64,0.37,0.0,0.0
KNYNEWYO1805,America/New_York,2024-01-05 01:58:48+00:00,2024-01-04 20:58:48,1704419928,40.638,-74.035,0.0,0.0,139.0,57.0,53.0,54.0,1,1.0,1.0,1.0,8.0,5.0,6.0,14.0,9.0,11.0,-7.0,-8.0,-7.0,1.0,-1.0,-1.0,1.0,1.0,1.0,1020.66,1019.98,0.74,0.0,0.0
KNYNEWYO1805,America/New_York,2024-01-05 02:58:48+00:00,2024-01-04 21:58:48,1704423528,40.638,-74.035,0.0,0.0,138.0,56.0,50.0,54.0,1,1.0,0.0,0.0,9.0,5.0,6.0,15.0,8.0,11.0,-8.0,-9.0,-8.0,0.0,-3.0,-2.0,1.0,0.0,0.0,1021.33,1020.66,0.74,0.0,0.0
KNYNEWYO1805,America/New_York,2024-01-05 03:58:47+00:00,2024-01-04 22:58:47,1704427127,40.638,-74.035,0.0,0.0,135.0,62.0,54.0,57.0,1,0.0,-1.0,-1.0,9.0,3.0,6.0,17.0,8.0,12.0,-7.0,-9.0,-8.0,0.0,-4.0,-3.0,0.0,-1.0,-1.0,1022.35,1021.67,0.74,0.0,0.0
KNYNEWYO1805,America/New_York,2024-01-05 04:58:44+00:00,2024-01-04 23:58:44,1704430724,40.638,-74.035,0.0,0.0,141.0,65.0,61.0,62.0,1,-1.0,-1.0,-1.0,8.0,4.0,6.0,15.0,8.0,10.0,-7.0,-8.0,-7.0,-1.0,-4.0,-3.0,-1.0,-1.0,-1.0,1022.69,1022.35,0.37,0.0,0.0
KNYNEWYO1805,America/New_York,2024-01-05 05:58:44+00:00,2024-01-05 00:58:44,1704434324,40.638,-74.035,0.0,0.0,131.0,62.0,59.0,60.0,1,-1.0,-2.0,-2.0,9.0,5.0,7.0,15.0,9.0,12.0,-8.0,-9.0,-8.0,-3.0,-5.0,-4.0,-1.0,-2.0,-2.0,1023.03,1022.69,0.37,0.0,0.0
KNYNEWYO1805,America/New_York,2024-01-05 06:58:43+00:00,2024-01-05 01:58:43,1704437923,40.638,-74.035,0.0,0.0,131.0,65.0,60.0,62.0,1,-2.0,-2.0,-2.0,6.0,4.0,6.0,16.0,7.0,11.0,-8.0,-9.0,-8.0,-2.0,-5.0,-4.0,-2.0,-2.0,-2.0,1023.71,1023.03,0.74,0.0,0.0
KNYNEWYO1805,America/New_York,2024-01-05 07:58:43+00:00,2024-01-05 02:58:43,1704441523,40.638,-74.035,0.0,0.0,134.0,67.0,64.0,65.0,1,-2.0,-3.0,-2.0,8.0,4.0,6.0,12.0,8.0,10.0,-8.0,-9.0,-8.0,-3.0,-5.0,-4.0,-2.0,-3.0,-2.0,1024.72,1023.71,1.11,0.0,0.0
KNYNEWYO1805,America/New_York,2024-01-05 08:58:39+00:00,2024-01-05 03:58:39,1704445119,40.638,-74.035,0.0,0.0,132.0,66.0,64.0,65.0,1,-3.0,-3.0,-3.0,7.0,3.0,5.0,12.0,6.0,9.0,-8.0,-9.0,-8.0,-3.0,-6.0,-4.0,-3.0,-3.0,-3.0,1024.72,1024.38,0.0,0.0,0.0
KNYNEWYO1805,America/New_York,2024-01-05 09:58:39+00:00,2024-01-05 04:58:39,1704448719,40.638,-74.035,0.0,0.0,121.0,66.0,64.0,64.0,1,-3.0,-3.0,-3.0,7.0,3.0,5.0,12.0,5.0,8.0,-8.0,-9.0,-8.0,-3.0,-5.0,-3.0,-3.0,-3.0,-3.0,1024.72,1024.38,0.0,0.0,0.0
KNYNEWYO1805,America/New_York,2024-01-05 10:58:40+00:00,2024-01-05 05:58:40,1704452320,40.638,-74.035,0.0,0.0,119.0,66.0,62.0,64.0,1,-2.0,-3.0,-2.0,6.0,3.0,4.0,10.0,5.0,8.0,-8.0,-9.0,-8.0,-2.0,-5.0,-3.0,-2.0,-3.0,-2.0,1025.4,1025.06,0.0,0.0,0.0
KNYNEWYO1805,America/New_York,2024-01-05 11:58:39+00:00,2024-01-05 06:58:39,1704455919,40.638,-74.035,0.0,0.0,121.0,65.0,63.0,63.0,1,-3.0,-3.0,-3.0,6.0,3.0,5.0,10.0,6.0,8.0,-8.0,-9.0,-9.0,-3.0,-5.0,-4.0,-3.0,-3.0,-3.0,1025.74,1025.4,0.37,0.0,0.0
KNYNEWYO1805,America/New_York,2024-01-05 12:58:36+00:00,2024-01-05 07:58:36,1704459516,40.638,-74.035,28.0,0.1,113.0,66.0,63.0,64.0,1,-2.0,-3.0,-3.0,7.0,4.0,6.0,10.0,6.0,8.0,-8.0,-9.0,-8.0,-3.0,-5.0,-5.0,-2.0,-3.0,-3.0,1026.41,1025.74,0.74,0.0,0.0
KNYNEWYO1805,America/New_York,2024-01-05 13:58:36+00:00,2024-01-05 08:58:36,1704463116,40.638,-74.035,201.0,0.6,121.0,67.0,59.0,62.0,1,-1.0,-2.0,-2.0,7.0,4.0,5.0,12.0,6.0,8.0,-8.0,-8.0,-8.0,-1.0,-5.0,-3.0,-1.0,-2.0,-2.0,1027.09,1026.41,0.75,0.0,0.0
KNYNEWYO1805,America/New_York,2024-01-05 14:58:36+00:00,2024-01-05 09:58:36,1704466716,40.638,-74.035,343.0,1.1,139.0,58.0,52.0,55.0,1,0.0,-1.0,0.0,5.0,3.0,4.0,12.0,5.0,8.0,-8.0,-9.0,-8.0,0.0,-2.0,-1.0,0.0,-1.0,0.0,1027.43,1027.09,0.37,0.0,0.0
KNYNEWYO1805,America/New_York,2024-01-05 15:53:35+00:00,2024-01-05 10:53:35,1704470015,40.638,-74.035,427.0,1.4,128.0,53.0,51.0,52.0,1,1.0,0.0,1.0,5.0,3.0,4.0,12.0,4.0,8.0,-8.0,-8.0,-8.0,1.0,-1.0,0.0,1.0,0.0,1.0,1027.43,1026.41,-0.81,0.0,0.0
KNYNEWYO1805,America/New_York,2024-01-05 16:58:32+00:00,2024-01-05 11:58:32,1704473912,40.638,-74.035,454.0,1.5,142.0,52.0,49.0,50.0,1,2.0,1.0,1.0,6.0,2.0,4.0,10.0,4.0,7.0,-8.0,-8.0,-8.0,2.0,-1.0,1.0,2.0,1.0,1.0,1026.08,1025.06,-1.05,0.0,0.0
KNYNEWYO1805,America/New_York,2024-01-05 17:58:32+00:00,2024-01-05 12:58:32,1704477512,40.638,-74.035,455.0,1.5,127.0,51.0,47.0,48.0,1,2.0,2.0,2.0,6.0,3.0,5.0,11.0,5.0,8.0,-8.0,-8.0,-8.0,2.0,0.0,1.0,2.0,2.0,2.0,1025.06,1024.38,-0.74,0.0,0.0
KNYNEWYO1805,America/New_York,2024-01-05 18:58:32+00:00,2024-01-05 13:58:32,1704481112,40.638,-74.035,401.0,1.3,119.0,51.0,47.0,48.0,1,3.0,2.0,3.0,6.0,3.0,4.0,10.0,5.0,7.0,-7.0,-8.0,-7.0,3.0,1.0,2.0,3.0,2.0,3.0,1024.38,1024.04,-0.37,0.0,0.0
KNYNEWYO1805,America/New_York,2024-01-05 19:58:31+00:00,2024-01-05 14:58:31,1704484711,40.638,-74.035,282.0,0.9,118.0,50.0,47.0,48.0,1,3.0,3.0,3.0,5.0,2.0,4.0,9.0,5.0,7.0,-6.0,-7.0,-7.0,3.0,2.0,3.0,3.0,3.0,3.0,1024.04,1023.37,-0.74,0.0,0.0
KNYNEWYO1805,America/New_York,2024-01-05 20:58:28+00:00,2024-01-05 15:58:28,1704488308,40.638,-74.035,154.0,0.5,111.0,52.0,47.0,49.0,1,3.0,3.0,3.0,5.0,2.0,4.0,10.0,4.0,6.0,-6.0,-7.0,-6.0,3.0,2.0,3.0,3.0,3.0,3.0,1023.71,1023.37,0.37,0.0,0.0
KNYNEWYO1805,America/New_York,2024-01-05 21:58:28+00:00,2024-01-05 16:58:28,1704491908,40.638,-74.035,28.0,0.1,101.0,53.0,49.0,51.0,1,3.0,3.0,3.0,4.0,2.0,3.0,8.0,4.0,6.0,-6.0,-7.0,-6.0,3.0,3.0,3.0,3.0,3.0,3.0,1023.71,1023.37,-0.37,0.0,0.0
KNYNEWYO1805,America/New_York,2024-01-05 22:58:27+00:00,2024-01-05 17:58:27,1704495507,40.638,-74.035,0.0,0.0,94.0,56.0,52.0,54.0,1,3.0,2.0,2.0,5.0,2.0,3.0,9.0,4.0,6.0,-6.0,-7.0,-6.0,3.0,1.0,2.0,3.0,2.0,2.0,1023.71,1023.37,0.37,0.0,0.0
KNYNEWYO1805,America/New_York,2024-01-05 23:58:26+00:00,2024-01-05 18:58:26,1704499106,40.638,-74.035,0.0,0.0,82.0,59.0,55.0,56.0,1,2.0,2.0,2.0,4.0,2.0,3.0,8.0,4.0,6.0,-5.0,-6.0,-6.0,2.0,2.0,2.0,2.0,2.0,2.0,1024.72,1023.71,1.11,0.0,0.0
KNYNEWYO1805,America/New_York,2024-01-06 00:58:24+00:00,2024-01-05 19:58:24,1704502704,40.638,-74.035,0.0,0.0,123.0,60.0,58.0,58.0,1,2.0,2.0,2.0,4.0,1.0,3.0,10.0,3.0,7.0,-5.0,-6.0,-5.0,2.0,2.0,2.0,2.0,2.0,2.0,1024.72,1024.04,-0.74,0.0,0.0
KNYNEWYO1805,America/New_York,2024-01-06 01:58:24+00:00,2024-01-05 20:58:24,1704506304,40.638,-74.035,0.0,0.0,102.0,62.0,60.0,60.0,1,2.0,2.0,2.0,5.0,3.0,4.0,12.0,5.0,7.0,-5.0,-5.0,-5.0,2.0,2.0,2.0,2.0,2.0,2.0,1024.04,1024.04,0.0,0.0,0.0
KNYNEWYO1805,America/New_York,2024-01-06 02:58:22+00:00,2024-01-05 21:58:22,1704509902,40.638,-74.035,0.0,0.0,102.0,64.0,61.0,62.0,1,2.0,1.0,1.0,6.0,3.0,4.0,13.0,5.0,7.0,-5.0,-6.0,-5.0,2.0,-1.0,1.0,2.0,1.0,1.0,1024.04,1023.71,0.0,0.0,0.0
KNYNEWYO1805,America/New_York,2024-01-06 03:59:22+00:00,2024-01-05 22:59:22,1704513562,40.638,-74.035,0.0,0.0,100.0,65.0,63.0,64.0,1,1.0,1.0,1.0,5.0,3.0,4.0,10.0,4.0,7.0,-5.0,-5.0,-5.0,1.0,-1.0,0.0,1.0,1.0,1.0,1023.71,1023.37,-0.36,0.0,0.0
KNYNEWYO1805,America/New_York,2024-01-06 04:59:19+00:00,2024-01-05 23:59:19,1704517159,40.638,-74.035,0.0,0.0,106.0,66.0,64.0,64.0,1,1.0,0.0,1.0,3.0,1.0,2.0,7.0,4.0,5.0,-5.0,-6.0,-5.0,1.0,0.0,1.0,1.0,0.0,1.0,1023.37,1023.03,-0.36,0.0,0.0
KNYNEWYO1805,America/New_York,2024-01-06 05:59:19+00:00,2024-01-06 00:59:19,1704520759,40.638,-74.035,0.0,0.0,117.0,67.0,65.0,66.0,1,0.0,0.0,0.0,3.0,1.0,2.0,6.0,3.0,5.0,-5.0,-6.0,-5.0,0.0,0.0,0.0,0.0,0.0,0.0,1023.37,1023.03,0.37,0.0,0.0
KNYNEWYO1805,America/New_York,2024-01-06 06:59:19+00:00,2024-01-06 01:59:19,1704524359,40.638,-74.035,0.0,0.0,113.0,69.0,67.0,67.0,1,0.0,0.0,0.0,4.0,1.0,2.0,8.0,3.0,5.0,-5.0,-6.0,-5.0,0.0,0.0,0.0,0.0,0.0,0.0,1023.71,1023.37,0.37,0.0,0.0
KNYNEWYO1805,America/New_York,2024-01-06 07:59:17+00:00,2024-01-06 02:59:17,1704527957,40.638,-74.035,0.0,0.0,123.0,69.0,68.0,68.0,1,0.0,0.0,0.0,4.0,0.0,1.0,6.0,0.0,3.0,-5.0,-6.0,-6.0,0.0,0.0,0.0,0.0,0.0,0.0,1023.71,1023.37,-0.37,0.0,0.0
KNYNEWYO1805,America/New_York,2024-01-06 08:59:15+00:00,2024-01-06 03:59:15,1704531555,40.638,-74.035,0.0,0.0,239.0,70.0,68.0,68.0,1,0.0,-1.0,-1.0,1.0,0.0,0.0,4.0,0.0,1.0,-6.0,-6.0,-6.0,0.0,-1.0,-1.0,0.0,-1.0,-1.0,1023.37,1022.69,-0.74,0.0,0.0
KNYNEWYO1805,America/New_York,2024-01-06 09:59:15+00:00,2024-01-06 04:59:15,1704535155,40.638,-74.035,0.0,0.0,162.0,73.0,68.0,71.0,1,0.0,-1.0,-1.0,1.0,0.0,0.0,4.0,0.0,2.0,-5.0,-6.0,-5.0,0.0,-1.0,-1.0,0.0,-1.0,-1.0,1023.03,1022.35,0.0,0.0,0.0
KNYNEWYO1805,America/New_York,2024-01-06 10:59:13+00:00,2024-01-06 05:59:13,1704538753,40.638,-74.035,0.0,0.0,252.0,74.0,73.0,73.0,1,-1.0,-1.0,-1.0,1.0,0.0,0.0,3.0,0.0,1.0,-5.0,-5.0,-5.0,-1.0,-1.0,-1.0,-1.0,-1.0,-1.0,1023.37,1022.69,0.0,0.0,0.0
KNYNEWYO1805,America/New_York,2024-01-06 11:59:13+00:00,2024-01-06 06:59:13,1704542353,40.638,-74.035,0.0,0.0,167.0,75.0,71.0,73.0,1,0.0,-1.0,-1.0,0.0,0.0,0.0,2.0,0.0,0.0,-5.0,-5.0,-5.0,0.0,-1.0,-1.0,0.0,-1.0,-1.0,1023.03,1022.69,0.0,0.0,0.0
KNYNEWYO1805,America/New_York,2024-01-06 12:59:11+00:00,2024-01-06 07:59:11,1704545951,40.638,-74.035,24.0,0.1,147.0,73.0,71.0,72.0,1,0.0,0.0,0.0,1.0,0.0,0.0,4.0,0.0,1.0,-4.0,-5.0,-5.0,0.0,0.0,0.0,0.0,0.0,0.0,1023.03,1022.35,-0.37,0.0,0.0
KNYNEWYO1805,America/New_York,2024-01-06 13:59:11+00:00,2024-01-06 08:59:11,1704549551,40.638,-74.035,53.0,0.2,202.0,73.0,61.0,65.0,1,1.0,0.0,1.0,2.0,0.0,1.0,6.0,0.0,4.0,-4.0,-6.0,-5.0,1.0,0.0,1.0,1.0,0.0,1.0,1022.69,1022.35,-0.37,0.0,0.0
KNYNEWYO1805,America/New_York,2024-01-06 14:59:18+00:00,2024-01-06 09:59:18,1704553158,40.638,-74.035,75.0,0.2,153.0,63.0,61.0,61.0,1,1.0,1.0,1.0,5.0,1.0,2.0,8.0,3.0,5.0,-5.0,-5.0,-5.0,1.0,1.0,1.0,1.0,1.0,1.0,1022.69,1022.01,-0.37,0.0,0.0
KNYNEWYO1805,America/New_York,2024-01-06 15:59:09+00:00,2024-01-06 10:59:09,1704556749,40.638,-74.035,94.0,0.3,120.0,65.0,61.0,62.0,1,2.0,2.0,2.0,4.0,1.0,2.0,12.0,3.0,6.0,-4.0,-5.0,-5.0,2.0,2.0,2.0,2.0,2.0,2.0,1022.35,1020.66,-1.85,0.0,0.0
KNYNEWYO1805,America/New_York,2024-01-06 16:59:07+00:00,2024-01-06 11:59:07,1704560347,40.638,-74.035,106.0,0.3,115.0,66.0,62.0,63.0,1,2.0,2.0,2.0,3.0,0.0,2.0,7.0,3.0,5.0,-3.0,-5.0,-4.0,2.0,2.0,2.0,2.0,2.0,2.0,1021.33,1019.64,-1.85,0.0,0.0
KNYNEWYO1805,America/New_York,2024-01-06 17:59:07+00:00,2024-01-06 12:59:07,1704563947,40.638,-74.035,129.0,0.4,171.0,67.0,66.0,66.0,1,3.0,2.0,3.0,3.0,1.0,2.0,6.0,3.0,4.0,-3.0,-3.0,-3.0,3.0,2.0,3.0,3.0,2.0,3.0,1019.64,1017.95,-1.48,0.0,0.0
KNYNEWYO1805,America/New_York,2024-01-06 18:59:06+00:00,2024-01-06 13:59:06,1704567546,40.638,-74.035,74.0,0.2,159.0,67.0,66.0,66.0,1,3.0,3.0,3.0,4.0,1.0,3.0,10.0,3.0,6.0,-3.0,-3.0,-3.0,3.0,3.0,3.0,3.0,3.0,3.0,1018.63,1017.27,-1.48,0.0,0.0
KNYNEWYO1805,America/New_York,2024-01-06 19:59:05+00:00,2024-01-06 14:59:05,1704571145,40.638,-74.035,54.0,0.2,171.0,77.0,67.0,70.0,1,3.0,3.0,3.0,4.0,1.0,2.0,10.0,4.0,6.0,-1.0,-2.0,-2.0,3.0,3.0,3.0,3.0,3.0,3.0,1017.27,1015.58,-1.85,0.0,0.0
KNYNEWYO1805,America/New_York,2024-01-06 20:59:03+00:00,2024-01-06 15:59:03,1704574743,40.638,-74.035,14.0,0.0,210.0,90.0,78.0,85.0,1,3.0,1.0,2.0,6.0,1.0,3.0,15.0,4.0,8.0,0.0,-1.0,0.0,3.0,0.0,2.0,3.0,1.0,2.0,1015.24,1014.9,-0.37,0.0,0.0
KNYNEWYO1805,America/New_York,2024-01-06 21:59:03+00:00,2024-01-06 16:59:03,1704578343,40.638,-74.035,4.0,0.0,212.0,93.0,90.0,91.0,1,1.0,1.0,1.0,6.0,1.0,3.0,13.0,3.0,7.0,0.0,0.0,0.0,1.0,-1.0,1.0,1.0,1.0,1.0,1014.9,1013.55,-1.48,0.0,0.0
KNYNEWYO1805,America/New_York,2024-01-06 22:59:00+00:00,2024-01-06 17:59:00,1704581940,40.638,-74.035,0.0,0.0,238.0,94.0,93.0,93.0,1,1.0,1.0,1.0,6.0,3.0,5.0,15.0,7.0,11.0,0.0,0.0,0.0,1.0,-1.0,0.0,1.0,1.0,1.0,1013.21,1012.53,-0.74,0.05,0.08
KNYNEWYO1805,America/New_York,2024-01-06 23:59:01+00:00,2024-01-06 18:59:01,1704585541,40.638,-74.035,0.0,0.0,217.0,94.0,93.0,93.0,1,2.0,1.0,1.0,8.0,3.0,5.0,16.0,6.0,11.0,1.0,0.0,1.0,2.0,-1.0,1.0,2.0,1.0,1.0,1012.19,1010.16,-2.22,1.52,5.21
KNYNEWYO1805,America/New_York,2024-01-07 00:58:59+00:00,2024-01-06 19:58:59,1704589139,40.638,-74.035,0.0,0.0,152.0,94.0,93.0,93.0,1,2.0,2.0,2.0,8.0,3.0,5.0,17.0,8.0,12.0,1.0,1.0,1.0,2.0,0.0,1.0,2.0,2.0,2.0,1010.16,1008.13,-2.22,3.51,6.12
KNYNEWYO1805,America/New_York,2024-01-07 01:58:59+00:00,2024-01-06 20:58:59,1704592739,40.638,-74.035,0.0,0.0,190.0,94.0,93.0,93.0,1,2.0,2.0,2.0,7.0,2.0,5.0,17.0,5.0,11.0,2.0,1.0,1.0,2.0,0.0,2.0,2.0,2.0,2.0,1007.79,1006.43,-1.48,2.44,9.8
KNYNEWYO1805,America/New_York,2024-01-07 02:58:58+00:00,2024-01-06 21:58:58,1704596338,40.638,-74.035,0.0,0.0,303.0,94.0,93.0,93.0,1,3.0,2.0,2.0,11.0,3.0,6.0,19.0,6.0,13.0,2.0,1.0,1.0,2.0,0.0,1.0,3.0,2.0,2.0,1005.76,1005.08,-0.74,2.97,12.12
KNYNEWYO1805,America/New_York,2024-01-07 03:58:57+00:00,2024-01-06 22:58:57,1704599937,40.638,-74.035,0.0,0.0,261.0,94.0,93.0,93.0,1,2.0,2.0,2.0,12.0,6.0,8.0,19.0,11.0,15.0,1.0,1.0,1.0,1.0,-1.0,0.0,2.0,2.0,2.0,1005.08,1004.4,-0.74,2.39,13.49
KNYNEWYO1805,America/New_York,2024-01-07 04:58:57+00:00,2024-01-06 23:58:57,1704603537,40.638,-74.035,0.0,0.0,270.0,93.0,92.0,92.0,1,3.0,3.0,3.0,8.0,1.0,4.0,12.0,3.0,8.0,2.0,2.0,2.0,3.0,1.0,3.0,3.0,3.0,3.0,1004.74,1004.4,0.37,0.58,13.84
KNYNEWYO1805,America/New_York,2024-01-07 05:58:54+00:00,2024-01-07 00:58:54,1704607134,40.638,-74.035,0.0,0.0,286.0,95.0,94.0,94.0,1,3.0,3.0,3.0,8.0,1.0,4.0,16.0,5.0,9.0,2.0,2.0,2.0,3.0,1.0,2.0,3.0,3.0,3.0,1004.74,1004.06,-0.74,0.05,0.1
KNYNEWYO1805,America/New_York,2024-01-07 06:58:54+00:00,2024-01-07 01:58:54,1704610734,40.638,-74.035,0.0,0.0,280.0,95.0,94.0,94.0,1,3.0,3.0,3.0,8.0,3.0,5.0,19.0,7.0,11.0,2.0,2.0,2.0,3.0,1.0,2.0,3.0,3.0,3.0,1003.73,1003.39,-0.37,0.0,0.1
KNYNEWYO1805,America/New_York,2024-01-07 07:58:53+00:00,2024-01-07 02:58:53,1704614333,40.638,-74.035,0.0,0.0,255.0,95.0,94.0,94.0,1,3.0,3.0,3.0,5.0,1.0,3.0,14.0,5.0,8.0,2.0,2.0,2.0,3.0,2.0,3.0,3.0,3.0,3.0,1003.39,1002.71,-0.37,0.0,0.1
KNYNEWYO1805,America/New_York,2024-01-07 08:58:51+00:00,2024-01-07 03:58:51,1704617931,40.638,-74.035,0.0,0.0,300.0,95.0,94.0,94.0,1,3.0,3.0,3.0,5.0,1.0,3.0,14.0,5.0,8.0,3.0,2.0,3.0,3.0,2.0,3.0,3.0,3.0,3.0,1002.71,1002.03,-0.74,0.0,0.1
KNYNEWYO1805,America/New_York,2024-01-07 09:58:50+00:00,2024-01-07 04:58:50,1704621530,40.638,-74.035,0.0,0.0,297.0,95.0,95.0,95.0,1,3.0,3.0,3.0,4.0,1.0,2.0,10.0,3.0,5.0,3.0,3.0,3.0,3.0,3.0,3.0,3.0,3.0,3.0,1002.03,1001.69,0.0,0.0,0.1
KNYNEWYO1805,America/New_York,2024-01-07 10:58:48+00:00,2024-01-07 05:58:48,1704625128,40.638,-74.035,0.0,0.0,291.0,95.0,95.0,95.0,1,3.0,3.0,3.0,4.0,1.0,2.0,9.0,4.0,6.0,3.0,3.0,3.0,3.0,3.0,3.0,3.0,3.0,3.0,1002.03,1001.69,0.0,0.0,0.1
KNYNEWYO1805,America/New_York,2024-01-07 11:58:49+00:00,2024-01-07 06:58:49,1704628729,40.638,-74.035,0.0,0.0,309.0,95.0,95.0,95.0,1,3.0,3.0,3.0,4.0,1.0,2.0,8.0,3.0,5.0,3.0,3.0,3.0,3.0,3.0,3.0,3.0,3.0,3.0,1001.69,1001.36,-0.37,0.0,0.1
KNYNEWYO1805,America/New_York,2024-01-07 12:58:47+00:00,2024-01-07 07:58:47,1704632327,40.638,-74.035,8.0,0.0,300.0,95.0,95.0,95.0,1,4.0,3.0,4.0,5.0,1.0,3.0,10.0,4.0,7.0,3.0,3.0,3.0,4.0,2.0,3.0,4.0,3.0,4.0,1001.69,1001.36,0.37,0.0,0.1
KNYNEWYO1805,America/New_York,2024-01-07 13:58:46+00:00,2024-01-07 08:58:46,1704635926,40.638,-74.035,39.0,0.1,196.0,95.0,94.0,94.0,1,3.0,3.0,3.0,4.0,1.0,2.0,9.0,3.0,5.0,3.0,2.0,2.0,3.0,3.0,3.0,3.0,3.0,3.0,1002.03,1001.69,0.37,0.71,1.42
KNYNEWYO1805,America/New_York,2024-01-07 14:58:44+00:00,2024-01-07 09:58:44,1704639524,40.638,-74.035,76.0,0.2,85.0,94.0,92.0,93.0,1,3.0,3.0,3.0,3.0,1.0,2.0,10.0,4.0,5.0,2.0,2.0,2.0,3.0,3.0,3.0,3.0,3.0,3.0,1002.03,1001.69,-0.37,0.71,1.5
KNYNEWYO1805,America/New_York,2024-01-07 15:58:45+00:00,2024-01-07 10:58:45,1704643125,40.638,-74.035,77.0,0.2,120.0,95.0,92.0,93.0,1,3.0,2.0,3.0,6.0,1.0,3.0,11.0,4.0,6.0,2.0,2.0,2.0,3.0,1.0,3.0,3.0,2.0,3.0,1002.37,1001.69,0.74,0.23,2.24
KNYNEWYO1805,America/New_York,2024-01-07 16:58:44+00:00,2024-01-07 11:58:44,1704646724,40.638,-74.035,167.0,0.5,125.0,97.0,95.0,96.0,1,2.0,2.0,2.0,7.0,4.0,5.0,14.0,6.0,9.0,2.0,1.0,2.0,2.0,0.0,1.0,2.0,2.0,2.0,1002.71,1002.03,-0.37,0.64,3.33
KNYNEWYO1805,America/New_York,2024-01-07 17:58:41+00:00,2024-01-07 12:58:41,1704650321,40.638,-74.035,315.0,0.9,138.0,96.0,93.0,94.0,1,3.0,2.0,2.0,5.0,2.0,4.0,12.0,4.0,7.0,2.0,1.0,1.0,3.0,1.0,2.0,3.0,2.0,2.0,1002.37,1002.03,-0.37,0.33,3.76
KNYNEWYO1805,America/New_York,2024-01-07 18:58:41+00:00,2024-01-07 13:58:41,1704653921,40.638,-74.035,276.0,0.8,135.0,92.0,88.0,90.0,1,3.0,2.0,3.0,5.0,3.0,4.0,9.0,6.0,8.0,1.0,1.0,1.0,3.0,1.0,2.0,3.0,2.0,3.0,1002.71,1002.03,0.74,0.1,3.84
KNYNEWYO1805,America/New_York,2024-01-07 19:58:41+00:00,2024-01-07 14:58:41,1704657521,40.638,-74.035,154.0,0.5,128.0,88.0,85.0,86.0,1,4.0,3.0,3.0,5.0,2.0,3.0,9.0,4.0,6.0,1.0,1.0,1.0,4.0,3.0,3.0,4.0,3.0,3.0,1003.39,1002.71,0.74,0.0,3.84
KNYNEWYO1805,America/New_York,2024-01-07 20:58:40+00:00,2024-01-07 15:58:40,1704661120,40.638,-74.035,40.0,0.1,134.0,86.0,82.0,83.0,1,4.0,4.0,4.0,6.0,3.0,5.0,9.0,6.0,8.0,2.0,1.0,1.0,4.0,2.0,3.0,4.0,4.0,4.0,1004.74,1003.39,1.48,0.0,3.84
KNYNEWYO1805,America/New_York,2024-01-07 21:58:38+00:00,2024-01-07 16:58:38,1704664718,40.638,-74.035,6.0,0.0,127.0,88.0,84.0,86.0,1,4.0,3.0,3.0,6.0,1.0,3.0,11.0,4.0,6.0,2.0,1.0,1.0,4.0,2.0,3.0,4.0,3.0,3.0,1006.43,1004.74,1.85,0.0,3.84
KNYNEWYO1805,America/New_York,2024-01-07 22:58:38+00:00,2024-01-07 17:58:38,1704668318,40.638,-74.035,0.0,0.0,113.0,91.0,88.0,89.0,1,3.0,2.0,2.0,4.0,1.0,3.0,14.0,5.0,7.0,1.0,1.0,1.0,3.0,2.0,2.0,3.0,2.0,2.0,1008.13,1006.43,1.85,0.0,3.84
KNYNEWYO1805,America/New_York,2024-01-07 23:58:37+00:00,2024-01-07 18:58:37,1704671917,40.638,-74.035,0.0,0.0,106.0,91.0,88.0,89.0,1,2.0,2.0,2.0,5.0,1.0,3.0,12.0,4.0,6.0,1.0,0.0,1.0,2.0,1.0,2.0,2.0,2.0,2.0,1010.16,1008.13,2.22,0.0,3.84
KNYNEWYO1805,America/New_York,2024-01-08 00:58:34+00:00,2024-01-07 19:58:34,1704675514,40.638,-74.035,0.0,0.0,113.0,88.0,74.0,82.0,1,3.0,2.0,3.0,10.0,0.0,5.0,17.0,2.0,9.0,1.0,-1.0,0.0,2.0,0.0,2.0,3.0,2.0,3.0,1011.51,1010.16,1.48,0.0,3.84
KNYNEWYO1805,America/New_York,2024-01-08 01:58:34+00:00,2024-01-07 20:58:34,1704679114,40.638,-74.035,0.0,0.0,128.0,75.0,73.0,73.0,1,3.0,3.0,3.0,9.0,4.0,7.0,17.0,9.0,12.0,-1.0,-1.0,-1.0,3.0,1.0,1.0,3.0,3.0,3.0,1012.87,1011.51,1.48,0.0,3.84
KNYNEWYO1805,America/New_York,2024-01-08 02:58:34+00:00,2024-01-07 21:58:34,1704682714,40.638,-74.035,0.0,0.0,136.0,75.0,71.0,73.0,1,3.0,3.0,3.0,8.0,4.0,6.0,15.0,6.0,10.0,-1.0,-2.0,-1.0,3.0,1.0,2.0,3.0,3.0,3.0,1013.88,1012.87,1.11,0.0,3.84
KNYNEWYO1805,America/New_York,2024-01-08 03:58:32+00:00,2024-01-07 22:58:32,1704686312,40.638,-74.035,0.0,0.0,141.0,74.0,72.0,72.0,1,3.0,3.0,3.0,6.0,3.0,5.0,11.0,6.0,8.0,-1.0,-2.0,-1.0,3.0,2.0,3.0,3.0,3.0,3.0,1014.9,1014.22,0.74,0.0,3.84
KNYNEWYO1805,America/New_York,2024-01-08 04:58:30+00:00,2024-01-07 23:58:30,1704689910,40.638,-74.035,0.0,0.0,132.0,74.0,72.0,73.0,1,3.0,3.0,3.0,6.0,3.0,5.0,13.0,5.0,8.0,-1.0,-2.0,-1.0,3.0,1.0,2.0,3.0,3.0,3.0,1016.26,1014.9,1.48,0.0,3.84
KNYNEWYO1805,America/New_York,2024-01-08 05:58:30+00:00,2024-01-08 00:58:30,1704693510,40.638,-74.035,0.0,0.0,142.0,74.0,72.0,73.0,1,3.0,3.0,3.0,6.0,3.0,5.0,12.0,6.0,8.0,-1.0,-2.0,-1.0,3.0,1.0,2.0,3.0,3.0,3.0,1016.93,1016.26,0.74,0.0,0.0
KNYNEWYO1805,America/New_York,2024-01-08 06:58:29+00:00,2024-01-08 01:58:29,1704697109,40.638,-74.035,0.0,0.0,133.0,74.0,73.0,73.0,1,3.0,3.0,3.0,5.0,2.0,3.0,9.0,4.0,6.0,-1.0,-2.0,-1.0,3.0,2.0,3.0,3.0,3.0,3.0,1017.95,1017.27,0.74,0.0,0.0
KNYNEWYO1805,America/New_York,2024-01-08 07:58:28+00:00,2024-01-08 02:58:28,1704700708,40.638,-74.035,0.0,0.0,129.0,74.0,71.0,72.0,1,3.0,3.0,3.0,7.0,3.0,4.0,10.0,5.0,8.0,-1.0,-1.0,-1.0,3.0,2.0,3.0,3.0,3.0,3.0,1019.64,1018.29,1.48,0.0,0.0
KNYNEWYO1805,America/New_York,2024-01-08 08:58:26+00:00,2024-01-08 03:58:26,1704704306,40.638,-74.035,0.0,0.0,134.0,71.0,69.0,70.0,1,3.0,3.0,3.0,6.0,3.0,5.0,14.0,6.0,9.0,-1.0,-2.0,-2.0,3.0,2.0,3.0,3.0,3.0,3.0,1020.32,1019.64,0.74,0.0,0.0
KNYNEWYO1805,America/New_York,2024-01-08 09:54:26+00:00,2024-01-08 04:54:26,1704707666,40.638,-74.035,0.0,0.0,138.0,70.0,68.0,69.0,1,3.0,3.0,3.0,8.0,4.0,5.0,18.0,5.0,10.0,-2.0,-2.0,-2.0,3.0,1.0,2.0,3.0,3.0,3.0,1020.66,1020.32,0.4,0.0,0.0
KNYNEWYO1805,America/New_York,2024-01-08 10:59:15+00:00,2024-01-08 05:59:15,1704711555,40.638,-74.035,0.0,0.0,138.0,70.0,68.0,69.0,1,3.0,3.0,3.0,6.0,3.0,5.0,12.0,7.0,9.0,-2.0,-3.0,-2.0,3.0,1.0,2.0,3.0,3.0,3.0,1022.69,1020.66,1.73,0.0,0.0
KNYNEWYO1805,America/New_York,2024-01-08 11:59:24+00:00,2024-01-08 06:59:24,1704715164,40.638,-74.035,0.0,0.0,126.0,71.0,69.0,69.0,1,3.0,3.0,3.0,6.0,3.0,4.0,11.0,6.0,8.0,-2.0,-3.0,-2.0,3.0,1.0,2.0,3.0,3.0,3.0,1024.04,1022.69,1.48,0.0,0.0
KNYNEWYO1805,America/New_York,2024-01-08 12:59:24+00:00,2024-01-08 07:59:24,1704718764,40.638,-74.035,31.0,0.1,125.0,71.0,69.0,70.0,1,3.0,3.0,3.0,7.0,3.0,5.0,14.0,5.0,10.0,-2.0,-2.0,-2.0,3.0,1.0,2.0,3.0,3.0,3.0,1024.72,1023.71,0.74,0.0,0.0
KNYNEWYO1805,America/New_York,2024-01-08 13:59:22+00:00,2024-01-08 08:59:22,1704722362,40.638,-74.035,215.0,0.6,135.0,71.0,63.0,67.0,1,4.0,3.0,3.0,8.0,3.0,5.0,18.0,7.0,11.0,-2.0,-2.0,-2.0,4.0,1.0,2.0,4.0,3.0,3.0,1026.75,1025.06,1.85,0.0,0.0
KNYNEWYO1805,America/New_York,2024-01-08 14:59:21+00:00,2024-01-08 09:59:21,1704725961,40.638,-74.035,362.0,1.0,123.0,64.0,61.0,62.0,1,5.0,4.0,4.0,7.0,5.0,6.0,14.0,9.0,11.0,-2.0,-2.0,-2.0,4.0,3.0,3.0,5.0,4.0,4.0,1027.77,1026.41,1.48,0.0,0.0
KNYNEWYO1805,America/New_York,2024-01-08 15:59:20+00:00,2024-01-08 10:59:20,1704729560,40.638,-74.035,451.0,1.3,142.0,61.0,56.0,59.0,1,5.0,5.0,5.0,6.0,2.0,4.0,13.0,5.0,8.0,-2.0,-3.0,-2.0,5.0,3.0,5.0,5.0,5.0,5.0,1028.11,1027.77,0.0,0.0,0.0
KNYNEWYO1805,America/New_York,2024-01-08 16:59:18+00:00,2024-01-08 11:59:18,1704733158,40.638,-74.035,475.0,1.4,144.0,58.0,55.0,56.0,1,6.0,6.0,6.0,6.0,2.0,4.0,12.0,4.0,8.0,-2.0,-3.0,-2.0,6.0,5.0,6.0,6.0,6.0,6.0,1028.45,1027.77,0.37,0.0,0.0
KNYNEWYO1805,America/New_York,2024-01-08 17:59:17+00:00,2024-01-08 12:59:17,1704736757,40.638,-74.035,473.0,1.4,127.0,55.0,52.0,53.0,1,7.0,6.0,7.0,5.0,2.0,4.0,10.0,5.0,7.0,-2.0,-2.0,-2.0,7.0,6.0,7.0,7.0,6.0,7.0,1028.45,1028.11,-0.37,0.0,0.0
KNYNEWYO1805,America/New_York,2024-01-08 18:59:17+00:00,2024-01-08 13:59:17,1704740357,40.638,-74.035,422.0,1.2,128.0,53.0,51.0,51.0,1,8.0,7.0,7.0,4.0,2.0,3.0,12.0,4.0,6.0,-2.0,-3.0,-2.0,8.0,7.0,7.0,8.0,7.0,7.0,1028.45,1028.11,0.37,0.0,0.0
KNYNEWYO1805,America/New_York,2024-01-08 19:59:16+00:00,2024-01-08 14:59:16,1704743956,40.638,-74.035,286.0,0.8,150.0,54.0,49.0,52.0,1,8.0,7.0,7.0,3.0,1.0,2.0,11.0,3.0,5.0,-1.0,-3.0,-2.0,8.0,7.0,7.0,8.0,7.0,7.0,1028.45,1028.11,0.0,0.0,0.0
KNYNEWYO1805,America/New_York,2024-01-08 20:59:13+00:00,2024-01-08 15:59:13,1704747553,40.638,-74.035,173.0,0.5,139.0,56.0,51.0,53.0,1,8.0,6.0,7.0,3.0,0.0,2.0,5.0,3.0,4.0,-1.0,-2.0,-2.0,8.0,6.0,7.0,8.0,6.0,7.0,1029.12,1028.45,0.74,0.0,0.0
KNYNEWYO1805,America/New_York,2024-01-08 21:59:13+00:00,2024-01-08 16:59:13,1704751153,40.638,-74.035,27.0,0.1,137.0,60.0,55.0,58.0,1,6.0,6.0,6.0,2.0,0.0,1.0,5.0,0.0,3.0,-1.0,-2.0,-2.0,6.0,6.0,6.0,6.0,6.0,6.0,1029.8,1029.12,0.74,0.0,0.0
KNYNEWYO1805,America/New_York,2024-01-08 22:59:11+00:00,2024-01-08 17:59:11,1704754751,40.638,-74.035,0.0,0.0,93.0,63.0,61.0,62.0,1,6.0,5.0,5.0,2.0,0.0,1.0,5.0,0.0,3.0,-1.0,-2.0,-1.0,6.0,5.0,5.0,6.0,5.0,5.0,1030.82,1029.8,0.74,0.0,0.0
KNYNEWYO1805,America/New_York,2024-01-08 23:59:12+00:00,2024-01-08 18:59:12,1704758352,40.638,-74.035,0.0,0.0,45.0,65.0,63.0,63.0,1,5.0,5.0,5.0,1.0,0.0,0.0,4.0,0.0,1.0,-1.0,-2.0,-1.0,5.0,5.0,5.0,5.0,5.0,5.0,1030.82,1030.48,0.37,0.0,0.0
KNYNEWYO1805,America/New_York,2024-01-09 00:59:09+00:00,2024-01-08 19:59:09,1704761949,40.638,-74.035,0.0,0.0,200.0,71.0,64.0,68.0,1,4.0,4.0,4.0,1.0,0.0,0.0,3.0,0.0,1.0,-1.0,-2.0,-1.0,4.0,4.0,4.0,4.0,4.0,4.0,1031.16,1030.82,0.37,0.0,0.0
KNYNEWYO1805,America/New_York,2024-01-09 01:59:16+00:00,2024-01-08 20:59:16,1704765556,40.638,-74.035,0.0,0.0,,75.0,70.0,72.0,1,4.0,3.0,3.0,0.0,0.0,0.0,0.0,0.0,0.0,0.0,-2.0,-1.0,4.0,3.0,3.0,4.0,3.0,3.0,1031.16,1030.82,-0.37,0.0,0.0
KNYNEWYO1805,America/New_York,2024-01-09 02:59:07+00:00,2024-01-08 21:59:07,1704769147,40.638,-74.035,0.0,0.0,,78.0,73.0,75.0,1,3.0,2.0,2.0,0.0,0.0,0.0,1.0,0.0,0.0,-1.0,-2.0,-1.0,3.0,2.0,2.0,3.0,2.0,2.0,1030.48,1029.8,-0.74,0.0,0.0
KNYNEWYO1805,America/New_York,2024-01-09 03:59:08+00:00,2024-01-08 22:59:08,1704772748,40.638,-74.035,0.0,0.0,22.0,81.0,78.0,78.0,1,2.0,2.0,2.0,1.0,0.0,0.0,4.0,0.0,0.0,-1.0,-2.0,-2.0,2.0,2.0,2.0,2.0,2.0,2.0,1030.14,1029.8,0.0,0.0,0.0
KNYNEWYO1805,America/New_York,2024-01-09 04:59:05+00:00,2024-01-08 23:59:05,1704776345,40.638,-74.035,0.0,0.0,345.0,86.0,81.0,84.0,1,2.0,1.0,1.0,1.0,0.0,0.0,3.0,0.0,1.0,-1.0,-1.0,-1.0,2.0,1.0,1.0,2.0,1.0,1.0,1029.8,1029.8,0.0,0.0,0.0
KNYNEWYO1805,America/New_York,2024-01-09 05:59:05+00:00,2024-01-09 00:59:05,1704779945,40.638,-74.035,0.0,0.0,303.0,88.0,86.0,86.0,1,2.0,1.0,2.0,1.0,0.0,0.0,3.0,0.0,1.0,0.0,-1.0,0.0,2.0,1.0,2.0,2.0,1.0,2.0,1030.48,1029.8,0.74,0.0,0.0
KNYNEWYO1805,America/New_York,2024-01-09 06:59:05+00:00,2024-01-09 01:59:05,1704783545,40.638,-74.035,0.0,0.0,,88.0,85.0,86.0,1,2.0,1.0,1.0,0.0,0.0,0.0,0.0,0.0,0.0,-1.0,-1.0,-1.0,2.0,1.0,1.0,2.0,1.0,1.0,1030.14,1029.46,-0.37,0.0,0.0
KNYNEWYO1805,America/New_York,2024-01-09 07:59:03+00:00,2024-01-09 02:59:03,1704787143,40.638,-74.035,0.0,0.0,27.0,90.0,88.0,89.0,1,1.0,1.0,1.0,0.0,0.0,0.0,2.0,0.0,0.0,-1.0,-1.0,-1.0,1.0,1.0,1.0,1.0,1.0,1.0,1030.14,1029.8,0.0,0.0,0.0
KNYNEWYO1805,America/New_York,2024-01-09 08:59:02+00:00,2024-01-09 03:59:02,1704790742,40.638,-74.035,0.0,0.0,276.0,91.0,89.0,89.0,1,2.0,1.0,1.0,1.0,0.0,0.0,3.0,0.0,1.0,0.0,-1.0,-1.0,2.0,1.0,1.0,2.0,1.0,1.0,1029.8,1028.78,-1.11,0.0,0.0
KNYNEWYO1805,America/New_York,2024-01-09 09:59:01+00:00,2024-01-09 04:59:01,1704794341,40.638,-74.035,0.0,0.0,24.0,89.0,82.0,86.0,1,2.0,2.0,2.0,1.0,0.0,0.0,3.0,0.0,1.0,0.0,-1.0,0.0,2.0,2.0,2.0,2.0,2.0,2.0,1028.78,1028.45,0.0,0.0,0.0
KNYNEWYO1805,America/New_York,2024-01-09 10:58:59+00:00,2024-01-09 05:58:59,1704797939,40.638,-74.035,0.0,0.0,80.0,82.0,79.0,79.0,1,3.0,2.0,3.0,1.0,0.0,0.0,3.0,0.0,1.0,0.0,0.0,0.0,3.0,2.0,3.0,3.0,2.0,3.0,1028.78,1028.45,0.0,0.0,0.0
KNYNEWYO1805,America/New_York,2024-01-09 11:59:00+00:00,2024-01-09 06:59:00,1704801540,40.638,-74.035,0.0,0.0,73.0,80.0,79.0,79.0,1,4.0,3.0,4.0,1.0,0.0,0.0,5.0,0.0,1.0,1.0,0.0,1.0,4.0,3.0,4.0,4.0,3.0,4.0,1028.45,1027.43,-1.11,0.0,0.0
KNYNEWYO1805,America/New_York,2024-01-09 12:58:57+00:00,2024-01-09 07:58:57,1704805137,40.638,-74.035,15.0,0.0,90.0,79.0,76.0,77.0,1,4.0,4.0,4.0,4.0,0.0,1.0,7.0,0.0,3.0,1.0,1.0,1.0,4.0,4.0,4.0,4.0,4.0,4.0,1027.43,1026.08,-1.48,0.0,0.0
KNYNEWYO1805,America/New_York,2024-01-09 13:58:57+00:00,2024-01-09 08:58:57,1704808737,40.638,-74.035,49.0,0.1,109.0,77.0,74.0,75.0,1,5.0,4.0,5.0,4.0,0.0,2.0,8.0,0.0,4.0,1.0,1.0,1.0,5.0,4.0,5.0,5.0,4.0,5.0,1026.41,1026.08,0.37,0.0,0.0
KNYNEWYO1805,America/New_York,2024-01-09 14:58:55+00:00,2024-01-09 09:58:55,1704812335,40.638,-74.035,90.0,0.3,115.0,72.0,70.0,70.0,1,6.0,6.0,6.0,7.0,2.0,4.0,15.0,4.0,9.0,2.0,1.0,1.0,6.0,5.0,6.0,6.0,6.0,6.0,1026.08,1025.4,-0.74,0.0,0.0
KNYNEWYO1805,America/New_York,2024-01-09 15:58:56+00:00,2024-01-09 10:58:56,1704815936,40.638,-74.035,38.0,0.1,104.0,71.0,70.0,70.0,1,7.0,6.0,7.0,6.0,2.0,4.0,14.0,4.0,10.0,2.0,1.0,2.0,7.0,6.0,6.0,7.0,6.0,7.0,1025.4,1024.04,-1.48,0.0,0.0
KNYNEWYO1805,America/New_York,2024-01-09 16:58:54+00:00,2024-01-09 11:58:54,1704819534,40.638,-74.035,44.0,0.1,117.0,80.0,72.0,77.0,1,7.0,7.0,7.0,8.0,1.0,4.0,15.0,4.0,10.0,3.0,2.0,3.0,7.0,5.0,6.0,7.0,7.0,7.0,1024.04,1021.33,-2.96,0.08,0.66
KNYNEWYO1805,America/New_York,2024-01-09 17:58:54+00:00,2024-01-09 12:58:54,1704823134,40.638,-74.035,86.0,0.3,133.0,84.0,81.0,82.0,1,7.0,7.0,7.0,9.0,3.0,6.0,19.0,5.0,11.0,4.0,3.0,4.0,7.0,5.0,6.0,7.0,7.0,7.0,1021.0,1018.63,-2.59,0.08,0.51
KNYNEWYO1805,America/New_York,2024-01-09 18:58:51+00:00,2024-01-09 13:58:51,1704826731,40.638,-74.035,50.0,0.1,131.0,90.0,84.0,87.0,1,7.0,7.0,7.0,8.0,3.0,5.0,15.0,8.0,11.0,5.0,4.0,5.0,7.0,5.0,6.0,7.0,7.0,7.0,1018.63,1016.93,-1.85,0.94,1.8
KNYNEWYO1805,America/New_York,2024-01-09 19:58:51+00:00,2024-01-09 14:58:51,1704830331,40.638,-74.035,22.0,0.1,120.0,91.0,90.0,90.0,1,7.0,7.0,7.0,8.0,4.0,6.0,21.0,9.0,13.0,5.0,5.0,5.0,7.0,5.0,6.0,7.0,7.0,7.0,1016.93,1014.56,-2.59,1.65,3.58
KNYNEWYO1805,America/New_York,2024-01-09 20:58:49+00:00,2024-01-09 15:58:49,1704833929,40.638,-74.035,15.0,0.0,115.0,93.0,91.0,92.0,1,7.0,7.0,7.0,8.0,5.0,6.0,21.0,9.0,13.0,6.0,5.0,6.0,6.0,6.0,6.0,7.0,7.0,7.0,1014.22,1011.51,-2.96,1.88,5.72
KNYNEWYO1805,America/New_York,2024-01-09 21:58:48+00:00,2024-01-09 16:58:48,1704837528,40.638,-74.035,5.0,0.0,115.0,94.0,93.0,93.0,1,8.0,7.0,8.0,10.0,3.0,7.0,23.0,8.0,15.0,7.0,6.0,7.0,8.0,6.0,7.0,8.0,7.0,8.0,1011.51,1009.14,-2.59,1.96,7.7
KNYNEWYO1805,America/New_York,2024-01-09 22:58:48+00:00,2024-01-09 17:58:48,1704841128,40.638,-74.035,0.0,0.0,128.0,95.0,94.0,94.0,1,9.0,8.0,9.0,9.0,4.0,7.0,24.0,9.0,16.0,8.0,7.0,8.0,8.0,7.0,8.0,9.0,8.0,9.0,1009.14,1006.43,-2.96,3.48,11.43
KNYNEWYO1805,America/New_York,2024-01-09 23:58:47+00:00,2024-01-09 18:58:47,1704844727,40.638,-74.035,0.0,0.0,124.0,95.0,94.0,94.0,1,10.0,9.0,10.0,9.0,5.0,8.0,21.0,9.0,16.0,9.0,8.0,9.0,10.0,8.0,9.0,10.0,9.0,10.0,1005.76,1002.37,-3.7,4.85,14.48
KNYNEWYO1805,America/New_York,2024-01-10 00:59:12+00:00,2024-01-09 19:59:12,1704848352,40.638,-74.035,0.0,0.0,115.0,96.0,94.0,95.0,1,11.0,10.0,10.0,10.0,5.0,7.0,20.0,10.0,15.0,10.0,9.0,10.0,11.0,10.0,10.0,11.0,10.0,10.0,1002.03,999.66,-2.57,7.65,21.13
KNYNEWYO1805,America/New_York,2024-01-10 01:58:44+00:00,2024-01-09 20:58:44,1704851924,40.638,-74.035,0.0,0.0,132.0,97.0,96.0,96.0,1,11.0,11.0,11.0,9.0,4.0,7.0,17.0,9.0,14.0,11.0,10.0,10.0,11.0,11.0,11.0,11.0,11.0,11.0,998.98,995.94,-3.33,9.4,28.75
KNYNEWYO1805,America/New_York,2024-01-10 02:58:44+00:00,2024-01-09 21:58:44,1704855524,40.638,-74.035,0.0,0.0,120.0,97.0,96.0,96.0,1,12.0,11.0,12.0,12.0,6.0,8.0,29.0,13.0,17.0,12.0,11.0,11.0,12.0,11.0,12.0,12.0,11.0,12.0,995.94,992.21,-4.06,8.69,36.63
KNYNEWYO1805,America/New_York,2024-01-10 03:58:43+00:00,2024-01-09 22:58:43,1704859123,40.638,-74.035,0.0,0.0,68.0,96.0,95.0,95.0,1,13.0,12.0,13.0,10.0,5.0,7.0,20.0,12.0,16.0,12.0,12.0,12.0,13.0,12.0,13.0,13.0,12.0,13.0,992.55,990.18,0.74,7.9,45.59
KNYNEWYO1805,America/New_York,2024-01-10 04:58:40+00:00,2024-01-09 23:58:40,1704862720,40.638,-74.035,0.0,0.0,164.0,97.0,96.0,96.0,1,13.0,12.0,13.0,6.0,0.0,3.0,18.0,3.0,8.0,12.0,12.0,12.0,13.0,12.0,13.0,13.0,12.0,13.0,991.53,989.5,-2.22,13.28,50.95
KNYNEWYO1805,America/New_York,2024-01-10 05:58:42+00:00,2024-01-10 00:58:42,1704866322,40.638,-74.035,0.0,0.0,102.0,98.0,97.0,97.0,1,13.0,12.0,13.0,6.0,2.0,4.0,13.0,5.0,9.0,12.0,12.0,12.0,13.0,12.0,13.0,13.0,12.0,13.0,989.5,985.78,-4.05,7.67,5.54
KNYNEWYO1805,America/New_York,2024-01-10 06:58:40+00:00,2024-01-10 01:58:40,1704869920,40.638,-74.035,0.0,0.0,308.0,97.0,97.0,97.0,1,12.0,12.0,12.0,9.0,4.0,7.0,19.0,8.0,15.0,12.0,12.0,12.0,12.0,12.0,12.0,12.0,12.0,12.0,985.44,984.42,0.0,6.86,6.25
KNYNEWYO1805,America/New_York,2024-01-10 07:58:38+00:00,2024-01-10 02:58:38,1704873518,40.638,-74.035,0.0,0.0,239.0,98.0,97.0,97.0,1,12.0,12.0,12.0,8.0,1.0,5.0,15.0,5.0,9.0,12.0,12.0,12.0,12.0,12.0,12.0,12.0,12.0,12.0,984.76,983.07,-1.85,0.3,6.99
KNYNEWYO1805,America/New_York,2024-01-10 08:58:38+00:00,2024-01-10 03:58:38,1704877118,40.638,-74.035,0.0,0.0,76.0,98.0,97.0,97.0,1,12.0,12.0,12.0,3.0,0.0,2.0,7.0,3.0,5.0,12.0,11.0,11.0,12.0,12.0,12.0,12.0,12.0,12.0,983.41,982.39,-0.37,0.2,7.09
KNYNEWYO1805,America/New_York,2024-01-10 09:58:36+00:00,2024-01-10 04:58:36,1704880716,40.638,-74.035,0.0,0.0,247.0,97.0,90.0,94.0,1,13.0,12.0,13.0,7.0,3.0,5.0,14.0,8.0,10.0,12.0,11.0,12.0,13.0,12.0,13.0,13.0,12.0,13.0,982.73,982.39,0.0,0.0,7.37
KNYNEWYO1805,America/New_York,2024-01-10 10:58:35+00:00,2024-01-10 05:58:35,1704884315,40.638,-74.035,0.0,0.0,107.0,90.0,72.0,75.0,1,13.0,11.0,11.0,12.0,8.0,9.0,18.0,9.0,14.0,11.0,6.0,7.0,13.0,11.0,11.0,13.0,11.0,11.0,984.76,983.41,1.48,0.0,7.37
KNYNEWYO1805,America/New_York,2024-01-10 11:58:34+00:00,2024-01-10 06:58:34,1704887914,40.638,-74.035,0.0,0.0,100.0,76.0,70.0,73.0,1,11.0,10.0,10.0,11.0,6.0,9.0,22.0,8.0,13.0,7.0,5.0,6.0,11.0,9.0,10.0,11.0,10.0,10.0,986.12,985.1,1.11,0.0,7.37
KNYNEWYO1805,America/New_York,2024-01-10 12:58:34+00:00,2024-01-10 07:58:34,1704891514,40.638,-74.035,29.0,0.1,102.0,74.0,69.0,71.0,1,10.0,10.0,10.0,12.0,6.0,8.0,20.0,8.0,13.0,5.0,5.0,5.0,9.0,8.0,9.0,10.0,10.0,10.0,987.47,986.12,1.48,0.0,7.37
KNYNEWYO1805,America/New_York,2024-01-10 13:58:32+00:00,2024-01-10 08:58:32,1704895112,40.638,-74.035,79.0,0.2,106.0,72.0,57.0,63.0,1,10.0,9.0,9.0,17.0,6.0,11.0,23.0,11.0,16.0,5.0,1.0,3.0,9.0,7.0,8.0,10.0,9.0,9.0,989.5,987.47,2.22,0.0,7.37
KNYNEWYO1805,America/New_York,2024-01-10 14:58:32+00:00,2024-01-10 09:58:32,1704898712,40.638,-74.035,297.0,0.9,109.0,62.0,59.0,60.0,1,9.0,9.0,9.0,13.0,7.0,10.0,21.0,11.0,16.0,2.0,2.0,2.0,8.0,7.0,8.0,9.0,9.0,9.0,990.86,989.5,1.11,0.0,7.37
KNYNEWYO1805,America/New_York,2024-01-10 15:58:30+00:00,2024-01-10 10:58:30,1704902310,40.638,-74.035,497.0,1.4,102.0,63.0,58.0,60.0,1,10.0,9.0,9.0,15.0,6.0,10.0,20.0,11.0,15.0,3.0,2.0,2.0,9.0,7.0,8.0,10.0,9.0,9.0,991.87,990.86,1.11,0.0,7.37
KNYNEWYO1805,America/New_York,2024-01-10 16:58:46+00:00,2024-01-10 11:58:46,1704905926,40.638,-74.035,557.0,1.6,102.0,60.0,53.0,56.0,1,10.0,9.0,10.0,13.0,8.0,10.0,18.0,13.0,16.0,2.0,1.0,1.0,9.0,8.0,8.0,10.0,9.0,10.0,992.21,991.53,0.0,0.0,7.37
KNYNEWYO1805,America/New_York,2024-01-10 17:58:27+00:00,2024-01-10 12:58:27,1704909507,40.638,-74.035,549.0,1.6,107.0,60.0,49.0,53.0,1,10.0,9.0,9.0,14.0,7.0,11.0,22.0,12.0,17.0,2.0,-1.0,0.0,8.0,7.0,8.0,10.0,9.0,9.0,992.55,991.87,0.74,0.0,7.37
KNYNEWYO1805,America/New_York,2024-01-10 18:59:27+00:00,2024-01-10 13:59:27,1704913167,40.638,-74.035,299.0,0.9,109.0,57.0,50.0,54.0,1,9.0,9.0,9.0,16.0,9.0,12.0,23.0,12.0,17.0,1.0,0.0,0.0,8.0,7.0,7.0,9.0,9.0,9.0,994.58,992.55,2.18,0.0,7.37
KNYNEWYO1805,America/New_York,2024-01-10 19:58:26+00:00,2024-01-10 14:58:26,1704916706,40.638,-74.035,73.0,0.2,108.0,59.0,55.0,56.0,1,9.0,9.0,9.0,12.0,6.0,9.0,16.0,9.0,13.0,1.0,0.0,0.0,8.0,7.0,7.0,9.0,9.0,9.0,995.94,994.58,1.51,0.0,7.37
KNYNEWYO1805,America/New_York,2024-01-10 20:59:23+00:00,2024-01-10 15:59:23,1704920363,40.638,-74.035,53.0,0.2,105.0,59.0,55.0,57.0,1,9.0,9.0,9.0,11.0,8.0,9.0,19.0,12.0,15.0,1.0,0.0,1.0,7.0,7.0,7.0,9.0,9.0,9.0,997.29,995.94,1.48,0.0,7.37
KNYNEWYO1805,America/New_York,2024-01-10 21:59:23+00:00,2024-01-10 16:59:23,1704923963,40.638,-74.035,12.0,0.0,111.0,60.0,57.0,58.0,1,9.0,9.0,9.0,10.0,6.0,8.0,16.0,9.0,13.0,1.0,1.0,1.0,8.0,7.0,7.0,9.0,9.0,9.0,998.98,997.29,1.48,0.0,7.37
KNYNEWYO1805,America/New_York,2024-01-10 22:59:23+00:00,2024-01-10 17:59:23,1704927563,40.638,-74.035,0.0,0.0,109.0,60.0,56.0,57.0,1,9.0,9.0,9.0,13.0,6.0,8.0,19.0,9.0,13.0,1.0,0.0,1.0,8.0,7.0,7.0,9.0,9.0,9.0,1000.34,998.98,1.45,0.0,7.37
KNYNEWYO1805,America/New_York,2024-01-10 23:58:28+00:00,2024-01-10 18:58:28,1704931108,40.638,-74.035,0.0,0.0,107.0,59.0,56.0,57.0,1,9.0,8.0,8.0,10.0,7.0,9.0,17.0,11.0,14.0,1.0,0.0,1.0,7.0,7.0,7.0,9.0,8.0,8.0,1001.69,1000.34,1.5,0.0,7.37
KNYNEWYO1805,America/New_York,2024-01-11 00:59:19+00:00,2024-01-10 19:59:19,1704934759,40.638,-74.035,0.0,0.0,110.0,60.0,56.0,57.0,1,8.0,8.0,8.0,11.0,6.0,8.0,18.0,9.0,12.0,1.0,0.0,0.0,7.0,6.0,7.0,8.0,8.0,8.0,1003.05,1002.03,1.11,0.0,7.37
KNYNEWYO1805,America/New_York,2024-01-11 01:59:19+00:00,2024-01-10 20:59:19,1704938359,40.638,-74.035,0.0,0.0,118.0,59.0,56.0,57.0,1,8.0,8.0,8.0,13.0,8.0,10.0,20.0,11.0,15.0,0.0,0.0,0.0,7.0,6.0,6.0,8.0,8.0,8.0,1003.73,1002.71,0.75,0.0,7.37
KNYNEWYO1805,America/New_York,2024-01-11 02:59:19+00:00,2024-01-10 21:59:19,1704941959,40.638,-74.035,0.0,0.0,110.0,61.0,58.0,59.0,1,8.0,8.0,8.0,11.0,5.0,8.0,17.0,8.0,12.0,1.0,0.0,0.0,8.0,6.0,6.0,8.0,8.0,8.0,1004.4,1003.73,0.74,0.0,7.37
KNYNEWYO1805,America/New_York,2024-01-11 03:59:18+00:00,2024-01-10 22:59:18,1704945558,40.638,-74.035,0.0,0.0,109.0,62.0,58.0,59.0,1,8.0,7.0,7.0,11.0,6.0,8.0,18.0,11.0,13.0,0.0,0.0,0.0,6.0,5.0,6.0,8.0,7.0,7.0,1005.08,1004.74,0.37,0.0,7.37
KNYNEWYO1805,America/New_York,2024-01-11 04:59:15+00:00,2024-01-10 23:59:15,1704949155,40.638,-74.035,0.0,0.0,105.0,62.0,58.0,60.0,1,7.0,7.0,7.0,10.0,6.0,8.0,16.0,8.0,12.0,0.0,-1.0,0.0,6.0,5.0,5.0,7.0,7.0,7.0,1005.76,1005.08,0.74,0.0,7.37
KNYNEWYO1805,America/New_York,2024-01-11 05:59:15+00:00,2024-01-11 00:59:15,1704952755,40.638,-74.035,0.0,0.0,110.0,62.0,60.0,61.0,1,7.0,7.0,7.0,10.0,5.0,7.0,14.0,8.0,11.0,0.0,0.0,0.0,6.0,5.0,5.0,7.0,7.0,7.0,1006.43,1005.76,0.74,0.0,0.0
KNYNEWYO1805,America/New_York,2024-01-11 06:59:14+00:00,2024-01-11 01:59:14,1704956354,40.638,-74.035,0.0,0.0,98.0,63.0,60.0,62.0,1,7.0,6.0,6.0,8.0,5.0,7.0,14.0,9.0,10.0,0.0,-1.0,0.0,7.0,5.0,5.0,7.0,6.0,6.0,1007.11,1006.43,0.74,0.0,0.0
KNYNEWYO1805,America/New_York,2024-01-11 07:59:13+00:00,2024-01-11 02:59:13,1704959953,40.638,-74.035,0.0,0.0,106.0,63.0,62.0,62.0,1,6.0,6.0,6.0,9.0,6.0,8.0,16.0,9.0,12.0,0.0,0.0,0.0,5.0,4.0,5.0,6.0,6.0,6.0,1007.79,1007.45,0.37,0.0,0.0
KNYNEWYO1805,America/New_York,2024-01-11 08:59:11+00:00,2024-01-11 03:59:11,1704963551,40.638,-74.035,0.0,0.0,112.0,64.0,61.0,62.0,1,6.0,6.0,6.0,9.0,6.0,8.0,14.0,9.0,12.0,0.0,-1.0,0.0,5.0,4.0,5.0,6.0,6.0,6.0,1008.13,1007.79,0.37,0.0,0.0
KNYNEWYO1805,America/New_York,2024-01-11 09:59:11+00:00,2024-01-11 04:59:11,1704967151,40.638,-74.035,0.0,0.0,120.0,62.0,60.0,61.0,1,6.0,6.0,6.0,8.0,5.0,7.0,14.0,8.0,11.0,-1.0,-1.0,-1.0,5.0,4.0,5.0,6.0,6.0,6.0,1008.81,1008.13,0.74,0.0,0.0
KNYNEWYO1805,America/New_York,2024-01-11 10:59:08+00:00,2024-01-11 05:59:08,1704970748,40.638,-74.035,0.0,0.0,106.0,62.0,60.0,60.0,1,6.0,6.0,6.0,6.0,4.0,5.0,13.0,7.0,9.0,-1.0,-2.0,-1.0,6.0,5.0,5.0,6.0,6.0,6.0,1009.14,1008.81,0.37,0.0,0.0
KNYNEWYO1805,America/New_York,2024-01-11 11:59:09+00:00,2024-01-11 06:59:09,1704974349,40.638,-74.035,0.0,0.0,104.0,63.0,61.0,61.0,1,6.0,5.0,5.0,7.0,5.0,6.0,13.0,8.0,9.0,-1.0,-1.0,-1.0,6.0,4.0,4.0,6.0,5.0,5.0,1010.16,1009.48,0.74,0.0,0.0
KNYNEWYO1805,America/New_York,2024-01-11 12:59:07+00:00,2024-01-11 07:59:07,1704977947,40.638,-74.035,29.0,0.1,104.0,63.0,61.0,61.0,1,5.0,5.0,5.0,7.0,4.0,6.0,11.0,6.0,9.0,-1.0,-2.0,-2.0,5.0,4.0,4.0,5.0,5.0,5.0,1010.84,1010.16,0.37,0.0,0.0
KNYNEWYO1805,America/New_York,2024-01-11 13:58:41+00:00,2024-01-11 08:58:41,1704981521,40.638,-74.035,213.0,0.6,106.0,61.0,58.0,59.0,1,6.0,5.0,6.0,6.0,4.0,5.0,12.0,7.0,9.0,-1.0,-2.0,-2.0,6.0,4.0,5.0,6.0,5.0,6.0,1011.85,1010.5,1.49,0.0,0.0
KNYNEWYO1805,America/New_York,2024-01-11 14:59:04+00:00,2024-01-11 09:59:04,1704985144,40.638,-74.035,355.0,1.0,105.0,59.0,56.0,56.0,1,7.0,6.0,6.0,6.0,4.0,6.0,12.0,6.0,9.0,-1.0,-2.0,-2.0,6.0,5.0,5.0,7.0,6.0,6.0,1011.51,1011.18,-0.37,0.0,0.0
KNYNEWYO1805,America/New_York,2024-01-11 15:54:05+00:00,2024-01-11 10:54:05,1704988445,40.638,-74.035,400.0,1.2,106.0,61.0,57.0,59.0,1,7.0,6.0,6.0,7.0,3.0,5.0,12.0,7.0,10.0,-1.0,-2.0,-1.0,6.0,5.0,5.0,7.0,6.0,6.0,1011.85,1011.51,0.0,0.0,0.0
KNYNEWYO1805,America/New_York,2024-01-11 16:59:03+00:00,2024-01-11 11:59:03,1704992343,40.638,-74.035,118.0,0.3,102.0,61.0,59.0,59.0,1,6.0,6.0,6.0,7.0,3.0,6.0,12.0,7.0,10.0,-1.0,-2.0,-2.0,6.0,4.0,5.0,6.0,6.0,6.0,1011.51,1011.18,-0.34,0.0,0.0
KNYNEWYO1805,America/New_York,2024-01-11 17:58:40+00:00,2024-01-11 12:58:40,1704995920,40.638,-74.035,546.0,1.6,107.0,61.0,55.0,57.0,1,7.0,6.0,6.0,8.0,3.0,5.0,13.0,7.0,9.0,-1.0,-2.0,-1.0,7.0,5.0,6.0,7.0,6.0,6.0,1010.84,1010.16,-0.37,0.0,0.0
KNYNEWYO1805,America/New_York,2024-01-11 18:54:00+00:00,2024-01-11 13:54:00,1704999240,40.638,-74.035,417.0,1.2,103.0,57.0,54.0,55.0,1,8.0,7.0,7.0,8.0,4.0,6.0,13.0,6.0,10.0,-1.0,-2.0,-1.0,8.0,5.0,6.0,8.0,7.0,7.0,1010.16,1009.82,-0.41,0.0,0.0
KNYNEWYO1805,America/New_York,2024-01-11 19:59:01+00:00,2024-01-11 14:59:01,1705003141,40.638,-74.035,322.0,0.9,109.0,56.0,49.0,52.0,1,9.0,8.0,8.0,6.0,1.0,3.0,10.0,3.0,6.0,0.0,-1.0,-1.0,9.0,7.0,8.0,9.0,8.0,8.0,1009.82,1009.82,0.0,0.0,0.0
KNYNEWYO1805,America/New_York,2024-01-11 20:59:58+00:00,2024-01-11 15:59:58,1705006798,40.638,-74.035,176.0,0.5,121.0,57.0,51.0,53.0,1,9.0,8.0,8.0,4.0,1.0,3.0,9.0,4.0,6.0,0.0,-1.0,-1.0,9.0,8.0,8.0,9.0,8.0,8.0,1010.84,1010.16,0.73,0.0,0.0
KNYNEWYO1805,America/New_York,2024-01-11 21:58:58+00:00,2024-01-11 16:58:58,1705010338,40.638,-74.035,30.0,0.1,110.0,59.0,55.0,57.0,1,8.0,7.0,7.0,5.0,1.0,3.0,9.0,3.0,5.0,0.0,-1.0,0.0,8.0,7.0,7.0,8.0,7.0,7.0,1011.85,1010.84,1.11,0.0,0.0
KNYNEWYO1805,America/New_York,2024-01-11 22:58:58+00:00,2024-01-11 17:58:58,1705013938,40.638,-74.035,1.0,0.0,256.0,59.0,55.0,56.0,1,7.0,7.0,7.0,4.0,0.0,2.0,9.0,0.0,5.0,0.0,-1.0,-1.0,7.0,7.0,7.0,7.0,7.0,7.0,1012.19,1011.85,0.37,0.0,0.0
KNYNEWYO1805,America/New_York,2024-01-11 23:58:57+00:00,2024-01-11 18:58:57,1705017537,40.638,-74.035,0.0,0.0,249.0,62.0,60.0,61.0,1,7.0,7.0,7.0,5.0,1.0,3.0,10.0,4.0,6.0,0.0,0.0,0.0,7.0,7.0,7.0,7.0,7.0,7.0,1012.87,1012.19,0.74,0.0,0.0
KNYNEWYO1805,America/New_York,2024-01-12 00:58:55+00:00,2024-01-11 19:58:55,1705021135,40.638,-74.035,0.0,0.0,251.0,64.0,61.0,62.0,1,7.0,7.0,7.0,5.0,1.0,3.0,11.0,4.0,7.0,1.0,0.0,0.0,7.0,6.0,7.0,7.0,7.0,7.0,1013.55,1012.87,0.74,0.0,0.0
KNYNEWYO1805,America/New_York,2024-01-12 01:58:54+00:00,2024-01-11 20:58:54,1705024734,40.638,-74.035,0.0,0.0,234.0,64.0,63.0,63.0,1,7.0,7.0,7.0,5.0,2.0,3.0,10.0,5.0,7.0,1.0,0.0,0.0,7.0,6.0,7.0,7.0,7.0,7.0,1014.22,1013.55,0.74,0.0,0.0
KNYNEWYO1805,America/New_York,2024-01-12 02:58:52+00:00,2024-01-11 21:58:52,1705028332,40.638,-74.035,0.0,0.0,193.0,68.0,63.0,65.0,1,7.0,7.0,7.0,4.0,0.0,2.0,9.0,2.0,5.0,1.0,0.0,1.0,7.0,7.0,7.0,7.0,7.0,7.0,1014.9,1014.56,0.37,0.0,0.0
KNYNEWYO1805,America/New_York,2024-01-12 03:58:53+00:00,2024-01-11 22:58:53,1705031933,40.638,-74.035,0.0,0.0,113.0,68.0,66.0,67.0,1,7.0,7.0,7.0,6.0,1.0,3.0,11.0,3.0,7.0,1.0,1.0,1.0,7.0,6.0,6.0,7.0,7.0,7.0,1015.24,1015.24,0.0,0.0,0.0
KNYNEWYO1805,America/New_York,2024-01-12 04:58:49+00:00,2024-01-11 23:58:49,1705035529,40.638,-74.035,0.0,0.0,98.0,70.0,66.0,67.0,1,7.0,6.0,7.0,6.0,3.0,5.0,10.0,6.0,8.0,1.0,1.0,1.0,7.0,5.0,6.0,7.0,6.0,7.0,1016.26,1015.24,1.11,0.0,0.0
KNYNEWYO1805,America/New_York,2024-01-12 05:58:50+00:00,2024-01-12 00:58:50,1705039130,40.638,-74.035,0.0,0.0,94.0,72.0,70.0,70.0,1,6.0,6.0,6.0,6.0,4.0,5.0,9.0,6.0,7.0,1.0,1.0,1.0,6.0,5.0,5.0,6.0,6.0,6.0,1017.27,1016.26,1.11,0.0,0.0
KNYNEWYO1805,America/New_York,2024-01-12 06:58:50+00:00,2024-01-12 01:58:50,1705042730,40.638,-74.035,0.0,0.0,97.0,73.0,71.0,71.0,1,6.0,5.0,5.0,5.0,2.0,3.0,8.0,4.0,6.0,1.0,1.0,1.0,6.0,5.0,5.0,6.0,5.0,5.0,1018.63,1017.27,1.48,0.0,0.0
KNYNEWYO1805,America/New_York,2024-01-12 07:58:49+00:00,2024-01-12 02:58:49,1705046329,40.638,-74.035,0.0,0.0,100.0,73.0,72.0,72.0,1,5.0,5.0,5.0,4.0,2.0,3.0,6.0,4.0,5.0,1.0,1.0,1.0,5.0,5.0,5.0,5.0,5.0,5.0,1019.64,1018.63,1.11,0.0,0.0
KNYNEWYO1805,America/New_York,2024-01-12 08:58:48+00:00,2024-01-12 03:58:48,1705049928,40.638,-74.035,0.0,0.0,121.0,74.0,71.0,72.0,1,5.0,5.0,5.0,4.0,1.0,3.0,6.0,3.0,5.0,1.0,0.0,1.0,5.0,5.0,5.0,5.0,5.0,5.0,1019.98,1019.64,0.37,0.0,0.0
KNYNEWYO1805,America/New_York,2024-01-12 09:58:46+00:00,2024-01-12 04:58:46,1705053526,40.638,-74.035,0.0,0.0,109.0,73.0,70.0,72.0,1,5.0,5.0,5.0,4.0,1.0,2.0,6.0,4.0,5.0,1.0,0.0,0.0,5.0,5.0,5.0,5.0,5.0,5.0,1019.98,1019.64,0.0,0.0,0.0
KNYNEWYO1805,America/New_York,2024-01-12 10:58:46+00:00,2024-01-12 05:58:46,1705057126,40.638,-74.035,0.0,0.0,118.0,73.0,69.0,70.0,1,5.0,4.0,5.0,4.0,0.0,2.0,5.0,0.0,3.0,0.0,-1.0,0.0,5.0,4.0,5.0,5.0,4.0,5.0,1021.0,1019.64,1.48,0.0,0.0
KNYNEWYO1805,America/New_York,2024-01-12 11:58:44+00:00,2024-01-12 06:58:44,1705060724,40.638,-74.035,0.0,0.0,108.0,77.0,73.0,74.0,1,4.0,4.0,4.0,3.0,0.0,1.0,5.0,0.0,3.0,0.0,0.0,0.0,4.0,4.0,4.0,4.0,4.0,4.0,1021.0,1020.66,0.37,0.0,0.0
KNYNEWYO1805,America/New_York,2024-01-12 12:58:44+00:00,2024-01-12 07:58:44,1705064324,40.638,-74.035,35.0,0.1,87.0,80.0,77.0,79.0,1,4.0,3.0,3.0,0.0,0.0,0.0,3.0,0.0,1.0,0.0,0.0,0.0,4.0,3.0,3.0,4.0,3.0,3.0,1022.01,1021.0,1.11,0.0,0.0
KNYNEWYO1805,America/New_York,2024-01-12 13:58:42+00:00,2024-01-12 08:58:42,1705067922,40.638,-74.035,126.0,0.4,86.0,78.0,71.0,73.0,1,5.0,3.0,4.0,2.0,0.0,0.0,4.0,0.0,1.0,0.0,0.0,0.0,5.0,3.0,4.0,5.0,3.0,4.0,1022.35,1021.67,0.37,0.0,0.0
KNYNEWYO1805,America/New_York,2024-01-12 14:58:42+00:00,2024-01-12 09:58:42,1705071522,40.638,-74.035,326.0,0.9,183.0,73.0,64.0,67.0,1,7.0,5.0,6.0,3.0,0.0,1.0,5.0,0.0,2.0,1.0,0.0,1.0,7.0,5.0,6.0,7.0,5.0,6.0,1022.69,1022.35,0.37,0.0,0.0
KNYNEWYO1805,America/New_York,2024-01-12 15:58:40+00:00,2024-01-12 10:58:40,1705075120,40.638,-74.035,470.0,1.4,163.0,66.0,56.0,60.0,1,9.0,7.0,8.0,2.0,0.0,1.0,5.0,0.0,3.0,1.0,0.0,1.0,9.0,7.0,8.0,9.0,7.0,8.0,1023.37,1023.03,0.0,0.0,0.0
KNYNEWYO1805,America/New_York,2024-01-12 16:58:40+00:00,2024-01-12 11:58:40,1705078720,40.638,-74.035,473.0,1.4,133.0,58.0,54.0,56.0,1,9.0,9.0,9.0,2.0,0.0,1.0,6.0,2.0,3.0,1.0,0.0,0.0,9.0,9.0,9.0,9.0,9.0,9.0,1023.03,1022.35,-0.74,0.0,0.0
KNYNEWYO1805,America/New_York,2024-01-12 17:58:38+00:00,2024-01-12 12:58:38,1705082318,40.638,-74.035,427.0,1.2,109.0,55.0,46.0,52.0,1,9.0,8.0,9.0,3.0,0.0,1.0,5.0,0.0,3.0,1.0,-2.0,0.0,9.0,8.0,9.0,9.0,8.0,9.0,1022.01,1020.32,-1.85,0.0,0.0
KNYNEWYO1805,America/New_York,2024-01-12 18:58:38+00:00,2024-01-12 13:58:38,1705085918,40.638,-74.035,398.0,1.2,137.0,50.0,47.0,47.0,1,9.0,9.0,9.0,5.0,1.0,3.0,11.0,3.0,7.0,-1.0,-1.0,-1.0,9.0,9.0,9.0,9.0,9.0,9.0,1020.32,1019.64,-0.74,0.0,0.0
KNYNEWYO1805,America/New_York,2024-01-12 19:58:36+00:00,2024-01-12 14:58:36,1705089516,40.638,-74.035,195.0,0.6,126.0,59.0,51.0,55.0,1,9.0,8.0,8.0,8.0,2.0,4.0,13.0,4.0,9.0,0.0,-1.0,0.0,8.0,7.0,8.0,9.0,8.0,8.0,1019.64,1019.3,0.0,0.0,0.0
KNYNEWYO1805,America/New_York,2024-01-12 20:58:34+00:00,2024-01-12 15:58:34,1705093114,40.638,-74.035,85.0,0.3,120.0,69.0,59.0,65.0,1,8.0,7.0,7.0,6.0,3.0,4.0,10.0,6.0,8.0,2.0,0.0,1.0,8.0,6.0,7.0,8.0,7.0,7.0,1019.64,1018.96,-0.74,0.0,0.0
KNYNEWYO1805,America/New_York,2024-01-12 21:58:34+00:00,2024-01-12 16:58:34,1705096714,40.638,-74.035,31.0,0.1,114.0,73.0,69.0,71.0,1,7.0,7.0,7.0,7.0,1.0,3.0,15.0,4.0,8.0,2.0,2.0,2.0,7.0,6.0,7.0,7.0,7.0,7.0,1018.96,1017.27,-1.85,0.0,0.0
KNYNEWYO1805,America/New_York,2024-01-12 22:58:32+00:00,2024-01-12 17:58:32,1705100312,40.638,-74.035,0.0,0.0,102.0,76.0,74.0,75.0,1,7.0,7.0,7.0,5.0,1.0,3.0,12.0,5.0,8.0,3.0,3.0,3.0,7.0,6.0,7.0,7.0,7.0,7.0,1017.61,1016.26,-1.13,0.0,0.0
KNYNEWYO1805,America/New_York,2024-01-12 23:58:32+00:00,2024-01-12 18:58:32,1705103912,40.638,-74.035,0.0,0.0,112.0,75.0,74.0,74.0,1,8.0,7.0,7.0,6.0,1.0,4.0,12.0,4.0,9.0,3.0,3.0,3.0,7.0,7.0,7.0,8.0,7.0,7.0,1016.26,1014.56,-1.51,0.0,0.0
KNYNEWYO1805,America/New_York,2024-01-13 00:58:33+00:00,2024-01-12 19:58:33,1705107513,40.638,-74.035,0.0,0.0,135.0,80.0,75.0,77.0,1,8.0,8.0,8.0,6.0,3.0,4.0,13.0,7.0,9.0,4.0,3.0,4.0,8.0,7.0,7.0,8.0,8.0,8.0,1014.9,1011.85,-3.32,0.0,0.0
KNYNEWYO1805,America/New_York,2024-01-13 01:58:30+00:00,2024-01-12 20:58:30,1705111110,40.638,-74.035,0.0,0.0,154.0,80.0,79.0,79.0,1,8.0,8.0,8.0,8.0,3.0,5.0,17.0,6.0,10.0,5.0,4.0,5.0,8.0,6.0,7.0,8.0,8.0,8.0,1012.87,1010.5,-0.37,0.0,0.0
KNYNEWYO1805,America/New_York,2024-01-13 02:58:30+00:00,2024-01-12 21:58:30,1705114710,40.638,-74.035,0.0,0.0,171.0,79.0,78.0,78.0,1,8.0,8.0,8.0,8.0,2.0,4.0,13.0,5.0,9.0,5.0,5.0,5.0,8.0,7.0,8.0,8.0,8.0,8.0,1012.19,1009.82,-1.48,0.0,0.0
KNYNEWYO1805,America/New_York,2024-01-13 03:58:29+00:00,2024-01-12 22:58:29,1705118309,40.638,-74.035,0.0,0.0,161.0,86.0,78.0,81.0,1,8.0,8.0,8.0,7.0,4.0,6.0,15.0,9.0,12.0,6.0,5.0,5.0,8.0,7.0,8.0,8.0,8.0,8.0,1010.16,1007.45,-2.96,0.71,1.17
KNYNEWYO1805,America/New_York,2024-01-13 04:59:12+00:00,2024-01-12 23:59:12,1705121952,40.638,-74.035,0.0,0.0,148.0,90.0,87.0,88.0,1,9.0,8.0,8.0,10.0,4.0,6.0,16.0,7.0,12.0,7.0,6.0,6.0,8.0,6.0,8.0,9.0,8.0,8.0,1006.43,1004.74,-1.82,1.6,2.39
KNYNEWYO1805,America/New_York,2024-01-13 05:58:26+00:00,2024-01-13 00:58:26,1705125506,40.638,-74.035,0.0,0.0,144.0,92.0,90.0,91.0,1,9.0,9.0,9.0,8.0,3.0,6.0,17.0,6.0,13.0,8.0,7.0,7.0,9.0,7.0,8.0,9.0,9.0,9.0,1004.74,1001.36,-3.76,2.97,2.72
KNYNEWYO1805,America/New_York,2024-01-13 06:58:26+00:00,2024-01-13 01:58:26,1705129106,40.638,-74.035,0.0,0.0,123.0,94.0,93.0,93.0,1,10.0,9.0,9.0,9.0,5.0,6.0,17.0,7.0,11.0,9.0,8.0,8.0,10.0,8.0,9.0,10.0,9.0,9.0,1001.36,999.32,-1.88,7.54,7.04
KNYNEWYO1805,America/New_York,2024-01-13 07:59:25+00:00,2024-01-13 02:59:25,1705132765,40.638,-74.035,0.0,0.0,169.0,95.0,94.0,94.0,1,10.0,10.0,10.0,7.0,4.0,5.0,14.0,6.0,11.0,9.0,9.0,9.0,10.0,9.0,10.0,10.0,10.0,10.0,998.98,996.61,-2.59,6.71,14.68
KNYNEWYO1805,America/New_York,2024-01-13 08:59:22+00:00,2024-01-13 03:59:22,1705136362,40.638,-74.035,0.0,0.0,123.0,95.0,95.0,95.0,1,11.0,10.0,11.0,7.0,0.0,5.0,13.0,1.0,9.0,10.0,10.0,10.0,11.0,10.0,11.0,11.0,10.0,11.0,996.28,994.24,-2.22,5.94,19.2
KNYNEWYO1805,America/New_York,2024-01-13 09:59:21+00:00,2024-01-13 04:59:21,1705139961,40.638,-74.035,0.0,0.0,134.0,96.0,96.0,96.0,1,12.0,11.0,11.0,6.0,1.0,4.0,13.0,3.0,8.0,12.0,10.0,11.0,12.0,11.0,11.0,12.0,11.0,11.0,993.91,991.87,-2.22,0.64,21.59
KNYNEWYO1805,America/New_York,2024-01-13 10:59:20+00:00,2024-01-13 05:59:20,1705143560,40.638,-74.035,0.0,0.0,122.0,96.0,96.0,96.0,1,13.0,12.0,12.0,6.0,3.0,4.0,13.0,6.0,10.0,12.0,12.0,12.0,13.0,12.0,12.0,13.0,12.0,12.0,991.87,990.52,-1.48,0.0,21.31
KNYNEWYO1805,America/New_York,2024-01-13 11:59:19+00:00,2024-01-13 06:59:19,1705147159,40.638,-74.035,0.0,0.0,121.0,97.0,96.0,96.0,1,13.0,12.0,12.0,6.0,1.0,3.0,11.0,4.0,7.0,12.0,12.0,12.0,13.0,12.0,12.0,13.0,12.0,12.0,990.86,989.84,-0.75,0.0,21.31
KNYNEWYO1805,America/New_York,2024-01-13 12:59:19+00:00,2024-01-13 07:59:19,1705150759,40.638,-74.035,26.0,0.1,132.0,97.0,96.0,96.0,1,13.0,13.0,13.0,5.0,1.0,3.0,13.0,4.0,8.0,13.0,12.0,12.0,13.0,13.0,13.0,13.0,13.0,13.0,989.5,988.83,-0.74,0.0,21.31
KNYNEWYO1805,America/New_York,2024-01-13 13:59:16+00:00,2024-01-13 08:59:16,1705154356,40.638,-74.035,132.0,0.4,170.0,96.0,94.0,95.0,1,14.0,13.0,13.0,5.0,2.0,3.0,10.0,5.0,8.0,13.0,12.0,13.0,14.0,13.0,13.0,14.0,13.0,13.0,989.16,988.83,0.37,0.56,21.95
KNYNEWYO1805,America/New_York,2024-01-13 14:59:16+00:00,2024-01-13 09:59:16,1705157956,40.638,-74.035,359.0,1.0,167.0,94.0,79.0,86.0,1,14.0,13.0,14.0,7.0,4.0,6.0,15.0,7.0,11.0,12.0,10.0,12.0,14.0,13.0,14.0,14.0,13.0,14.0,989.16,989.16,0.0,0.66,21.97
KNYNEWYO1805,America/New_York,2024-01-13 15:59:15+00:00,2024-01-13 10:59:15,1705161555,40.638,-74.035,547.0,1.6,146.0,79.0,71.0,74.0,1,14.0,13.0,14.0,11.0,3.0,7.0,18.0,7.0,13.0,10.0,8.0,9.0,14.0,13.0,14.0,14.0,13.0,14.0,989.5,989.16,0.0,0.0,21.97
KNYNEWYO1805,America/New_York,2024-01-13 16:59:13+00:00,2024-01-13 11:59:13,1705165153,40.638,-74.035,383.0,1.1,106.0,72.0,69.0,70.0,1,13.0,12.0,12.0,15.0,7.0,10.0,22.0,9.0,14.0,8.0,7.0,7.0,13.0,12.0,12.0,13.0,12.0,12.0,989.5,989.16,-0.37,0.0,21.97
KNYNEWYO1805,America/New_York,2024-01-13 17:59:12+00:00,2024-01-13 12:59:12,1705168752,40.638,-74.035,498.0,1.5,107.0,79.0,69.0,74.0,1,12.0,8.0,10.0,18.0,7.0,11.0,24.0,10.0,16.0,7.0,4.0,6.0,12.0,6.0,9.0,12.0,8.0,10.0,990.52,989.16,1.48,0.08,22.1
KNYNEWYO1805,America/New_York,2024-01-13 18:59:10+00:00,2024-01-13 13:59:10,1705172350,40.638,-74.035,258.0,0.8,108.0,73.0,70.0,71.0,1,9.0,8.0,9.0,12.0,6.0,9.0,19.0,11.0,15.0,5.0,4.0,4.0,9.0,7.0,8.0,9.0,8.0,9.0,991.87,990.52,1.48,0.08,22.25
KNYNEWYO1805,America/New_York,2024-01-13 19:59:11+00:00,2024-01-13 14:59:11,1705175951,40.638,-74.035,243.0,0.7,108.0,71.0,60.0,65.0,1,9.0,8.0,8.0,11.0,8.0,9.0,19.0,12.0,15.0,3.0,1.0,2.0,7.0,6.0,7.0,9.0,8.0,8.0,993.23,991.87,1.48,0.0,22.43
KNYNEWYO1805,America/New_York,2024-01-13 20:59:08+00:00,2024-01-13 15:59:08,1705179548,40.638,-74.035,142.0,0.4,115.0,60.0,47.0,53.0,1,9.0,8.0,8.0,14.0,7.0,11.0,23.0,12.0,17.0,1.0,-3.0,-1.0,7.0,6.0,6.0,9.0,8.0,8.0,994.92,993.23,1.85,0.0,22.43
KNYNEWYO1805,America/New_York,2024-01-13 21:59:08+00:00,2024-01-13 16:59:08,1705183148,40.638,-74.035,31.0,0.1,113.0,53.0,49.0,50.0,1,8.0,7.0,8.0,13.0,8.0,11.0,22.0,13.0,17.0,-2.0,-2.0,-2.0,6.0,5.0,6.0,8.0,7.0,8.0,996.95,995.26,1.85,0.0,22.43
KNYNEWYO1805,America/New_York,2024-01-13 22:59:06+00:00,2024-01-13 17:59:06,1705186746,40.638,-74.035,1.0,0.0,102.0,53.0,50.0,51.0,1,7.0,7.0,7.0,16.0,10.0,13.0,28.0,15.0,20.0,-2.0,-3.0,-2.0,5.0,4.0,4.0,7.0,7.0,7.0,998.65,996.95,1.85,0.0,22.43
KNYNEWYO1805,America/New_York,2024-01-13 23:59:07+00:00,2024-01-13 18:59:07,1705190347,40.638,-74.035,0.0,0.0,109.0,54.0,49.0,52.0,1,6.0,6.0,6.0,15.0,10.0,12.0,20.0,15.0,18.0,-3.0,-4.0,-3.0,4.0,3.0,4.0,6.0,6.0,6.0,1000.34,998.98,1.48,0.0,22.43
KNYNEWYO1805,America/New_York,2024-01-14 00:59:04+00:00,2024-01-13 19:59:04,1705193944,40.638,-74.035,0.0,0.0,111.0,55.0,49.0,51.0,1,6.0,5.0,5.0,14.0,9.0,12.0,22.0,13.0,18.0,-3.0,-5.0,-4.0,3.0,2.0,2.0,6.0,5.0,5.0,1002.03,1000.34,1.85,0.0,22.43
KNYNEWYO1805,America/New_York,2024-01-14 01:59:04+00:00,2024-01-13 20:59:04,1705197544,40.638,-74.035,0.0,0.0,101.0,56.0,51.0,53.0,1,5.0,4.0,4.0,18.0,8.0,13.0,27.0,14.0,20.0,-3.0,-5.0,-4.0,3.0,0.0,1.0,5.0,4.0,4.0,1003.73,1002.03,1.85,0.0,22.43
KNYNEWYO1805,America/New_York,2024-01-14 02:59:02+00:00,2024-01-13 21:59:02,1705201142,40.638,-74.035,0.0,0.0,105.0,55.0,51.0,52.0,1,4.0,3.0,3.0,15.0,10.0,12.0,22.0,17.0,18.0,-5.0,-6.0,-5.0,1.0,0.0,0.0,4.0,3.0,3.0,1004.74,1004.06,0.74,0.0,22.43
KNYNEWYO1805,America/New_York,2024-01-14 03:59:03+00:00,2024-01-13 22:59:03,1705204743,40.638,-74.035,0.0,0.0,103.0,57.0,53.0,54.0,1,3.0,3.0,3.0,13.0,7.0,10.0,19.0,11.0,15.0,-5.0,-6.0,-5.0,1.0,0.0,0.0,3.0,3.0,3.0,1006.43,1005.08,1.48,0.0,22.43
KNYNEWYO1805,America/New_York,2024-01-14 04:59:00+00:00,2024-01-13 23:59:00,1705208340,40.638,-74.035,0.0,0.0,100.0,60.0,56.0,58.0,1,3.0,2.0,2.0,13.0,8.0,10.0,17.0,13.0,15.0,-5.0,-6.0,-5.0,0.0,-1.0,0.0,3.0,2.0,2.0,1007.45,1006.43,1.11,0.0,22.43
KNYNEWYO1805,America/New_York,2024-01-14 05:58:59+00:00,2024-01-14 00:58:59,1705211939,40.638,-74.035,0.0,0.0,94.0,59.0,55.0,57.0,1,2.0,2.0,2.0,10.0,5.0,7.0,15.0,10.0,12.0,-5.0,-6.0,-5.0,0.0,-1.0,0.0,2.0,2.0,2.0,1008.81,1007.79,1.11,0.0,0.0
KNYNEWYO1805,America/New_York,2024-01-14 06:58:59+00:00,2024-01-14 01:58:59,1705215539,40.638,-74.035,0.0,0.0,89.0,61.0,57.0,59.0,1,2.0,2.0,2.0,10.0,5.0,8.0,15.0,8.0,12.0,-5.0,-6.0,-5.0,0.0,-1.0,-1.0,2.0,2.0,2.0,1009.48,1008.81,0.74,0.0,0.0
KNYNEWYO1805,America/New_York,2024-01-14 07:58:58+00:00,2024-01-14 02:58:58,1705219138,40.638,-74.035,0.0,0.0,94.0,61.0,58.0,59.0,1,2.0,1.0,1.0,10.0,5.0,7.0,15.0,8.0,12.0,-5.0,-6.0,-6.0,2.0,-1.0,-1.0,2.0,1.0,1.0,1010.16,1009.48,0.77,0.0,0.0
KNYNEWYO1805,America/New_York,2024-01-14 08:58:56+00:00,2024-01-14 03:58:56,1705222736,40.638,-74.035,0.0,0.0,94.0,64.0,61.0,62.0,1,1.0,1.0,1.0,6.0,3.0,5.0,13.0,6.0,9.0,-5.0,-6.0,-5.0,1.0,-1.0,0.0,1.0,1.0,1.0,1010.84,1010.5,0.37,0.0,0.0
KNYNEWYO1805,America/New_York,2024-01-14 09:58:56+00:00,2024-01-14 04:58:56,1705226336,40.638,-74.035,0.0,0.0,120.0,66.0,64.0,64.0,1,1.0,1.0,1.0,5.0,2.0,4.0,10.0,5.0,8.0,-5.0,-5.0,-5.0,1.0,-1.0,0.0,1.0,1.0,1.0,1010.84,1010.84,0.0,0.0,0.0
KNYNEWYO1805,America/New_York,2024-01-14 10:58:54+00:00,2024-01-14 05:58:54,1705229934,40.638,-74.035,0.0,0.0,149.0,66.0,64.0,65.0,1,1.0,0.0,1.0,7.0,3.0,4.0,17.0,6.0,9.0,-5.0,-5.0,-5.0,1.0,-2.0,0.0,1.0,0.0,1.0,1011.85,1010.84,0.74,0.0,0.0
KNYNEWYO1805,America/New_York,2024-01-14 11:58:54+00:00,2024-01-14 06:58:54,1705233534,40.638,-74.035,0.0,0.0,213.0,67.0,65.0,65.0,1,0.0,0.0,0.0,10.0,3.0,5.0,19.0,6.0,12.0,-5.0,-6.0,-5.0,0.0,-3.0,-1.0,0.0,0.0,0.0,1011.85,1011.85,0.0,0.0,0.0
KNYNEWYO1805,America/New_York,2024-01-14 12:58:52+00:00,2024-01-14 07:58:52,1705237132,40.638,-74.035,25.0,0.1,230.0,66.0,64.0,65.0,1,1.0,0.0,1.0,10.0,3.0,6.0,19.0,6.0,12.0,-5.0,-6.0,-5.0,1.0,-2.0,-1.0,1.0,0.0,1.0,1011.85,1011.18,-0.37,0.0,0.0
KNYNEWYO1805,America/New_York,2024-01-14 13:58:52+00:00,2024-01-14 08:58:52,1705240732,40.638,-74.035,223.0,0.6,244.0,67.0,61.0,63.0,1,2.0,1.0,1.0,14.0,3.0,9.0,23.0,7.0,17.0,-4.0,-5.0,-5.0,2.0,-2.0,-1.0,2.0,1.0,1.0,1011.85,1011.18,-0.37,0.0,0.0
KNYNEWYO1805,America/New_York,2024-01-14 14:58:52+00:00,2024-01-14 09:58:52,1705244332,40.638,-74.035,375.0,1.1,211.0,62.0,55.0,59.0,1,3.0,2.0,3.0,10.0,4.0,7.0,23.0,10.0,16.0,-4.0,-5.0,-5.0,3.0,-1.0,1.0,3.0,2.0,3.0,1011.51,1010.84,-0.74,0.0,0.0
KNYNEWYO1805,America/New_York,2024-01-14 15:58:50+00:00,2024-01-14 10:58:50,1705247930,40.638,-74.035,518.0,1.5,239.0,54.0,50.0,51.0,1,5.0,3.0,4.0,8.0,4.0,6.0,17.0,7.0,13.0,-4.0,-5.0,-5.0,5.0,2.0,3.0,5.0,3.0,4.0,1010.84,1009.14,-1.85,0.0,0.0
KNYNEWYO1805,America/New_York,2024-01-14 16:58:48+00:00,2024-01-14 11:58:48,1705251528,40.638,-74.035,496.0,1.4,224.0,52.0,48.0,49.0,1,6.0,5.0,6.0,7.0,3.0,5.0,13.0,8.0,10.0,-4.0,-5.0,-4.0,6.0,4.0,5.0,6.0,5.0,6.0,1008.81,1008.13,-0.74,0.0,0.0
KNYNEWYO1805,America/New_York,2024-01-14 17:58:47+00:00,2024-01-14 12:58:47,1705255127,40.638,-74.035,343.0,1.0,137.0,68.0,49.0,53.0,1,6.0,5.0,6.0,13.0,3.0,7.0,19.0,9.0,14.0,0.0,-4.0,-3.0,6.0,3.0,5.0,6.0,5.0,6.0,1008.13,1007.11,0.37,0.0,0.0
KNYNEWYO1805,America/New_York,2024-01-14 18:58:47+00:00,2024-01-14 13:58:47,1705258727,40.638,-74.035,115.0,0.3,100.0,86.0,75.0,81.0,1,4.0,2.0,2.0,17.0,6.0,11.0,22.0,10.0,16.0,1.0,-2.0,0.0,2.0,-1.0,0.0,4.0,2.0,2.0,1009.48,1008.47,1.11,0.0,0.0
KNYNEWYO1805,America/New_York,2024-01-14 19:58:46+00:00,2024-01-14 14:58:46,1705262326,40.638,-74.035,126.0,0.4,102.0,73.0,53.0,64.0,1,4.0,3.0,3.0,12.0,7.0,10.0,17.0,10.0,14.0,-2.0,-5.0,-3.0,1.0,0.0,0.0,4.0,3.0,3.0,1010.16,1009.14,1.11,0.0,0.0
KNYNEWYO1805,America/New_York,2024-01-14 20:58:46+00:00,2024-01-14 15:58:46,1705265926,40.638,-74.035,207.0,0.6,108.0,51.0,35.0,39.0,1,4.0,4.0,4.0,15.0,10.0,13.0,24.0,16.0,20.0,-6.0,-10.0,-8.0,2.0,0.0,1.0,4.0,4.0,4.0,1011.51,1009.82,1.85,0.0,0.0
KNYNEWYO1805,America/New_York,2024-01-14 21:58:43+00:00,2024-01-14 16:58:43,1705269523,40.638,-74.035,29.0,0.1,116.0,40.0,34.0,37.0,1,4.0,2.0,3.0,16.0,10.0,12.0,25.0,17.0,20.0,-9.0,-11.0,-10.0,0.0,-1.0,0.0,4.0,2.0,3.0,1014.56,1011.85,2.96,0.0,0.0
KNYNEWYO1805,America/New_York,2024-01-14 22:58:43+00:00,2024-01-14 17:58:43,1705273123,40.638,-74.035,1.0,0.0,108.0,44.0,39.0,41.0,1,2.0,1.0,1.0,16.0,8.0,12.0,23.0,12.0,18.0,-9.0,-11.0,-10.0,-1.0,-3.0,-2.0,2.0,1.0,1.0,1016.93,1014.56,2.59,0.0,0.0
KNYNEWYO1805,America/New_York,2024-01-14 23:58:42+00:00,2024-01-14 18:58:42,1705276722,40.638,-74.035,0.0,0.0,129.0,46.0,41.0,43.0,1,1.0,0.0,0.0,11.0,8.0,10.0,18.0,11.0,14.0,-10.0,-11.0,-10.0,-2.0,-3.0,-3.0,1.0,0.0,0.0,1017.95,1016.93,1.11,0.0,0.0
KNYNEWYO1805,America/New_York,2024-01-15 00:58:40+00:00,2024-01-14 19:58:40,1705280320,40.638,-74.035,0.0,0.0,122.0,46.0,43.0,44.0,1,0.0,0.0,0.0,12.0,8.0,10.0,15.0,12.0,14.0,-11.0,-11.0,-11.0,-3.0,-4.0,-3.0,0.0,0.0,0.0,1018.96,1018.29,0.37,0.0,0.0
KNYNEWYO1805,America/New_York,2024-01-15 01:58:39+00:00,2024-01-14 20:58:39,1705283919,40.638,-74.035,0.0,0.0,120.0,47.0,41.0,44.0,1,0.0,-1.0,-1.0,10.0,5.0,8.0,16.0,9.0,13.0,-10.0,-13.0,-11.0,-2.0,-5.0,-4.0,0.0,-1.0,-1.0,1019.64,1018.63,1.11,0.0,0.0
KNYNEWYO1805,America/New_York,2024-01-15 02:58:39+00:00,2024-01-14 21:58:39,1705287519,40.638,-74.035,0.0,0.0,126.0,46.0,41.0,43.0,1,-1.0,-2.0,-1.0,10.0,6.0,8.0,15.0,9.0,11.0,-11.0,-13.0,-12.0,-4.0,-5.0,-4.0,-1.0,-2.0,-1.0,1020.32,1019.64,0.37,0.0,0.0
KNYNEWYO1805,America/New_York,2024-01-15 03:58:38+00:00,2024-01-14 22:58:38,1705291118,40.638,-74.035,0.0,0.0,128.0,49.0,44.0,46.0,1,-2.0,-2.0,-2.0,10.0,5.0,8.0,14.0,8.0,12.0,-11.0,-12.0,-12.0,-2.0,-6.0,-5.0,-2.0,-2.0,-2.0,1020.66,1020.32,0.0,0.0,0.0
KNYNEWYO1805,America/New_York,2024-01-15 04:58:35+00:00,2024-01-14 23:58:35,1705294715,40.638,-74.035,0.0,0.0,130.0,51.0,45.0,47.0,1,-2.0,-3.0,-2.0,12.0,7.0,9.0,16.0,11.0,14.0,-11.0,-13.0,-12.0,-5.0,-7.0,-6.0,-2.0,-3.0,-2.0,1021.0,1020.32,0.74,0.0,0.0
KNYNEWYO1805,America/New_York,2024-01-15 05:58:20+00:00,2024-01-15 00:58:20,1705298300,40.638,-74.035,0.0,0.0,127.0,49.0,47.0,48.0,1,-3.0,-3.0,-3.0,9.0,5.0,7.0,12.0,8.0,10.0,-12.0,-13.0,-12.0,-5.0,-6.0,-6.0,-3.0,-3.0,-3.0,1021.67,1021.0,0.37,0.0,0.0
KNYNEWYO1805,America/New_York,2024-01-15 06:58:35+00:00,2024-01-15 01:58:35,1705301915,40.638,-74.035,0.0,0.0,120.0,52.0,47.0,48.0,1,-3.0,-3.0,-3.0,9.0,5.0,6.0,15.0,8.0,10.0,-12.0,-13.0,-12.0,-3.0,-7.0,-6.0,-3.0,-3.0,-3.0,1022.35,1021.67,0.74,0.0,0.0
KNYNEWYO1805,America/New_York,2024-01-15 07:58:34+00:00,2024-01-15 02:58:34,1705305514,40.638,-74.035,0.0,0.0,127.0,52.0,48.0,50.0,1,-3.0,-3.0,-3.0,9.0,6.0,8.0,14.0,10.0,12.0,-12.0,-13.0,-12.0,-6.0,-7.0,-6.0,-3.0,-3.0,-3.0,1022.69,1022.35,0.37,0.0,0.0
KNYNEWYO1805,America/New_York,2024-01-15 08:58:32+00:00,2024-01-15 03:58:32,1705309112,40.638,-74.035,0.0,0.0,130.0,55.0,50.0,52.0,1,-3.0,-4.0,-4.0,10.0,6.0,8.0,14.0,10.0,13.0,-11.0,-13.0,-12.0,-6.0,-8.0,-7.0,-3.0,-4.0,-4.0,1022.35,1022.35,0.0,0.0,0.0
KNYNEWYO1805,America/New_York,2024-01-15 09:58:32+00:00,2024-01-15 04:58:32,1705312712,40.638,-74.035,0.0,0.0,127.0,53.0,49.0,50.0,1,-4.0,-4.0,-4.0,8.0,5.0,7.0,14.0,9.0,11.0,-12.0,-13.0,-13.0,-6.0,-7.0,-7.0,-4.0,-4.0,-4.0,1023.37,1022.69,0.74,0.0,0.0
KNYNEWYO1805,America/New_York,2024-01-15 10:58:29+00:00,2024-01-15 05:58:29,1705316309,40.638,-74.035,0.0,0.0,115.0,54.0,50.0,52.0,1,-4.0,-4.0,-4.0,10.0,5.0,6.0,13.0,8.0,10.0,-12.0,-13.0,-12.0,-6.0,-8.0,-7.0,-4.0,-4.0,-4.0,1023.71,1023.37,0.37,0.0,0.0
KNYNEWYO1805,America/New_York,2024-01-15 11:59:30+00:00,2024-01-15 06:59:30,1705319970,40.638,-74.035,0.0,0.0,122.0,58.0,51.0,54.0,1,-4.0,-4.0,-4.0,10.0,6.0,8.0,15.0,9.0,12.0,-11.0,-13.0,-12.0,-7.0,-8.0,-7.0,-4.0,-4.0,-4.0,1024.04,1023.71,0.36,0.0,0.0
KNYNEWYO1805,America/New_York,2024-01-15 12:58:28+00:00,2024-01-15 07:58:28,1705323508,40.638,-74.035,27.0,0.1,124.0,57.0,54.0,54.0,1,-4.0,-4.0,-4.0,9.0,6.0,8.0,15.0,9.0,12.0,-11.0,-12.0,-12.0,-7.0,-8.0,-7.0,-4.0,-4.0,-4.0,1024.38,1024.04,0.38,0.0,0.0
KNYNEWYO1805,America/New_York,2024-01-15 13:59:26+00:00,2024-01-15 08:59:26,1705327166,40.638,-74.035,228.0,0.6,130.0,53.0,50.0,51.0,1,-3.0,-4.0,-4.0,9.0,5.0,7.0,14.0,7.0,11.0,-12.0,-13.0,-12.0,-6.0,-8.0,-7.0,-3.0,-4.0,-4.0,1024.72,1024.38,0.37,0.0,0.0
KNYNEWYO1805,America/New_York,2024-01-15 14:59:27+00:00,2024-01-15 09:59:27,1705330767,40.638,-74.035,285.0,0.8,109.0,50.0,46.0,48.0,1,-3.0,-3.0,-3.0,5.0,3.0,4.0,9.0,6.0,7.0,-12.0,-13.0,-13.0,-3.0,-5.0,-4.0,-3.0,-3.0,-3.0,1025.4,1024.72,0.74,0.0,0.0
KNYNEWYO1805,America/New_York,2024-01-15 15:59:26+00:00,2024-01-15 10:59:26,1705334366,40.638,-74.035,178.0,0.5,102.0,51.0,46.0,49.0,1,-3.0,-3.0,-3.0,6.0,4.0,5.0,10.0,6.0,8.0,-12.0,-13.0,-12.0,-3.0,-6.0,-4.0,-3.0,-3.0,-3.0,1025.4,1024.72,-0.37,0.0,0.0
KNYNEWYO1805,America/New_York,2024-01-15 16:59:23+00:00,2024-01-15 11:59:23,1705337963,40.638,-74.035,206.0,0.6,96.0,49.0,46.0,47.0,1,-3.0,-3.0,-3.0,8.0,4.0,6.0,12.0,6.0,9.0,-12.0,-13.0,-12.0,-3.0,-6.0,-4.0,-3.0,-3.0,-3.0,1025.06,1024.38,-0.37,0.0,0.0
KNYNEWYO1805,America/New_York,2024-01-15 17:59:23+00:00,2024-01-15 12:59:23,1705341563,40.638,-74.035,146.0,0.4,106.0,49.0,44.0,46.0,1,-3.0,-3.0,-3.0,7.0,4.0,5.0,10.0,6.0,8.0,-12.0,-13.0,-13.0,-3.0,-5.0,-4.0,-3.0,-3.0,-3.0,1024.04,1023.71,-0.36,0.0,0.0
KNYNEWYO1805,America/New_York,2024-01-15 18:59:22+00:00,2024-01-15 13:59:22,1705345162,40.638,-74.035,89.0,0.3,86.0,44.0,40.0,41.0,1,-2.0,-3.0,-2.0,7.0,3.0,5.0,10.0,5.0,8.0,-13.0,-14.0,-14.0,-2.0,-5.0,-4.0,-2.0,-3.0,-2.0,1023.71,1023.03,-0.74,0.0,0.0
KNYNEWYO1805,America/New_York,2024-01-15 19:59:21+00:00,2024-01-15 14:59:21,1705348761,40.638,-74.035,71.0,0.2,103.0,42.0,39.0,40.0,1,-2.0,-2.0,-2.0,5.0,3.0,4.0,10.0,5.0,7.0,-13.0,-14.0,-14.0,-2.0,-4.0,-2.0,-2.0,-2.0,-2.0,1023.03,1022.35,-0.74,0.0,0.0
KNYNEWYO1805,America/New_York,2024-01-15 20:59:19+00:00,2024-01-15 15:59:19,1705352359,40.638,-74.035,53.0,0.2,111.0,41.0,39.0,40.0,1,-2.0,-2.0,-2.0,4.0,1.0,2.0,8.0,3.0,5.0,-13.0,-14.0,-13.0,-2.0,-2.0,-2.0,-2.0,-2.0,-2.0,1023.03,1022.35,0.37,0.0,0.0
KNYNEWYO1805,America/New_York,2024-01-15 21:59:19+00:00,2024-01-15 16:59:19,1705355959,40.638,-74.035,19.0,0.1,100.0,47.0,41.0,44.0,1,-2.0,-2.0,-2.0,4.0,1.0,2.0,8.0,3.0,5.0,-12.0,-13.0,-13.0,-2.0,-2.0,-2.0,-2.0,-2.0,-2.0,1023.03,1022.69,-0.37,0.0,0.0
KNYNEWYO1805,America/New_York,2024-01-15 22:59:19+00:00,2024-01-15 17:59:19,1705359559,40.638,-74.035,1.0,0.0,112.0,50.0,47.0,48.0,1,-2.0,-2.0,-2.0,3.0,0.0,2.0,7.0,3.0,5.0,-11.0,-12.0,-11.0,-2.0,-2.0,-2.0,-2.0,-2.0,-2.0,1023.03,1022.69,0.37,0.0,0.0
KNYNEWYO1805,America/New_York,2024-01-15 23:59:18+00:00,2024-01-15 18:59:18,1705363158,40.638,-74.035,0.0,0.0,215.0,51.0,48.0,49.0,1,-2.0,-2.0,-2.0,5.0,1.0,3.0,10.0,4.0,5.0,-11.0,-12.0,-11.0,-2.0,-4.0,-2.0,-2.0,-2.0,-2.0,1022.69,1022.35,-0.37,0.0,0.0
KNYNEWYO1805,America/New_York,2024-01-16 00:59:16+00:00,2024-01-15 19:59:16,1705366756,40.638,-74.035,0.0,0.0,208.0,63.0,53.0,59.0,1,-2.0,-2.0,-2.0,5.0,2.0,3.0,10.0,4.0,7.0,-8.0,-10.0,-9.0,-2.0,-2.0,-2.0,-2.0,-2.0,-2.0,1023.03,1022.35,0.74,0.0,0.0
KNYNEWYO1805,America/New_York,2024-01-16 01:59:15+00:00,2024-01-15 20:59:15,1705370355,40.638,-74.035,0.0,0.0,172.0,81.0,63.0,70.0,1,-2.0,-3.0,-2.0,5.0,2.0,3.0,9.0,4.0,7.0,-6.0,-8.0,-7.0,-2.0,-4.0,-3.0,-2.0,-3.0,-2.0,1023.03,1023.03,0.0,0.0,0.0
KNYNEWYO1805,America/New_York,2024-01-16 02:59:15+00:00,2024-01-15 21:59:15,1705373955,40.638,-74.035,0.0,0.0,107.0,86.0,81.0,84.0,1,-3.0,-3.0,-3.0,4.0,1.0,3.0,7.0,3.0,5.0,-5.0,-6.0,-5.0,-3.0,-3.0,-3.0,-3.0,-3.0,-3.0,1023.03,1022.35,-0.74,0.0,0.0
KNYNEWYO1805,America/New_York,2024-01-16 03:59:14+00:00,2024-01-15 22:59:14,1705377554,40.638,-74.035,0.0,0.0,116.0,88.0,87.0,87.0,1,-3.0,-3.0,-3.0,4.0,1.0,2.0,7.0,3.0,5.0,-5.0,-5.0,-5.0,-3.0,-3.0,-3.0,-3.0,-3.0,-3.0,1022.35,1022.01,0.0,0.0,0.0
KNYNEWYO1805,America/New_York,2024-01-16 04:59:12+00:00,2024-01-15 23:59:12,1705381152,40.638,-74.035,0.0,0.0,136.0,89.0,87.0,88.0,1,-3.0,-4.0,-4.0,3.0,0.0,2.0,5.0,1.0,4.0,-5.0,-5.0,-5.0,-3.0,-4.0,-4.0,-3.0,-4.0,-4.0,1022.35,1021.0,-1.11,0.0,0.0
KNYNEWYO1805,America/New_York,2024-01-16 05:59:11+00:00,2024-01-16 00:59:11,1705384751,40.638,-74.035,0.0,0.0,128.0,89.0,88.0,88.0,1,-3.0,-4.0,-4.0,3.0,0.0,1.0,7.0,1.0,4.0,-5.0,-5.0,-5.0,-3.0,-4.0,-4.0,-3.0,-4.0,-4.0,1021.0,1019.98,-1.11,0.0,0.0
KNYNEWYO1805,America/New_York,2024-01-16 06:59:11+00:00,2024-01-16 01:59:11,1705388351,40.638,-74.035,0.0,0.0,69.0,89.0,87.0,88.0,1,-3.0,-3.0,-3.0,3.0,0.0,1.0,7.0,3.0,5.0,-5.0,-5.0,-5.0,-3.0,-3.0,-3.0,-3.0,-3.0,-3.0,1020.32,1019.3,-1.11,0.0,0.0
KNYNEWYO1805,America/New_York,2024-01-16 07:59:10+00:00,2024-01-16 02:59:10,1705391950,40.638,-74.035,0.0,0.0,82.0,90.0,87.0,88.0,1,-3.0,-3.0,-3.0,2.0,0.0,1.0,5.0,2.0,3.0,-4.0,-5.0,-5.0,-3.0,-3.0,-3.0,-3.0,-3.0,-3.0,1019.3,1018.63,-0.37,0.0,0.0
KNYNEWYO1805,America/New_York,2024-01-16 08:59:08+00:00,2024-01-16 03:59:08,1705395548,40.638,-74.035,0.0,0.0,336.0,90.0,88.0,89.0,1,-3.0,-3.0,-3.0,4.0,0.0,2.0,8.0,1.0,4.0,-4.0,-5.0,-4.0,-3.0,-3.0,-3.0,-3.0,-3.0,-3.0,1018.29,1017.61,-0.74,0.0,0.0
KNYNEWYO1805,America/New_York,2024-01-16 09:59:08+00:00,2024-01-16 04:59:08,1705399148,40.638,-74.035,0.0,0.0,282.0,90.0,88.0,88.0,1,-3.0,-3.0,-3.0,4.0,0.0,2.0,8.0,3.0,4.0,-4.0,-5.0,-4.0,-3.0,-3.0,-3.0,-3.0,-3.0,-3.0,1017.27,1016.93,-0.37,0.0,0.0
KNYNEWYO1805,America/New_York,2024-01-16 10:59:08+00:00,2024-01-16 05:59:08,1705402748,40.638,-74.035,0.0,0.0,294.0,90.0,89.0,89.0,1,-3.0,-3.0,-3.0,5.0,0.0,2.0,14.0,2.0,5.0,-4.0,-4.0,-4.0,-3.0,-4.0,-3.0,-3.0,-3.0,-3.0,1016.59,1015.58,-1.11,0.0,0.0
KNYNEWYO1805,America/New_York,2024-01-16 11:59:06+00:00,2024-01-16 06:59:06,1705406346,40.638,-74.035,0.0,0.0,330.0,89.0,87.0,88.0,1,-2.0,-3.0,-2.0,6.0,2.0,4.0,15.0,6.0,10.0,-4.0,-4.0,-4.0,-2.0,-5.0,-3.0,-2.0,-3.0,-2.0,1015.58,1014.56,-1.11,0.0,0.0
KNYNEWYO1805,America/New_York,2024-01-16 12:59:04+00:00,2024-01-16 07:59:04,1705409944,40.638,-74.035,3.0,0.0,287.0,89.0,88.0,88.0,1,-2.0,-2.0,-2.0,6.0,2.0,3.0,15.0,4.0,9.0,-3.0,-4.0,-3.0,-2.0,-4.0,-2.0,-2.0,-2.0,-2.0,1014.56,1013.21,-1.48,0.0,0.0
KNYNEWYO1805,America/New_York,2024-01-16 13:59:04+00:00,2024-01-16 08:59:04,1705413544,40.638,-74.035,6.0,0.0,294.0,90.0,89.0,89.0,1,-1.0,-2.0,-1.0,6.0,0.0,3.0,14.0,0.0,7.0,-3.0,-3.0,-3.0,-1.0,-4.0,-2.0,-1.0,-2.0,-1.0,1013.21,1012.19,-0.37,0.0,0.03
KNYNEWYO1805,America/New_York,2024-01-16 14:59:01+00:00,2024-01-16 09:59:01,1705417141,40.638,-74.035,16.0,0.0,289.0,92.0,90.0,90.0,1,-1.0,-1.0,-1.0,4.0,1.0,2.0,9.0,3.0,5.0,-2.0,-3.0,-2.0,-1.0,-1.0,-1.0,-1.0,-1.0,-1.0,1012.19,1010.84,-1.11,0.2,2.82
KNYNEWYO1805,America/New_York,2024-01-16 15:59:02+00:00,2024-01-16 10:59:02,1705420742,40.638,-74.035,16.0,0.0,195.0,92.0,91.0,91.0,1,-1.0,-1.0,-1.0,3.0,1.0,2.0,11.0,3.0,6.0,-2.0,-2.0,-2.0,-1.0,-1.0,-1.0,-1.0,-1.0,-1.0,1010.84,1009.14,-1.48,0.2,4.34
KNYNEWYO1805,America/New_York,2024-01-16 16:59:00+00:00,2024-01-16 11:59:00,1705424340,40.638,-74.035,28.0,0.1,281.0,92.0,91.0,91.0,1,0.0,-1.0,0.0,4.0,1.0,2.0,6.0,3.0,5.0,-2.0,-2.0,-2.0,0.0,-1.0,0.0,0.0,-1.0,0.0,1009.14,1006.43,-2.96,0.2,5.79
KNYNEWYO1805,America/New_York,2024-01-16 17:58:59+00:00,2024-01-16 12:58:59,1705427939,40.638,-74.035,31.0,0.1,271.0,93.0,92.0,92.0,1,0.0,0.0,0.0,4.0,1.0,2.0,6.0,4.0,5.0,-1.0,-2.0,-1.0,0.0,0.0,0.0,0.0,0.0,0.0,1006.1,1004.4,-1.85,0.05,7.75
KNYNEWYO1805,America/New_York,2024-01-16 18:58:59+00:00,2024-01-16 13:58:59,1705431539,40.638,-74.035,16.0,0.0,170.0,94.0,92.0,93.0,1,0.0,-1.0,0.0,6.0,1.0,4.0,10.0,4.0,7.0,-1.0,-2.0,-1.0,0.0,-3.0,-1.0,0.0,-1.0,0.0,1005.42,1004.06,1.48,0.03,7.75
KNYNEWYO1805,America/New_York,2024-01-16 19:58:59+00:00,2024-01-16 14:58:59,1705435139,40.638,-74.035,16.0,0.0,145.0,94.0,92.0,93.0,1,-1.0,-1.0,-1.0,6.0,2.0,5.0,12.0,5.0,8.0,-2.0,-2.0,-2.0,-1.0,-3.0,-2.0,-1.0,-1.0,-1.0,1006.1,1005.42,0.74,0.0,7.75
KNYNEWYO1805,America/New_York,2024-01-16 20:59:55+00:00,2024-01-16 15:59:55,1705438795,40.638,-74.035,14.0,0.0,134.0,93.0,90.0,91.0,1,-1.0,-2.0,-2.0,6.0,3.0,4.0,10.0,6.0,8.0,-3.0,-3.0,-3.0,-1.0,-3.0,-2.0,-1.0,-2.0,-2.0,1006.77,1006.43,0.36,0.0,7.75
KNYNEWYO1805,America/New_York,2024-01-16 21:58:55+00:00,2024-01-16 16:58:55,1705442335,40.638,-74.035,14.0,0.0,145.0,93.0,88.0,90.0,1,-1.0,-2.0,-2.0,5.0,3.0,4.0,10.0,6.0,7.0,-3.0,-3.0,-3.0,-1.0,-2.0,-2.0,-1.0,-2.0,-2.0,1006.77,1006.43,0.0,0.0,7.75
KNYNEWYO1805,America/New_York,2024-01-16 22:58:55+00:00,2024-01-16 17:58:55,1705445935,40.638,-74.035,0.0,0.0,140.0,87.0,80.0,84.0,1,-1.0,-1.0,-1.0,8.0,4.0,5.0,14.0,6.0,9.0,-3.0,-4.0,-4.0,-1.0,-4.0,-3.0,-1.0,-1.0,-1.0,1007.79,1006.77,1.11,0.0,7.75
KNYNEWYO1805,America/New_York,2024-01-16 23:58:53+00:00,2024-01-16 18:58:53,1705449533,40.638,-74.035,0.0,0.0,141.0,81.0,75.0,77.0,1,-1.0,-2.0,-1.0,11.0,5.0,7.0,15.0,9.0,11.0,-4.0,-5.0,-5.0,-3.0,-5.0,-4.0,-1.0,-2.0,-1.0,1008.13,1007.79,0.37,0.0,7.75
KNYNEWYO1805,America/New_York,2024-01-17 00:58:50+00:00,2024-01-16 19:58:50,1705453130,40.638,-74.035,0.0,0.0,133.0,78.0,71.0,74.0,1,-2.0,-2.0,-2.0,8.0,5.0,7.0,14.0,8.0,11.0,-5.0,-7.0,-6.0,-2.0,-5.0,-4.0,-2.0,-2.0,-2.0,1008.81,1008.13,0.74,0.0,7.75
KNYNEWYO1805,America/New_York,2024-01-17 01:58:50+00:00,2024-01-16 20:58:50,1705456730,40.638,-74.035,0.0,0.0,131.0,74.0,69.0,71.0,1,-2.0,-3.0,-2.0,10.0,7.0,8.0,15.0,11.0,13.0,-6.0,-8.0,-7.0,-5.0,-7.0,-5.0,-2.0,-3.0,-2.0,1009.48,1008.81,0.37,0.0,7.75
KNYNEWYO1805,America/New_York,2024-01-17 02:58:48+00:00,2024-01-16 21:58:48,1705460328,40.638,-74.035,0.0,0.0,140.0,69.0,66.0,67.0,1,-3.0,-4.0,-3.0,13.0,8.0,10.0,19.0,13.0,16.0,-8.0,-9.0,-9.0,-6.0,-8.0,-7.0,-3.0,-4.0,-3.0,1010.5,1009.48,1.11,0.0,7.75
KNYNEWYO1805,America/New_York,2024-01-17 03:58:48+00:00,2024-01-16 22:58:48,1705463928,40.638,-74.035,0.0,0.0,135.0,69.0,65.0,67.0,1,-4.0,-4.0,-4.0,11.0,6.0,9.0,18.0,13.0,15.0,-9.0,-10.0,-9.0,-7.0,-9.0,-8.0,-4.0,-4.0,-4.0,1011.18,1010.5,0.74,0.0,7.75
KNYNEWYO1805,America/New_York,2024-01-17 04:58:46+00:00,2024-01-16 23:58:46,1705467526,40.638,-74.035,0.0,0.0,136.0,69.0,66.0,67.0,1,-4.0,-5.0,-5.0,11.0,6.0,8.0,17.0,11.0,14.0,-9.0,-10.0,-10.0,-7.0,-9.0,-8.0,-4.0,-5.0,-5.0,1011.85,1011.18,0.74,0.0,7.75
KNYNEWYO1805,America/New_York,2024-01-17 05:58:46+00:00,2024-01-17 00:58:46,1705471126,40.638,-74.035,0.0,0.0,140.0,70.0,68.0,69.0,1,-5.0,-5.0,-5.0,12.0,8.0,10.0,21.0,14.0,16.0,-9.0,-10.0,-10.0,-8.0,-10.0,-9.0,-5.0,-5.0,-5.0,1012.19,1011.85,0.37,0.0,0.0
KNYNEWYO1805,America/New_York,2024-01-17 06:58:45+00:00,2024-01-17 01:58:45,1705474725,40.638,-74.035,0.0,0.0,138.0,71.0,68.0,69.0,1,-5.0,-5.0,-5.0,9.0,7.0,9.0,16.0,12.0,13.0,-9.0,-10.0,-10.0,-8.0,-9.0,-9.0,-5.0,-5.0,-5.0,1012.53,1011.85,0.37,0.0,0.0
KNYNEWYO1805,America/New_York,2024-01-17 07:58:44+00:00,2024-01-17 02:58:44,1705478324,40.638,-74.035,0.0,0.0,125.0,72.0,69.0,70.0,1,-5.0,-6.0,-5.0,11.0,6.0,8.0,15.0,10.0,13.0,-10.0,-10.0,-10.0,-8.0,-10.0,-9.0,-5.0,-6.0,-5.0,1012.87,1012.53,-0.37,0.0,0.0
KNYNEWYO1805,America/New_York,2024-01-17 08:58:42+00:00,2024-01-17 03:58:42,1705481922,40.638,-74.035,0.0,0.0,135.0,70.0,68.0,69.0,1,-6.0,-6.0,-6.0,13.0,6.0,9.0,18.0,11.0,14.0,-10.0,-11.0,-10.0,-9.0,-11.0,-10.0,-6.0,-6.0,-6.0,1012.87,1012.53,0.37,0.0,0.0
KNYNEWYO1805,America/New_York,2024-01-17 09:58:42+00:00,2024-01-17 04:58:42,1705485522,40.638,-74.035,0.0,0.0,130.0,71.0,67.0,70.0,1,-6.0,-6.0,-6.0,10.0,5.0,8.0,15.0,9.0,12.0,-10.0,-11.0,-11.0,-9.0,-10.0,-10.0,-6.0,-6.0,-6.0,1013.21,1012.53,0.74,0.0,0.0
KNYNEWYO1805,America/New_York,2024-01-17 10:58:42+00:00,2024-01-17 05:58:42,1705489122,40.638,-74.035,0.0,0.0,120.0,71.0,69.0,70.0,1,-6.0,-7.0,-7.0,10.0,7.0,9.0,15.0,10.0,13.0,-11.0,-11.0,-11.0,-10.0,-11.0,-11.0,-6.0,-7.0,-7.0,1014.22,1013.21,1.11,0.0,0.0
KNYNEWYO1805,America/New_York,2024-01-17 11:58:41+00:00,2024-01-17 06:58:41,1705492721,40.638,-74.035,0.0,0.0,126.0,73.0,68.0,70.0,1,-7.0,-7.0,-7.0,9.0,5.0,8.0,15.0,7.0,12.0,-11.0,-12.0,-12.0,-10.0,-11.0,-11.0,-7.0,-7.0,-7.0,1014.9,1014.22,0.77,0.0,0.0
KNYNEWYO1805,America/New_York,2024-01-17 12:58:38+00:00,2024-01-17 07:58:38,1705496318,40.638,-74.035,28.0,0.1,119.0,72.0,69.0,70.0,1,-7.0,-8.0,-8.0,10.0,6.0,8.0,14.0,10.0,12.0,-12.0,-13.0,-12.0,-11.0,-12.0,-11.0,-7.0,-8.0,-8.0,1015.24,1014.9,0.37,0.0,0.0
KNYNEWYO1805,America/New_York,2024-01-17 13:58:38+00:00,2024-01-17 08:58:38,1705499918,40.638,-74.035,305.0,0.8,121.0,72.0,68.0,69.0,1,-7.0,-8.0,-8.0,10.0,6.0,8.0,14.0,10.0,12.0,-12.0,-13.0,-12.0,-11.0,-12.0,-12.0,-7.0,-8.0,-8.0,1016.26,1015.24,1.11,0.0,0.0
KNYNEWYO1805,America/New_York,2024-01-17 14:58:36+00:00,2024-01-17 09:58:36,1705503516,40.638,-74.035,401.0,1.1,119.0,70.0,61.0,65.0,1,-7.0,-7.0,-7.0,11.0,8.0,9.0,15.0,9.0,13.0,-12.0,-13.0,-13.0,-11.0,-12.0,-11.0,-7.0,-7.0,-7.0,1016.59,1015.92,0.37,0.0,0.0
KNYNEWYO1805,America/New_York,2024-01-17 15:58:37+00:00,2024-01-17 10:58:37,1705507117,40.638,-74.035,453.0,1.3,121.0,62.0,56.0,58.0,1,-7.0,-7.0,-7.0,13.0,9.0,10.0,18.0,13.0,15.0,-13.0,-14.0,-14.0,-11.0,-12.0,-12.0,-7.0,-7.0,-7.0,1016.93,1016.26,-0.37,0.0,0.0
KNYNEWYO1805,America/New_York,2024-01-17 16:58:36+00:00,2024-01-17 11:58:36,1705510716,40.638,-74.035,464.0,1.3,113.0,58.0,53.0,56.0,1,-6.0,-6.0,-6.0,12.0,10.0,11.0,18.0,14.0,16.0,-13.0,-14.0,-13.0,-11.0,-11.0,-11.0,-6.0,-6.0,-6.0,1016.26,1015.58,-0.74,0.0,0.0
KNYNEWYO1805,America/New_York,2024-01-17 17:59:34+00:00,2024-01-17 12:59:34,1705514374,40.638,-74.035,457.0,1.3,114.0,58.0,52.0,54.0,1,-5.0,-6.0,-6.0,14.0,9.0,11.0,21.0,13.0,16.0,-13.0,-14.0,-13.0,-10.0,-11.0,-10.0,-5.0,-6.0,-6.0,1015.92,1015.24,-0.73,0.0,0.0
KNYNEWYO1805,America/New_York,2024-01-17 18:59:34+00:00,2024-01-17 13:59:34,1705517974,40.638,-74.035,406.0,1.1,108.0,55.0,49.0,51.0,1,-5.0,-5.0,-5.0,12.0,6.0,10.0,19.0,11.0,14.0,-12.0,-14.0,-13.0,-8.0,-10.0,-9.0,-5.0,-5.0,-5.0,1015.24,1014.9,0.0,0.0,0.0
KNYNEWYO1805,America/New_York,2024-01-17 19:58:32+00:00,2024-01-17 14:58:32,1705521512,40.638,-74.035,391.0,1.1,106.0,53.0,46.0,49.0,1,-4.0,-5.0,-4.0,11.0,8.0,9.0,17.0,11.0,14.0,-13.0,-14.0,-13.0,-8.0,-9.0,-8.0,-4.0,-5.0,-4.0,1015.24,1014.9,0.37,0.0,0.0
KNYNEWYO1805,America/New_York,2024-01-17 20:59:30+00:00,2024-01-17 15:59:30,1705525170,40.638,-74.035,161.0,0.4,110.0,51.0,45.0,48.0,1,-4.0,-5.0,-4.0,12.0,6.0,9.0,18.0,12.0,15.0,-13.0,-14.0,-14.0,-7.0,-9.0,-8.0,-4.0,-5.0,-4.0,1016.26,1015.24,0.74,0.0,0.0
KNYNEWYO1805,America/New_York,2024-01-17 21:59:30+00:00,2024-01-17 16:59:30,1705528770,40.638,-74.035,30.0,0.1,112.0,51.0,46.0,48.0,1,-5.0,-5.0,-5.0,10.0,6.0,8.0,16.0,11.0,13.0,-13.0,-14.0,-14.0,-7.0,-9.0,-8.0,-5.0,-5.0,-5.0,1016.26,1015.92,0.37,0.0,0.0
KNYNEWYO1805,America/New_York,2024-01-17 22:59:31+00:00,2024-01-17 17:59:31,1705532371,40.638,-74.035,1.0,0.0,115.0,52.0,48.0,50.0,1,-5.0,-5.0,-5.0,10.0,6.0,8.0,15.0,8.0,13.0,-13.0,-14.0,-13.0,-8.0,-9.0,-8.0,-5.0,-5.0,-5.0,1017.61,1016.59,1.11,0.0,0.0
KNYNEWYO1805,America/New_York,2024-01-17 23:59:30+00:00,2024-01-17 18:59:30,1705535970,40.638,-74.035,0.0,0.0,106.0,55.0,49.0,51.0,1,-5.0,-5.0,-5.0,9.0,4.0,7.0,15.0,9.0,11.0,-13.0,-14.0,-13.0,-5.0,-9.0,-8.0,-5.0,-5.0,-5.0,1018.29,1017.61,0.74,0.0,0.0
KNYNEWYO1805,America/New_York,2024-01-18 00:59:27+00:00,2024-01-17 19:59:27,1705539567,40.638,-74.035,0.0,0.0,115.0,55.0,52.0,53.0,1,-5.0,-5.0,-5.0,10.0,5.0,8.0,15.0,10.0,13.0,-13.0,-13.0,-13.0,-7.0,-9.0,-8.0,-5.0,-5.0,-5.0,1018.63,1018.29,0.37,0.0,0.0
KNYNEWYO1805,America/New_York,2024-01-18 01:59:27+00:00,2024-01-17 20:59:27,1705543167,40.638,-74.035,0.0,0.0,109.0,56.0,52.0,54.0,1,-5.0,-5.0,-5.0,9.0,5.0,8.0,18.0,10.0,13.0,-12.0,-13.0,-13.0,-7.0,-9.0,-8.0,-5.0,-5.0,-5.0,1018.96,1018.63,0.37,0.0,0.0
KNYNEWYO1805,America/New_York,2024-01-18 02:59:24+00:00,2024-01-17 21:59:24,1705546764,40.638,-74.035,0.0,0.0,109.0,55.0,52.0,53.0,1,-5.0,-5.0,-5.0,10.0,6.0,8.0,14.0,10.0,13.0,-13.0,-13.0,-13.0,-8.0,-9.0,-9.0,-5.0,-5.0,-5.0,1019.98,1019.3,0.74,0.0,0.0
KNYNEWYO1805,America/New_York,2024-01-18 03:59:25+00:00,2024-01-17 22:59:25,1705550365,40.638,-74.035,0.0,0.0,109.0,53.0,49.0,51.0,1,-5.0,-5.0,-5.0,10.0,6.0,8.0,17.0,10.0,13.0,-13.0,-14.0,-13.0,-8.0,-9.0,-9.0,-5.0,-5.0,-5.0,1020.66,1019.98,0.74,0.0,0.0
KNYNEWYO1805,America/New_York,2024-01-18 04:59:23+00:00,2024-01-17 23:59:23,1705553963,40.638,-74.035,0.0,0.0,102.0,53.0,50.0,51.0,1,-5.0,-5.0,-5.0,8.0,4.0,6.0,15.0,9.0,11.0,-13.0,-14.0,-14.0,-5.0,-8.0,-8.0,-5.0,-5.0,-5.0,1020.66,1020.32,0.0,0.0,0.0
KNYNEWYO1805,America/New_York,2024-01-18 05:59:23+00:00,2024-01-18 00:59:23,1705557563,40.638,-74.035,0.0,0.0,119.0,56.0,52.0,54.0,1,-5.0,-5.0,-5.0,7.0,4.0,6.0,13.0,7.0,9.0,-13.0,-14.0,-13.0,-5.0,-8.0,-7.0,-5.0,-5.0,-5.0,1020.66,1020.66,0.0,0.0,0.0
KNYNEWYO1805,America/New_York,2024-01-18 06:59:23+00:00,2024-01-18 01:59:23,1705561163,40.638,-74.035,0.0,0.0,112.0,56.0,51.0,52.0,1,-5.0,-5.0,-5.0,8.0,5.0,6.0,14.0,8.0,10.0,-13.0,-14.0,-13.0,-5.0,-9.0,-8.0,-5.0,-5.0,-5.0,1021.33,1020.32,0.74,0.0,0.0
KNYNEWYO1805,America/New_York,2024-01-18 07:59:21+00:00,2024-01-18 02:59:21,1705564761,40.638,-74.035,0.0,0.0,120.0,56.0,52.0,54.0,1,-5.0,-5.0,-5.0,7.0,3.0,5.0,15.0,6.0,10.0,-13.0,-14.0,-13.0,-5.0,-9.0,-7.0,-5.0,-5.0,-5.0,1021.67,1021.33,0.37,0.0,0.0
KNYNEWYO1805,America/New_York,2024-01-18 08:59:21+00:00,2024-01-18 03:59:21,1705568361,40.638,-74.035,0.0,0.0,107.0,56.0,49.0,52.0,1,-5.0,-5.0,-5.0,10.0,6.0,8.0,14.0,10.0,12.0,-12.0,-14.0,-13.0,-7.0,-9.0,-8.0,-5.0,-5.0,-5.0,1021.33,1021.33,0.0,0.0,0.0
KNYNEWYO1805,America/New_York,2024-01-18 09:59:19+00:00,2024-01-18 04:59:19,1705571959,40.638,-74.035,0.0,0.0,126.0,54.0,51.0,52.0,1,-4.0,-5.0,-5.0,11.0,5.0,9.0,15.0,8.0,14.0,-13.0,-13.0,-13.0,-7.0,-9.0,-8.0,-4.0,-5.0,-5.0,1021.33,1021.0,0.37,0.0,0.0
KNYNEWYO1805,America/New_York,2024-01-18 10:59:19+00:00,2024-01-18 05:59:19,1705575559,40.638,-74.035,0.0,0.0,124.0,54.0,51.0,52.0,1,-5.0,-5.0,-5.0,5.0,1.0,4.0,10.0,5.0,7.0,-13.0,-13.0,-13.0,-5.0,-7.0,-5.0,-5.0,-5.0,-5.0,1021.67,1021.33,0.0,0.0,0.0
KNYNEWYO1805,America/New_York,2024-01-18 11:59:17+00:00,2024-01-18 06:59:17,1705579157,40.638,-74.035,0.0,0.0,145.0,54.0,52.0,52.0,1,-5.0,-5.0,-5.0,6.0,3.0,4.0,10.0,6.0,8.0,-13.0,-13.0,-13.0,-5.0,-8.0,-6.0,-5.0,-5.0,-5.0,1022.01,1021.67,0.0,0.0,0.0
KNYNEWYO1805,America/New_York,2024-01-18 12:59:17+00:00,2024-01-18 07:59:17,1705582757,40.638,-74.035,17.0,0.1,265.0,53.0,50.0,51.0,1,-5.0,-5.0,-5.0,7.0,3.0,5.0,15.0,6.0,11.0,-13.0,-14.0,-13.0,-5.0,-8.0,-7.0,-5.0,-5.0,-5.0,1022.35,1022.01,0.0,0.0,0.0
KNYNEWYO1805,America/New_York,2024-01-18 13:59:15+00:00,2024-01-18 08:59:15,1705586355,40.638,-74.035,46.0,0.1,276.0,53.0,50.0,51.0,1,-4.0,-5.0,-4.0,9.0,1.0,5.0,14.0,4.0,9.0,-12.0,-13.0,-13.0,-4.0,-8.0,-5.0,-4.0,-5.0,-4.0,1022.69,1022.35,0.37,0.0,0.0
KNYNEWYO1805,America/New_York,2024-01-18 14:59:13+00:00,2024-01-18 09:59:13,1705589953,40.638,-74.035,89.0,0.3,100.0,51.0,48.0,49.0,1,-3.0,-3.0,-3.0,5.0,3.0,4.0,8.0,5.0,7.0,-12.0,-13.0,-12.0,-3.0,-6.0,-4.0,-3.0,-3.0,-3.0,1023.03,1022.69,-0.37,0.0,0.0
KNYNEWYO1805,America/New_York,2024-01-18 15:59:14+00:00,2024-01-18 10:59:14,1705593554,40.638,-74.035,152.0,0.4,102.0,52.0,48.0,49.0,1,-2.0,-3.0,-2.0,5.0,2.0,4.0,9.0,4.0,6.0,-11.0,-12.0,-11.0,-2.0,-5.0,-3.0,-2.0,-3.0,-2.0,1022.69,1022.35,-0.37,0.0,0.0
KNYNEWYO1805,America/New_York,2024-01-18 16:59:11+00:00,2024-01-18 11:59:11,1705597151,40.638,-74.035,148.0,0.4,98.0,51.0,48.0,49.0,1,-2.0,-2.0,-2.0,8.0,3.0,6.0,13.0,5.0,9.0,-11.0,-12.0,-11.0,-2.0,-5.0,-3.0,-2.0,-2.0,-2.0,1022.35,1022.01,-0.37,0.0,0.0
KNYNEWYO1805,America/New_York,2024-01-18 17:59:11+00:00,2024-01-18 12:59:11,1705600751,40.638,-74.035,179.0,0.5,102.0,54.0,49.0,52.0,1,-1.0,-2.0,-1.0,6.0,3.0,5.0,11.0,6.0,9.0,-9.0,-11.0,-10.0,-1.0,-4.0,-3.0,-1.0,-2.0,-1.0,1022.01,1020.32,-1.85,0.0,0.0
KNYNEWYO1805,America/New_York,2024-01-18 18:59:09+00:00,2024-01-18 13:59:09,1705604349,40.638,-74.035,206.0,0.6,114.0,52.0,49.0,51.0,1,0.0,-1.0,-1.0,5.0,2.0,3.0,8.0,4.0,6.0,-9.0,-10.0,-10.0,0.0,-1.0,-1.0,0.0,-1.0,-1.0,1020.32,1019.64,-0.74,0.0,0.0
KNYNEWYO1805,America/New_York,2024-01-18 19:59:09+00:00,2024-01-18 14:59:09,1705607949,40.638,-74.035,203.0,0.6,184.0,51.0,46.0,48.0,1,0.0,0.0,0.0,8.0,1.0,3.0,14.0,4.0,8.0,-9.0,-10.0,-10.0,0.0,-2.0,0.0,0.0,0.0,0.0,1019.64,1018.63,-0.74,0.0,0.0
KNYNEWYO1805,America/New_York,2024-01-18 20:59:09+00:00,2024-01-18 15:59:09,1705611549,40.638,-74.035,138.0,0.4,250.0,54.0,49.0,51.0,1,0.0,0.0,0.0,7.0,1.0,4.0,17.0,4.0,9.0,-8.0,-9.0,-9.0,0.0,-2.0,-1.0,0.0,0.0,0.0,1018.63,1017.61,-1.11,0.0,0.0
KNYNEWYO1805,America/New_York,2024-01-18 21:59:07+00:00,2024-01-18 16:59:07,1705615147,40.638,-74.035,34.0,0.1,242.0,56.0,53.0,54.0,1,0.0,0.0,0.0,5.0,1.0,3.0,12.0,4.0,7.0,-8.0,-8.0,-8.0,0.0,-1.0,0.0,0.0,0.0,0.0,1017.95,1017.61,0.38,0.0,0.0
KNYNEWYO1805,America/New_York,2024-01-18 22:59:06+00:00,2024-01-18 17:59:06,1705618746,40.638,-74.035,1.0,0.0,142.0,58.0,56.0,56.0,1,0.0,0.0,0.0,4.0,0.0,2.0,8.0,2.0,5.0,-7.0,-8.0,-7.0,0.0,0.0,0.0,0.0,0.0,0.0,1018.29,1017.95,0.0,0.0,0.0
KNYNEWYO1805,America/New_York,2024-01-18 23:59:05+00:00,2024-01-18 18:59:05,1705622345,40.638,-74.035,0.0,0.0,153.0,58.0,56.0,56.0,1,0.0,0.0,0.0,5.0,1.0,2.0,9.0,3.0,5.0,-7.0,-8.0,-7.0,0.0,0.0,0.0,0.0,0.0,0.0,1018.96,1018.29,0.37,0.0,0.0
KNYNEWYO1805,America/New_York,2024-01-19 00:59:05+00:00,2024-01-18 19:59:05,1705625945,40.638,-74.035,0.0,0.0,206.0,59.0,57.0,58.0,1,0.0,0.0,0.0,4.0,1.0,2.0,9.0,3.0,5.0,-7.0,-7.0,-7.0,0.0,0.0,0.0,0.0,0.0,0.0,1018.96,1018.63,0.37,0.0,0.0
KNYNEWYO1805,America/New_York,2024-01-19 01:59:03+00:00,2024-01-18 20:59:03,1705629543,40.638,-74.035,0.0,0.0,117.0,60.0,56.0,58.0,1,0.0,0.0,0.0,4.0,0.0,2.0,6.0,2.0,4.0,-7.0,-8.0,-7.0,0.0,0.0,0.0,0.0,0.0,0.0,1018.96,1018.29,-0.74,0.0,0.0
KNYNEWYO1805,America/New_York,2024-01-19 02:59:03+00:00,2024-01-18 21:59:03,1705633143,40.638,-74.035,0.0,0.0,173.0,57.0,53.0,55.0,1,0.0,0.0,0.0,3.0,0.0,1.0,5.0,0.0,2.0,-7.0,-8.0,-7.0,0.0,0.0,0.0,0.0,0.0,0.0,1018.29,1016.93,-1.48,0.0,0.0
KNYNEWYO1805,America/New_York,2024-01-19 03:59:01+00:00,2024-01-18 22:59:01,1705636741,40.638,-74.035,0.0,0.0,250.0,56.0,53.0,53.0,1,1.0,0.0,0.0,4.0,0.0,1.0,5.0,0.0,2.0,-8.0,-8.0,-8.0,1.0,0.0,0.0,1.0,0.0,0.0,1016.93,1016.59,-0.37,0.0,0.0
KNYNEWYO1805,America/New_York,2024-01-19 04:59:01+00:00,2024-01-18 23:59:01,1705640341,40.638,-74.035,0.0,0.0,140.0,58.0,54.0,56.0,1,0.0,0.0,0.0,1.0,0.0,1.0,5.0,1.0,3.0,-7.0,-8.0,-7.0,0.0,0.0,0.0,0.0,0.0,0.0,1016.59,1016.26,-0.37,0.0,0.0
KNYNEWYO1805,America/New_York,2024-01-19 05:58:59+00:00,2024-01-19 00:58:59,1705643939,40.638,-74.035,0.0,0.0,144.0,61.0,56.0,58.0,1,0.0,0.0,0.0,1.0,0.0,0.0,4.0,0.0,1.0,-7.0,-8.0,-7.0,0.0,0.0,0.0,0.0,0.0,0.0,1015.92,1015.24,-0.37,0.0,0.0
KNYNEWYO1805,America/New_York,2024-01-19 06:58:58+00:00,2024-01-19 01:58:58,1705647538,40.638,-74.035,0.0,0.0,145.0,61.0,59.0,60.0,1,0.0,0.0,0.0,0.0,0.0,0.0,2.0,0.0,1.0,-7.0,-7.0,-7.0,0.0,0.0,0.0,0.0,0.0,0.0,1015.58,1014.56,-1.11,0.0,0.0
KNYNEWYO1805,America/New_York,2024-01-19 07:58:57+00:00,2024-01-19 02:58:57,1705651137,40.638,-74.035,0.0,0.0,121.0,61.0,57.0,59.0,1,0.0,0.0,0.0,1.0,0.0,0.0,3.0,0.0,1.0,-7.0,-7.0,-7.0,0.0,0.0,0.0,0.0,0.0,0.0,1014.56,1014.22,-0.37,0.0,0.0
KNYNEWYO1805,America/New_York,2024-01-19 08:58:55+00:00,2024-01-19 03:58:55,1705654735,40.638,-74.035,0.0,0.0,210.0,58.0,57.0,57.0,1,0.0,0.0,0.0,1.0,0.0,0.0,3.0,0.0,1.0,-7.0,-7.0,-7.0,0.0,0.0,0.0,0.0,0.0,0.0,1014.22,1013.21,-0.74,0.0,0.0
KNYNEWYO1805,America/New_York,2024-01-19 09:58:55+00:00,2024-01-19 04:58:55,1705658335,40.638,-74.035,0.0,0.0,215.0,58.0,55.0,56.0,1,0.0,0.0,0.0,1.0,0.0,0.0,4.0,0.0,2.0,-7.0,-8.0,-7.0,0.0,0.0,0.0,0.0,0.0,0.0,1013.21,1012.87,0.37,0.0,0.0
KNYNEWYO1805,America/New_York,2024-01-19 10:58:55+00:00,2024-01-19 05:58:55,1705661935,40.638,-74.035,0.0,0.0,258.0,60.0,55.0,58.0,1,0.0,0.0,0.0,3.0,0.0,1.0,7.0,1.0,3.0,-7.0,-8.0,-7.0,0.0,0.0,0.0,0.0,0.0,0.0,1012.87,1012.53,-0.37,0.0,0.0
KNYNEWYO1805,America/New_York,2024-01-19 11:58:53+00:00,2024-01-19 06:58:53,1705665533,40.638,-74.035,0.0,0.0,271.0,60.0,55.0,57.0,1,0.0,0.0,0.0,3.0,0.0,1.0,6.0,1.0,3.0,-7.0,-8.0,-7.0,0.0,0.0,0.0,0.0,0.0,0.0,1012.53,1011.51,-0.74,0.0,0.0
KNYNEWYO1805,America/New_York,2024-01-19 12:58:51+00:00,2024-01-19 07:58:51,1705669131,40.638,-74.035,15.0,0.0,196.0,67.0,61.0,64.0,1,0.0,-1.0,0.0,3.0,0.0,2.0,8.0,3.0,5.0,-6.0,-7.0,-6.0,0.0,-1.0,0.0,0.0,-1.0,0.0,1011.51,1011.18,-0.37,0.0,0.0
KNYNEWYO1805,America/New_York,2024-01-19 13:58:51+00:00,2024-01-19 08:58:51,1705672731,40.638,-74.035,84.0,0.2,50.0,68.0,64.0,65.0,1,0.0,-1.0,-1.0,3.0,0.0,1.0,6.0,1.0,4.0,-6.0,-7.0,-6.0,0.0,-1.0,-1.0,0.0,-1.0,-1.0,1011.51,1011.18,0.0,0.0,0.0
KNYNEWYO1805,America/New_York,2024-01-19 14:58:48+00:00,2024-01-19 09:58:48,1705676328,40.638,-74.035,126.0,0.4,161.0,80.0,69.0,76.0,1,-1.0,-1.0,-1.0,4.0,0.0,2.0,9.0,2.0,5.0,-4.0,-6.0,-5.0,-1.0,-1.0,-1.0,-1.0,-1.0,-1.0,1011.18,1010.5,-0.37,0.0,0.0
KNYNEWYO1805,America/New_York,2024-01-19 15:58:49+00:00,2024-01-19 10:58:49,1705679929,40.638,-74.035,151.0,0.4,247.0,82.0,79.0,80.0,1,-1.0,-1.0,-1.0,3.0,0.0,2.0,9.0,1.0,4.0,-4.0,-4.0,-4.0,-1.0,-1.0,-1.0,-1.0,-1.0,-1.0,1010.5,1009.48,-1.15,0.0,0.0
KNYNEWYO1805,America/New_York,2024-01-19 16:58:47+00:00,2024-01-19 11:58:47,1705683527,40.638,-74.035,156.0,0.4,287.0,86.0,81.0,84.0,1,-1.0,-1.0,-1.0,4.0,1.0,2.0,9.0,3.0,5.0,-3.0,-4.0,-3.0,-1.0,-1.0,-1.0,-1.0,-1.0,-1.0,1009.48,1008.13,-1.48,0.0,0.0
KNYNEWYO1805,America/New_York,2024-01-19 17:58:47+00:00,2024-01-19 12:58:47,1705687127,40.638,-74.035,125.0,0.3,185.0,86.0,84.0,85.0,1,-1.0,-2.0,-1.0,5.0,1.0,2.0,10.0,3.0,6.0,-3.0,-4.0,-4.0,-1.0,-2.0,-1.0,-1.0,-2.0,-1.0,1008.13,1007.11,-1.11,0.0,0.0
KNYNEWYO1805,America/New_York,2024-01-19 18:53:45+00:00,2024-01-19 13:53:45,1705690425,40.638,-74.035,59.0,0.2,200.0,86.0,85.0,85.0,1,-2.0,-2.0,-2.0,4.0,1.0,2.0,9.0,4.0,6.0,-3.0,-4.0,-4.0,-2.0,-2.0,-2.0,-2.0,-2.0,-2.0,1007.11,1006.77,-0.41,0.0,0.0
KNYNEWYO1805,America/New_York,2024-01-19 19:58:45+00:00,2024-01-19 14:58:45,1705694325,40.638,-74.035,63.0,0.2,162.0,87.0,84.0,85.0,1,-2.0,-2.0,-2.0,4.0,1.0,2.0,7.0,3.0,5.0,-3.0,-4.0,-4.0,-2.0,-2.0,-2.0,-2.0,-2.0,-2.0,1007.11,1006.77,0.35,0.0,0.0
KNYNEWYO1805,America/New_York,2024-01-19 20:58:43+00:00,2024-01-19 15:58:43,1705697923,40.638,-74.035,19.0,0.1,343.0,88.0,82.0,85.0,1,-1.0,-2.0,-2.0,5.0,1.0,3.0,12.0,4.0,7.0,-3.0,-4.0,-4.0,-1.0,-3.0,-2.0,-1.0,-2.0,-2.0,1007.11,1007.11,0.0,0.0,0.0
KNYNEWYO1805,America/New_York,2024-01-19 21:58:43+00:00,2024-01-19 16:58:43,1705701523,40.638,-74.035,8.0,0.0,124.0,86.0,83.0,84.0,1,-1.0,-2.0,-2.0,6.0,3.0,5.0,13.0,7.0,10.0,-3.0,-4.0,-4.0,-1.0,-4.0,-3.0,-1.0,-2.0,-2.0,1008.13,1007.11,1.11,0.0,0.0
KNYNEWYO1805,America/New_York,2024-01-19 22:58:43+00:00,2024-01-19 17:58:43,1705705123,40.638,-74.035,1.0,0.0,130.0,85.0,81.0,83.0,1,-2.0,-2.0,-2.0,5.0,3.0,4.0,12.0,5.0,9.0,-4.0,-5.0,-4.0,-2.0,-4.0,-3.0,-2.0,-2.0,-2.0,1009.14,1008.47,0.74,0.0,0.0
KNYNEWYO1805,America/New_York,2024-01-19 23:58:42+00:00,2024-01-19 18:58:42,1705708722,40.638,-74.035,0.0,0.0,62.0,79.0,74.0,75.0,1,-2.0,-2.0,-2.0,8.0,3.0,5.0,14.0,5.0,10.0,-5.0,-6.0,-6.0,-2.0,-5.0,-3.0,-2.0,-2.0,-2.0,1010.16,1009.48,0.75,0.0,0.0
KNYNEWYO1805,America/New_York,2024-01-20 00:58:39+00:00,2024-01-19 19:58:39,1705712319,40.638,-74.035,0.0,0.0,125.0,76.0,75.0,75.0,1,-2.0,-3.0,-2.0,6.0,3.0,5.0,11.0,6.0,8.0,-6.0,-6.0,-6.0,-2.0,-5.0,-3.0,-2.0,-3.0,-2.0,1010.16,1010.16,0.0,0.0,0.0
KNYNEWYO1805,America/New_York,2024-01-20 01:58:39+00:00,2024-01-19 20:58:39,1705715919,40.638,-74.035,0.0,0.0,123.0,79.0,77.0,77.0,1,-3.0,-3.0,-3.0,5.0,3.0,4.0,9.0,5.0,7.0,-6.0,-6.0,-6.0,-3.0,-5.0,-3.0,-3.0,-3.0,-3.0,1010.84,1010.16,0.37,0.0,0.0
KNYNEWYO1805,America/New_York,2024-01-20 02:58:37+00:00,2024-01-19 21:58:37,1705719517,40.638,-74.035,0.0,0.0,120.0,80.0,78.0,78.0,1,-2.0,-3.0,-2.0,7.0,3.0,5.0,10.0,5.0,8.0,-5.0,-6.0,-6.0,-2.0,-5.0,-4.0,-2.0,-3.0,-2.0,1010.84,1010.5,0.0,0.0,0.0
KNYNEWYO1805,America/New_York,2024-01-20 03:58:38+00:00,2024-01-19 22:58:38,1705723118,40.638,-74.035,0.0,0.0,128.0,78.0,67.0,72.0,1,-2.0,-2.0,-2.0,8.0,4.0,6.0,15.0,8.0,11.0,-6.0,-8.0,-6.0,-2.0,-5.0,-5.0,-2.0,-2.0,-2.0,1011.51,1010.84,0.74,0.0,0.0
KNYNEWYO1805,America/New_York,2024-01-20 04:58:35+00:00,2024-01-19 23:58:35,1705726715,40.638,-74.035,0.0,0.0,125.0,68.0,64.0,65.0,1,-2.0,-3.0,-2.0,10.0,7.0,8.0,15.0,10.0,12.0,-7.0,-8.0,-8.0,-5.0,-6.0,-5.0,-2.0,-3.0,-2.0,1011.51,1011.18,0.0,0.0,0.0
KNYNEWYO1805,America/New_York,2024-01-20 05:58:35+00:00,2024-01-20 00:58:35,1705730315,40.638,-74.035,0.0,0.0,141.0,66.0,59.0,62.0,1,-3.0,-3.0,-3.0,14.0,7.0,11.0,21.0,12.0,16.0,-8.0,-10.0,-9.0,-6.0,-8.0,-7.0,-3.0,-3.0,-3.0,1012.19,1011.51,0.75,0.0,0.0
KNYNEWYO1805,America/New_York,2024-01-20 06:58:33+00:00,2024-01-20 01:58:33,1705733913,40.638,-74.035,0.0,0.0,137.0,61.0,58.0,59.0,1,-3.0,-4.0,-4.0,12.0,8.0,10.0,20.0,13.0,16.0,-10.0,-11.0,-11.0,-7.0,-8.0,-8.0,-3.0,-4.0,-4.0,1012.87,1012.19,0.74,0.0,0.0
KNYNEWYO1805,America/New_York,2024-01-20 07:54:34+00:00,2024-01-20 02:54:34,1705737274,40.638,-74.035,0.0,0.0,137.0,65.0,57.0,63.0,1,-4.0,-5.0,-5.0,16.0,8.0,11.0,21.0,13.0,16.0,-10.0,-12.0,-11.0,-8.0,-10.0,-9.0,-4.0,-5.0,-5.0,1012.87,1012.87,0.0,0.0,0.0
KNYNEWYO1805,America/New_York,2024-01-20 08:58:32+00:00,2024-01-20 03:58:32,1705741112,40.638,-74.035,0.0,0.0,134.0,67.0,64.0,65.0,1,-5.0,-6.0,-6.0,13.0,5.0,9.0,20.0,9.0,14.0,-11.0,-12.0,-11.0,-8.0,-11.0,-10.0,-5.0,-6.0,-6.0,1013.21,1012.87,0.35,0.0,0.0
KNYNEWYO1805,America/New_York,2024-01-20 09:58:31+00:00,2024-01-20 04:58:31,1705744711,40.638,-74.035,0.0,0.0,135.0,69.0,66.0,67.0,1,-6.0,-7.0,-6.0,12.0,8.0,10.0,16.0,13.0,14.0,-11.0,-12.0,-11.0,-10.0,-11.0,-11.0,-6.0,-7.0,-6.0,1013.88,1013.21,0.75,0.0,0.0
KNYNEWYO1805,America/New_York,2024-01-20 10:59:31+00:00,2024-01-20 05:59:31,1705748371,40.638,-74.035,0.0,0.0,135.0,70.0,67.0,68.0,1,-7.0,-7.0,-7.0,10.0,7.0,8.0,16.0,10.0,13.0,-11.0,-12.0,-12.0,-10.0,-11.0,-11.0,-7.0,-7.0,-7.0,1014.56,1013.88,0.73,0.0,0.0
KNYNEWYO1805,America/New_York,2024-01-20 11:59:30+00:00,2024-01-20 06:59:30,1705751970,40.638,-74.035,0.0,0.0,142.0,69.0,67.0,67.0,1,-7.0,-7.0,-7.0,10.0,6.0,8.0,14.0,10.0,12.0,-12.0,-12.0,-12.0,-10.0,-12.0,-11.0,-7.0,-7.0,-7.0,1014.9,1014.56,0.37,0.0,0.0
KNYNEWYO1805,America/New_York,2024-01-20 12:59:28+00:00,2024-01-20 07:59:28,1705755568,40.638,-74.035,27.0,0.1,137.0,70.0,66.0,68.0,1,-7.0,-7.0,-7.0,11.0,7.0,8.0,15.0,9.0,13.0,-12.0,-12.0,-12.0,-10.0,-12.0,-11.0,-7.0,-7.0,-7.0,1014.9,1014.56,0.0,0.0,0.0
KNYNEWYO1805,America/New_York,2024-01-20 13:59:26+00:00,2024-01-20 08:59:26,1705759166,40.638,-74.035,259.0,0.7,144.0,68.0,63.0,65.0,1,-6.0,-7.0,-7.0,10.0,6.0,8.0,20.0,10.0,13.0,-12.0,-12.0,-12.0,-9.0,-11.0,-11.0,-6.0,-7.0,-7.0,1015.24,1014.9,0.0,0.0,0.0
KNYNEWYO1805,America/New_York,2024-01-20 14:59:26+00:00,2024-01-20 09:59:26,1705762766,40.638,-74.035,385.0,1.1,144.0,65.0,61.0,62.0,1,-6.0,-6.0,-6.0,13.0,7.0,10.0,19.0,13.0,15.0,-12.0,-12.0,-12.0,-9.0,-11.0,-10.0,-6.0,-6.0,-6.0,1015.24,1014.9,0.38,0.0,0.0
KNYNEWYO1805,America/New_York,2024-01-20 15:59:25+00:00,2024-01-20 10:59:25,1705766365,40.638,-74.035,506.0,1.4,136.0,63.0,58.0,60.0,1,-5.0,-6.0,-5.0,13.0,5.0,10.0,18.0,10.0,15.0,-11.0,-13.0,-12.0,-8.0,-10.0,-10.0,-5.0,-6.0,-5.0,1015.24,1014.9,0.0,0.0,0.0
KNYNEWYO1805,America/New_York,2024-01-20 16:59:23+00:00,2024-01-20 11:59:23,1705769963,40.638,-74.035,521.0,1.4,129.0,60.0,56.0,58.0,1,-5.0,-5.0,-5.0,13.0,8.0,10.0,19.0,12.0,15.0,-12.0,-13.0,-12.0,-8.0,-10.0,-9.0,-5.0,-5.0,-5.0,1014.9,1014.22,-0.74,0.0,0.0
KNYNEWYO1805,America/New_York,2024-01-20 17:59:22+00:00,2024-01-20 12:59:22,1705773562,40.638,-74.035,516.0,1.4,128.0,60.0,54.0,56.0,1,-4.0,-5.0,-4.0,14.0,5.0,10.0,19.0,12.0,16.0,-11.0,-12.0,-12.0,-6.0,-10.0,-9.0,-4.0,-5.0,-4.0,1014.22,1013.55,-0.74,0.0,0.0
KNYNEWYO1805,America/New_York,2024-01-20 18:59:22+00:00,2024-01-20 13:59:22,1705777162,40.638,-74.035,451.0,1.3,133.0,58.0,54.0,55.0,1,-4.0,-4.0,-4.0,14.0,9.0,11.0,19.0,13.0,16.0,-11.0,-12.0,-12.0,-8.0,-9.0,-9.0,-4.0,-4.0,-4.0,1013.55,1013.55,0.0,0.0,0.0
KNYNEWYO1805,America/New_York,2024-01-20 19:59:21+00:00,2024-01-20 14:59:21,1705780761,40.638,-74.035,330.0,0.9,133.0,58.0,53.0,55.0,1,-4.0,-4.0,-4.0,15.0,7.0,11.0,21.0,12.0,17.0,-11.0,-12.0,-11.0,-7.0,-9.0,-8.0,-4.0,-4.0,-4.0,1014.22,1013.55,0.74,0.0,0.0
KNYNEWYO1805,America/New_York,2024-01-20 20:59:19+00:00,2024-01-20 15:59:19,1705784359,40.638,-74.035,213.0,0.6,131.0,59.0,55.0,57.0,1,-4.0,-4.0,-4.0,14.0,10.0,12.0,23.0,15.0,18.0,-11.0,-12.0,-11.0,-8.0,-9.0,-9.0,-4.0,-4.0,-4.0,1014.9,1014.22,0.74,0.0,0.0
KNYNEWYO1805,America/New_York,2024-01-20 21:59:18+00:00,2024-01-20 16:59:18,1705787958,40.638,-74.035,38.0,0.1,130.0,60.0,57.0,58.0,1,-5.0,-5.0,-5.0,15.0,9.0,12.0,23.0,14.0,18.0,-11.0,-12.0,-12.0,-8.0,-11.0,-10.0,-5.0,-5.0,-5.0,1015.92,1014.9,1.11,0.0,0.0
KNYNEWYO1805,America/New_York,2024-01-20 22:59:16+00:00,2024-01-20 17:59:16,1705791556,40.638,-74.035,2.0,0.0,134.0,62.0,58.0,59.0,1,-5.0,-5.0,-5.0,14.0,10.0,12.0,21.0,14.0,18.0,-11.0,-12.0,-12.0,-9.0,-11.0,-10.0,-5.0,-5.0,-5.0,1016.59,1015.92,0.74,0.0,0.0
KNYNEWYO1805,America/New_York,2024-01-20 23:59:17+00:00,2024-01-20 18:59:17,1705795157,40.638,-74.035,0.0,0.0,134.0,62.0,58.0,60.0,1,-5.0,-6.0,-5.0,13.0,8.0,11.0,22.0,13.0,18.0,-12.0,-12.0,-12.0,-9.0,-11.0,-10.0,-5.0,-6.0,-5.0,1016.93,1016.59,0.37,0.0,0.0
KNYNEWYO1805,America/New_York,2024-01-21 00:59:14+00:00,2024-01-20 19:59:14,1705798754,40.638,-74.035,0.0,0.0,131.0,66.0,61.0,63.0,1,-6.0,-6.0,-6.0,13.0,6.0,10.0,19.0,13.0,16.0,-11.0,-12.0,-12.0,-9.0,-11.0,-10.0,-6.0,-6.0,-6.0,1017.27,1017.27,0.0,0.0,0.0
KNYNEWYO1805,America/New_York,2024-01-21 01:59:14+00:00,2024-01-20 20:59:14,1705802354,40.638,-74.035,0.0,0.0,134.0,66.0,61.0,63.0,1,-6.0,-6.0,-6.0,13.0,8.0,11.0,19.0,13.0,16.0,-11.0,-12.0,-12.0,-10.0,-11.0,-10.0,-6.0,-6.0,-6.0,1017.95,1017.27,0.37,0.0,0.0
KNYNEWYO1805,America/New_York,2024-01-21 02:59:12+00:00,2024-01-20 21:59:12,1705805952,40.638,-74.035,0.0,0.0,139.0,66.0,63.0,64.0,1,-6.0,-6.0,-6.0,12.0,6.0,10.0,17.0,11.0,15.0,-11.0,-12.0,-11.0,-9.0,-11.0,-10.0,-6.0,-6.0,-6.0,1018.63,1017.95,0.74,0.0,0.0
KNYNEWYO1805,America/New_York,2024-01-21 03:59:13+00:00,2024-01-20 22:59:13,1705809553,40.638,-74.035,0.0,0.0,133.0,67.0,64.0,66.0,1,-6.0,-6.0,-6.0,13.0,6.0,9.0,25.0,10.0,14.0,-11.0,-12.0,-11.0,-9.0,-11.0,-10.0,-6.0,-6.0,-6.0,1018.96,1018.63,0.38,0.0,0.0
KNYNEWYO1805,America/New_York,2024-01-21 04:59:10+00:00,2024-01-20 23:59:10,1705813150,40.638,-74.035,0.0,0.0,137.0,68.0,65.0,66.0,1,-6.0,-6.0,-6.0,10.0,4.0,9.0,19.0,9.0,13.0,-11.0,-11.0,-11.0,-6.0,-10.0,-9.0,-6.0,-6.0,-6.0,1019.64,1018.96,0.74,0.0,0.0
KNYNEWYO1805,America/New_York,2024-01-21 05:59:10+00:00,2024-01-21 00:59:10,1705816750,40.638,-74.035,0.0,0.0,140.0,69.0,66.0,67.0,1,-5.0,-6.0,-6.0,12.0,5.0,8.0,16.0,12.0,14.0,-10.0,-11.0,-11.0,-8.0,-11.0,-9.0,-5.0,-6.0,-6.0,1019.64,1019.3,0.37,0.0,0.0
KNYNEWYO1805,America/New_York,2024-01-21 06:59:10+00:00,2024-01-21 01:59:10,1705820350,40.638,-74.035,0.0,0.0,135.0,69.0,66.0,67.0,1,-5.0,-5.0,-5.0,12.0,8.0,9.0,17.0,13.0,15.0,-10.0,-11.0,-10.0,-9.0,-10.0,-9.0,-5.0,-5.0,-5.0,1020.66,1019.64,1.11,0.0,0.0
KNYNEWYO1805,America/New_York,2024-01-21 07:59:09+00:00,2024-01-21 02:59:09,1705823949,40.638,-74.035,0.0,0.0,136.0,68.0,64.0,65.0,1,-5.0,-5.0,-5.0,11.0,6.0,8.0,17.0,10.0,13.0,-10.0,-11.0,-11.0,-8.0,-10.0,-9.0,-5.0,-5.0,-5.0,1021.33,1020.66,0.74,0.0,0.0
KNYNEWYO1805,America/New_York,2024-01-21 08:59:07+00:00,2024-01-21 03:59:07,1705827547,40.638,-74.035,0.0,0.0,136.0,66.0,63.0,64.0,1,-5.0,-5.0,-5.0,9.0,6.0,7.0,15.0,10.0,12.0,-11.0,-11.0,-11.0,-8.0,-9.0,-8.0,-5.0,-5.0,-5.0,1021.67,1021.33,0.37,0.0,0.0
KNYNEWYO1805,America/New_York,2024-01-21 09:59:07+00:00,2024-01-21 04:59:07,1705831147,40.638,-74.035,0.0,0.0,141.0,66.0,64.0,65.0,1,-5.0,-5.0,-5.0,12.0,6.0,9.0,20.0,12.0,15.0,-10.0,-11.0,-11.0,-8.0,-10.0,-9.0,-5.0,-5.0,-5.0,1022.35,1021.33,0.74,0.0,0.0
KNYNEWYO1805,America/New_York,2024-01-21 10:59:05+00:00,2024-01-21 05:59:05,1705834745,40.638,-74.035,0.0,0.0,141.0,65.0,62.0,63.0,1,-5.0,-6.0,-5.0,11.0,7.0,9.0,19.0,13.0,15.0,-11.0,-12.0,-11.0,-9.0,-10.0,-9.0,-5.0,-6.0,-5.0,1023.71,1022.35,1.48,0.0,0.0
KNYNEWYO1805,America/New_York,2024-01-21 11:59:05+00:00,2024-01-21 06:59:05,1705838345,40.638,-74.035,0.0,0.0,137.0,65.0,62.0,63.0,1,-6.0,-6.0,-6.0,10.0,5.0,7.0,15.0,8.0,12.0,-11.0,-12.0,-11.0,-8.0,-10.0,-9.0,-6.0,-6.0,-6.0,1024.72,1023.71,1.11,0.0,0.0
KNYNEWYO1805,America/New_York,2024-01-21 12:59:03+00:00,2024-01-21 07:59:03,1705841943,40.638,-74.035,29.0,0.1,135.0,65.0,60.0,61.0,1,-6.0,-6.0,-6.0,11.0,5.0,8.0,17.0,10.0,13.0,-11.0,-12.0,-12.0,-9.0,-11.0,-9.0,-6.0,-6.0,-6.0,1025.74,1025.06,0.74,0.0,0.0
KNYNEWYO1805,America/New_York,2024-01-21 13:59:02+00:00,2024-01-21 08:59:02,1705845542,40.638,-74.035,236.0,0.7,135.0,62.0,56.0,59.0,1,-5.0,-6.0,-5.0,10.0,6.0,9.0,20.0,9.0,15.0,-12.0,-12.0,-12.0,-8.0,-10.0,-9.0,-5.0,-6.0,-5.0,1026.75,1025.74,1.11,0.0,0.0
KNYNEWYO1805,America/New_York,2024-01-21 14:54:02+00:00,2024-01-21 09:54:02,1705848842,40.638,-74.035,371.0,1.0,140.0,59.0,55.0,56.0,1,-5.0,-5.0,-5.0,12.0,8.0,9.0,18.0,13.0,15.0,-12.0,-13.0,-12.0,-8.0,-9.0,-9.0,-5.0,-5.0,-5.0,1027.43,1026.75,0.85,0.0,0.0
KNYNEWYO1805,America/New_York,2024-01-21 15:59:01+00:00,2024-01-21 10:59:01,1705852741,40.638,-74.035,474.0,1.3,136.0,57.0,55.0,56.0,1,-4.0,-4.0,-4.0,10.0,5.0,8.0,17.0,10.0,14.0,-11.0,-12.0,-12.0,-6.0,-9.0,-8.0,-4.0,-4.0,-4.0,1027.77,1027.43,0.34,0.0,0.0
KNYNEWYO1805,America/New_York,2024-01-21 16:59:59+00:00,2024-01-21 11:59:59,1705856399,40.638,-74.035,504.0,1.4,138.0,56.0,52.0,54.0,1,-3.0,-4.0,-3.0,10.0,6.0,8.0,22.0,10.0,14.0,-11.0,-12.0,-11.0,-5.0,-8.0,-7.0,-3.0,-4.0,-3.0,1027.77,1026.75,-1.09,0.0,0.0
KNYNEWYO1805,America/New_York,2024-01-21 17:58:59+00:00,2024-01-21 12:58:59,1705859939,40.638,-74.035,503.0,1.4,137.0,54.0,51.0,52.0,1,-2.0,-3.0,-2.0,7.0,4.0,6.0,13.0,7.0,10.0,-10.0,-11.0,-11.0,-2.0,-6.0,-4.0,-2.0,-3.0,-2.0,1026.75,1026.41,-0.37,0.0,0.0
KNYNEWYO1805,America/New_York,2024-01-21 18:58:56+00:00,2024-01-21 13:58:56,1705863536,40.638,-74.035,459.0,1.3,133.0,53.0,50.0,51.0,1,-1.0,-2.0,-1.0,9.0,5.0,7.0,14.0,8.0,11.0,-9.0,-10.0,-10.0,-3.0,-4.0,-4.0,-1.0,-2.0,-1.0,1026.75,1026.41,0.37,0.0,0.0
KNYNEWYO1805,America/New_York,2024-01-21 19:53:57+00:00,2024-01-21 14:53:57,1705866837,40.638,-74.035,357.0,1.0,130.0,54.0,50.0,51.0,1,0.0,-1.0,-1.0,10.0,6.0,8.0,14.0,9.0,12.0,-9.0,-10.0,-9.0,-3.0,-4.0,-3.0,0.0,-1.0,-1.0,1027.09,1026.41,0.41,0.0,0.0
KNYNEWYO1805,America/New_York,2024-01-21 20:58:55+00:00,2024-01-21 15:58:55,1705870735,40.638,-74.035,226.0,0.6,138.0,52.0,50.0,51.0,1,0.0,-1.0,0.0,9.0,5.0,8.0,13.0,9.0,11.0,-9.0,-10.0,-9.0,-2.0,-4.0,-3.0,0.0,-1.0,0.0,1027.77,1026.75,0.7,0.0,0.0
KNYNEWYO1805,America/New_York,2024-01-21 21:58:54+00:00,2024-01-21 16:58:54,1705874334,40.638,-74.035,31.0,0.1,144.0,54.0,49.0,52.0,1,-1.0,-1.0,-1.0,9.0,5.0,7.0,16.0,8.0,11.0,-9.0,-10.0,-9.0,-1.0,-4.0,-3.0,-1.0,-1.0,-1.0,1029.12,1027.77,1.48,0.0,0.0
KNYNEWYO1805,America/New_York,2024-01-21 22:58:52+00:00,2024-01-21 17:58:52,1705877932,40.638,-74.035,3.0,0.0,139.0,55.0,51.0,53.0,1,-1.0,-1.0,-1.0,10.0,6.0,7.0,14.0,10.0,12.0,-9.0,-10.0,-9.0,-3.0,-5.0,-4.0,-1.0,-1.0,-1.0,1029.8,1029.12,0.37,0.0,0.0
KNYNEWYO1805,America/New_York,2024-01-21 23:58:53+00:00,2024-01-21 18:58:53,1705881533,40.638,-74.035,0.0,0.0,138.0,55.0,53.0,53.0,1,-1.0,-2.0,-1.0,10.0,6.0,8.0,15.0,10.0,13.0,-9.0,-10.0,-10.0,-4.0,-5.0,-4.0,-1.0,-2.0,-1.0,1030.82,1029.46,1.48,0.0,0.0
KNYNEWYO1805,America/New_York,2024-01-22 00:58:51+00:00,2024-01-21 19:58:51,1705885131,40.638,-74.035,0.0,0.0,132.0,55.0,52.0,53.0,1,-2.0,-2.0,-2.0,9.0,5.0,7.0,18.0,9.0,13.0,-10.0,-11.0,-10.0,-4.0,-5.0,-5.0,-2.0,-2.0,-2.0,1031.16,1030.82,0.37,0.0,0.0
KNYNEWYO1805,America/New_York,2024-01-22 01:58:50+00:00,2024-01-21 20:58:50,1705888730,40.638,-74.035,0.0,0.0,132.0,56.0,53.0,54.0,1,-2.0,-2.0,-2.0,10.0,5.0,7.0,17.0,8.0,12.0,-10.0,-11.0,-10.0,-4.0,-6.0,-5.0,-2.0,-2.0,-2.0,1031.49,1031.16,0.37,0.0,0.0
KNYNEWYO1805,America/New_York,2024-01-22 02:58:50+00:00,2024-01-21 21:58:50,1705892330,40.638,-74.035,0.0,0.0,133.0,56.0,53.0,54.0,1,-2.0,-3.0,-2.0,8.0,4.0,6.0,12.0,8.0,10.0,-10.0,-11.0,-10.0,-2.0,-6.0,-4.0,-2.0,-3.0,-2.0,1032.17,1031.49,0.74,0.0,0.0
KNYNEWYO1805,America/New_York,2024-01-22 03:58:49+00:00,2024-01-21 22:58:49,1705895929,40.638,-74.035,0.0,0.0,138.0,58.0,55.0,56.0,1,-3.0,-3.0,-3.0,9.0,4.0,6.0,14.0,7.0,11.0,-10.0,-10.0,-10.0,-3.0,-6.0,-5.0,-3.0,-3.0,-3.0,1032.85,1032.17,0.74,0.0,0.0
KNYNEWYO1805,America/New_York,2024-01-22 04:58:48+00:00,2024-01-21 23:58:48,1705899528,40.638,-74.035,0.0,0.0,135.0,59.0,57.0,58.0,1,-3.0,-3.0,-3.0,8.0,4.0,6.0,14.0,8.0,11.0,-10.0,-10.0,-10.0,-3.0,-6.0,-5.0,-3.0,-3.0,-3.0,1033.19,1032.85,0.37,0.0,0.0
KNYNEWYO1805,America/New_York,2024-01-22 05:58:46+00:00,2024-01-22 00:58:46,1705903126,40.638,-74.035,0.0,0.0,128.0,62.0,60.0,61.0,1,-3.0,-3.0,-3.0,8.0,5.0,6.0,12.0,8.0,10.0,-10.0,-10.0,-10.0,-3.0,-7.0,-6.0,-3.0,-3.0,-3.0,1033.86,1033.19,0.0,0.0,0.0
KNYNEWYO1805,America/New_York,2024-01-22 06:58:46+00:00,2024-01-22 01:58:46,1705906726,40.638,-74.035,0.0,0.0,134.0,66.0,63.0,64.0,1,-3.0,-3.0,-3.0,7.0,4.0,5.0,11.0,6.0,9.0,-9.0,-9.0,-9.0,-3.0,-6.0,-5.0,-3.0,-3.0,-3.0,1033.53,1033.19,0.37,0.0,0.0
KNYNEWYO1805,America/New_York,2024-01-22 07:58:45+00:00,2024-01-22 02:58:45,1705910325,40.638,-74.035,0.0,0.0,137.0,67.0,64.0,65.0,1,-3.0,-3.0,-3.0,8.0,4.0,6.0,14.0,8.0,10.0,-8.0,-9.0,-9.0,-3.0,-6.0,-5.0,-3.0,-3.0,-3.0,1033.86,1033.53,0.0,0.0,0.0
KNYNEWYO1805,America/New_York,2024-01-22 08:58:43+00:00,2024-01-22 03:58:43,1705913923,40.638,-74.035,0.0,0.0,137.0,67.0,65.0,66.0,1,-3.0,-3.0,-3.0,8.0,4.0,6.0,13.0,8.0,10.0,-8.0,-9.0,-8.0,-3.0,-6.0,-5.0,-3.0,-3.0,-3.0,1034.2,1033.53,0.37,0.0,0.0
KNYNEWYO1805,America/New_York,2024-01-22 09:58:42+00:00,2024-01-22 04:58:42,1705917522,40.638,-74.035,0.0,0.0,141.0,68.0,66.0,66.0,1,-3.0,-3.0,-3.0,6.0,3.0,5.0,10.0,6.0,8.0,-8.0,-9.0,-9.0,-3.0,-6.0,-4.0,-3.0,-3.0,-3.0,1033.86,1033.53,0.0,0.0,0.0
KNYNEWYO1805,America/New_York,2024-01-22 10:58:42+00:00,2024-01-22 05:58:42,1705921122,40.638,-74.035,0.0,0.0,140.0,67.0,66.0,66.0,1,-3.0,-3.0,-3.0,5.0,1.0,4.0,8.0,3.0,7.0,-8.0,-9.0,-9.0,-3.0,-5.0,-3.0,-3.0,-3.0,-3.0,1034.2,1033.86,0.37,0.0,0.0
KNYNEWYO1805,America/New_York,2024-01-22 11:58:41+00:00,2024-01-22 06:58:41,1705924721,40.638,-74.035,0.0,0.0,128.0,69.0,66.0,67.0,1,-3.0,-3.0,-3.0,5.0,3.0,4.0,8.0,6.0,7.0,-8.0,-9.0,-8.0,-3.0,-6.0,-4.0,-3.0,-3.0,-3.0,1034.54,1034.2,0.37,0.0,0.0
KNYNEWYO1805,America/New_York,2024-01-22 12:58:40+00:00,2024-01-22 07:58:40,1705928320,40.638,-74.035,30.0,0.1,120.0,69.0,68.0,68.0,1,-3.0,-4.0,-4.0,5.0,3.0,4.0,10.0,5.0,7.0,-8.0,-9.0,-9.0,-3.0,-6.0,-4.0,-3.0,-4.0,-4.0,1034.88,1034.54,0.37,0.0,0.0
KNYNEWYO1805,America/New_York,2024-01-22 13:58:38+00:00,2024-01-22 08:58:38,1705931918,40.638,-74.035,235.0,0.6,120.0,69.0,63.0,65.0,1,-2.0,-4.0,-3.0,5.0,2.0,3.0,9.0,3.0,6.0,-8.0,-9.0,-9.0,-2.0,-6.0,-3.0,-2.0,-4.0,-3.0,1034.88,1034.54,0.0,0.0,0.0
KNYNEWYO1805,America/New_York,2024-01-22 14:58:37+00:00,2024-01-22 09:58:37,1705935517,40.638,-74.035,381.0,1.1,118.0,64.0,57.0,60.0,1,-1.0,-2.0,-1.0,5.0,2.0,3.0,10.0,4.0,6.0,-8.0,-8.0,-8.0,-1.0,-2.0,-1.0,-1.0,-2.0,-1.0,1035.22,1034.88,0.0,0.0,0.0
KNYNEWYO1805,America/New_York,2024-01-22 15:58:37+00:00,2024-01-22 10:58:37,1705939117,40.638,-74.035,469.0,1.3,121.0,58.0,54.0,55.0,1,0.0,-1.0,0.0,4.0,2.0,3.0,11.0,4.0,6.0,-8.0,-8.0,-8.0,0.0,-1.0,0.0,0.0,-1.0,0.0,1034.88,1034.54,-0.37,0.0,0.0
KNYNEWYO1805,America/New_York,2024-01-22 16:58:34+00:00,2024-01-22 11:58:34,1705942714,40.638,-74.035,488.0,1.3,166.0,53.0,51.0,51.0,1,1.0,1.0,1.0,4.0,1.0,2.0,13.0,4.0,7.0,-8.0,-8.0,-8.0,1.0,1.0,1.0,1.0,1.0,1.0,1034.2,1033.53,-0.74,0.0,0.0
KNYNEWYO1805,America/New_York,2024-01-22 17:58:34+00:00,2024-01-22 12:58:34,1705946314,40.638,-74.035,474.0,1.3,125.0,52.0,47.0,49.0,1,2.0,1.0,2.0,4.0,1.0,2.0,7.0,3.0,5.0,-8.0,-8.0,-8.0,2.0,1.0,2.0,2.0,1.0,2.0,1033.53,1032.51,-0.74,0.0,0.0
KNYNEWYO1805,America/New_York,2024-01-22 18:58:32+00:00,2024-01-22 13:58:32,1705949912,40.638,-74.035,410.0,1.1,104.0,51.0,45.0,47.0,1,3.0,2.0,2.0,4.0,2.0,3.0,9.0,6.0,7.0,-7.0,-8.0,-8.0,3.0,2.0,2.0,3.0,2.0,2.0,1032.85,1032.17,-0.74,0.0,0.0
KNYNEWYO1805,America/New_York,2024-01-22 19:59:33+00:00,2024-01-22 14:59:33,1705953573,40.638,-74.035,376.0,1.0,104.0,46.0,43.0,44.0,1,3.0,3.0,3.0,5.0,1.0,4.0,12.0,5.0,8.0,-7.0,-8.0,-8.0,3.0,2.0,3.0,3.0,3.0,3.0,1032.17,1031.49,-0.73,0.0,0.0
KNYNEWYO1805,America/New_York,2024-01-22 20:59:30+00:00,2024-01-22 15:59:30,1705957170,40.638,-74.035,156.0,0.4,139.0,46.0,42.0,44.0,1,3.0,3.0,3.0,4.0,1.0,3.0,14.0,5.0,7.0,-8.0,-9.0,-8.0,3.0,3.0,3.0,3.0,3.0,3.0,1031.83,1031.16,0.36,0.0,0.0
KNYNEWYO1805,America/New_York,2024-01-22 21:59:31+00:00,2024-01-22 16:59:31,1705960771,40.638,-74.035,38.0,0.1,111.0,50.0,45.0,46.0,1,3.0,2.0,3.0,6.0,1.0,3.0,15.0,4.0,7.0,-7.0,-8.0,-8.0,3.0,1.0,2.0,3.0,2.0,3.0,1031.83,1031.49,0.0,0.0,0.0
KNYNEWYO1805,America/New_York,2024-01-22 22:58:29+00:00,2024-01-22 17:58:29,1705964309,40.638,-74.035,1.0,0.0,209.0,54.0,51.0,52.0,1,2.0,2.0,2.0,8.0,3.0,4.0,17.0,6.0,11.0,-6.0,-7.0,-7.0,2.0,0.0,2.0,2.0,2.0,2.0,1032.17,1031.83,0.0,0.0,0.0
KNYNEWYO1805,America/New_York,2024-01-22 23:59:29+00:00,2024-01-22 18:59:29,1705967969,40.638,-74.035,0.0,0.0,189.0,57.0,53.0,54.0,1,2.0,2.0,2.0,6.0,3.0,4.0,15.0,4.0,9.0,-6.0,-7.0,-6.0,2.0,0.0,1.0,2.0,2.0,2.0,1032.17,1031.49,0.37,0.0,0.0
KNYNEWYO1805,America/New_York,2024-01-23 00:59:26+00:00,2024-01-22 19:59:26,1705971566,40.638,-74.035,0.0,0.0,178.0,58.0,55.0,56.0,1,2.0,1.0,1.0,7.0,4.0,5.0,14.0,5.0,10.0,-6.0,-7.0,-6.0,2.0,-1.0,1.0,2.0,1.0,1.0,1032.17,1031.83,0.0,0.0,0.0
KNYNEWYO1805,America/New_York,2024-01-23 01:59:26+00:00,2024-01-22 20:59:26,1705975166,40.638,-74.035,0.0,0.0,178.0,59.0,57.0,58.0,1,1.0,1.0,1.0,8.0,3.0,4.0,16.0,5.0,10.0,-6.0,-7.0,-6.0,1.0,-2.0,0.0,1.0,1.0,1.0,1031.83,1031.49,0.0,0.0,0.0
KNYNEWYO1805,America/New_York,2024-01-23 02:59:26+00:00,2024-01-22 21:59:26,1705978766,40.638,-74.035,0.0,0.0,159.0,61.0,59.0,60.0,1,1.0,1.0,1.0,6.0,4.0,5.0,14.0,7.0,9.0,-6.0,-6.0,-6.0,1.0,-1.0,0.0,1.0,1.0,1.0,1031.83,1031.83,0.0,0.0,0.0
KNYNEWYO1805,America/New_York,2024-01-23 03:59:24+00:00,2024-01-22 22:59:24,1705982364,40.638,-74.035,0.0,0.0,163.0,61.0,58.0,59.0,1,1.0,1.0,1.0,8.0,3.0,5.0,14.0,6.0,9.0,-6.0,-6.0,-6.0,1.0,-1.0,0.0,1.0,1.0,1.0,1032.17,1031.16,0.0,0.0,0.0
KNYNEWYO1805,America/New_York,2024-01-23 04:59:24+00:00,2024-01-22 23:59:24,1705985964,40.638,-74.035,0.0,0.0,112.0,61.0,59.0,60.0,1,1.0,1.0,1.0,6.0,3.0,4.0,12.0,6.0,8.0,-6.0,-6.0,-6.0,1.0,-1.0,1.0,1.0,1.0,1.0,1031.49,1030.82,-0.74,0.0,0.0
KNYNEWYO1805,America/New_York,2024-01-23 05:58:58+00:00,2024-01-23 00:58:58,1705989538,40.638,-74.035,0.0,0.0,124.0,62.0,59.0,61.0,1,1.0,1.0,1.0,5.0,2.0,4.0,10.0,5.0,8.0,-5.0,-6.0,-6.0,1.0,0.0,1.0,1.0,1.0,1.0,1030.82,1030.82,0.0,0.0,0.0
KNYNEWYO1805,America/New_York,2024-01-23 06:59:22+00:00,2024-01-23 01:59:22,1705993162,40.638,-74.035,0.0,0.0,107.0,63.0,61.0,62.0,1,1.0,1.0,1.0,5.0,1.0,3.0,10.0,3.0,6.0,-5.0,-6.0,-5.0,1.0,0.0,1.0,1.0,1.0,1.0,1030.82,1030.48,0.37,0.0,0.0
KNYNEWYO1805,America/New_York,2024-01-23 07:59:21+00:00,2024-01-23 02:59:21,1705996761,40.638,-74.035,0.0,0.0,104.0,63.0,61.0,61.0,1,1.0,1.0,1.0,5.0,2.0,3.0,10.0,4.0,6.0,-5.0,-6.0,-5.0,1.0,0.0,1.0,1.0,1.0,1.0,1030.82,1030.48,-0.37,0.0,0.0
KNYNEWYO1805,America/New_York,2024-01-23 08:59:18+00:00,2024-01-23 03:59:18,1706000358,40.638,-74.035,0.0,0.0,109.0,63.0,61.0,61.0,1,1.0,1.0,1.0,5.0,2.0,3.0,9.0,5.0,6.0,-5.0,-6.0,-5.0,1.0,1.0,1.0,1.0,1.0,1.0,1030.48,1030.14,-0.37,0.0,0.0
KNYNEWYO1805,America/New_York,2024-01-23 09:59:18+00:00,2024-01-23 04:59:18,1706003958,40.638,-74.035,0.0,0.0,143.0,63.0,62.0,62.0,1,1.0,1.0,1.0,5.0,2.0,3.0,10.0,4.0,6.0,-5.0,-6.0,-6.0,1.0,1.0,1.0,1.0,1.0,1.0,1030.48,1030.14,0.0,0.0,0.0
KNYNEWYO1805,America/New_York,2024-01-23 10:59:16+00:00,2024-01-23 05:59:16,1706007556,40.638,-74.035,0.0,0.0,99.0,62.0,60.0,61.0,1,1.0,1.0,1.0,6.0,2.0,4.0,10.0,5.0,7.0,-5.0,-6.0,-5.0,1.0,-1.0,1.0,1.0,1.0,1.0,1030.48,1030.14,0.37,0.0,0.0
KNYNEWYO1805,America/New_York,2024-01-23 11:59:17+00:00,2024-01-23 06:59:17,1706011157,40.638,-74.035,0.0,0.0,86.0,62.0,60.0,61.0,1,2.0,1.0,1.0,5.0,2.0,4.0,8.0,4.0,6.0,-5.0,-5.0,-5.0,2.0,0.0,1.0,2.0,1.0,1.0,1030.82,1030.14,0.37,0.0,0.0
KNYNEWYO1805,America/New_York,2024-01-23 12:59:14+00:00,2024-01-23 07:59:14,1706014754,40.638,-74.035,14.0,0.0,82.0,62.0,59.0,60.0,1,2.0,2.0,2.0,4.0,2.0,3.0,8.0,4.0,6.0,-5.0,-5.0,-5.0,2.0,2.0,2.0,2.0,2.0,2.0,1031.16,1030.82,0.37,0.0,0.0
KNYNEWYO1805,America/New_York,2024-01-23 13:59:13+00:00,2024-01-23 08:59:13,1706018353,40.638,-74.035,87.0,0.2,78.0,62.0,60.0,60.0,1,2.0,2.0,2.0,5.0,2.0,3.0,12.0,4.0,6.0,-4.0,-5.0,-5.0,2.0,1.0,2.0,2.0,2.0,2.0,1031.83,1030.82,1.11,0.0,0.0
KNYNEWYO1805,America/New_York,2024-01-23 14:59:14+00:00,2024-01-23 09:59:14,1706021954,40.638,-74.035,88.0,0.2,91.0,62.0,60.0,60.0,1,3.0,3.0,3.0,5.0,3.0,4.0,8.0,5.0,6.0,-4.0,-4.0,-4.0,3.0,3.0,3.0,3.0,3.0,3.0,1032.51,1031.83,0.74,0.0,0.0
KNYNEWYO1805,America/New_York,2024-01-23 15:59:13+00:00,2024-01-23 10:59:13,1706025553,40.638,-74.035,150.0,0.4,105.0,67.0,60.0,64.0,1,3.0,3.0,3.0,5.0,4.0,4.0,8.0,5.0,7.0,-2.0,-4.0,-3.0,3.0,3.0,3.0,3.0,3.0,3.0,1032.85,1032.51,0.37,0.38,0.56
KNYNEWYO1805,America/New_York,2024-01-23 16:59:10+00:00,2024-01-23 11:59:10,1706029150,40.638,-74.035,179.0,0.5,105.0,69.0,66.0,66.0,1,4.0,3.0,4.0,5.0,1.0,4.0,8.0,3.0,6.0,-2.0,-2.0,-2.0,4.0,2.0,3.0,4.0,3.0,4.0,1032.85,1032.51,-0.37,0.38,0.56
KNYNEWYO1805,America/New_York,2024-01-23 17:59:10+00:00,2024-01-23 12:59:10,1706032750,40.638,-74.035,139.0,0.4,112.0,73.0,69.0,71.0,1,4.0,4.0,4.0,4.0,2.0,3.0,8.0,4.0,5.0,-1.0,-2.0,-1.0,4.0,4.0,4.0,4.0,4.0,4.0,1032.51,1032.17,-0.37,0.0,0.56
KNYNEWYO1805,America/New_York,2024-01-23 18:59:08+00:00,2024-01-23 13:59:08,1706036348,40.638,-74.035,189.0,0.5,118.0,74.0,72.0,73.0,1,4.0,4.0,4.0,3.0,0.0,1.0,5.0,1.0,4.0,0.0,-1.0,-1.0,4.0,4.0,4.0,4.0,4.0,4.0,1032.17,1031.83,-0.37,0.0,0.56
KNYNEWYO1805,America/New_York,2024-01-23 19:59:09+00:00,2024-01-23 14:59:09,1706039949,40.638,-74.035,183.0,0.5,119.0,76.0,74.0,75.0,1,4.0,4.0,4.0,2.0,0.0,1.0,5.0,2.0,3.0,0.0,0.0,0.0,4.0,4.0,4.0,4.0,4.0,4.0,1032.85,1031.83,1.11,0.0,0.56
KNYNEWYO1805,America/New_York,2024-01-23 20:59:06+00:00,2024-01-23 15:59:06,1706043546,40.638,-74.035,52.0,0.1,65.0,77.0,77.0,77.0,1,4.0,4.0,4.0,1.0,0.0,0.0,4.0,0.0,1.0,1.0,0.0,0.0,4.0,4.0,4.0,4.0,4.0,4.0,1033.19,1032.85,0.37,0.0,0.56
KNYNEWYO1805,America/New_York,2024-01-23 21:59:06+00:00,2024-01-23 16:59:06,1706047146,40.638,-74.035,32.0,0.1,81.0,78.0,77.0,77.0,1,4.0,4.0,4.0,1.0,0.0,0.0,3.0,0.0,1.0,1.0,0.0,1.0,4.0,4.0,4.0,4.0,4.0,4.0,1033.53,1033.19,0.37,0.0,0.56
KNYNEWYO1805,America/New_York,2024-01-23 22:59:04+00:00,2024-01-23 17:59:04,1706050744,40.638,-74.035,3.0,0.0,60.0,80.0,77.0,78.0,1,4.0,4.0,4.0,2.0,0.0,0.0,5.0,0.0,2.0,1.0,0.0,1.0,4.0,4.0,4.0,4.0,4.0,4.0,1033.86,1033.53,0.37,0.0,0.56
KNYNEWYO1805,America/New_York,2024-01-23 23:59:04+00:00,2024-01-23 18:59:04,1706054344,40.638,-74.035,0.0,0.0,271.0,83.0,80.0,81.0,1,4.0,4.0,4.0,0.0,0.0,0.0,3.0,0.0,1.0,1.0,1.0,1.0,4.0,4.0,4.0,4.0,4.0,4.0,1034.2,1033.86,0.37,0.0,0.56
KNYNEWYO1805,America/New_York,2024-01-24 00:59:02+00:00,2024-01-23 19:59:02,1706057942,40.638,-74.035,0.0,0.0,93.0,83.0,81.0,82.0,1,4.0,4.0,4.0,0.0,0.0,0.0,2.0,0.0,0.0,1.0,1.0,1.0,4.0,4.0,4.0,4.0,4.0,4.0,1034.2,1033.86,-0.37,0.0,0.56
KNYNEWYO1805,America/New_York,2024-01-24 01:59:02+00:00,2024-01-23 20:59:02,1706061542,40.638,-74.035,0.0,0.0,223.0,83.0,80.0,81.0,1,4.0,4.0,4.0,1.0,0.0,0.0,3.0,0.0,1.0,1.0,1.0,1.0,4.0,4.0,4.0,4.0,4.0,4.0,1034.2,1033.86,0.37,0.0,0.56
KNYNEWYO1805,America/New_York,2024-01-24 02:58:59+00:00,2024-01-23 21:58:59,1706065139,40.638,-74.035,0.0,0.0,215.0,83.0,80.0,81.0,1,4.0,4.0,4.0,2.0,0.0,0.0,4.0,0.0,1.0,1.0,1.0,1.0,4.0,4.0,4.0,4.0,4.0,4.0,1034.2,1033.86,0.0,0.0,0.56
KNYNEWYO1805,America/New_York,2024-01-24 03:59:00+00:00,2024-01-23 22:59:00,1706068740,40.638,-74.035,0.0,0.0,77.0,81.0,75.0,79.0,1,4.0,4.0,4.0,0.0,0.0,0.0,3.0,0.0,0.0,1.0,0.0,1.0,4.0,4.0,4.0,4.0,4.0,4.0,1034.54,1033.86,0.37,0.0,0.56
KNYNEWYO1805,America/New_York,2024-01-24 04:58:57+00:00,2024-01-23 23:58:57,1706072337,40.638,-74.035,0.0,0.0,126.0,75.0,73.0,74.0,1,4.0,4.0,4.0,4.0,0.0,1.0,6.0,0.0,2.0,0.0,0.0,0.0,4.0,4.0,4.0,4.0,4.0,4.0,1034.2,1033.86,-0.37,0.03,0.66
KNYNEWYO1805,America/New_York,2024-01-24 05:58:57+00:00,2024-01-24 00:58:57,1706075937,40.638,-74.035,0.0,0.0,108.0,75.0,74.0,74.0,1,4.0,4.0,4.0,2.0,0.0,1.0,5.0,0.0,2.0,0.0,0.0,0.0,4.0,4.0,4.0,4.0,4.0,4.0,1033.86,1033.86,0.0,0.03,0.0
KNYNEWYO1805,America/New_York,2024-01-24 06:58:56+00:00,2024-01-24 01:58:56,1706079536,40.638,-74.035,0.0,0.0,112.0,75.0,71.0,73.0,1,4.0,4.0,4.0,3.0,0.0,1.0,9.0,0.0,3.0,0.0,-1.0,0.0,4.0,4.0,4.0,4.0,4.0,4.0,1034.2,1033.86,0.0,0.0,0.0
KNYNEWYO1805,America/New_York,2024-01-24 07:58:56+00:00,2024-01-24 02:58:56,1706083136,40.638,-74.035,0.0,0.0,111.0,77.0,72.0,74.0,1,4.0,4.0,4.0,5.0,0.0,2.0,10.0,0.0,4.0,0.0,-1.0,0.0,4.0,3.0,4.0,4.0,4.0,4.0,1034.54,1033.86,0.0,0.0,0.0
KNYNEWYO1805,America/New_York,2024-01-24 08:58:53+00:00,2024-01-24 03:58:53,1706086733,40.638,-74.035,0.0,0.0,157.0,80.0,77.0,78.0,1,4.0,4.0,4.0,3.0,0.0,1.0,7.0,0.0,4.0,1.0,0.0,0.0,4.0,4.0,4.0,4.0,4.0,4.0,1034.54,1033.86,-0.37,0.0,0.0
KNYNEWYO1805,America/New_York,2024-01-24 09:58:53+00:00,2024-01-24 04:58:53,1706090333,40.638,-74.035,0.0,0.0,101.0,83.0,80.0,81.0,1,4.0,4.0,4.0,4.0,1.0,2.0,12.0,3.0,7.0,1.0,1.0,1.0,4.0,4.0,4.0,4.0,4.0,4.0,1034.54,1033.86,-0.37,0.0,0.0
KNYNEWYO1805,America/New_York,2024-01-24 10:58:51+00:00,2024-01-24 05:58:51,1706093931,40.638,-74.035,0.0,0.0,135.0,85.0,84.0,84.0,1,4.0,4.0,4.0,4.0,0.0,2.0,7.0,3.0,5.0,2.0,1.0,1.0,4.0,4.0,4.0,4.0,4.0,4.0,1033.86,1032.85,-1.11,0.0,0.0
KNYNEWYO1805,America/New_York,2024-01-24 11:58:51+00:00,2024-01-24 06:58:51,1706097531,40.638,-74.035,0.0,0.0,110.0,86.0,85.0,85.0,1,4.0,4.0,4.0,4.0,0.0,1.0,7.0,0.0,3.0,2.0,2.0,2.0,4.0,4.0,4.0,4.0,4.0,4.0,1033.53,1032.85,0.37,0.0,0.0
KNYNEWYO1805,America/New_York,2024-01-24 12:53:49+00:00,2024-01-24 07:53:49,1706100829,40.638,-74.035,16.0,0.0,123.0,87.0,86.0,86.0,1,5.0,4.0,5.0,3.0,0.0,1.0,5.0,0.0,2.0,3.0,2.0,3.0,5.0,4.0,5.0,5.0,4.0,5.0,1033.53,1033.19,0.0,0.08,0.28
KNYNEWYO1805,America/New_York,2024-01-24 13:58:49+00:00,2024-01-24 08:58:49,1706104729,40.638,-74.035,81.0,0.2,119.0,87.0,86.0,86.0,1,6.0,5.0,5.0,3.0,0.0,1.0,6.0,0.0,3.0,3.0,3.0,3.0,6.0,5.0,5.0,6.0,5.0,5.0,1033.19,1032.85,-0.35,0.13,0.38
KNYNEWYO1805,America/New_York,2024-01-24 14:58:46+00:00,2024-01-24 09:58:46,1706108326,40.638,-74.035,92.0,0.3,99.0,85.0,82.0,83.0,1,7.0,6.0,6.0,6.0,0.0,1.0,11.0,0.0,4.0,4.0,4.0,4.0,7.0,6.0,6.0,7.0,6.0,6.0,1032.85,1032.85,0.0,0.03,0.38
KNYNEWYO1805,America/New_York,2024-01-24 15:58:47+00:00,2024-01-24 10:58:47,1706111927,40.638,-74.035,93.0,0.3,294.0,87.0,82.0,83.0,1,7.0,6.0,7.0,5.0,0.0,2.0,12.0,2.0,5.0,4.0,4.0,4.0,7.0,6.0,7.0,7.0,6.0,7.0,1032.85,1032.51,-0.37,0.0,0.38
KNYNEWYO1805,America/New_York,2024-01-24 16:58:45+00:00,2024-01-24 11:58:45,1706115525,40.638,-74.035,89.0,0.2,146.0,92.0,88.0,90.0,1,6.0,6.0,6.0,2.0,0.0,1.0,5.0,0.0,3.0,5.0,4.0,5.0,6.0,6.0,6.0,6.0,6.0,6.0,1032.51,1031.83,-0.74,0.0,0.38
KNYNEWYO1805,America/New_York,2024-01-24 17:53:45+00:00,2024-01-24 12:53:45,1706118825,40.638,-74.035,89.0,0.3,137.0,92.0,92.0,92.0,1,7.0,6.0,6.0,3.0,0.0,1.0,5.0,0.0,4.0,5.0,5.0,5.0,7.0,6.0,6.0,7.0,6.0,6.0,1031.83,1030.82,-1.22,0.03,0.38
KNYNEWYO1805,America/New_York,2024-01-24 18:58:44+00:00,2024-01-24 13:58:44,1706122724,40.638,-74.035,73.0,0.2,10.0,94.0,93.0,93.0,1,7.0,6.0,6.0,3.0,0.0,1.0,8.0,3.0,4.0,6.0,5.0,5.0,7.0,6.0,6.0,7.0,6.0,6.0,1030.82,1030.14,-0.7,0.03,0.38
KNYNEWYO1805,America/New_York,2024-01-24 19:59:43+00:00,2024-01-24 14:59:43,1706126383,40.638,-74.035,83.0,0.2,154.0,94.0,94.0,94.0,1,7.0,6.0,6.0,2.0,0.0,1.0,10.0,0.0,4.0,6.0,6.0,6.0,7.0,6.0,6.0,7.0,6.0,6.0,1030.14,1029.46,-0.73,0.13,0.64
KNYNEWYO1805,America/New_York,2024-01-24 20:58:43+00:00,2024-01-24 15:58:43,1706129923,40.638,-74.035,75.0,0.2,118.0,94.0,94.0,94.0,1,7.0,7.0,7.0,2.0,0.0,1.0,5.0,0.0,3.0,6.0,6.0,6.0,7.0,7.0,7.0,7.0,7.0,7.0,1029.46,1028.78,-0.74,0.23,0.76
KNYNEWYO1805,America/New_York,2024-01-24 21:58:40+00:00,2024-01-24 16:58:40,1706133520,40.638,-74.035,12.0,0.0,89.0,94.0,94.0,94.0,1,7.0,7.0,7.0,1.0,0.0,0.0,5.0,0.0,2.0,6.0,6.0,6.0,7.0,7.0,7.0,7.0,7.0,7.0,1028.45,1028.11,-0.37,0.1,0.76
KNYNEWYO1805,America/New_York,2024-01-24 22:59:01+00:00,2024-01-24 17:59:01,1706137141,40.638,-74.035,1.0,0.0,104.0,94.0,94.0,94.0,1,7.0,7.0,7.0,3.0,0.0,1.0,6.0,1.0,3.0,6.0,6.0,6.0,7.0,7.0,7.0,7.0,7.0,7.0,1028.11,1027.77,-0.37,0.0,0.76
KNYNEWYO1805,America/New_York,2024-01-24 23:58:39+00:00,2024-01-24 18:58:39,1706140719,40.638,-74.035,0.0,0.0,128.0,94.0,94.0,94.0,1,7.0,7.0,7.0,3.0,0.0,1.0,6.0,0.0,2.0,6.0,6.0,6.0,7.0,7.0,7.0,7.0,7.0,7.0,1027.77,1027.43,-0.37,0.0,0.81
KNYNEWYO1805,America/New_York,2024-01-25 00:58:37+00:00,2024-01-24 19:58:37,1706144317,40.638,-74.035,0.0,0.0,105.0,95.0,94.0,94.0,1,8.0,7.0,7.0,1.0,0.0,0.0,4.0,0.0,2.0,7.0,6.0,7.0,8.0,7.0,7.0,8.0,7.0,7.0,1027.43,1026.41,-1.11,0.13,1.5
KNYNEWYO1805,America/New_York,2024-01-25 01:58:36+00:00,2024-01-24 20:58:36,1706147916,40.638,-74.035,0.0,0.0,115.0,94.0,94.0,94.0,1,8.0,8.0,8.0,2.0,0.0,1.0,5.0,0.0,3.0,7.0,7.0,7.0,8.0,8.0,8.0,8.0,8.0,8.0,1026.41,1025.4,-1.1,0.13,1.68
KNYNEWYO1805,America/New_York,2024-01-25 02:58:34+00:00,2024-01-24 21:58:34,1706151514,40.638,-74.035,0.0,0.0,175.0,94.0,94.0,94.0,1,8.0,8.0,8.0,2.0,0.0,0.0,5.0,0.0,1.0,7.0,7.0,7.0,8.0,8.0,8.0,8.0,8.0,8.0,1025.4,1024.72,-0.73,0.03,1.5
KNYNEWYO1805,America/New_York,2024-01-25 03:58:35+00:00,2024-01-24 22:58:35,1706155115,40.638,-74.035,0.0,0.0,164.0,94.0,94.0,94.0,1,8.0,7.0,7.0,1.0,0.0,0.0,4.0,0.0,2.0,7.0,6.0,6.0,8.0,7.0,7.0,8.0,7.0,7.0,1024.72,1024.04,-0.74,0.0,1.5
KNYNEWYO1805,America/New_York,2024-01-25 04:59:32+00:00,2024-01-24 23:59:32,1706158772,40.638,-74.035,0.0,0.0,86.0,95.0,94.0,94.0,1,8.0,7.0,8.0,1.0,0.0,0.0,3.0,0.0,1.0,7.0,6.0,7.0,8.0,7.0,8.0,8.0,7.0,8.0,1024.04,1023.03,-1.09,0.0,1.52
KNYNEWYO1805,America/New_York,2024-01-25 05:58:32+00:00,2024-01-25 00:58:32,1706162312,40.638,-74.035,0.0,0.0,,95.0,94.0,94.0,1,8.0,7.0,8.0,0.0,0.0,0.0,0.0,0.0,0.0,7.0,7.0,7.0,8.0,7.0,8.0,8.0,7.0,8.0,1023.03,1021.67,-1.48,0.41,0.46
KNYNEWYO1805,America/New_York,2024-01-25 06:58:32+00:00,2024-01-25 01:58:32,1706165912,40.638,-74.035,0.0,0.0,354.0,95.0,94.0,94.0,1,8.0,7.0,8.0,1.0,0.0,0.0,3.0,0.0,0.0,7.0,6.0,7.0,8.0,7.0,8.0,8.0,7.0,8.0,1021.67,1021.33,-0.37,0.38,0.51
KNYNEWYO1805,America/New_York,2024-01-25 07:58:31+00:00,2024-01-25 02:58:31,1706169511,40.638,-74.035,0.0,0.0,42.0,95.0,95.0,95.0,1,8.0,7.0,7.0,0.0,0.0,0.0,1.0,0.0,0.0,7.0,7.0,7.0,8.0,7.0,7.0,8.0,7.0,7.0,1021.33,1021.0,0.0,0.0,0.56
KNYNEWYO1805,America/New_York,2024-01-25 08:59:28+00:00,2024-01-25 03:59:28,1706173168,40.638,-74.035,0.0,0.0,75.0,96.0,95.0,95.0,1,8.0,8.0,8.0,1.0,0.0,0.0,3.0,0.0,2.0,8.0,7.0,7.0,8.0,8.0,8.0,8.0,8.0,8.0,1021.0,1020.32,-0.74,0.08,0.79
KNYNEWYO1805,America/New_York,2024-01-25 09:59:28+00:00,2024-01-25 04:59:28,1706176768,40.638,-74.035,0.0,0.0,98.0,96.0,96.0,96.0,1,9.0,8.0,9.0,1.0,0.0,0.0,4.0,0.0,2.0,8.0,8.0,8.0,9.0,8.0,9.0,9.0,8.0,9.0,1020.32,1019.64,-0.37,0.28,1.65
KNYNEWYO1805,America/New_York,2024-01-25 10:59:26+00:00,2024-01-25 05:59:26,1706180366,40.638,-74.035,0.0,0.0,75.0,96.0,96.0,96.0,1,10.0,9.0,9.0,1.0,0.0,0.0,5.0,0.0,2.0,9.0,8.0,9.0,10.0,9.0,9.0,10.0,9.0,9.0,1019.98,1019.98,0.0,0.69,3.0
KNYNEWYO1805,America/New_York,2024-01-25 11:59:26+00:00,2024-01-25 06:59:26,1706183966,40.638,-74.035,0.0,0.0,32.0,96.0,96.0,96.0,1,9.0,9.0,9.0,0.0,0.0,0.0,2.0,0.0,0.0,9.0,8.0,9.0,9.0,9.0,9.0,9.0,9.0,9.0,1020.66,1019.98,0.37,0.91,3.68
KNYNEWYO1805,America/New_York,2024-01-25 12:59:24+00:00,2024-01-25 07:59:24,1706187564,40.638,-74.035,4.0,0.0,78.0,96.0,96.0,96.0,1,9.0,9.0,9.0,1.0,0.0,0.0,3.0,0.0,0.0,8.0,8.0,8.0,9.0,9.0,9.0,9.0,9.0,9.0,1020.66,1020.32,-0.37,0.69,4.14
KNYNEWYO1805,America/New_York,2024-01-25 13:59:24+00:00,2024-01-25 08:59:24,1706191164,40.638,-74.035,24.0,0.1,,96.0,96.0,96.0,1,10.0,9.0,9.0,0.0,0.0,0.0,1.0,0.0,0.0,9.0,8.0,9.0,10.0,9.0,9.0,10.0,9.0,9.0,1020.66,1020.32,0.0,0.51,4.34
KNYNEWYO1805,America/New_York,2024-01-25 14:59:21+00:00,2024-01-25 09:59:21,1706194761,40.638,-74.035,38.0,0.1,,96.0,96.0,96.0,1,10.0,10.0,10.0,0.0,0.0,0.0,1.0,0.0,0.0,9.0,9.0,9.0,10.0,10.0,10.0,10.0,10.0,10.0,1020.66,1020.32,0.0,0.3,4.34
KNYNEWYO1805,America/New_York,2024-01-25 15:59:22+00:00,2024-01-25 10:59:22,1706198362,40.638,-74.035,141.0,0.4,174.0,97.0,96.0,96.0,1,11.0,10.0,10.0,1.0,0.0,0.0,3.0,0.0,1.0,10.0,9.0,10.0,11.0,10.0,10.0,11.0,10.0,10.0,1020.66,1020.32,0.0,0.03,4.62
KNYNEWYO1805,America/New_York,2024-01-25 16:59:20+00:00,2024-01-25 11:59:20,1706201960,40.638,-74.035,141.0,0.4,264.0,97.0,96.0,96.0,1,12.0,11.0,11.0,3.0,0.0,1.0,7.0,0.0,2.0,11.0,10.0,11.0,12.0,11.0,11.0,12.0,11.0,11.0,1020.32,1019.64,-0.74,0.0,4.7
KNYNEWYO1805,America/New_York,2024-01-25 17:59:20+00:00,2024-01-25 12:59:20,1706205560,40.638,-74.035,243.0,0.7,336.0,96.0,92.0,94.0,1,13.0,12.0,12.0,1.0,0.0,0.0,3.0,0.0,1.0,12.0,11.0,11.0,13.0,12.0,12.0,13.0,12.0,12.0,1019.64,1018.96,-0.37,0.0,4.7
KNYNEWYO1805,America/New_York,2024-01-25 18:59:17+00:00,2024-01-25 13:59:17,1706209157,40.638,-74.035,185.0,0.5,289.0,93.0,92.0,92.0,1,13.0,12.0,12.0,1.0,0.0,0.0,3.0,0.0,1.0,11.0,11.0,11.0,13.0,12.0,12.0,13.0,12.0,12.0,1019.3,1018.96,0.0,0.0,4.7
KNYNEWYO1805,America/New_York,2024-01-25 19:59:18+00:00,2024-01-25 14:59:18,1706212758,40.638,-74.035,162.0,0.5,270.0,93.0,92.0,92.0,1,13.0,12.0,12.0,1.0,0.0,0.0,3.0,0.0,1.0,12.0,10.0,11.0,13.0,12.0,12.0,13.0,12.0,12.0,1019.3,1018.96,0.37,0.0,4.7
KNYNEWYO1805,America/New_York,2024-01-25 20:59:16+00:00,2024-01-25 15:59:16,1706216356,40.638,-74.035,89.0,0.2,328.0,92.0,89.0,90.0,1,13.0,13.0,13.0,1.0,0.0,0.0,3.0,0.0,0.0,12.0,11.0,12.0,13.0,13.0,13.0,13.0,13.0,13.0,1019.64,1019.3,0.37,0.0,4.7
KNYNEWYO1805,America/New_York,2024-01-25 21:59:15+00:00,2024-01-25 16:59:15,1706219955,40.638,-74.035,17.0,0.1,326.0,91.0,89.0,90.0,1,12.0,12.0,12.0,0.0,0.0,0.0,4.0,0.0,1.0,11.0,10.0,10.0,12.0,12.0,12.0,12.0,12.0,12.0,1020.32,1019.64,0.37,0.0,4.7
KNYNEWYO1805,America/New_York,2024-01-25 22:59:13+00:00,2024-01-25 17:59:13,1706223553,40.638,-74.035,2.0,0.0,305.0,91.0,87.0,88.0,1,13.0,12.0,13.0,3.0,0.0,0.0,6.0,0.0,2.0,11.0,10.0,11.0,13.0,12.0,13.0,13.0,12.0,13.0,1021.0,1019.98,0.74,0.0,4.7
KNYNEWYO1805,America/New_York,2024-01-25 23:59:14+00:00,2024-01-25 18:59:14,1706227154,40.638,-74.035,0.0,0.0,299.0,88.0,87.0,87.0,1,13.0,13.0,13.0,1.0,0.0,0.0,4.0,0.0,2.0,11.0,11.0,11.0,13.0,13.0,13.0,13.0,13.0,13.0,1021.33,1021.0,0.37,0.0,4.7
KNYNEWYO1805,America/New_York,2024-01-26 00:59:11+00:00,2024-01-25 19:59:11,1706230751,40.638,-74.035,0.0,0.0,165.0,88.0,84.0,86.0,1,13.0,13.0,13.0,3.0,0.0,1.0,6.0,0.0,2.0,11.0,11.0,11.0,13.0,13.0,13.0,13.0,13.0,13.0,1022.35,1021.67,0.74,0.0,4.7
KNYNEWYO1805,America/New_York,2024-01-26 01:59:11+00:00,2024-01-25 20:59:11,1706234351,40.638,-74.035,0.0,0.0,135.0,86.0,84.0,85.0,1,13.0,13.0,13.0,3.0,0.0,1.0,8.0,0.0,3.0,11.0,10.0,10.0,13.0,13.0,13.0,13.0,13.0,13.0,1022.35,1022.01,0.0,0.0,4.7
KNYNEWYO1805,America/New_York,2024-01-26 02:59:09+00:00,2024-01-25 21:59:09,1706237949,40.638,-74.035,0.0,0.0,174.0,89.0,86.0,87.0,1,13.0,12.0,12.0,4.0,0.0,2.0,8.0,0.0,5.0,11.0,10.0,10.0,13.0,12.0,12.0,13.0,12.0,12.0,1022.35,1022.01,0.37,0.0,4.7
KNYNEWYO1805,America/New_York,2024-01-26 03:59:10+00:00,2024-01-25 22:59:10,1706241550,40.638,-74.035,0.0,0.0,356.0,93.0,89.0,90.0,1,12.0,10.0,11.0,6.0,1.0,3.0,12.0,5.0,8.0,10.0,9.0,10.0,12.0,10.0,11.0,12.0,10.0,11.0,1022.69,1022.35,0.0,0.0,4.7
KNYNEWYO1805,America/New_York,2024-01-26 04:59:07+00:00,2024-01-25 23:59:07,1706245147,40.638,-74.035,0.0,0.0,143.0,93.0,93.0,93.0,1,10.0,8.0,9.0,6.0,1.0,4.0,12.0,3.0,8.0,9.0,7.0,8.0,10.0,8.0,9.0,10.0,8.0,9.0,1022.35,1022.35,0.0,0.0,4.7
KNYNEWYO1805,America/New_York,2024-01-26 05:59:07+00:00,2024-01-26 00:59:07,1706248747,40.638,-74.035,0.0,0.0,134.0,93.0,91.0,91.0,1,8.0,7.0,8.0,6.0,3.0,5.0,13.0,6.0,9.0,7.0,6.0,6.0,8.0,7.0,7.0,8.0,7.0,8.0,1022.01,1021.33,-0.74,0.0,0.23
KNYNEWYO1805,America/New_York,2024-01-26 06:59:04+00:00,2024-01-26 01:59:04,1706252344,40.638,-74.035,0.0,0.0,141.0,92.0,91.0,91.0,1,7.0,7.0,7.0,7.0,3.0,5.0,15.0,6.0,12.0,6.0,5.0,6.0,7.0,6.0,6.0,7.0,7.0,7.0,1021.0,1020.66,-0.37,0.28,0.41
KNYNEWYO1805,America/New_York,2024-01-26 07:59:05+00:00,2024-01-26 02:59:05,1706255945,40.638,-74.035,0.0,0.0,175.0,92.0,91.0,91.0,1,7.0,6.0,6.0,6.0,2.0,4.0,13.0,5.0,9.0,5.0,5.0,5.0,7.0,5.0,6.0,7.0,6.0,6.0,1020.66,1020.32,-0.37,0.1,0.94
KNYNEWYO1805,America/New_York,2024-01-26 08:59:03+00:00,2024-01-26 03:59:03,1706259543,40.638,-74.035,0.0,0.0,164.0,93.0,92.0,92.0,1,6.0,6.0,6.0,7.0,1.0,4.0,17.0,4.0,8.0,5.0,5.0,5.0,6.0,4.0,6.0,6.0,6.0,6.0,1020.32,1019.64,-0.74,0.08,1.5
KNYNEWYO1805,America/New_York,2024-01-26 09:59:03+00:00,2024-01-26 04:59:03,1706263143,40.638,-74.035,0.0,0.0,146.0,94.0,93.0,93.0,1,6.0,6.0,6.0,5.0,1.0,3.0,12.0,4.0,8.0,5.0,5.0,5.0,6.0,5.0,6.0,6.0,6.0,6.0,1019.64,1019.3,0.0,0.0,1.5
KNYNEWYO1805,America/New_York,2024-01-26 10:59:01+00:00,2024-01-26 05:59:01,1706266741,40.638,-74.035,0.0,0.0,146.0,94.0,94.0,94.0,1,6.0,6.0,6.0,8.0,1.0,4.0,13.0,4.0,8.0,5.0,5.0,5.0,6.0,4.0,6.0,6.0,6.0,6.0,1019.3,1018.63,-0.74,0.03,2.16
KNYNEWYO1805,America/New_York,2024-01-26 11:59:01+00:00,2024-01-26 06:59:01,1706270341,40.638,-74.035,0.0,0.0,169.0,95.0,94.0,94.0,1,6.0,6.0,6.0,6.0,1.0,3.0,10.0,3.0,7.0,6.0,5.0,6.0,6.0,5.0,6.0,6.0,6.0,6.0,1018.63,1018.29,-0.37,0.2,2.44
KNYNEWYO1805,America/New_York,2024-01-26 12:58:59+00:00,2024-01-26 07:58:59,1706273939,40.638,-74.035,7.0,0.0,210.0,95.0,95.0,95.0,1,7.0,7.0,7.0,4.0,0.0,2.0,10.0,0.0,5.0,6.0,6.0,6.0,7.0,7.0,7.0,7.0,7.0,7.0,1018.29,1017.95,-0.37,0.2,2.72
KNYNEWYO1805,America/New_York,2024-01-26 13:58:58+00:00,2024-01-26 08:58:58,1706277538,40.638,-74.035,43.0,0.1,271.0,95.0,95.0,95.0,1,7.0,6.0,7.0,3.0,0.0,1.0,7.0,1.0,4.0,6.0,5.0,6.0,7.0,6.0,7.0,7.0,6.0,7.0,1017.95,1017.61,-0.37,0.0,2.72
KNYNEWYO1805,America/New_York,2024-01-26 14:58:59+00:00,2024-01-26 09:58:59,1706281139,40.638,-74.035,88.0,0.2,341.0,96.0,95.0,95.0,1,6.0,6.0,6.0,3.0,0.0,2.0,5.0,3.0,4.0,5.0,5.0,5.0,6.0,6.0,6.0,6.0,6.0,6.0,1017.95,1017.27,0.0,0.28,3.0
KNYNEWYO1805,America/New_York,2024-01-26 15:58:57+00:00,2024-01-26 10:58:57,1706284737,40.638,-74.035,111.0,0.3,208.0,96.0,96.0,96.0,1,6.0,6.0,6.0,3.0,0.0,2.0,8.0,2.0,5.0,5.0,5.0,5.0,6.0,6.0,6.0,6.0,6.0,6.0,1017.95,1017.61,0.0,0.28,3.0
KNYNEWYO1805,America/New_York,2024-01-26 16:58:55+00:00,2024-01-26 11:58:55,1706288335,40.638,-74.035,241.0,0.7,249.0,95.0,93.0,94.0,1,7.0,6.0,6.0,3.0,1.0,2.0,10.0,3.0,6.0,5.0,5.0,5.0,7.0,6.0,6.0,7.0,6.0,6.0,1017.61,1016.26,-1.48,0.0,3.1
KNYNEWYO1805,America/New_York,2024-01-26 17:58:54+00:00,2024-01-26 12:58:54,1706291934,40.638,-74.035,266.0,0.7,292.0,93.0,91.0,91.0,1,7.0,7.0,7.0,3.0,0.0,2.0,7.0,2.0,4.0,6.0,6.0,6.0,7.0,7.0,7.0,7.0,7.0,7.0,1016.26,1015.58,-0.74,0.0,3.1
KNYNEWYO1805,America/New_York,2024-01-26 18:58:54+00:00,2024-01-26 13:58:54,1706295534,40.638,-74.035,150.0,0.4,137.0,91.0,91.0,91.0,1,7.0,7.0,7.0,3.0,0.0,1.0,9.0,2.0,4.0,6.0,5.0,6.0,7.0,7.0,7.0,7.0,7.0,7.0,1015.58,1015.24,0.0,0.0,3.1
KNYNEWYO1805,America/New_York,2024-01-26 19:58:53+00:00,2024-01-26 14:58:53,1706299133,40.638,-74.035,128.0,0.3,139.0,93.0,92.0,92.0,1,7.0,7.0,7.0,3.0,0.0,1.0,8.0,0.0,4.0,6.0,5.0,5.0,7.0,7.0,7.0,7.0,7.0,7.0,1015.92,1015.24,0.37,0.0,3.1
KNYNEWYO1805,America/New_York,2024-01-26 20:58:51+00:00,2024-01-26 15:58:51,1706302731,40.638,-74.035,83.0,0.2,184.0,93.0,92.0,92.0,1,7.0,7.0,7.0,2.0,0.0,0.0,5.0,0.0,3.0,6.0,5.0,5.0,7.0,7.0,7.0,7.0,7.0,7.0,1016.26,1015.92,0.0,0.0,3.1
KNYNEWYO1805,America/New_York,2024-01-26 21:58:50+00:00,2024-01-26 16:58:50,1706306330,40.638,-74.035,32.0,0.1,114.0,93.0,93.0,93.0,1,7.0,7.0,7.0,1.0,0.0,0.0,4.0,0.0,1.0,6.0,6.0,6.0,7.0,7.0,7.0,7.0,7.0,7.0,1016.26,1015.58,-0.37,0.0,3.1
KNYNEWYO1805,America/New_York,2024-01-26 22:58:50+00:00,2024-01-26 17:58:50,1706309930,40.638,-74.035,2.0,0.0,191.0,94.0,93.0,93.0,1,7.0,6.0,7.0,1.0,0.0,0.0,5.0,0.0,2.0,6.0,5.0,6.0,7.0,6.0,7.0,7.0,6.0,7.0,1016.59,1015.92,0.74,0.0,3.1
KNYNEWYO1805,America/New_York,2024-01-26 23:58:49+00:00,2024-01-26 18:58:49,1706313529,40.638,-74.035,0.0,0.0,227.0,96.0,94.0,95.0,1,7.0,7.0,7.0,2.0,0.0,1.0,5.0,0.0,3.0,6.0,6.0,6.0,7.0,7.0,7.0,7.0,7.0,7.0,1017.61,1016.93,0.74,0.0,3.1
KNYNEWYO1805,America/New_York,2024-01-27 00:58:47+00:00,2024-01-26 19:58:47,1706317127,40.638,-74.035,0.0,0.0,60.0,96.0,96.0,96.0,1,7.0,7.0,7.0,1.0,0.0,0.0,4.0,0.0,2.0,6.0,6.0,6.0,7.0,7.0,7.0,7.0,7.0,7.0,1018.29,1017.61,0.74,0.0,3.1
KNYNEWYO1805,America/New_York,2024-01-27 01:58:46+00:00,2024-01-26 20:58:46,1706320726,40.638,-74.035,0.0,0.0,163.0,96.0,96.0,96.0,1,7.0,7.0,7.0,1.0,0.0,0.0,4.0,0.0,1.0,6.0,6.0,6.0,7.0,7.0,7.0,7.0,7.0,7.0,1018.63,1018.29,0.37,0.0,3.1
KNYNEWYO1805,America/New_York,2024-01-27 02:58:46+00:00,2024-01-26 21:58:46,1706324326,40.638,-74.035,0.0,0.0,126.0,96.0,96.0,96.0,1,7.0,6.0,7.0,1.0,0.0,0.0,4.0,0.0,1.0,6.0,6.0,6.0,7.0,6.0,7.0,7.0,6.0,7.0,1018.96,1018.63,-0.37,0.0,3.1
KNYNEWYO1805,America/New_York,2024-01-27 03:58:45+00:00,2024-01-26 22:58:45,1706327925,40.638,-74.035,0.0,0.0,155.0,96.0,96.0,96.0,1,7.0,7.0,7.0,1.0,0.0,0.0,3.0,0.0,1.0,6.0,6.0,6.0,7.0,7.0,7.0,7.0,7.0,7.0,1018.96,1018.63,0.0,0.0,3.1
KNYNEWYO1805,America/New_York,2024-01-27 04:58:42+00:00,2024-01-26 23:58:42,1706331522,40.638,-74.035,0.0,0.0,95.0,96.0,96.0,96.0,1,7.0,6.0,7.0,0.0,0.0,0.0,2.0,0.0,1.0,6.0,6.0,6.0,7.0,6.0,7.0,7.0,6.0,7.0,1018.96,1018.63,0.37,0.0,3.1
KNYNEWYO1805,America/New_York,2024-01-27 05:58:43+00:00,2024-01-27 00:58:43,1706335123,40.638,-74.035,0.0,0.0,127.0,96.0,96.0,96.0,1,7.0,7.0,7.0,1.0,0.0,0.0,4.0,0.0,2.0,6.0,6.0,6.0,7.0,7.0,7.0,7.0,7.0,7.0,1019.3,1018.96,0.37,0.0,0.0
KNYNEWYO1805,America/New_York,2024-01-27 06:58:42+00:00,2024-01-27 01:58:42,1706338722,40.638,-74.035,0.0,0.0,140.0,96.0,96.0,96.0,1,7.0,7.0,7.0,1.0,0.0,0.0,4.0,0.0,1.0,6.0,6.0,6.0,7.0,7.0,7.0,7.0,7.0,7.0,1019.64,1019.3,0.37,0.0,0.0
KNYNEWYO1805,America/New_York,2024-01-27 07:58:41+00:00,2024-01-27 02:58:41,1706342321,40.638,-74.035,0.0,0.0,232.0,97.0,96.0,96.0,1,7.0,7.0,7.0,1.0,0.0,0.0,3.0,0.0,1.0,7.0,6.0,6.0,7.0,7.0,7.0,7.0,7.0,7.0,1019.64,1019.64,0.0,0.0,0.0
KNYNEWYO1805,America/New_York,2024-01-27 08:58:39+00:00,2024-01-27 03:58:39,1706345919,40.638,-74.035,0.0,0.0,141.0,97.0,97.0,97.0,1,7.0,7.0,7.0,1.0,0.0,0.0,3.0,0.0,1.0,7.0,6.0,6.0,7.0,7.0,7.0,7.0,7.0,7.0,1019.64,1019.3,0.37,0.0,0.0
KNYNEWYO1805,America/New_York,2024-01-27 09:58:38+00:00,2024-01-27 04:58:38,1706349518,40.638,-74.035,0.0,0.0,94.0,97.0,96.0,96.0,1,7.0,6.0,6.0,2.0,0.0,0.0,5.0,0.0,2.0,6.0,6.0,6.0,7.0,6.0,6.0,7.0,6.0,6.0,1020.32,1019.64,0.37,0.0,0.0
KNYNEWYO1805,America/New_York,2024-01-27 10:58:36+00:00,2024-01-27 05:58:36,1706353116,40.638,-74.035,0.0,0.0,138.0,96.0,96.0,96.0,1,6.0,6.0,6.0,1.0,0.0,0.0,4.0,0.0,2.0,6.0,5.0,5.0,6.0,6.0,6.0,6.0,6.0,6.0,1021.33,1020.32,1.11,0.0,0.0
KNYNEWYO1805,America/New_York,2024-01-27 11:58:37+00:00,2024-01-27 06:58:37,1706356717,40.638,-74.035,0.0,0.0,308.0,96.0,95.0,95.0,1,6.0,6.0,6.0,1.0,0.0,0.0,4.0,0.0,1.0,6.0,6.0,6.0,6.0,6.0,6.0,6.0,6.0,6.0,1022.01,1021.33,0.74,0.0,0.0
KNYNEWYO1805,America/New_York,2024-01-27 12:58:34+00:00,2024-01-27 07:58:34,1706360314,40.638,-74.035,7.0,0.0,194.0,95.0,93.0,94.0,1,6.0,6.0,6.0,1.0,0.0,0.0,4.0,0.0,2.0,6.0,5.0,5.0,6.0,6.0,6.0,6.0,6.0,6.0,1022.69,1022.01,0.74,0.0,0.0
KNYNEWYO1805,America/New_York,2024-01-27 13:58:33+00:00,2024-01-27 08:58:33,1706363913,40.638,-74.035,76.0,0.2,123.0,93.0,89.0,91.0,1,6.0,6.0,6.0,2.0,0.0,1.0,6.0,0.0,3.0,5.0,5.0,5.0,6.0,6.0,6.0,6.0,6.0,6.0,1023.37,1022.69,0.74,0.0,0.0
KNYNEWYO1805,America/New_York,2024-01-27 14:58:32+00:00,2024-01-27 09:58:32,1706367512,40.638,-74.035,148.0,0.4,133.0,89.0,85.0,86.0,1,7.0,6.0,7.0,3.0,0.0,1.0,6.0,0.0,3.0,5.0,4.0,4.0,7.0,6.0,7.0,7.0,6.0,7.0,1023.71,1023.37,0.38,0.0,0.0
KNYNEWYO1805,America/New_York,2024-01-27 15:59:33+00:00,2024-01-27 10:59:33,1706371173,40.638,-74.035,239.0,0.6,64.0,84.0,82.0,82.0,1,7.0,7.0,7.0,2.0,0.0,1.0,7.0,0.0,2.0,4.0,4.0,4.0,7.0,7.0,7.0,7.0,7.0,7.0,1024.04,1023.71,0.0,0.0,0.0
KNYNEWYO1805,America/New_York,2024-01-27 16:59:31+00:00,2024-01-27 11:59:31,1706374771,40.638,-74.035,192.0,0.5,42.0,81.0,79.0,80.0,1,8.0,7.0,8.0,2.0,0.0,1.0,5.0,0.0,3.0,5.0,4.0,4.0,8.0,7.0,8.0,8.0,7.0,8.0,1023.71,1023.37,-0.37,0.0,0.0
KNYNEWYO1805,America/New_York,2024-01-27 17:59:30+00:00,2024-01-27 12:59:30,1706378370,40.638,-74.035,196.0,0.5,69.0,79.0,76.0,77.0,1,8.0,8.0,8.0,2.0,0.0,1.0,5.0,0.0,3.0,4.0,4.0,4.0,8.0,8.0,8.0,8.0,8.0,8.0,1023.37,1023.03,-0.37,0.0,0.0
KNYNEWYO1805,America/New_York,2024-01-27 18:59:27+00:00,2024-01-27 13:59:27,1706381967,40.638,-74.035,94.0,0.3,150.0,79.0,76.0,77.0,1,8.0,8.0,8.0,2.0,0.0,1.0,4.0,0.0,3.0,4.0,4.0,4.0,8.0,8.0,8.0,8.0,8.0,8.0,1023.03,1022.69,0.0,0.0,0.0
KNYNEWYO1805,America/New_York,2024-01-27 19:59:28+00:00,2024-01-27 14:59:28,1706385568,40.638,-74.035,85.0,0.2,129.0,79.0,76.0,77.0,1,8.0,8.0,8.0,2.0,0.0,0.0,5.0,0.0,2.0,4.0,4.0,4.0,8.0,8.0,8.0,8.0,8.0,8.0,1023.03,1022.69,0.0,0.0,0.0
KNYNEWYO1805,America/New_York,2024-01-27 20:59:26+00:00,2024-01-27 15:59:26,1706389166,40.638,-74.035,57.0,0.2,72.0,77.0,76.0,76.0,1,8.0,8.0,8.0,2.0,0.0,0.0,4.0,0.0,2.0,4.0,4.0,4.0,8.0,8.0,8.0,8.0,8.0,8.0,1023.37,1022.69,0.37,0.0,0.0
KNYNEWYO1805,America/New_York,2024-01-27 21:59:26+00:00,2024-01-27 16:59:26,1706392766,40.638,-74.035,19.0,0.1,99.0,79.0,76.0,77.0,1,8.0,7.0,8.0,1.0,0.0,1.0,4.0,0.0,2.0,4.0,4.0,4.0,8.0,7.0,8.0,8.0,7.0,8.0,1023.37,1022.69,-0.37,0.0,0.0
KNYNEWYO1805,America/New_York,2024-01-27 22:59:23+00:00,2024-01-27 17:59:23,1706396363,40.638,-74.035,2.0,0.0,76.0,80.0,79.0,79.0,1,7.0,7.0,7.0,1.0,0.0,0.0,3.0,0.0,1.0,4.0,4.0,4.0,7.0,7.0,7.0,7.0,7.0,7.0,1022.69,1022.69,0.0,0.0,0.0
KNYNEWYO1805,America/New_York,2024-01-27 23:59:24+00:00,2024-01-27 18:59:24,1706399964,40.638,-74.035,0.0,0.0,196.0,80.0,78.0,79.0,1,7.0,7.0,7.0,2.0,0.0,0.0,4.0,0.0,2.0,4.0,3.0,4.0,7.0,7.0,7.0,7.0,7.0,7.0,1023.03,1022.35,0.74,0.0,0.0
KNYNEWYO1805,America/New_York,2024-01-28 00:59:22+00:00,2024-01-27 19:59:22,1706403562,40.638,-74.035,0.0,0.0,125.0,83.0,81.0,81.0,1,7.0,7.0,7.0,4.0,0.0,2.0,7.0,1.0,4.0,4.0,4.0,4.0,7.0,7.0,7.0,7.0,7.0,7.0,1023.37,1022.69,-0.37,0.0,0.0
KNYNEWYO1805,America/New_York,2024-01-28 01:59:21+00:00,2024-01-27 20:59:21,1706407161,40.638,-74.035,0.0,0.0,91.0,86.0,83.0,83.0,1,7.0,7.0,7.0,2.0,0.0,1.0,6.0,0.0,4.0,4.0,4.0,4.0,7.0,7.0,7.0,7.0,7.0,7.0,1023.37,1022.69,0.0,0.0,0.0
KNYNEWYO1805,America/New_York,2024-01-28 02:59:19+00:00,2024-01-27 21:59:19,1706410759,40.638,-74.035,0.0,0.0,139.0,86.0,85.0,85.0,1,7.0,6.0,6.0,3.0,0.0,1.0,7.0,0.0,4.0,4.0,4.0,4.0,7.0,6.0,6.0,7.0,6.0,6.0,1023.37,1022.35,-1.11,0.0,0.0
KNYNEWYO1805,America/New_York,2024-01-28 03:59:20+00:00,2024-01-27 22:59:20,1706414360,40.638,-74.035,0.0,0.0,136.0,86.0,84.0,84.0,1,6.0,6.0,6.0,3.0,0.0,2.0,8.0,2.0,5.0,4.0,4.0,4.0,6.0,6.0,6.0,6.0,6.0,6.0,1022.35,1022.35,0.0,0.0,0.0
KNYNEWYO1805,America/New_York,2024-01-28 04:59:17+00:00,2024-01-27 23:59:17,1706417957,40.638,-74.035,0.0,0.0,190.0,86.0,84.0,85.0,1,6.0,6.0,6.0,4.0,0.0,1.0,10.0,2.0,4.0,4.0,4.0,4.0,6.0,6.0,6.0,6.0,6.0,6.0,1022.35,1021.33,-1.11,0.0,0.0
KNYNEWYO1805,America/New_York,2024-01-28 05:59:17+00:00,2024-01-28 00:59:17,1706421557,40.638,-74.035,0.0,0.0,101.0,86.0,84.0,84.0,1,6.0,6.0,6.0,4.0,0.0,2.0,9.0,0.0,6.0,4.0,4.0,4.0,6.0,6.0,6.0,6.0,6.0,6.0,1021.33,1020.66,-0.74,0.0,0.0
KNYNEWYO1805,America/New_York,2024-01-28 06:59:17+00:00,2024-01-28 01:59:17,1706425157,40.638,-74.035,0.0,0.0,124.0,86.0,85.0,85.0,1,6.0,6.0,6.0,5.0,0.0,2.0,11.0,2.0,6.0,4.0,3.0,3.0,6.0,5.0,6.0,6.0,6.0,6.0,1020.32,1019.64,-0.74,0.36,1.4
KNYNEWYO1805,America/New_York,2024-01-28 07:59:16+00:00,2024-01-28 02:59:16,1706428756,40.638,-74.035,0.0,0.0,142.0,89.0,86.0,87.0,1,6.0,5.0,5.0,4.0,1.0,2.0,8.0,3.0,6.0,3.0,3.0,3.0,6.0,5.0,5.0,6.0,5.0,5.0,1019.64,1017.95,-1.48,2.57,3.51
KNYNEWYO1805,America/New_York,2024-01-28 08:59:13+00:00,2024-01-28 03:59:13,1706432353,40.638,-74.035,0.0,0.0,173.0,91.0,90.0,90.0,1,5.0,5.0,5.0,4.0,0.0,2.0,8.0,3.0,5.0,3.0,3.0,3.0,5.0,5.0,5.0,5.0,5.0,5.0,1017.95,1016.59,-0.74,4.17,6.07
KNYNEWYO1805,America/New_York,2024-01-28 09:59:13+00:00,2024-01-28 04:59:13,1706435953,40.638,-74.035,0.0,0.0,143.0,92.0,91.0,91.0,1,5.0,5.0,5.0,3.0,0.0,2.0,7.0,2.0,4.0,4.0,3.0,4.0,5.0,5.0,5.0,5.0,5.0,5.0,1017.95,1016.59,-0.74,4.32,7.87
KNYNEWYO1805,America/New_York,2024-01-28 10:59:11+00:00,2024-01-28 05:59:11,1706439551,40.638,-74.035,0.0,0.0,169.0,93.0,92.0,92.0,1,5.0,4.0,5.0,5.0,0.0,3.0,12.0,3.0,7.0,4.0,3.0,3.0,5.0,4.0,5.0,5.0,4.0,5.0,1016.59,1015.24,-1.48,2.51,10.34
KNYNEWYO1805,America/New_York,2024-01-28 11:59:12+00:00,2024-01-28 06:59:12,1706443152,40.638,-74.035,0.0,0.0,149.0,93.0,93.0,93.0,1,4.0,4.0,4.0,5.0,0.0,3.0,10.0,3.0,6.0,3.0,3.0,3.0,4.0,3.0,4.0,4.0,4.0,4.0,1015.58,1014.22,-1.11,4.47,14.12
KNYNEWYO1805,America/New_York,2024-01-28 12:59:09+00:00,2024-01-28 07:59:09,1706446749,40.638,-74.035,2.0,0.0,153.0,93.0,93.0,93.0,1,4.0,4.0,4.0,5.0,1.0,3.0,12.0,4.0,7.0,3.0,3.0,3.0,4.0,3.0,4.0,4.0,4.0,4.0,1014.56,1013.55,1.11,4.83,17.55
KNYNEWYO1805,America/New_York,2024-01-28 13:59:09+00:00,2024-01-28 08:59:09,1706450349,40.638,-74.035,19.0,0.1,223.0,93.0,93.0,93.0,1,4.0,4.0,4.0,5.0,1.0,3.0,10.0,3.0,7.0,3.0,3.0,3.0,4.0,3.0,4.0,4.0,4.0,4.0,1014.22,1012.87,-1.13,5.05,20.35
KNYNEWYO1805,America/New_York,2024-01-28 14:59:09+00:00,2024-01-28 09:59:09,1706453949,40.638,-74.035,96.0,0.3,170.0,93.0,91.0,92.0,1,4.0,4.0,4.0,6.0,1.0,4.0,14.0,4.0,9.0,3.0,3.0,3.0,4.0,3.0,4.0,4.0,4.0,4.0,1013.21,1010.84,-2.59,4.57,23.22
KNYNEWYO1805,America/New_York,2024-01-28 15:59:08+00:00,2024-01-28 10:59:08,1706457548,40.638,-74.035,120.0,0.3,227.0,91.0,89.0,90.0,1,5.0,4.0,4.0,6.0,0.0,3.0,14.0,4.0,7.0,3.0,3.0,3.0,5.0,3.0,4.0,5.0,4.0,4.0,1010.5,1009.14,-1.48,1.98,23.22
KNYNEWYO1805,America/New_York,2024-01-28 16:59:05+00:00,2024-01-28 11:59:05,1706461145,40.638,-74.035,115.0,0.3,192.0,92.0,89.0,90.0,1,5.0,4.0,5.0,5.0,1.0,3.0,10.0,3.0,7.0,3.0,3.0,3.0,5.0,4.0,5.0,5.0,4.0,5.0,1008.81,1007.45,-1.48,0.0,23.04
KNYNEWYO1805,America/New_York,2024-01-28 17:59:05+00:00,2024-01-28 12:59:05,1706464745,40.638,-74.035,136.0,0.4,67.0,93.0,92.0,92.0,1,4.0,4.0,4.0,5.0,1.0,3.0,16.0,4.0,8.0,3.0,3.0,3.0,4.0,3.0,4.0,4.0,4.0,4.0,1007.45,1005.76,-1.85,0.0,23.04
KNYNEWYO1805,America/New_York,2024-01-28 18:59:05+00:00,2024-01-28 13:59:05,1706468345,40.638,-74.035,93.0,0.3,243.0,94.0,92.0,93.0,1,4.0,4.0,4.0,5.0,2.0,3.0,11.0,4.0,7.0,3.0,3.0,3.0,4.0,3.0,4.0,4.0,4.0,4.0,1005.76,1004.74,-0.74,0.0,23.04
KNYNEWYO1805,America/New_York,2024-01-28 19:59:03+00:00,2024-01-28 14:59:03,1706471943,40.638,-74.035,73.0,0.2,219.0,93.0,92.0,92.0,1,4.0,4.0,4.0,4.0,1.0,2.0,9.0,3.0,6.0,3.0,3.0,3.0,4.0,4.0,4.0,4.0,4.0,4.0,1005.08,1004.4,-0.74,0.0,23.04
KNYNEWYO1805,America/New_York,2024-01-28 20:59:01+00:00,2024-01-28 15:59:01,1706475541,40.638,-74.035,40.0,0.1,221.0,93.0,93.0,93.0,1,4.0,4.0,4.0,5.0,1.0,3.0,11.0,3.0,6.0,3.0,3.0,3.0,4.0,4.0,4.0,4.0,4.0,4.0,1004.74,1004.06,-0.37,0.0,23.04
KNYNEWYO1805,America/New_York,2024-01-28 21:59:01+00:00,2024-01-28 16:59:01,1706479141,40.638,-74.035,22.0,0.1,269.0,93.0,92.0,92.0,1,4.0,4.0,4.0,5.0,1.0,3.0,8.0,4.0,6.0,3.0,3.0,3.0,4.0,4.0,4.0,4.0,4.0,4.0,1004.4,1004.06,0.37,0.0,23.04
KNYNEWYO1805,America/New_York,2024-01-28 22:59:00+00:00,2024-01-28 17:59:00,1706482740,40.638,-74.035,1.0,0.0,139.0,94.0,94.0,94.0,1,4.0,4.0,4.0,4.0,1.0,2.0,13.0,2.0,6.0,3.0,3.0,3.0,4.0,4.0,4.0,4.0,4.0,4.0,1004.4,1004.06,-0.37,0.0,23.04
KNYNEWYO1805,America/New_York,2024-01-28 23:58:59+00:00,2024-01-28 18:58:59,1706486339,40.638,-74.035,0.0,0.0,76.0,94.0,94.0,94.0,1,4.0,3.0,4.0,6.0,3.0,4.0,14.0,5.0,9.0,3.0,3.0,3.0,4.0,2.0,3.0,4.0,3.0,4.0,1004.06,1004.06,0.0,0.0,23.04
KNYNEWYO1805,America/New_York,2024-01-29 00:58:57+00:00,2024-01-28 19:58:57,1706489937,40.638,-74.035,0.0,0.0,81.0,94.0,94.0,94.0,1,3.0,3.0,3.0,6.0,2.0,4.0,13.0,6.0,9.0,3.0,3.0,3.0,3.0,2.0,3.0,3.0,3.0,3.0,1004.06,1004.06,0.0,0.0,23.04
KNYNEWYO1805,America/New_York,2024-01-29 01:58:57+00:00,2024-01-28 20:58:57,1706493537,40.638,-74.035,0.0,0.0,91.0,94.0,94.0,94.0,1,3.0,3.0,3.0,5.0,3.0,4.0,16.0,6.0,9.0,3.0,2.0,2.0,3.0,2.0,3.0,3.0,3.0,3.0,1003.73,1003.73,0.0,0.0,23.04
KNYNEWYO1805,America/New_York,2024-01-29 02:58:57+00:00,2024-01-28 21:58:57,1706497137,40.638,-74.035,0.0,0.0,38.0,94.0,94.0,94.0,1,3.0,3.0,3.0,7.0,3.0,5.0,15.0,6.0,11.0,2.0,2.0,2.0,3.0,1.0,2.0,3.0,3.0,3.0,1003.73,1003.39,-0.37,0.0,23.04
KNYNEWYO1805,America/New_York,2024-01-29 03:58:55+00:00,2024-01-28 22:58:55,1706500735,40.638,-74.035,0.0,0.0,41.0,94.0,94.0,94.0,1,3.0,3.0,3.0,6.0,3.0,4.0,12.0,5.0,10.0,2.0,2.0,2.0,3.0,1.0,3.0,3.0,3.0,3.0,1003.39,1003.05,0.0,0.0,23.04
KNYNEWYO1805,America/New_York,2024-01-29 04:58:53+00:00,2024-01-28 23:58:53,1706504333,40.638,-74.035,0.0,0.0,58.0,94.0,93.0,93.0,1,3.0,3.0,3.0,6.0,3.0,4.0,14.0,5.0,10.0,2.0,2.0,2.0,3.0,2.0,3.0,3.0,3.0,3.0,1003.73,1003.39,0.37,0.0,23.04
KNYNEWYO1805,America/New_York,2024-01-29 05:58:52+00:00,2024-01-29 00:58:52,1706507932,40.638,-74.035,0.0,0.0,131.0,95.0,94.0,94.0,1,3.0,3.0,3.0,6.0,3.0,4.0,13.0,6.0,10.0,2.0,2.0,2.0,3.0,1.0,3.0,3.0,3.0,3.0,1004.06,1003.73,0.37,0.0,0.0
KNYNEWYO1805,America/New_York,2024-01-29 06:58:50+00:00,2024-01-29 01:58:50,1706511530,40.638,-74.035,0.0,0.0,5.0,94.0,93.0,93.0,1,3.0,3.0,3.0,8.0,2.0,5.0,15.0,4.0,11.0,2.0,2.0,2.0,3.0,0.0,2.0,3.0,3.0,3.0,1004.4,1004.06,0.37,0.0,0.0
KNYNEWYO1805,America/New_York,2024-01-29 07:58:51+00:00,2024-01-29 02:58:51,1706515131,40.638,-74.035,0.0,0.0,126.0,93.0,92.0,92.0,1,3.0,3.0,3.0,5.0,2.0,4.0,12.0,4.0,8.0,2.0,2.0,2.0,3.0,2.0,3.0,3.0,3.0,3.0,1004.74,1004.4,0.37,0.05,0.08
KNYNEWYO1805,America/New_York,2024-01-29 08:58:49+00:00,2024-01-29 03:58:49,1706518729,40.638,-74.035,0.0,0.0,123.0,93.0,92.0,92.0,1,3.0,3.0,3.0,5.0,2.0,4.0,13.0,6.0,8.0,2.0,2.0,2.0,3.0,1.0,3.0,3.0,3.0,3.0,1005.42,1004.74,0.74,0.38,0.51
KNYNEWYO1805,America/New_York,2024-01-29 09:58:49+00:00,2024-01-29 04:58:49,1706522329,40.638,-74.035,0.0,0.0,147.0,93.0,87.0,90.0,1,4.0,3.0,3.0,4.0,1.0,2.0,8.0,4.0,5.0,2.0,2.0,2.0,4.0,3.0,3.0,4.0,3.0,3.0,1005.76,1005.42,0.37,0.33,2.44
KNYNEWYO1805,America/New_York,2024-01-29 10:58:46+00:00,2024-01-29 05:58:46,1706525926,40.638,-74.035,0.0,0.0,128.0,90.0,86.0,87.0,1,4.0,3.0,4.0,5.0,1.0,3.0,10.0,4.0,6.0,2.0,2.0,2.0,4.0,3.0,4.0,4.0,3.0,4.0,1006.43,1005.76,0.74,0.25,3.1
KNYNEWYO1805,America/New_York,2024-01-29 11:58:47+00:00,2024-01-29 06:58:47,1706529527,40.638,-74.035,0.0,0.0,109.0,90.0,89.0,89.0,1,3.0,3.0,3.0,4.0,1.0,3.0,13.0,3.0,6.0,2.0,2.0,2.0,3.0,3.0,3.0,3.0,3.0,3.0,1007.45,1006.77,0.74,0.3,5.69
KNYNEWYO1805,America/New_York,2024-01-29 12:58:45+00:00,2024-01-29 07:58:45,1706533125,40.638,-74.035,13.0,0.0,45.0,90.0,88.0,88.0,1,3.0,3.0,3.0,3.0,1.0,2.0,10.0,2.0,6.0,2.0,2.0,2.0,3.0,3.0,3.0,3.0,3.0,3.0,1008.47,1007.45,1.11,0.05,5.41
KNYNEWYO1805,America/New_York,2024-01-29 13:58:44+00:00,2024-01-29 08:58:44,1706536724,40.638,-74.035,62.0,0.2,139.0,88.0,87.0,87.0,1,3.0,3.0,3.0,3.0,0.0,2.0,7.0,4.0,6.0,2.0,1.0,2.0,3.0,3.0,3.0,3.0,3.0,3.0,1009.14,1008.47,0.74,0.0,5.41
KNYNEWYO1805,America/New_York,2024-01-29 14:59:42+00:00,2024-01-29 09:59:42,1706540382,40.638,-74.035,100.0,0.3,81.0,87.0,84.0,86.0,1,4.0,3.0,4.0,3.0,1.0,3.0,13.0,4.0,7.0,2.0,1.0,2.0,4.0,3.0,4.0,4.0,3.0,4.0,1009.82,1009.14,0.73,0.0,5.41
KNYNEWYO1805,America/New_York,2024-01-29 15:58:43+00:00,2024-01-29 10:58:43,1706543923,40.638,-74.035,79.0,0.2,131.0,85.0,83.0,84.0,1,4.0,3.0,4.0,3.0,1.0,2.0,9.0,3.0,5.0,1.0,1.0,1.0,4.0,3.0,4.0,4.0,3.0,4.0,1010.5,1009.82,0.74,0.0,5.41
KNYNEWYO1805,America/New_York,2024-01-29 16:53:41+00:00,2024-01-29 11:53:41,1706547221,40.638,-74.035,84.0,0.2,7.0,85.0,82.0,84.0,1,4.0,3.0,4.0,4.0,1.0,2.0,9.0,4.0,7.0,1.0,1.0,1.0,4.0,3.0,4.0,4.0,3.0,4.0,1010.5,1010.5,0.0,0.0,5.41
KNYNEWYO1805,America/New_York,2024-01-29 17:58:40+00:00,2024-01-29 12:58:40,1706551120,40.638,-74.035,118.0,0.3,114.0,82.0,75.0,77.0,1,4.0,4.0,4.0,6.0,3.0,4.0,12.0,5.0,9.0,1.0,0.0,0.0,4.0,2.0,3.0,4.0,4.0,4.0,1010.84,1010.5,0.0,0.0,5.41
KNYNEWYO1805,America/New_York,2024-01-29 18:58:38+00:00,2024-01-29 13:58:38,1706554718,40.638,-74.035,92.0,0.2,128.0,75.0,73.0,73.0,1,4.0,4.0,4.0,7.0,5.0,6.0,14.0,9.0,10.0,0.0,0.0,0.0,3.0,2.0,3.0,4.0,4.0,4.0,1011.18,1010.84,0.37,0.0,5.41
KNYNEWYO1805,America/New_York,2024-01-29 19:58:39+00:00,2024-01-29 14:58:39,1706558319,40.638,-74.035,74.0,0.2,128.0,73.0,71.0,72.0,1,4.0,4.0,4.0,7.0,3.0,5.0,14.0,6.0,9.0,0.0,0.0,0.0,4.0,3.0,4.0,4.0,4.0,4.0,1011.85,1011.18,0.74,0.0,5.41
KNYNEWYO1805,America/New_York,2024-01-29 20:59:36+00:00,2024-01-29 15:59:36,1706561976,40.638,-74.035,51.0,0.1,127.0,76.0,71.0,72.0,1,4.0,4.0,4.0,6.0,3.0,5.0,12.0,6.0,9.0,0.0,-1.0,0.0,4.0,3.0,4.0,4.0,4.0,4.0,1013.21,1011.85,1.45,0.0,5.41
KNYNEWYO1805,America/New_York,2024-01-29 21:59:10+00:00,2024-01-29 16:59:10,1706565550,40.638,-74.035,11.0,0.0,204.0,77.0,75.0,75.0,1,4.0,4.0,4.0,4.0,1.0,3.0,8.0,3.0,6.0,0.0,0.0,0.0,4.0,4.0,4.0,4.0,4.0,4.0,1014.22,1013.21,1.12,0.0,5.41
KNYNEWYO1805,America/New_York,2024-01-29 22:58:34+00:00,2024-01-29 17:58:34,1706569114,40.638,-74.035,2.0,0.0,208.0,76.0,74.0,75.0,1,4.0,3.0,3.0,4.0,1.0,2.0,9.0,4.0,6.0,0.0,-1.0,0.0,4.0,3.0,3.0,4.0,3.0,3.0,1015.24,1014.22,1.13,0.0,5.41
KNYNEWYO1805,America/New_York,2024-01-29 23:59:35+00:00,2024-01-29 18:59:35,1706572775,40.638,-74.035,0.0,0.0,281.0,77.0,74.0,75.0,1,3.0,3.0,3.0,3.0,1.0,2.0,11.0,3.0,7.0,0.0,-1.0,-1.0,3.0,3.0,3.0,3.0,3.0,3.0,1016.26,1015.24,1.11,0.0,5.41
KNYNEWYO1805,America/New_York,2024-01-30 00:59:32+00:00,2024-01-29 19:59:32,1706576372,40.638,-74.035,0.0,0.0,14.0,77.0,74.0,75.0,1,3.0,3.0,3.0,4.0,0.0,2.0,12.0,4.0,7.0,0.0,-1.0,-1.0,3.0,3.0,3.0,3.0,3.0,3.0,1017.61,1016.59,1.11,0.0,5.41
KNYNEWYO1805,America/New_York,2024-01-30 01:59:32+00:00,2024-01-29 20:59:32,1706579972,40.638,-74.035,0.0,0.0,337.0,76.0,74.0,75.0,1,3.0,3.0,3.0,4.0,1.0,3.0,13.0,4.0,8.0,-1.0,-1.0,-1.0,3.0,3.0,3.0,3.0,3.0,3.0,1018.29,1017.61,0.74,0.0,5.41
KNYNEWYO1805,America/New_York,2024-01-30 02:59:30+00:00,2024-01-29 21:59:30,1706583570,40.638,-74.035,0.0,0.0,312.0,77.0,75.0,75.0,1,3.0,3.0,3.0,5.0,1.0,3.0,14.0,4.0,9.0,-1.0,-1.0,-1.0,3.0,2.0,3.0,3.0,3.0,3.0,1018.96,1018.29,0.74,0.0,5.41
KNYNEWYO1805,America/New_York,2024-01-30 03:59:31+00:00,2024-01-29 22:59:31,1706587171,40.638,-74.035,0.0,0.0,69.0,76.0,75.0,75.0,1,3.0,3.0,3.0,5.0,2.0,4.0,18.0,6.0,10.0,-1.0,-1.0,-1.0,3.0,2.0,3.0,3.0,3.0,3.0,1019.3,1018.96,0.37,0.0,5.41
KNYNEWYO1805,America/New_York,2024-01-30 04:59:30+00:00,2024-01-29 23:59:30,1706590770,40.638,-74.035,0.0,0.0,310.0,76.0,73.0,74.0,1,3.0,3.0,3.0,4.0,1.0,3.0,14.0,3.0,6.0,-1.0,-2.0,-1.0,3.0,3.0,3.0,3.0,3.0,3.0,1019.98,1019.3,0.74,0.0,5.41
KNYNEWYO1805,America/New_York,2024-01-30 05:59:28+00:00,2024-01-30 00:59:28,1706594368,40.638,-74.035,0.0,0.0,17.0,75.0,74.0,74.0,1,3.0,2.0,3.0,6.0,1.0,3.0,8.0,2.0,4.0,-2.0,-2.0,-2.0,3.0,1.0,2.0,3.0,2.0,3.0,1019.98,1019.98,0.0,0.0,0.0
KNYNEWYO1805,America/New_York,2024-01-30 06:59:27+00:00,2024-01-30 01:59:27,1706597967,40.638,-74.035,0.0,0.0,61.0,76.0,74.0,75.0,1,2.0,2.0,2.0,5.0,1.0,3.0,8.0,1.0,4.0,-1.0,-2.0,-2.0,2.0,1.0,2.0,2.0,2.0,2.0,1020.32,1019.98,0.0,0.0,0.0
KNYNEWYO1805,America/New_York,2024-01-30 07:59:27+00:00,2024-01-30 02:59:27,1706601567,40.638,-74.035,0.0,0.0,277.0,75.0,72.0,73.0,1,2.0,2.0,2.0,4.0,0.0,3.0,6.0,0.0,4.0,-2.0,-2.0,-2.0,2.0,2.0,2.0,2.0,2.0,2.0,1020.66,1020.32,0.37,0.0,0.0
KNYNEWYO1805,America/New_York,2024-01-30 08:59:26+00:00,2024-01-30 03:59:26,1706605166,40.638,-74.035,0.0,0.0,44.0,72.0,70.0,71.0,1,2.0,2.0,2.0,5.0,3.0,3.0,8.0,3.0,5.0,-2.0,-3.0,-3.0,2.0,1.0,2.0,2.0,2.0,2.0,1021.0,1020.32,0.74,0.0,0.0
KNYNEWYO1805,America/New_York,2024-01-30 09:59:24+00:00,2024-01-30 04:59:24,1706608764,40.638,-74.035,0.0,0.0,120.0,72.0,70.0,70.0,1,2.0,2.0,2.0,4.0,0.0,3.0,8.0,1.0,4.0,-3.0,-3.0,-3.0,2.0,2.0,2.0,2.0,2.0,2.0,1021.33,1021.0,0.37,0.0,0.0
KNYNEWYO1805,America/New_York,2024-01-30 10:59:23+00:00,2024-01-30 05:59:23,1706612363,40.638,-74.035,0.0,0.0,163.0,71.0,68.0,69.0,1,2.0,2.0,2.0,3.0,0.0,1.0,4.0,0.0,2.0,-3.0,-3.0,-3.0,2.0,2.0,2.0,2.0,2.0,2.0,1022.35,1021.33,1.11,0.0,0.0
KNYNEWYO1805,America/New_York,2024-01-30 11:59:21+00:00,2024-01-30 06:59:21,1706615961,40.638,-74.035,0.0,0.0,94.0,72.0,67.0,70.0,1,2.0,2.0,2.0,3.0,0.0,1.0,5.0,0.0,2.0,-3.0,-3.0,-3.0,2.0,2.0,2.0,2.0,2.0,2.0,1022.69,1022.35,0.37,0.0,0.0
KNYNEWYO1805,America/New_York,2024-01-30 12:59:21+00:00,2024-01-30 07:59:21,1706619561,40.638,-74.035,25.0,0.1,102.0,73.0,71.0,71.0,1,2.0,2.0,2.0,4.0,0.0,2.0,5.0,0.0,3.0,-2.0,-3.0,-3.0,2.0,2.0,2.0,2.0,2.0,2.0,1023.37,1022.69,0.74,0.0,0.0
KNYNEWYO1805,America/New_York,2024-01-30 13:59:20+00:00,2024-01-30 08:59:20,1706623160,40.638,-74.035,53.0,0.1,130.0,72.0,70.0,70.0,1,2.0,2.0,2.0,3.0,0.0,1.0,4.0,0.0,2.0,-3.0,-3.0,-3.0,2.0,2.0,2.0,2.0,2.0,2.0,1023.71,1023.37,0.37,0.0,0.0
KNYNEWYO1805,America/New_York,2024-01-30 14:59:18+00:00,2024-01-30 09:59:18,1706626758,40.638,-74.035,82.0,0.2,135.0,70.0,69.0,69.0,1,2.0,2.0,2.0,3.0,0.0,1.0,4.0,0.0,2.0,-3.0,-3.0,-3.0,2.0,2.0,2.0,2.0,2.0,2.0,1023.71,1023.71,0.0,0.0,0.0
KNYNEWYO1805,America/New_York,2024-01-30 15:59:19+00:00,2024-01-30 10:59:19,1706630359,40.638,-74.035,105.0,0.3,84.0,69.0,68.0,68.0,1,3.0,2.0,3.0,2.0,0.0,1.0,3.0,0.0,1.0,-2.0,-3.0,-3.0,3.0,2.0,3.0,3.0,2.0,3.0,1023.71,1023.37,-0.37,0.0,0.0
KNYNEWYO1805,America/New_York,2024-01-30 16:59:17+00:00,2024-01-30 11:59:17,1706633957,40.638,-74.035,108.0,0.3,45.0,68.0,66.0,66.0,1,3.0,3.0,3.0,3.0,0.0,0.0,3.0,0.0,1.0,-2.0,-3.0,-3.0,3.0,3.0,3.0,3.0,3.0,3.0,1023.37,1023.03,-0.37,0.0,0.0
KNYNEWYO1805,America/New_York,2024-01-30 17:59:15+00:00,2024-01-30 12:59:15,1706637555,40.638,-74.035,92.0,0.2,40.0,67.0,65.0,65.0,1,3.0,3.0,3.0,2.0,0.0,1.0,3.0,0.0,1.0,-3.0,-3.0,-3.0,3.0,3.0,3.0,3.0,3.0,3.0,1023.03,1022.69,-0.37,0.0,0.0
KNYNEWYO1805,America/New_York,2024-01-30 18:59:16+00:00,2024-01-30 13:59:16,1706641156,40.638,-74.035,83.0,0.2,76.0,68.0,64.0,65.0,1,3.0,3.0,3.0,4.0,0.0,1.0,5.0,0.0,2.0,-2.0,-3.0,-3.0,3.0,3.0,3.0,3.0,3.0,3.0,1022.69,1022.69,0.0,0.0,0.0
KNYNEWYO1805,America/New_York,2024-01-30 19:59:15+00:00,2024-01-30 14:59:15,1706644755,40.638,-74.035,74.0,0.2,77.0,65.0,63.0,63.0,1,3.0,3.0,3.0,5.0,0.0,2.0,6.0,0.0,3.0,-3.0,-3.0,-3.0,3.0,3.0,3.0,3.0,3.0,3.0,1022.69,1022.35,-0.37,0.0,0.0
KNYNEWYO1805,America/New_York,2024-01-30 20:59:12+00:00,2024-01-30 15:59:12,1706648352,40.638,-74.035,47.0,0.1,179.0,64.0,63.0,63.0,1,3.0,3.0,3.0,2.0,0.0,1.0,5.0,0.0,2.0,-3.0,-3.0,-3.0,3.0,3.0,3.0,3.0,3.0,3.0,1022.35,1022.35,0.0,0.0,0.0
KNYNEWYO1805,America/New_York,2024-01-30 21:59:12+00:00,2024-01-30 16:59:12,1706651952,40.638,-74.035,16.0,0.0,122.0,67.0,64.0,65.0,1,3.0,3.0,3.0,3.0,0.0,1.0,7.0,2.0,4.0,-2.0,-3.0,-3.0,3.0,3.0,3.0,3.0,3.0,3.0,1022.35,1022.35,0.0,0.0,0.0
KNYNEWYO1805,America/New_York,2024-01-30 22:59:10+00:00,2024-01-30 17:59:10,1706655550,40.638,-74.035,2.0,0.0,139.0,71.0,67.0,68.0,1,3.0,3.0,3.0,5.0,1.0,2.0,10.0,3.0,6.0,-2.0,-3.0,-2.0,3.0,3.0,3.0,3.0,3.0,3.0,1022.35,1022.35,0.0,0.0,0.0
KNYNEWYO1805,America/New_York,2024-01-30 23:59:10+00:00,2024-01-30 18:59:10,1706659150,40.638,-74.035,0.0,0.0,133.0,86.0,71.0,82.0,1,3.0,2.0,3.0,4.0,0.0,2.0,9.0,1.0,5.0,0.0,-2.0,0.0,3.0,2.0,3.0,3.0,2.0,3.0,1022.69,1022.35,0.0,0.0,0.0
KNYNEWYO1805,America/New_York,2024-01-31 00:59:08+00:00,2024-01-30 19:59:08,1706662748,40.638,-74.035,0.0,0.0,121.0,83.0,79.0,80.0,1,3.0,3.0,3.0,6.0,1.0,3.0,12.0,3.0,9.0,0.0,0.0,0.0,3.0,1.0,3.0,3.0,3.0,3.0,1022.69,1022.35,0.37,0.0,0.0
KNYNEWYO1805,America/New_York,2024-01-31 01:59:07+00:00,2024-01-30 20:59:07,1706666347,40.638,-74.035,0.0,0.0,122.0,81.0,79.0,80.0,1,3.0,3.0,3.0,5.0,1.0,3.0,10.0,4.0,7.0,0.0,-1.0,0.0,3.0,1.0,3.0,3.0,3.0,3.0,1022.69,1022.35,-0.37,0.0,0.0
KNYNEWYO1805,America/New_York,2024-01-31 02:59:07+00:00,2024-01-30 21:59:07,1706669947,40.638,-74.035,0.0,0.0,105.0,86.0,81.0,83.0,1,3.0,2.0,2.0,5.0,2.0,3.0,13.0,4.0,8.0,0.0,0.0,0.0,3.0,1.0,2.0,3.0,2.0,2.0,1022.35,1022.35,0.0,0.0,0.0
KNYNEWYO1805,America/New_York,2024-01-31 03:59:06+00:00,2024-01-30 22:59:06,1706673546,40.638,-74.035,0.0,0.0,117.0,81.0,79.0,80.0,1,3.0,2.0,3.0,11.0,1.0,4.0,16.0,3.0,7.0,0.0,-1.0,-1.0,3.0,-1.0,2.0,3.0,2.0,3.0,1022.35,1022.01,-0.37,0.0,0.0
KNYNEWYO1805,America/New_York,2024-01-31 04:59:00+00:00,2024-01-30 23:59:00,1706677140,40.638,-74.035,0.0,0.0,70.0,84.0,81.0,82.0,1,2.0,2.0,2.0,5.0,1.0,3.0,12.0,2.0,6.0,0.0,-1.0,-1.0,2.0,1.0,2.0,2.0,2.0,2.0,1022.01,1022.01,0.0,0.0,0.0
KNYNEWYO1850,America/New_York,2024-01-01 05:59:00+00:00,2024-01-01 00:59:00,1704088740,40.759,-73.802,0.0,0.0,237.0,62.0,60.0,60.0,1,6.0,6.0,6.0,9.0,0.0,3.0,13.0,2.0,5.0,-1.0,-1.0,-1.0,6.0,4.0,6.0,6.0,6.0,6.0,1015.21,1014.6,-0.11,0.0,0.0
KNYNEWYO1850,America/New_York,2024-01-01 06:59:00+00:00,2024-01-01 01:59:00,1704092340,40.759,-73.802,0.0,0.0,216.0,62.0,61.0,61.0,1,6.0,6.0,6.0,9.0,0.0,3.0,13.0,2.0,7.0,-1.0,-1.0,-1.0,6.0,4.0,6.0,6.0,6.0,6.0,1015.1,1014.49,-0.1,0.0,0.0
KNYNEWYO1850,America/New_York,2024-01-01 07:59:00+00:00,2024-01-01 02:59:00,1704095940,40.759,-73.802,0.0,0.0,272.0,65.0,61.0,63.0,1,6.0,6.0,6.0,6.0,0.0,2.0,9.0,2.0,5.0,-1.0,-1.0,-1.0,6.0,4.0,6.0,6.0,6.0,6.0,1015.1,1014.7,-0.1,0.0,0.0
KNYNEWYO1850,America/New_York,2024-01-01 08:59:00+00:00,2024-01-01 03:59:00,1704099540,40.759,-73.802,0.0,0.0,279.0,68.0,64.0,65.0,1,6.0,5.0,5.0,5.0,0.0,2.0,9.0,0.0,3.0,0.0,-1.0,0.0,6.0,4.0,5.0,6.0,5.0,5.0,1015.0,1014.29,-0.62,0.0,0.0
KNYNEWYO1850,America/New_York,2024-01-01 09:59:00+00:00,2024-01-01 04:59:00,1704103140,40.759,-73.802,0.0,0.0,279.0,70.0,67.0,68.0,1,5.0,5.0,5.0,7.0,0.0,2.0,9.0,2.0,4.0,0.0,0.0,0.0,5.0,4.0,5.0,5.0,5.0,5.0,1014.7,1014.29,0.21,0.0,0.0
KNYNEWYO1850,America/New_York,2024-01-01 10:59:00+00:00,2024-01-01 05:59:00,1704106740,40.759,-73.802,0.0,0.0,287.0,72.0,68.0,69.0,1,5.0,5.0,5.0,4.0,0.0,1.0,5.0,0.0,2.0,0.0,0.0,0.0,5.0,5.0,5.0,5.0,5.0,5.0,1014.9,1014.39,0.31,0.0,0.0
KNYNEWYO1850,America/New_York,2024-01-01 11:59:00+00:00,2024-01-01 06:59:00,1704110340,40.759,-73.802,0.04,0.0,284.0,82.0,72.0,76.0,1,5.0,4.0,5.0,6.0,0.0,2.0,7.0,0.0,3.0,2.0,0.0,1.0,5.0,4.0,5.0,5.0,4.0,5.0,1015.61,1014.8,0.62,0.0,0.0
KNYNEWYO1850,America/New_York,2024-01-01 12:59:00+00:00,2024-01-01 07:59:00,1704113940,40.759,-73.802,6.57,0.0,279.0,85.0,82.0,83.0,1,4.0,4.0,4.0,5.0,0.0,2.0,7.0,2.0,4.0,2.0,1.0,2.0,4.0,3.0,4.0,4.0,4.0,4.0,1015.98,1015.31,0.59,1.8,0.3
KNYNEWYO1850,America/New_York,2024-01-01 13:59:00+00:00,2024-01-01 08:59:00,1704117540,40.759,-73.802,31.25,0.0,282.0,86.0,84.0,85.0,1,4.0,4.0,4.0,5.0,0.0,2.0,7.0,2.0,4.0,2.0,2.0,2.0,4.0,4.0,4.0,4.0,4.0,4.0,1016.49,1015.71,0.59,1.19,0.51
KNYNEWYO1850,America/New_York,2024-01-01 14:59:00+00:00,2024-01-01 09:59:00,1704121140,40.759,-73.802,190.32,1.0,299.0,86.0,80.0,83.0,1,5.0,4.0,5.0,5.0,0.0,1.0,5.0,0.0,3.0,2.0,2.0,2.0,5.0,4.0,5.0,5.0,4.0,5.0,1016.59,1016.19,0.21,0.0,0.51
KNYNEWYO1850,America/New_York,2024-01-01 15:59:00+00:00,2024-01-01 10:59:00,1704124740,40.759,-73.802,256.67,2.0,307.0,80.0,71.0,77.0,1,7.0,5.0,6.0,4.0,0.0,1.0,5.0,0.0,2.0,2.0,1.0,2.0,7.0,5.0,6.0,7.0,5.0,6.0,1016.59,1015.92,-0.38,0.0,0.51
KNYNEWYO1850,America/New_York,2024-01-01 16:59:00+00:00,2024-01-01 11:59:00,1704128340,40.759,-73.802,316.39,3.0,302.0,73.0,67.0,70.0,1,7.0,6.0,7.0,4.0,0.0,1.0,5.0,0.0,3.0,2.0,1.0,2.0,7.0,6.0,7.0,7.0,6.0,7.0,1016.09,1015.31,-0.59,0.0,0.51
KNYNEWYO1850,America/New_York,2024-01-01 17:59:00+00:00,2024-01-01 12:59:00,1704131940,40.759,-73.802,315.25,3.0,282.0,70.0,64.0,66.0,1,8.0,7.0,7.0,5.0,0.0,2.0,7.0,0.0,4.0,2.0,1.0,1.0,8.0,7.0,7.0,8.0,7.0,7.0,1015.51,1014.8,-0.41,0.0,0.51
KNYNEWYO1850,America/New_York,2024-01-01 18:59:00+00:00,2024-01-01 13:59:00,1704135540,40.759,-73.802,298.1,2.0,307.0,68.0,62.0,65.0,1,8.0,7.0,7.0,4.0,0.0,1.0,5.0,0.0,3.0,2.0,1.0,1.0,8.0,7.0,7.0,8.0,7.0,7.0,1015.21,1014.9,0.1,0.0,0.51
KNYNEWYO1850,America/New_York,2024-01-01 19:59:00+00:00,2024-01-01 14:59:00,1704139140,40.759,-73.802,284.01,2.0,281.0,64.0,56.0,59.0,1,9.0,7.0,8.0,7.0,0.0,2.0,9.0,0.0,4.0,2.0,0.0,1.0,9.0,7.0,8.0,9.0,7.0,8.0,1015.51,1014.9,0.41,0.0,0.51
KNYNEWYO1850,America/New_York,2024-01-01 20:59:00+00:00,2024-01-01 15:59:00,1704142740,40.759,-73.802,57.25,0.0,318.0,63.0,60.0,61.0,1,8.0,7.0,7.0,4.0,0.0,1.0,5.0,0.0,2.0,1.0,0.0,0.0,8.0,7.0,7.0,8.0,7.0,7.0,1015.71,1015.21,0.1,0.0,0.51
KNYNEWYO1850,America/New_York,2024-01-01 21:59:00+00:00,2024-01-01 16:59:00,1704146340,40.759,-73.802,13.88,0.0,301.0,63.0,61.0,61.0,1,7.0,7.0,7.0,5.0,0.0,2.0,5.0,0.0,3.0,1.0,0.0,0.0,7.0,7.0,7.0,7.0,7.0,7.0,1016.09,1015.41,0.38,0.0,0.51
KNYNEWYO1850,America/New_York,2024-01-01 22:59:00+00:00,2024-01-01 17:59:00,1704149940,40.759,-73.802,0.09,0.0,302.0,64.0,63.0,63.0,1,7.0,6.0,7.0,5.0,0.0,2.0,5.0,0.0,3.0,0.0,0.0,0.0,7.0,6.0,7.0,7.0,6.0,7.0,1016.49,1015.92,0.41,0.0,0.51
KNYNEWYO1850,America/New_York,2024-01-01 23:59:00+00:00,2024-01-01 18:59:00,1704153540,40.759,-73.802,0.0,0.0,303.0,75.0,62.0,68.0,1,6.0,6.0,6.0,3.0,0.0,1.0,4.0,0.0,2.0,2.0,0.0,1.0,6.0,6.0,6.0,6.0,6.0,6.0,1016.9,1016.29,0.41,0.0,0.51
KNYNEWYO1850,America/New_York,2024-01-02 00:59:00+00:00,2024-01-01 19:59:00,1704157140,40.759,-73.802,0.0,0.0,300.0,76.0,65.0,68.0,1,6.0,5.0,5.0,5.0,0.0,2.0,7.0,0.0,3.0,2.0,-1.0,0.0,6.0,5.0,5.0,6.0,5.0,5.0,1017.1,1016.7,0.0,0.0,0.51
KNYNEWYO1850,America/New_York,2024-01-02 01:59:00+00:00,2024-01-01 20:59:00,1704160740,40.759,-73.802,0.0,0.0,297.0,74.0,67.0,70.0,1,5.0,4.0,5.0,6.0,0.0,2.0,9.0,0.0,4.0,0.0,-1.0,0.0,5.0,4.0,5.0,5.0,4.0,5.0,1017.41,1016.9,0.42,0.0,0.51
KNYNEWYO1850,America/New_York,2024-01-02 02:58:00+00:00,2024-01-01 21:58:00,1704164280,40.759,-73.802,0.0,0.0,300.0,75.0,71.0,73.0,1,4.0,4.0,4.0,5.0,0.0,2.0,5.0,0.0,3.0,0.0,-1.0,0.0,4.0,3.0,4.0,4.0,4.0,4.0,1017.81,1017.2,0.53,0.0,0.51
KNYNEWYO1850,America/New_York,2024-01-02 03:59:00+00:00,2024-01-01 22:59:00,1704167940,40.759,-73.802,0.0,0.0,297.0,77.0,72.0,75.0,1,4.0,3.0,3.0,5.0,0.0,3.0,13.0,2.0,5.0,-1.0,-1.0,-1.0,4.0,2.0,3.0,4.0,3.0,3.0,1017.91,1017.61,0.1,0.0,0.51
KNYNEWYO1850,America/New_York,2024-01-02 04:59:00+00:00,2024-01-01 23:59:00,1704171540,40.759,-73.802,0.0,0.0,296.0,77.0,73.0,75.0,1,3.0,2.0,2.0,8.0,0.0,4.0,11.0,2.0,7.0,-1.0,-3.0,-2.0,3.0,-1.0,2.0,3.0,2.0,2.0,1018.02,1017.51,-0.21,0.0,0.51
KNYNEWYO1850,America/New_York,2024-01-02 05:59:00+00:00,2024-01-02 00:59:00,1704175140,40.759,-73.802,0.0,0.0,296.0,74.0,72.0,72.0,1,2.0,1.0,1.0,5.0,0.0,2.0,7.0,0.0,4.0,-3.0,-3.0,-3.0,2.0,0.0,1.0,2.0,1.0,1.0,1017.91,1017.41,-0.11,0.0,0.0
KNYNEWYO1850,America/New_York,2024-01-02 06:59:00+00:00,2024-01-02 01:59:00,1704178740,40.759,-73.802,0.0,0.0,295.0,74.0,70.0,71.0,1,1.0,0.0,1.0,7.0,0.0,3.0,11.0,2.0,7.0,-3.0,-5.0,-4.0,1.0,-2.0,0.0,1.0,0.0,1.0,1017.91,1017.41,0.1,0.0,0.0
KNYNEWYO1850,America/New_York,2024-01-02 07:59:00+00:00,2024-01-02 02:59:00,1704182340,40.759,-73.802,0.0,0.0,297.0,73.0,71.0,72.0,1,0.0,0.0,0.0,7.0,0.0,3.0,11.0,2.0,6.0,-4.0,-5.0,-4.0,0.0,-2.0,0.0,0.0,0.0,0.0,1018.02,1017.71,0.21,0.0,0.0
KNYNEWYO1850,America/New_York,2024-01-02 08:59:00+00:00,2024-01-02 03:59:00,1704185940,40.759,-73.802,0.0,0.0,285.0,73.0,71.0,72.0,1,0.0,-1.0,0.0,12.0,0.0,5.0,18.0,4.0,10.0,-5.0,-5.0,-5.0,0.0,-4.0,-2.0,0.0,-1.0,0.0,1018.29,1017.81,0.07,0.0,0.0
KNYNEWYO1850,America/New_York,2024-01-02 09:59:00+00:00,2024-01-02 04:59:00,1704189540,40.759,-73.802,0.0,0.0,283.0,76.0,72.0,73.0,1,-1.0,-1.0,-1.0,10.0,0.0,4.0,13.0,4.0,7.0,-5.0,-5.0,-5.0,-1.0,-4.0,-2.0,-1.0,-1.0,-1.0,1018.19,1017.71,-0.1,0.0,0.0
KNYNEWYO1850,America/New_York,2024-01-02 10:59:00+00:00,2024-01-02 05:59:00,1704193140,40.759,-73.802,0.0,0.0,297.0,77.0,74.0,75.0,1,-1.0,-2.0,-1.0,5.0,0.0,3.0,9.0,4.0,6.0,-5.0,-5.0,-5.0,-1.0,-3.0,-2.0,-1.0,-2.0,-1.0,1018.49,1017.81,0.48,0.0,0.0
KNYNEWYO1850,America/New_York,2024-01-02 11:59:00+00:00,2024-01-02 06:59:00,1704196740,40.759,-73.802,0.12,0.0,290.0,76.0,73.0,74.0,1,-2.0,-2.0,-2.0,12.0,0.0,3.0,15.0,2.0,7.0,-5.0,-6.0,-6.0,-2.0,-6.0,-2.0,-2.0,-2.0,-2.0,1019.1,1018.49,0.62,0.0,0.0
KNYNEWYO1850,America/New_York,2024-01-02 12:59:00+00:00,2024-01-02 07:59:00,1704200340,40.759,-73.802,20.09,0.0,296.0,75.0,74.0,74.0,1,-2.0,-2.0,-2.0,8.0,0.0,3.0,9.0,2.0,5.0,-6.0,-6.0,-6.0,-2.0,-5.0,-2.0,-2.0,-2.0,-2.0,1019.3,1018.8,0.1,0.0,0.0
KNYNEWYO1850,America/New_York,2024-01-02 13:59:00+00:00,2024-01-02 08:59:00,1704203940,40.759,-73.802,75.52,0.0,292.0,75.0,68.0,70.0,1,-1.0,-2.0,-1.0,8.0,0.0,3.0,13.0,2.0,7.0,-6.0,-6.0,-6.0,-1.0,-4.0,-2.0,-1.0,-2.0,-1.0,1019.51,1019.0,0.31,0.0,0.0
KNYNEWYO1850,America/New_York,2024-01-02 14:58:00+00:00,2024-01-02 09:58:00,1704207480,40.759,-73.802,202.93,1.0,286.0,68.0,62.0,64.0,1,1.0,-1.0,0.0,9.0,0.0,4.0,15.0,4.0,9.0,-6.0,-6.0,-6.0,1.0,-3.0,-1.0,1.0,-1.0,0.0,1019.51,1019.2,0.0,0.0,0.0
KNYNEWYO1850,America/New_York,2024-01-02 15:59:00+00:00,2024-01-02 10:59:00,1704211140,40.759,-73.802,287.02,2.0,281.0,63.0,58.0,60.0,1,2.0,1.0,1.0,9.0,0.0,5.0,17.0,5.0,10.0,-5.0,-6.0,-6.0,2.0,-2.0,0.0,2.0,1.0,1.0,1019.61,1018.49,-1.03,0.0,0.0
KNYNEWYO1850,America/New_York,2024-01-02 16:59:00+00:00,2024-01-02 11:59:00,1704214740,40.759,-73.802,335.18,3.0,270.0,58.0,53.0,55.0,1,3.0,2.0,2.0,12.0,2.0,6.0,18.0,5.0,11.0,-5.0,-6.0,-6.0,3.0,-1.0,1.0,3.0,2.0,2.0,1018.59,1017.31,-1.33,0.0,0.0
KNYNEWYO1850,America/New_York,2024-01-02 17:59:00+00:00,2024-01-02 12:59:00,1704218340,40.759,-73.802,334.35,3.0,268.0,54.0,50.0,51.0,1,4.0,3.0,4.0,12.0,1.0,5.0,17.0,4.0,10.0,-5.0,-6.0,-5.0,4.0,1.0,3.0,4.0,3.0,4.0,1017.31,1016.29,-0.83,0.0,0.0
KNYNEWYO1850,America/New_York,2024-01-02 18:59:00+00:00,2024-01-02 13:59:00,1704221940,40.759,-73.802,312.06,3.0,275.0,51.0,46.0,48.0,1,5.0,4.0,5.0,13.0,0.0,5.0,17.0,4.0,10.0,-5.0,-6.0,-5.0,5.0,1.0,4.0,5.0,4.0,5.0,1016.19,1015.31,-0.69,0.0,0.0
KNYNEWYO1850,America/New_York,2024-01-02 19:58:00+00:00,2024-01-02 14:58:00,1704225480,40.759,-73.802,244.06,2.0,268.0,48.0,45.0,46.0,1,6.0,5.0,5.0,10.0,2.0,5.0,15.0,5.0,9.0,-5.0,-5.0,-5.0,6.0,3.0,5.0,6.0,5.0,5.0,1015.51,1015.1,0.0,0.0,0.0
KNYNEWYO1850,America/New_York,2024-01-02 20:59:00+00:00,2024-01-02 15:59:00,1704229140,40.759,-73.802,129.81,1.0,281.0,47.0,45.0,45.0,1,6.0,5.0,6.0,9.0,0.0,3.0,11.0,4.0,7.0,-5.0,-5.0,-5.0,6.0,4.0,6.0,6.0,5.0,6.0,1015.31,1014.8,0.0,0.0,0.0
KNYNEWYO1850,America/New_York,2024-01-02 21:59:00+00:00,2024-01-02 16:59:00,1704232740,40.759,-73.802,30.42,0.0,275.0,49.0,46.0,47.0,1,6.0,5.0,5.0,5.0,0.0,3.0,7.0,0.0,5.0,-5.0,-5.0,-5.0,6.0,4.0,5.0,6.0,5.0,5.0,1015.31,1014.8,0.21,0.0,0.0
KNYNEWYO1850,America/New_York,2024-01-02 22:59:00+00:00,2024-01-02 17:59:00,1704236340,40.759,-73.802,0.13,0.0,281.0,53.0,49.0,50.0,1,5.0,5.0,5.0,6.0,0.0,1.0,7.0,0.0,4.0,-4.0,-5.0,-4.0,5.0,4.0,5.0,5.0,5.0,5.0,1015.51,1015.1,0.1,0.0,0.0
KNYNEWYO1850,America/New_York,2024-01-02 23:59:00+00:00,2024-01-02 18:59:00,1704239940,40.759,-73.802,0.0,0.0,282.0,55.0,52.0,53.0,1,5.0,4.0,5.0,5.0,0.0,1.0,7.0,0.0,3.0,-4.0,-4.0,-4.0,5.0,4.0,5.0,5.0,4.0,5.0,1015.82,1015.21,0.31,0.0,0.0
KNYNEWYO1850,America/New_York,2024-01-03 00:59:00+00:00,2024-01-02 19:59:00,1704243540,40.759,-73.802,0.0,0.0,273.0,54.0,52.0,52.0,1,5.0,4.0,5.0,8.0,0.0,2.0,11.0,2.0,5.0,-4.0,-4.0,-4.0,5.0,3.0,5.0,5.0,4.0,5.0,1015.71,1015.31,-0.31,0.0,0.0
KNYNEWYO1850,America/New_York,2024-01-03 01:59:00+00:00,2024-01-02 20:59:00,1704247140,40.759,-73.802,0.0,0.0,273.0,54.0,52.0,53.0,1,5.0,4.0,5.0,7.0,0.0,3.0,13.0,0.0,6.0,-4.0,-4.0,-4.0,5.0,3.0,4.0,5.0,4.0,5.0,1015.82,1015.21,-0.1,0.0,0.0
KNYNEWYO1850,America/New_York,2024-01-03 02:59:00+00:00,2024-01-02 21:59:00,1704250740,40.759,-73.802,0.0,0.0,275.0,56.0,54.0,54.0,1,4.0,4.0,4.0,6.0,0.0,3.0,9.0,0.0,5.0,-4.0,-4.0,-4.0,4.0,3.0,4.0,4.0,4.0,4.0,1015.71,1015.21,0.31,0.0,0.0
KNYNEWYO1850,America/New_York,2024-01-03 03:59:00+00:00,2024-01-02 22:59:00,1704254340,40.759,-73.802,0.0,0.0,267.0,59.0,55.0,56.0,1,4.0,4.0,4.0,9.0,0.0,4.0,11.0,2.0,6.0,-3.0,-4.0,-4.0,4.0,2.0,4.0,4.0,4.0,4.0,1015.82,1015.31,0.0,0.0,0.0
KNYNEWYO1850,America/New_York,2024-01-03 04:59:00+00:00,2024-01-02 23:59:00,1704257940,40.759,-73.802,0.0,0.0,276.0,59.0,57.0,58.0,1,4.0,4.0,4.0,7.0,1.0,3.0,9.0,2.0,5.0,-3.0,-4.0,-4.0,4.0,2.0,4.0,4.0,4.0,4.0,1015.51,1014.7,-0.83,0.0,0.0
KNYNEWYO1850,America/New_York,2024-01-03 05:59:00+00:00,2024-01-03 00:59:00,1704261540,40.759,-73.802,0.0,0.0,266.0,61.0,59.0,59.0,1,4.0,3.0,3.0,11.0,1.0,4.0,13.0,4.0,6.0,-3.0,-4.0,-4.0,4.0,0.0,3.0,4.0,3.0,3.0,1015.1,1014.7,0.11,0.0,0.0
KNYNEWYO1850,America/New_York,2024-01-03 06:59:00+00:00,2024-01-03 01:59:00,1704265140,40.759,-73.802,0.0,0.0,262.0,67.0,61.0,64.0,1,3.0,3.0,3.0,11.0,2.0,5.0,17.0,5.0,10.0,-3.0,-4.0,-3.0,3.0,0.0,2.0,3.0,3.0,3.0,1015.1,1014.7,-0.21,0.0,0.0
KNYNEWYO1850,America/New_York,2024-01-03 07:59:00+00:00,2024-01-03 02:59:00,1704268740,40.759,-73.802,0.0,0.0,272.0,70.0,67.0,68.0,1,3.0,2.0,2.0,9.0,1.0,4.0,11.0,4.0,8.0,-3.0,-3.0,-3.0,3.0,0.0,2.0,3.0,2.0,2.0,1015.21,1014.7,-0.1,0.0,0.0
KNYNEWYO1850,America/New_York,2024-01-03 08:59:00+00:00,2024-01-03 03:59:00,1704272340,40.759,-73.802,0.0,0.0,265.0,72.0,69.0,70.0,1,2.0,2.0,2.0,9.0,0.0,4.0,13.0,4.0,8.0,-3.0,-3.0,-3.0,2.0,-1.0,1.0,2.0,2.0,2.0,1015.21,1014.7,0.1,0.0,0.0
KNYNEWYO1850,America/New_York,2024-01-03 09:59:00+00:00,2024-01-03 04:59:00,1704275940,40.759,-73.802,0.0,0.0,264.0,72.0,71.0,71.0,1,2.0,1.0,1.0,9.0,3.0,5.0,13.0,4.0,9.0,-3.0,-4.0,-3.0,2.0,-2.0,0.0,2.0,1.0,1.0,1015.41,1014.9,0.41,0.0,0.0
KNYNEWYO1850,America/New_York,2024-01-03 10:59:00+00:00,2024-01-03 05:59:00,1704279540,40.759,-73.802,0.0,0.0,277.0,72.0,70.0,71.0,1,1.0,1.0,1.0,8.0,0.0,3.0,11.0,2.0,6.0,-3.0,-4.0,-3.0,1.0,-1.0,1.0,1.0,1.0,1.0,1015.61,1015.1,0.21,0.0,0.0
KNYNEWYO1850,America/New_York,2024-01-03 11:58:00+00:00,2024-01-03 06:58:00,1704283080,40.759,-73.802,0.12,0.0,281.0,71.0,70.0,70.0,1,2.0,1.0,1.0,6.0,0.0,2.0,7.0,0.0,4.0,-3.0,-4.0,-3.0,2.0,0.0,1.0,2.0,1.0,1.0,1015.98,1015.41,0.6,0.0,0.0
KNYNEWYO1850,America/New_York,2024-01-03 12:59:00+00:00,2024-01-03 07:59:00,1704286740,40.759,-73.802,12.9,0.0,282.0,70.0,68.0,69.0,1,2.0,2.0,2.0,7.0,0.0,2.0,9.0,0.0,3.0,-3.0,-3.0,-3.0,2.0,0.0,2.0,2.0,2.0,2.0,1016.7,1015.92,0.41,0.0,0.0
KNYNEWYO1850,America/New_York,2024-01-03 13:59:00+00:00,2024-01-03 08:59:00,1704290340,40.759,-73.802,79.64,0.0,275.0,68.0,65.0,67.0,1,3.0,2.0,2.0,7.0,1.0,4.0,9.0,4.0,6.0,-3.0,-3.0,-3.0,3.0,0.0,2.0,3.0,2.0,2.0,1017.2,1016.49,0.41,0.0,0.0
KNYNEWYO1850,America/New_York,2024-01-03 14:59:00+00:00,2024-01-03 09:59:00,1704293940,40.759,-73.802,198.86,1.0,273.0,65.0,60.0,62.0,1,4.0,3.0,3.0,6.0,0.0,3.0,11.0,2.0,6.0,-3.0,-3.0,-3.0,4.0,2.0,3.0,4.0,3.0,3.0,1017.2,1016.8,0.1,0.0,0.0
KNYNEWYO1850,America/New_York,2024-01-03 15:59:00+00:00,2024-01-03 10:59:00,1704297540,40.759,-73.802,279.83,2.0,263.0,61.0,58.0,59.0,1,5.0,4.0,4.0,9.0,0.0,5.0,13.0,4.0,9.0,-3.0,-3.0,-3.0,5.0,1.0,3.0,5.0,4.0,4.0,1016.9,1016.09,-0.83,0.0,0.0
KNYNEWYO1850,America/New_York,2024-01-03 16:59:00+00:00,2024-01-03 11:59:00,1704301140,40.759,-73.802,322.19,3.0,274.0,59.0,56.0,57.0,1,6.0,5.0,5.0,10.0,1.0,5.0,15.0,4.0,9.0,-2.0,-3.0,-3.0,6.0,3.0,4.0,6.0,5.0,5.0,1016.19,1015.31,-0.79,0.0,0.0
KNYNEWYO1850,America/New_York,2024-01-03 17:59:00+00:00,2024-01-03 12:59:00,1704304740,40.759,-73.802,389.46,3.0,279.0,56.0,53.0,54.0,1,7.0,6.0,6.0,9.0,0.0,5.0,17.0,5.0,10.0,-2.0,-3.0,-2.0,6.0,4.0,5.0,7.0,6.0,6.0,1015.41,1014.8,-0.62,0.0,0.0
KNYNEWYO1850,America/New_York,2024-01-03 18:59:00+00:00,2024-01-03 13:59:00,1704308340,40.759,-73.802,410.48,4.0,268.0,55.0,51.0,53.0,1,7.0,6.0,6.0,12.0,1.0,6.0,18.0,5.0,10.0,-2.0,-2.0,-2.0,7.0,4.0,6.0,7.0,6.0,6.0,1015.1,1014.49,-0.31,0.0,0.0
KNYNEWYO1850,America/New_York,2024-01-03 19:59:00+00:00,2024-01-03 14:59:00,1704311940,40.759,-73.802,127.54,1.0,265.0,57.0,55.0,56.0,1,6.0,6.0,6.0,13.0,2.0,6.0,17.0,5.0,12.0,-2.0,-3.0,-2.0,6.0,3.0,5.0,6.0,6.0,6.0,1014.8,1014.29,-0.21,0.0,0.0
KNYNEWYO1850,America/New_York,2024-01-03 20:59:00+00:00,2024-01-03 15:59:00,1704315540,40.759,-73.802,61.82,0.0,267.0,58.0,57.0,57.0,1,6.0,5.0,5.0,9.0,1.0,5.0,17.0,5.0,10.0,-2.0,-3.0,-3.0,5.0,3.0,4.0,6.0,5.0,5.0,1014.6,1014.09,0.0,0.0,0.0
KNYNEWYO1850,America/New_York,2024-01-03 21:59:00+00:00,2024-01-03 16:59:00,1704319140,40.759,-73.802,17.13,0.0,281.0,60.0,58.0,59.0,1,5.0,5.0,5.0,8.0,0.0,3.0,11.0,2.0,6.0,-2.0,-3.0,-3.0,5.0,3.0,5.0,5.0,5.0,5.0,1015.21,1014.09,0.62,0.0,0.0
KNYNEWYO1850,America/New_York,2024-01-03 22:59:00+00:00,2024-01-03 17:59:00,1704322740,40.759,-73.802,0.06,0.0,280.0,60.0,59.0,59.0,1,5.0,5.0,5.0,7.0,0.0,3.0,13.0,2.0,6.0,-2.0,-3.0,-2.0,5.0,3.0,5.0,5.0,5.0,5.0,1015.51,1015.1,0.21,0.0,0.0
KNYNEWYO1850,America/New_York,2024-01-03 23:59:00+00:00,2024-01-03 18:59:00,1704326340,40.759,-73.802,0.0,0.0,280.0,61.0,60.0,60.0,1,5.0,5.0,5.0,7.0,0.0,3.0,9.0,2.0,6.0,-2.0,-2.0,-2.0,5.0,3.0,5.0,5.0,5.0,5.0,1015.71,1015.1,0.21,0.0,0.0
KNYNEWYO1850,America/New_York,2024-01-04 00:59:00+00:00,2024-01-03 19:59:00,1704329940,40.759,-73.802,0.0,0.0,278.0,61.0,60.0,60.0,1,5.0,4.0,5.0,8.0,0.0,3.0,11.0,2.0,6.0,-2.0,-2.0,-2.0,5.0,3.0,4.0,5.0,4.0,5.0,1015.71,1015.0,-0.62,0.0,0.0
KNYNEWYO1850,America/New_York,2024-01-04 01:59:00+00:00,2024-01-03 20:59:00,1704333540,40.759,-73.802,0.0,0.0,275.0,61.0,60.0,60.0,1,5.0,4.0,5.0,7.0,0.0,4.0,11.0,2.0,6.0,-2.0,-3.0,-2.0,5.0,3.0,4.0,5.0,4.0,5.0,1015.21,1014.7,-0.31,0.0,0.0
KNYNEWYO1850,America/New_York,2024-01-04 02:59:00+00:00,2024-01-03 21:59:00,1704337140,40.759,-73.802,0.0,0.0,285.0,62.0,60.0,60.0,1,4.0,4.0,4.0,5.0,0.0,2.0,9.0,2.0,4.0,-2.0,-3.0,-2.0,4.0,3.0,4.0,4.0,4.0,4.0,1014.9,1014.29,-0.1,0.0,0.0
KNYNEWYO1850,America/New_York,2024-01-04 03:59:00+00:00,2024-01-03 22:59:00,1704340740,40.759,-73.802,0.0,0.0,281.0,61.0,60.0,60.0,1,4.0,4.0,4.0,6.0,0.0,2.0,7.0,2.0,4.0,-2.0,-3.0,-3.0,4.0,3.0,4.0,4.0,4.0,4.0,1015.0,1014.39,0.21,0.0,0.0
KNYNEWYO1850,America/New_York,2024-01-04 04:59:00+00:00,2024-01-03 23:59:00,1704344340,40.759,-73.802,0.0,0.0,277.0,62.0,60.0,61.0,1,4.0,4.0,4.0,5.0,0.0,2.0,7.0,2.0,4.0,-2.0,-3.0,-2.0,4.0,3.0,4.0,4.0,4.0,4.0,1015.1,1014.49,-0.52,0.0,0.0
KNYNEWYO1850,America/New_York,2024-01-04 05:59:00+00:00,2024-01-04 00:59:00,1704347940,40.759,-73.802,0.0,0.0,278.0,63.0,62.0,62.0,1,4.0,4.0,4.0,6.0,0.0,2.0,7.0,2.0,5.0,-2.0,-2.0,-2.0,4.0,3.0,4.0,4.0,4.0,4.0,1014.8,1013.99,-0.84,0.0,0.0
KNYNEWYO1850,America/New_York,2024-01-04 06:59:00+00:00,2024-01-04 01:59:00,1704351540,40.759,-73.802,0.0,0.0,280.0,64.0,63.0,63.0,1,4.0,4.0,4.0,4.0,0.0,1.0,7.0,0.0,3.0,-2.0,-2.0,-2.0,4.0,4.0,4.0,4.0,4.0,4.0,1014.39,1013.88,-0.21,0.0,0.0
KNYNEWYO1850,America/New_York,2024-01-04 07:59:00+00:00,2024-01-04 02:59:00,1704355140,40.759,-73.802,0.0,0.0,284.0,64.0,63.0,63.0,1,4.0,4.0,4.0,4.0,0.0,1.0,5.0,0.0,2.0,-2.0,-2.0,-2.0,4.0,4.0,4.0,4.0,4.0,4.0,1014.09,1013.61,-0.48,0.0,0.0
KNYNEWYO1850,America/New_York,2024-01-04 08:59:00+00:00,2024-01-04 03:59:00,1704358740,40.759,-73.802,0.0,0.0,270.0,64.0,63.0,63.0,1,4.0,4.0,4.0,4.0,0.0,1.0,7.0,0.0,3.0,-2.0,-2.0,-2.0,4.0,4.0,4.0,4.0,4.0,4.0,1013.82,1012.7,-0.72,0.0,0.0
KNYNEWYO1850,America/New_York,2024-01-04 09:59:00+00:00,2024-01-04 04:59:00,1704362340,40.759,-73.802,0.0,0.0,263.0,65.0,63.0,64.0,1,4.0,4.0,4.0,4.0,0.0,1.0,5.0,0.0,3.0,-2.0,-2.0,-2.0,4.0,4.0,4.0,4.0,4.0,4.0,1013.0,1012.29,-0.1,0.0,0.0
KNYNEWYO1850,America/New_York,2024-01-04 10:59:00+00:00,2024-01-04 05:59:00,1704365940,40.759,-73.802,0.0,0.0,247.0,65.0,62.0,63.0,1,5.0,4.0,4.0,8.0,0.0,3.0,11.0,2.0,6.0,-2.0,-2.0,-2.0,5.0,3.0,4.0,5.0,4.0,4.0,1012.9,1012.29,-0.31,0.0,0.0
KNYNEWYO1850,America/New_York,2024-01-04 11:59:00+00:00,2024-01-04 06:59:00,1704369540,40.759,-73.802,0.07,0.0,269.0,71.0,62.0,65.0,1,5.0,4.0,4.0,13.0,1.0,5.0,17.0,4.0,10.0,-1.0,-2.0,-2.0,5.0,1.0,4.0,5.0,4.0,4.0,1012.9,1012.19,0.31,0.0,0.0
KNYNEWYO1850,America/New_York,2024-01-04 12:59:00+00:00,2024-01-04 07:59:00,1704373140,40.759,-73.802,13.85,0.0,265.0,73.0,71.0,72.0,1,4.0,3.0,4.0,6.0,0.0,2.0,11.0,2.0,5.0,-1.0,-1.0,-1.0,4.0,2.0,3.0,4.0,3.0,4.0,1013.31,1012.8,0.41,0.0,0.0
KNYNEWYO1850,America/New_York,2024-01-04 13:59:00+00:00,2024-01-04 08:59:00,1704376740,40.759,-73.802,36.04,0.0,267.0,71.0,68.0,69.0,1,4.0,4.0,4.0,7.0,1.0,4.0,11.0,2.0,7.0,-1.0,-1.0,-1.0,4.0,2.0,4.0,4.0,4.0,4.0,1013.61,1013.11,0.21,0.0,0.0
KNYNEWYO1850,America/New_York,2024-01-04 14:59:00+00:00,2024-01-04 09:59:00,1704380340,40.759,-73.802,52.6,0.0,266.0,69.0,67.0,67.0,1,4.0,4.0,4.0,9.0,2.0,5.0,13.0,4.0,9.0,-1.0,-1.0,-1.0,4.0,2.0,4.0,4.0,4.0,4.0,1013.88,1013.51,0.21,0.0,0.0
KNYNEWYO1850,America/New_York,2024-01-04 15:59:00+00:00,2024-01-04 10:59:00,1704383940,40.759,-73.802,116.1,1.0,268.0,68.0,65.0,67.0,1,5.0,4.0,5.0,11.0,1.0,6.0,15.0,4.0,10.0,-1.0,-1.0,-1.0,5.0,2.0,3.0,5.0,4.0,5.0,1013.99,1013.41,-0.31,0.0,0.0
KNYNEWYO1850,America/New_York,2024-01-04 16:59:00+00:00,2024-01-04 11:59:00,1704387540,40.759,-73.802,168.75,1.0,263.0,65.0,63.0,64.0,1,6.0,5.0,5.0,12.0,2.0,7.0,18.0,5.0,12.0,-1.0,-1.0,-1.0,6.0,2.0,4.0,6.0,5.0,5.0,1013.61,1013.0,-0.41,0.0,0.0
KNYNEWYO1850,America/New_York,2024-01-04 17:59:00+00:00,2024-01-04 12:59:00,1704391140,40.759,-73.802,243.66,2.0,272.0,63.0,54.0,59.0,1,7.0,6.0,6.0,15.0,1.0,7.0,22.0,7.0,13.0,-1.0,-2.0,-1.0,7.0,3.0,5.0,7.0,6.0,6.0,1013.21,1012.29,-0.72,0.0,0.0
KNYNEWYO1850,America/New_York,2024-01-04 18:59:00+00:00,2024-01-04 13:59:00,1704394740,40.759,-73.802,395.0,3.0,265.0,54.0,48.0,51.0,1,7.0,6.0,7.0,20.0,3.0,9.0,28.0,7.0,17.0,-2.0,-3.0,-2.0,7.0,3.0,5.0,7.0,6.0,7.0,1012.6,1012.29,-0.1,0.0,0.0
KNYNEWYO1850,America/New_York,2024-01-04 19:59:00+00:00,2024-01-04 14:59:00,1704398340,40.759,-73.802,287.62,2.0,266.0,49.0,45.0,47.0,1,8.0,6.0,7.0,18.0,3.0,11.0,30.0,13.0,20.0,-3.0,-4.0,-4.0,8.0,3.0,5.0,8.0,6.0,7.0,1013.21,1012.39,0.72,0.0,0.0
KNYNEWYO1850,America/New_York,2024-01-04 20:59:00+00:00,2024-01-04 15:59:00,1704401940,40.759,-73.802,173.27,1.0,268.0,48.0,46.0,47.0,1,7.0,6.0,6.0,21.0,3.0,11.0,31.0,5.0,20.0,-4.0,-4.0,-4.0,7.0,3.0,4.0,7.0,6.0,6.0,1014.29,1013.21,0.9,0.0,0.0
KNYNEWYO1850,America/New_York,2024-01-04 21:59:00+00:00,2024-01-04 16:59:00,1704405540,40.759,-73.802,41.45,0.0,260.0,47.0,43.0,44.0,1,6.0,4.0,5.0,21.0,4.0,11.0,35.0,9.0,20.0,-4.0,-7.0,-6.0,5.0,1.0,3.0,6.0,4.0,5.0,1015.82,1014.19,1.47,0.0,0.0
KNYNEWYO1850,America/New_York,2024-01-04 22:59:00+00:00,2024-01-04 17:59:00,1704409140,40.759,-73.802,0.19,0.0,267.0,47.0,45.0,46.0,1,4.0,3.0,3.0,16.0,2.0,9.0,26.0,9.0,16.0,-7.0,-7.0,-7.0,4.0,-1.0,1.0,4.0,3.0,3.0,1017.2,1015.61,1.33,0.0,0.0
KNYNEWYO1850,America/New_York,2024-01-04 23:58:00+00:00,2024-01-04 18:58:00,1704412680,40.759,-73.802,0.0,0.0,266.0,48.0,42.0,46.0,1,3.0,2.0,2.0,16.0,2.0,8.0,22.0,4.0,16.0,-7.0,-10.0,-8.0,3.0,-1.0,0.0,3.0,2.0,2.0,1018.49,1017.0,1.44,0.0,0.0
KNYNEWYO1850,America/New_York,2024-01-05 00:59:00+00:00,2024-01-04 19:59:00,1704416340,40.759,-73.802,0.0,0.0,271.0,43.0,39.0,40.0,1,2.0,1.0,2.0,16.0,2.0,8.0,26.0,2.0,16.0,-9.0,-11.0,-10.0,2.0,-3.0,-1.0,2.0,1.0,2.0,1019.1,1018.08,1.03,0.0,0.0
KNYNEWYO1850,America/New_York,2024-01-05 01:59:00+00:00,2024-01-04 20:59:00,1704419940,40.759,-73.802,0.0,0.0,260.0,42.0,40.0,40.0,1,1.0,0.0,1.0,21.0,3.0,9.0,30.0,9.0,18.0,-10.0,-12.0,-11.0,1.0,-4.0,-2.0,1.0,0.0,1.0,1020.12,1019.0,0.83,0.0,0.0
KNYNEWYO1850,America/New_York,2024-01-05 02:59:00+00:00,2024-01-04 21:59:00,1704423540,40.759,-73.802,0.0,0.0,270.0,47.0,42.0,44.0,1,0.0,-1.0,0.0,19.0,0.0,7.0,22.0,5.0,14.0,-10.0,-11.0,-11.0,0.0,-5.0,-2.0,0.0,-1.0,0.0,1020.59,1019.61,0.59,0.0,0.0
KNYNEWYO1850,America/New_York,2024-01-05 03:58:00+00:00,2024-01-04 22:58:00,1704427080,40.759,-73.802,0.0,0.0,256.0,50.0,46.0,48.0,1,-1.0,-2.0,-1.0,19.0,0.0,8.0,30.0,7.0,16.0,-11.0,-11.0,-11.0,-1.0,-7.0,-4.0,-1.0,-2.0,-1.0,1021.4,1020.49,0.84,0.0,0.0
KNYNEWYO1850,America/New_York,2024-01-05 04:59:00+00:00,2024-01-04 23:59:00,1704430740,40.759,-73.802,0.0,0.0,249.0,54.0,50.0,51.0,1,-2.0,-2.0,-2.0,18.0,1.0,8.0,26.0,4.0,17.0,-10.0,-11.0,-10.0,-2.0,-7.0,-4.0,-2.0,-2.0,-2.0,1021.91,1021.2,0.41,0.0,0.0
KNYNEWYO1850,America/New_York,2024-01-05 05:59:00+00:00,2024-01-05 00:59:00,1704434340,40.759,-73.802,0.0,0.0,260.0,55.0,53.0,54.0,1,-2.0,-3.0,-2.0,15.0,0.0,6.0,24.0,4.0,13.0,-10.0,-11.0,-10.0,-2.0,-7.0,-4.0,-2.0,-3.0,-2.0,1022.38,1021.61,0.74,0.0,0.0
KNYNEWYO1850,America/New_York,2024-01-05 06:59:00+00:00,2024-01-05 01:59:00,1704437940,40.759,-73.802,0.0,0.0,262.0,57.0,55.0,55.0,1,-3.0,-3.0,-3.0,14.0,0.0,7.0,22.0,5.0,13.0,-10.0,-11.0,-10.0,-3.0,-8.0,-5.0,-3.0,-3.0,-3.0,1022.99,1022.22,0.71,0.0,0.0
KNYNEWYO1850,America/New_York,2024-01-05 07:59:00+00:00,2024-01-05 02:59:00,1704441540,40.759,-73.802,0.0,0.0,266.0,58.0,57.0,57.0,1,-3.0,-3.0,-3.0,12.0,1.0,6.0,22.0,5.0,12.0,-10.0,-11.0,-10.0,-3.0,-8.0,-5.0,-3.0,-3.0,-3.0,1023.91,1022.79,0.72,0.0,0.0
KNYNEWYO1850,America/New_York,2024-01-05 08:59:00+00:00,2024-01-05 03:59:00,1704445140,40.759,-73.802,0.0,0.0,270.0,59.0,57.0,58.0,1,-3.0,-3.0,-3.0,12.0,0.0,6.0,18.0,4.0,11.0,-10.0,-10.0,-10.0,-3.0,-8.0,-5.0,-3.0,-3.0,-3.0,1024.01,1023.4,0.0,0.0,0.0
KNYNEWYO1850,America/New_York,2024-01-05 09:59:00+00:00,2024-01-05 04:59:00,1704448740,40.759,-73.802,0.0,0.0,276.0,60.0,59.0,59.0,1,-3.0,-3.0,-3.0,10.0,0.0,4.0,17.0,4.0,8.0,-10.0,-10.0,-10.0,-3.0,-7.0,-4.0,-3.0,-3.0,-3.0,1023.91,1023.5,-0.1,0.0,0.0
KNYNEWYO1850,America/New_York,2024-01-05 10:59:00+00:00,2024-01-05 05:59:00,1704452340,40.759,-73.802,0.0,0.0,272.0,61.0,59.0,60.0,1,-3.0,-3.0,-3.0,10.0,0.0,4.0,18.0,4.0,8.0,-9.0,-10.0,-10.0,-3.0,-7.0,-4.0,-3.0,-3.0,-3.0,1024.31,1023.6,0.62,0.0,0.0
KNYNEWYO1850,America/New_York,2024-01-05 11:59:00+00:00,2024-01-05 06:59:00,1704455940,40.759,-73.802,0.17,0.0,274.0,62.0,60.0,60.0,1,-3.0,-3.0,-3.0,10.0,0.0,4.0,13.0,2.0,8.0,-9.0,-9.0,-9.0,-3.0,-7.0,-4.0,-3.0,-3.0,-3.0,1024.69,1024.11,0.59,0.0,0.0
KNYNEWYO1850,America/New_York,2024-01-05 12:59:00+00:00,2024-01-05 07:59:00,1704459540,40.759,-73.802,21.48,0.0,266.0,63.0,59.0,61.0,1,-2.0,-3.0,-3.0,11.0,0.0,5.0,18.0,5.0,10.0,-9.0,-9.0,-9.0,-3.0,-7.0,-4.0,-2.0,-3.0,-3.0,1025.4,1024.59,0.62,0.0,0.0
KNYNEWYO1850,America/New_York,2024-01-05 13:59:00+00:00,2024-01-05 08:59:00,1704463140,40.759,-73.802,99.81,0.0,263.0,60.0,55.0,57.0,1,-2.0,-2.0,-2.0,14.0,1.0,6.0,20.0,5.0,12.0,-9.0,-9.0,-9.0,-2.0,-6.0,-4.0,-2.0,-2.0,-2.0,1026.11,1025.09,0.41,0.0,0.0
KNYNEWYO1850,America/New_York,2024-01-05 14:59:00+00:00,2024-01-05 09:59:00,1704466740,40.759,-73.802,211.49,2.0,263.0,56.0,53.0,54.0,1,-1.0,-2.0,-1.0,11.0,1.0,6.0,17.0,5.0,11.0,-9.0,-10.0,-9.0,-1.0,-5.0,-3.0,-1.0,-2.0,-1.0,1026.52,1025.91,0.41,0.0,0.0
KNYNEWYO1850,America/New_York,2024-01-05 15:59:00+00:00,2024-01-05 10:59:00,1704470340,40.759,-73.802,294.84,2.0,271.0,53.0,48.0,49.0,1,0.0,-1.0,0.0,16.0,1.0,7.0,24.0,4.0,13.0,-9.0,-10.0,-9.0,0.0,-5.0,-2.0,0.0,-1.0,0.0,1026.41,1025.4,-0.93,0.0,0.0
KNYNEWYO1850,America/New_York,2024-01-05 16:59:00+00:00,2024-01-05 11:59:00,1704473940,40.759,-73.802,331.72,3.0,274.0,48.0,44.0,46.0,1,2.0,0.0,1.0,12.0,2.0,6.0,17.0,5.0,11.0,-9.0,-10.0,-9.0,1.0,-3.0,0.0,2.0,0.0,1.0,1025.3,1023.81,-1.54,0.0,0.0
KNYNEWYO1850,America/New_York,2024-01-05 17:59:00+00:00,2024-01-05 12:59:00,1704477540,40.759,-73.802,333.24,3.0,250.0,45.0,43.0,44.0,1,3.0,2.0,2.0,12.0,1.0,7.0,17.0,5.0,11.0,-8.0,-9.0,-9.0,3.0,-2.0,0.0,3.0,2.0,2.0,1024.11,1023.2,-0.62,0.0,0.0
KNYNEWYO1850,America/New_York,2024-01-05 18:59:00+00:00,2024-01-05 13:59:00,1704481140,40.759,-73.802,311.86,3.0,265.0,45.0,42.0,43.0,1,3.0,2.0,3.0,14.0,2.0,7.0,22.0,7.0,14.0,-8.0,-9.0,-8.0,3.0,-1.0,1.0,3.0,2.0,3.0,1023.4,1022.79,-0.62,0.0,0.0
KNYNEWYO1850,America/New_York,2024-01-05 19:58:00+00:00,2024-01-05 14:58:00,1704484680,40.759,-73.802,249.26,2.0,253.0,44.0,41.0,42.0,1,3.0,3.0,3.0,12.0,2.0,6.0,17.0,7.0,12.0,-8.0,-9.0,-8.0,3.0,0.0,2.0,3.0,3.0,3.0,1022.89,1022.38,-0.32,0.0,0.0
KNYNEWYO1850,America/New_York,2024-01-05 20:59:00+00:00,2024-01-05 15:59:00,1704488340,40.759,-73.802,141.44,1.0,266.0,44.0,42.0,43.0,1,3.0,3.0,3.0,9.0,1.0,5.0,13.0,4.0,9.0,-8.0,-8.0,-8.0,3.0,1.0,3.0,3.0,3.0,3.0,1022.69,1022.11,0.31,0.0,0.0
KNYNEWYO1850,America/New_York,2024-01-05 21:59:00+00:00,2024-01-05 16:59:00,1704491940,40.759,-73.802,35.27,0.0,263.0,47.0,44.0,45.0,1,3.0,2.0,3.0,9.0,1.0,5.0,13.0,4.0,8.0,-8.0,-8.0,-8.0,3.0,0.0,2.0,3.0,2.0,3.0,1022.89,1022.38,-0.52,0.0,0.0
KNYNEWYO1850,America/New_York,2024-01-05 22:59:00+00:00,2024-01-05 17:59:00,1704495540,40.759,-73.802,0.17,0.0,261.0,48.0,46.0,47.0,1,3.0,2.0,2.0,7.0,0.0,3.0,11.0,2.0,6.0,-7.0,-8.0,-8.0,3.0,1.0,2.0,3.0,2.0,2.0,1022.79,1022.32,-0.1,0.0,0.0
KNYNEWYO1850,America/New_York,2024-01-05 23:59:00+00:00,2024-01-05 18:59:00,1704499140,40.759,-73.802,0.0,0.0,268.0,48.0,47.0,47.0,1,3.0,2.0,2.0,7.0,0.0,2.0,13.0,2.0,5.0,-7.0,-8.0,-8.0,3.0,1.0,2.0,3.0,2.0,2.0,1023.71,1022.49,1.03,0.0,0.0
KNYNEWYO1850,America/New_York,2024-01-06 00:59:00+00:00,2024-01-05 19:59:00,1704502740,40.759,-73.802,0.0,0.0,234.0,52.0,48.0,49.0,1,3.0,2.0,2.0,6.0,0.0,2.0,13.0,2.0,6.0,-7.0,-8.0,-7.0,3.0,0.0,2.0,3.0,2.0,2.0,1023.6,1022.79,-0.83,0.0,0.0
KNYNEWYO1850,America/New_York,2024-01-06 01:59:00+00:00,2024-01-05 20:59:00,1704506340,40.759,-73.802,0.0,0.0,245.0,56.0,52.0,54.0,1,2.0,2.0,2.0,6.0,0.0,2.0,11.0,2.0,4.0,-6.0,-7.0,-6.0,2.0,0.0,2.0,2.0,2.0,2.0,1023.3,1022.69,-0.31,0.0,0.0
KNYNEWYO1850,America/New_York,2024-01-06 02:59:00+00:00,2024-01-05 21:59:00,1704509940,40.759,-73.802,0.0,0.0,215.0,57.0,55.0,56.0,1,2.0,1.0,2.0,7.0,0.0,3.0,9.0,4.0,6.0,-6.0,-6.0,-6.0,2.0,-1.0,1.0,2.0,1.0,2.0,1022.99,1022.49,-0.1,0.0,0.0
KNYNEWYO1850,America/New_York,2024-01-06 03:59:00+00:00,2024-01-05 22:59:00,1704513540,40.759,-73.802,0.0,0.0,210.0,58.0,56.0,57.0,1,2.0,1.0,1.0,8.0,0.0,3.0,11.0,2.0,6.0,-6.0,-6.0,-6.0,2.0,-1.0,1.0,2.0,1.0,1.0,1022.89,1022.01,-0.79,0.0,0.0
KNYNEWYO1850,America/New_York,2024-01-06 04:59:00+00:00,2024-01-05 23:59:00,1704517140,40.759,-73.802,0.0,0.0,274.0,65.0,58.0,61.0,1,1.0,0.0,0.0,4.0,0.0,1.0,5.0,0.0,2.0,-6.0,-6.0,-6.0,1.0,0.0,0.0,1.0,0.0,0.0,1022.49,1022.01,-0.21,0.0,0.0
KNYNEWYO1850,America/New_York,2024-01-06 05:59:00+00:00,2024-01-06 00:59:00,1704520740,40.759,-73.802,0.0,0.0,295.0,69.0,65.0,66.0,1,0.0,-1.0,0.0,0.0,0.0,0.0,2.0,0.0,0.0,-6.0,-6.0,-6.0,0.0,-1.0,0.0,0.0,-1.0,0.0,1022.32,1021.81,0.21,0.0,0.0
KNYNEWYO1850,America/New_York,2024-01-06 06:59:00+00:00,2024-01-06 01:59:00,1704524340,40.759,-73.802,0.0,0.0,253.0,68.0,62.0,64.0,1,0.0,-1.0,0.0,4.0,0.0,1.0,5.0,0.0,2.0,-6.0,-6.0,-6.0,0.0,-1.0,0.0,0.0,-1.0,0.0,1022.79,1022.01,0.38,0.0,0.0
KNYNEWYO1850,America/New_York,2024-01-06 07:59:00+00:00,2024-01-06 02:59:00,1704527940,40.759,-73.802,0.0,0.0,316.0,72.0,62.0,68.0,1,0.0,-1.0,-1.0,1.0,0.0,0.0,4.0,0.0,1.0,-5.0,-6.0,-6.0,0.0,-1.0,-1.0,0.0,-1.0,-1.0,1022.79,1022.01,-0.59,0.0,0.0
KNYNEWYO1850,America/New_York,2024-01-06 08:59:00+00:00,2024-01-06 03:59:00,1704531540,40.759,-73.802,0.0,0.0,327.0,76.0,72.0,73.0,1,-1.0,-2.0,-1.0,0.0,0.0,0.0,0.0,0.0,0.0,-5.0,-6.0,-6.0,-1.0,-2.0,-1.0,-1.0,-2.0,-1.0,1022.49,1021.81,-0.31,0.0,0.0
KNYNEWYO1850,America/New_York,2024-01-06 09:59:00+00:00,2024-01-06 04:59:00,1704535140,40.759,-73.802,0.0,0.0,328.0,78.0,74.0,75.0,1,-1.0,-2.0,-1.0,1.0,0.0,0.0,2.0,0.0,0.0,-5.0,-6.0,-5.0,-1.0,-2.0,-1.0,-1.0,-2.0,-1.0,1022.11,1021.61,0.0,0.0,0.0
KNYNEWYO1850,America/New_York,2024-01-06 10:59:00+00:00,2024-01-06 05:59:00,1704538740,40.759,-73.802,0.0,0.0,330.0,80.0,77.0,78.0,1,-1.0,-2.0,-1.0,1.0,0.0,0.0,2.0,0.0,0.0,-5.0,-5.0,-5.0,-1.0,-2.0,-1.0,-1.0,-2.0,-1.0,1022.38,1021.71,0.0,0.0,0.0
KNYNEWYO1850,America/New_York,2024-01-06 11:59:00+00:00,2024-01-06 06:59:00,1704542340,40.759,-73.802,0.08,0.0,329.0,81.0,79.0,80.0,1,-1.0,-2.0,-1.0,0.0,0.0,0.0,0.0,0.0,0.0,-4.0,-5.0,-4.0,-1.0,-2.0,-1.0,-1.0,-2.0,-1.0,1022.32,1021.91,0.31,0.0,0.0
KNYNEWYO1850,America/New_York,2024-01-06 12:59:00+00:00,2024-01-06 07:59:00,1704545940,40.759,-73.802,24.35,0.0,336.0,80.0,75.0,78.0,1,-1.0,-1.0,-1.0,2.0,0.0,0.0,4.0,0.0,1.0,-4.0,-4.0,-4.0,-1.0,-1.0,-1.0,-1.0,-1.0,-1.0,1022.38,1021.81,-0.31,0.0,0.0
KNYNEWYO1850,America/New_York,2024-01-06 13:59:00+00:00,2024-01-06 08:59:00,1704549540,40.759,-73.802,55.81,0.0,348.0,75.0,72.0,73.0,1,0.0,-1.0,0.0,5.0,0.0,1.0,5.0,2.0,4.0,-4.0,-5.0,-4.0,0.0,-2.0,0.0,0.0,-1.0,0.0,1022.32,1021.61,0.21,0.0,0.0
KNYNEWYO1850,America/New_York,2024-01-06 14:59:00+00:00,2024-01-06 09:59:00,1704553140,40.759,-73.802,85.14,0.0,353.0,72.0,68.0,69.0,1,1.0,0.0,1.0,5.0,0.0,2.0,11.0,2.0,5.0,-4.0,-4.0,-4.0,1.0,-1.0,1.0,1.0,0.0,1.0,1022.22,1021.1,-0.72,0.0,0.0
KNYNEWYO1850,America/New_York,2024-01-06 15:59:00+00:00,2024-01-06 10:59:00,1704556740,40.759,-73.802,92.04,0.0,350.0,72.0,69.0,70.0,1,2.0,1.0,1.0,8.0,0.0,3.0,13.0,2.0,6.0,-3.0,-4.0,-3.0,2.0,-1.0,1.0,2.0,1.0,1.0,1021.71,1020.12,-1.21,0.0,0.0
KNYNEWYO1850,America/New_York,2024-01-06 16:59:00+00:00,2024-01-06 11:59:00,1704560340,40.759,-73.802,111.39,1.0,348.0,69.0,66.0,67.0,1,2.0,2.0,2.0,9.0,0.0,2.0,13.0,0.0,6.0,-3.0,-4.0,-4.0,2.0,-1.0,2.0,2.0,2.0,2.0,1020.59,1019.4,-0.52,0.0,0.0
KNYNEWYO1850,America/New_York,2024-01-06 17:59:00+00:00,2024-01-06 12:59:00,1704563940,40.759,-73.802,115.07,1.0,345.0,66.0,65.0,65.0,1,3.0,2.0,2.0,8.0,0.0,3.0,13.0,2.0,7.0,-3.0,-4.0,-3.0,3.0,0.0,2.0,3.0,2.0,2.0,1019.61,1017.41,-1.93,0.0,0.0
KNYNEWYO1850,America/New_York,2024-01-06 18:59:00+00:00,2024-01-06 13:59:00,1704567540,40.759,-73.802,111.9,1.0,345.0,66.0,65.0,65.0,1,3.0,3.0,3.0,9.0,0.0,3.0,13.0,2.0,7.0,-3.0,-3.0,-3.0,3.0,0.0,2.0,3.0,3.0,3.0,1017.81,1016.29,-0.93,0.0,0.0
KNYNEWYO1850,America/New_York,2024-01-06 19:59:00+00:00,2024-01-06 14:59:00,1704571140,40.759,-73.802,59.12,0.0,348.0,69.0,67.0,67.0,1,3.0,3.0,3.0,7.0,0.0,2.0,13.0,0.0,5.0,-2.0,-3.0,-3.0,3.0,1.0,3.0,3.0,3.0,3.0,1016.7,1015.51,-1.0,0.0,0.0
KNYNEWYO1850,America/New_York,2024-01-06 20:59:00+00:00,2024-01-06 15:59:00,1704574740,40.759,-73.802,22.12,0.0,334.0,83.0,69.0,75.0,1,3.0,2.0,2.0,9.0,0.0,2.0,13.0,0.0,5.0,-1.0,-2.0,-2.0,3.0,-1.0,2.0,3.0,2.0,2.0,1015.61,1014.49,-0.93,0.0,0.0
KNYNEWYO1850,America/New_York,2024-01-06 21:59:00+00:00,2024-01-06 16:59:00,1704578340,40.759,-73.802,4.1,0.0,351.0,93.0,83.0,89.0,1,2.0,1.0,1.0,6.0,0.0,3.0,9.0,0.0,4.0,0.0,-1.0,-1.0,2.0,-1.0,1.0,2.0,1.0,1.0,1014.9,1013.61,-0.79,0.0,0.0
KNYNEWYO1850,America/New_York,2024-01-06 22:59:00+00:00,2024-01-06 17:59:00,1704581940,40.759,-73.802,0.04,0.0,348.0,95.0,93.0,94.0,1,1.0,1.0,1.0,6.0,0.0,2.0,9.0,2.0,4.0,0.0,0.0,0.0,1.0,-1.0,1.0,1.0,1.0,1.0,1013.51,1012.19,-1.34,0.0,0.0
KNYNEWYO1850,America/New_York,2024-01-06 23:59:00+00:00,2024-01-06 18:59:00,1704585540,40.759,-73.802,0.0,0.0,6.0,95.0,95.0,95.0,1,1.0,1.0,1.0,2.0,2.0,2.0,5.0,5.0,5.0,0.0,0.0,0.0,1.0,1.0,1.0,1.0,1.0,1.0,1012.29,1010.8,-1.21,0.0,0.0
KNYNEWYO1850,America/New_York,2024-01-07 00:59:00+00:00,2024-01-06 19:59:00,1704589140,40.759,-73.802,,,,,,,1,,,,,,,,,,,,,,,,,,,1010.8,1007.99,-2.76,,
KNYNEWYO1850,America/New_York,2024-01-07 01:58:00+00:00,2024-01-06 20:58:00,1704592680,40.759,-73.802,0.0,0.0,357.0,95.0,95.0,95.0,1,2.0,2.0,2.0,6.0,6.0,6.0,9.0,9.0,9.0,1.0,1.0,1.0,0.0,0.0,0.0,2.0,2.0,2.0,1007.99,1006.1,-1.75,13.79,3.81
KNYNEWYO1850,America/New_York,2024-01-07 02:58:00+00:00,2024-01-06 21:58:00,1704596280,40.759,-73.802,0.0,0.0,337.0,95.0,95.0,95.0,1,2.0,2.0,2.0,8.0,2.0,4.0,13.0,4.0,8.0,1.0,1.0,1.0,2.0,-1.0,1.0,2.0,2.0,2.0,1006.4,1004.91,-1.33,8.99,6.91
KNYNEWYO1850,America/New_York,2024-01-07 03:59:00+00:00,2024-01-06 22:59:00,1704599940,40.759,-73.802,0.0,0.0,325.0,96.0,95.0,95.0,1,2.0,2.0,2.0,12.0,1.0,6.0,20.0,4.0,12.0,2.0,1.0,1.0,2.0,-2.0,0.0,2.0,2.0,2.0,1005.49,1003.79,-1.05,5.99,9.91
KNYNEWYO1850,America/New_York,2024-01-07 04:59:00+00:00,2024-01-06 23:59:00,1704603540,40.759,-73.802,0.0,0.0,344.0,95.0,94.0,94.0,1,3.0,2.0,3.0,12.0,0.0,4.0,17.0,2.0,8.0,2.0,2.0,2.0,3.0,0.0,2.0,3.0,2.0,3.0,1004.2,1003.59,0.21,1.8,11.2
KNYNEWYO1850,America/New_York,2024-01-07 05:59:00+00:00,2024-01-07 00:59:00,1704607140,40.759,-73.802,0.0,0.0,331.0,96.0,95.0,95.0,1,3.0,2.0,2.0,10.0,0.0,3.0,15.0,2.0,8.0,2.0,2.0,2.0,3.0,-1.0,2.0,3.0,2.0,2.0,1004.3,1003.59,-0.31,1.8,0.99
KNYNEWYO1850,America/New_York,2024-01-07 06:59:00+00:00,2024-01-07 01:59:00,1704610740,40.759,-73.802,0.0,0.0,330.0,96.0,96.0,96.0,1,3.0,2.0,2.0,15.0,1.0,4.0,18.0,2.0,8.0,2.0,2.0,2.0,3.0,-2.0,2.0,3.0,2.0,2.0,1003.69,1002.91,-0.59,1.8,1.5
KNYNEWYO1850,America/New_York,2024-01-07 07:59:00+00:00,2024-01-07 02:59:00,1704614340,40.759,-73.802,0.0,0.0,338.0,97.0,96.0,96.0,1,3.0,3.0,3.0,18.0,1.0,5.0,28.0,4.0,12.0,2.0,2.0,2.0,3.0,-2.0,2.0,3.0,3.0,3.0,1003.12,1002.4,-0.62,1.8,2.01
KNYNEWYO1850,America/New_York,2024-01-07 08:59:00+00:00,2024-01-07 03:59:00,1704617940,40.759,-73.802,0.0,0.0,348.0,97.0,96.0,96.0,1,3.0,3.0,3.0,13.0,0.0,4.0,22.0,2.0,10.0,2.0,2.0,2.0,3.0,-1.0,2.0,3.0,3.0,3.0,1002.4,1001.39,-1.03,1.8,2.31
KNYNEWYO1850,America/New_York,2024-01-07 09:59:00+00:00,2024-01-07 04:59:00,1704621540,40.759,-73.802,0.0,0.0,351.0,97.0,97.0,97.0,1,3.0,3.0,3.0,11.0,0.0,4.0,18.0,4.0,9.0,2.0,2.0,2.0,3.0,0.0,2.0,3.0,3.0,3.0,1001.49,1001.02,-0.31,1.8,2.79
KNYNEWYO1850,America/New_York,2024-01-07 10:59:00+00:00,2024-01-07 05:59:00,1704625140,40.759,-73.802,0.0,0.0,340.0,97.0,97.0,97.0,1,3.0,3.0,3.0,7.0,0.0,3.0,13.0,2.0,8.0,3.0,2.0,2.0,3.0,1.0,3.0,3.0,3.0,3.0,1001.39,1000.91,-0.17,1.8,3.1
KNYNEWYO1850,America/New_York,2024-01-07 11:59:00+00:00,2024-01-07 06:59:00,1704628740,40.759,-73.802,0.02,0.0,334.0,98.0,97.0,97.0,1,3.0,3.0,3.0,7.0,0.0,3.0,11.0,2.0,6.0,3.0,3.0,3.0,3.0,1.0,3.0,3.0,3.0,3.0,1001.19,1000.81,0.1,1.8,3.61
KNYNEWYO1850,America/New_York,2024-01-07 12:59:00+00:00,2024-01-07 07:59:00,1704632340,40.759,-73.802,7.58,0.0,330.0,98.0,97.0,97.0,1,3.0,3.0,3.0,8.0,0.0,3.0,15.0,2.0,8.0,3.0,3.0,3.0,3.0,1.0,3.0,3.0,3.0,3.0,1000.91,1000.31,-0.21,1.8,3.81
KNYNEWYO1850,America/New_York,2024-01-07 13:59:00+00:00,2024-01-07 08:59:00,1704635940,40.759,-73.802,20.77,0.0,308.0,98.0,97.0,97.0,1,3.0,3.0,3.0,7.0,0.0,3.0,13.0,2.0,7.0,3.0,2.0,3.0,3.0,1.0,2.0,3.0,3.0,3.0,1001.19,1000.61,0.38,1.8,4.29
KNYNEWYO1850,America/New_York,2024-01-07 14:59:00+00:00,2024-01-07 09:59:00,1704639540,40.759,-73.802,69.09,0.0,308.0,98.0,98.0,98.0,1,3.0,2.0,2.0,6.0,0.0,2.0,11.0,2.0,5.0,2.0,2.0,2.0,3.0,1.0,2.0,3.0,2.0,2.0,1001.29,1000.61,-0.21,4.8,5.59
KNYNEWYO1850,America/New_York,2024-01-07 15:59:00+00:00,2024-01-07 10:59:00,1704643140,40.759,-73.802,76.2,0.0,315.0,98.0,96.0,96.0,1,3.0,3.0,3.0,6.0,0.0,3.0,9.0,2.0,5.0,2.0,2.0,2.0,3.0,1.0,2.0,3.0,3.0,3.0,1000.91,1000.31,-0.1,1.8,6.1
KNYNEWYO1850,America/New_York,2024-01-07 16:59:00+00:00,2024-01-07 11:59:00,1704646740,40.759,-73.802,124.37,1.0,263.0,98.0,96.0,96.0,1,3.0,1.0,2.0,13.0,0.0,7.0,18.0,4.0,11.0,2.0,1.0,1.0,3.0,-3.0,0.0,3.0,1.0,2.0,1001.49,1000.51,0.9,4.8,8.1
KNYNEWYO1850,America/New_York,2024-01-07 17:58:00+00:00,2024-01-07 12:58:00,1704650280,40.759,-73.802,178.14,1.0,263.0,98.0,95.0,96.0,1,2.0,1.0,2.0,14.0,3.0,7.0,18.0,5.0,12.0,2.0,1.0,1.0,2.0,-2.0,0.0,2.0,1.0,2.0,1001.39,1000.91,-0.07,3.0,8.61
KNYNEWYO1850,America/New_York,2024-01-07 18:59:00+00:00,2024-01-07 13:59:00,1704653940,40.759,-73.802,215.9,2.0,285.0,95.0,91.0,93.0,1,2.0,2.0,2.0,14.0,0.0,6.0,18.0,2.0,11.0,1.0,1.0,1.0,2.0,-2.0,1.0,2.0,2.0,2.0,1001.59,1000.81,0.38,1.19,8.61
KNYNEWYO1850,America/New_York,2024-01-07 19:59:00+00:00,2024-01-07 14:59:00,1704657540,40.759,-73.802,104.3,1.0,287.0,92.0,88.0,89.0,1,3.0,2.0,2.0,10.0,1.0,5.0,15.0,4.0,10.0,1.0,1.0,1.0,3.0,-1.0,1.0,3.0,2.0,2.0,1002.51,1001.29,1.05,0.0,8.61
KNYNEWYO1850,America/New_York,2024-01-07 20:59:00+00:00,2024-01-07 15:59:00,1704661140,40.759,-73.802,80.37,0.0,284.0,88.0,85.0,87.0,1,3.0,2.0,2.0,13.0,1.0,5.0,17.0,5.0,10.0,1.0,0.0,1.0,3.0,-1.0,2.0,3.0,2.0,2.0,1004.0,1002.51,1.52,0.0,8.61
KNYNEWYO1850,America/New_York,2024-01-07 21:58:00+00:00,2024-01-07 16:58:00,1704664680,40.759,-73.802,11.93,0.0,271.0,86.0,83.0,84.0,1,3.0,2.0,2.0,12.0,1.0,6.0,18.0,4.0,10.0,0.0,0.0,0.0,3.0,-1.0,1.0,3.0,2.0,2.0,1005.38,1003.79,1.65,0.0,8.61
KNYNEWYO1850,America/New_York,2024-01-07 22:59:00+00:00,2024-01-07 17:59:00,1704668340,40.759,-73.802,0.12,0.0,282.0,84.0,80.0,82.0,1,2.0,2.0,2.0,9.0,0.0,4.0,18.0,4.0,9.0,0.0,-1.0,-1.0,2.0,-1.0,2.0,2.0,2.0,2.0,1007.11,1005.49,1.65,0.0,8.61
KNYNEWYO1850,America/New_York,2024-01-07 23:59:00+00:00,2024-01-07 18:59:00,1704671940,40.759,-73.802,0.0,0.0,268.0,81.0,77.0,78.0,1,2.0,2.0,2.0,10.0,0.0,6.0,18.0,5.0,11.0,-1.0,-1.0,-1.0,2.0,-1.0,1.0,2.0,2.0,2.0,1008.81,1006.91,2.0,0.0,8.61
KNYNEWYO1850,America/New_York,2024-01-08 00:59:00+00:00,2024-01-07 19:59:00,1704675540,40.759,-73.802,0.0,0.0,275.0,84.0,78.0,81.0,1,2.0,2.0,2.0,9.0,2.0,4.0,15.0,4.0,8.0,0.0,-1.0,0.0,2.0,0.0,2.0,2.0,2.0,2.0,1010.4,1008.7,1.62,0.0,8.61
KNYNEWYO1850,America/New_York,2024-01-08 01:59:00+00:00,2024-01-07 20:59:00,1704679140,40.759,-73.802,0.0,0.0,262.0,83.0,76.0,80.0,1,3.0,2.0,2.0,11.0,3.0,6.0,17.0,5.0,10.0,0.0,-1.0,-1.0,2.0,-1.0,1.0,3.0,2.0,2.0,1011.72,1010.3,1.45,0.0,8.61
KNYNEWYO1850,America/New_York,2024-01-08 02:57:00+00:00,2024-01-07 21:57:00,1704682620,40.759,-73.802,0.0,0.0,261.0,76.0,70.0,72.0,1,3.0,2.0,2.0,17.0,4.0,8.0,26.0,7.0,15.0,-1.0,-3.0,-2.0,3.0,-2.0,0.0,3.0,2.0,2.0,1012.7,1011.41,1.35,0.0,8.61
KNYNEWYO1850,America/New_York,2024-01-08 03:59:00+00:00,2024-01-07 22:59:00,1704686340,40.759,-73.802,0.0,0.0,262.0,74.0,69.0,71.0,1,2.0,2.0,2.0,16.0,2.0,8.0,30.0,7.0,15.0,-2.0,-3.0,-2.0,2.0,-2.0,0.0,2.0,2.0,2.0,1013.82,1012.7,0.72,0.0,8.61
KNYNEWYO1850,America/New_York,2024-01-08 04:59:00+00:00,2024-01-07 23:59:00,1704689940,40.759,-73.802,0.0,0.0,260.0,75.0,73.0,73.0,1,2.0,2.0,2.0,13.0,3.0,8.0,22.0,7.0,14.0,-2.0,-2.0,-2.0,2.0,-1.0,0.0,2.0,2.0,2.0,1015.1,1013.72,1.14,0.0,8.61
KNYNEWYO1850,America/New_York,2024-01-08 05:59:00+00:00,2024-01-08 00:59:00,1704693540,40.759,-73.802,0.0,0.0,268.0,74.0,71.0,72.0,1,2.0,2.0,2.0,19.0,2.0,8.0,24.0,7.0,16.0,-2.0,-3.0,-2.0,2.0,-2.0,0.0,2.0,2.0,2.0,1016.19,1015.0,1.0,0.0,0.0
KNYNEWYO1850,America/New_York,2024-01-08 06:59:00+00:00,2024-01-08 01:59:00,1704697140,40.759,-73.802,0.0,0.0,266.0,73.0,71.0,71.0,1,2.0,2.0,2.0,18.0,1.0,8.0,24.0,7.0,15.0,-2.0,-3.0,-2.0,2.0,-2.0,0.0,2.0,2.0,2.0,1017.2,1016.19,1.03,0.0,0.0
KNYNEWYO1850,America/New_York,2024-01-08 07:59:00+00:00,2024-01-08 02:59:00,1704700740,40.759,-73.802,0.0,0.0,262.0,73.0,71.0,71.0,1,3.0,2.0,2.0,15.0,1.0,8.0,20.0,5.0,14.0,-2.0,-2.0,-2.0,3.0,-2.0,0.0,3.0,2.0,2.0,1018.9,1017.2,1.31,0.0,0.0
KNYNEWYO1850,America/New_York,2024-01-08 08:59:00+00:00,2024-01-08 03:59:00,1704704340,40.759,-73.802,0.0,0.0,259.0,71.0,68.0,69.0,1,3.0,3.0,3.0,14.0,3.0,8.0,22.0,5.0,15.0,-2.0,-3.0,-2.0,3.0,-1.0,1.0,3.0,3.0,3.0,1019.51,1018.69,0.31,0.0,0.0
KNYNEWYO1850,America/New_York,2024-01-08 09:59:00+00:00,2024-01-08 04:59:00,1704707940,40.759,-73.802,0.0,0.0,266.0,69.0,63.0,64.0,1,3.0,3.0,3.0,21.0,6.0,11.0,40.0,9.0,22.0,-3.0,-4.0,-3.0,1.0,-2.0,0.0,3.0,3.0,3.0,1020.29,1019.2,1.1,0.0,0.0
KNYNEWYO1850,America/New_York,2024-01-08 10:59:00+00:00,2024-01-08 05:59:00,1704711540,40.759,-73.802,0.0,0.0,279.0,66.0,64.0,64.0,1,3.0,3.0,3.0,18.0,3.0,8.0,35.0,7.0,17.0,-3.0,-4.0,-3.0,3.0,-2.0,1.0,3.0,3.0,3.0,1022.32,1020.22,2.07,0.0,0.0
KNYNEWYO1850,America/New_York,2024-01-08 11:59:00+00:00,2024-01-08 06:59:00,1704715140,40.759,-73.802,0.17,0.0,269.0,66.0,64.0,64.0,1,3.0,2.0,2.0,12.0,2.0,6.0,18.0,5.0,12.0,-3.0,-4.0,-4.0,3.0,-1.0,1.0,3.0,2.0,2.0,1023.2,1021.91,1.1,0.0,0.0
KNYNEWYO1850,America/New_York,2024-01-08 12:59:00+00:00,2024-01-08 07:59:00,1704718740,40.759,-73.802,23.67,0.0,265.0,65.0,64.0,64.0,1,3.0,2.0,2.0,14.0,0.0,7.0,24.0,9.0,14.0,-3.0,-4.0,-4.0,3.0,-1.0,0.0,3.0,2.0,2.0,1023.91,1022.89,0.62,0.0,0.0
KNYNEWYO1850,America/New_York,2024-01-08 13:59:00+00:00,2024-01-08 08:59:00,1704722340,40.759,-73.802,102.67,1.0,262.0,65.0,61.0,64.0,1,3.0,3.0,3.0,19.0,2.0,9.0,26.0,9.0,16.0,-3.0,-4.0,-3.0,3.0,-2.0,1.0,3.0,3.0,3.0,1026.01,1024.01,1.93,0.0,0.0
KNYNEWYO1850,America/New_York,2024-01-08 14:59:00+00:00,2024-01-08 09:59:00,1704725940,40.759,-73.802,212.95,2.0,278.0,62.0,55.0,58.0,1,4.0,3.0,4.0,14.0,3.0,7.0,20.0,9.0,14.0,-3.0,-4.0,-4.0,4.0,0.0,2.0,4.0,3.0,4.0,1026.99,1025.6,1.21,0.0,0.0
KNYNEWYO1850,America/New_York,2024-01-08 15:59:00+00:00,2024-01-08 10:59:00,1704729540,40.759,-73.802,299.91,2.0,277.0,55.0,51.0,52.0,1,5.0,4.0,5.0,17.0,0.0,7.0,22.0,4.0,14.0,-4.0,-4.0,-4.0,5.0,1.0,3.0,5.0,4.0,5.0,1027.4,1026.89,0.0,0.0,0.0
KNYNEWYO1850,America/New_York,2024-01-08 16:59:00+00:00,2024-01-08 11:59:00,1704733140,40.759,-73.802,341.03,3.0,272.0,51.0,47.0,49.0,1,6.0,5.0,6.0,14.0,3.0,7.0,18.0,7.0,13.0,-4.0,-5.0,-4.0,6.0,2.0,4.0,6.0,5.0,6.0,1027.4,1026.79,0.21,0.0,0.0
KNYNEWYO1850,America/New_York,2024-01-08 17:59:00+00:00,2024-01-08 12:59:00,1704736740,40.759,-73.802,348.78,3.0,266.0,48.0,45.0,46.0,1,7.0,6.0,6.0,17.0,2.0,8.0,22.0,5.0,14.0,-4.0,-5.0,-4.0,7.0,3.0,5.0,7.0,6.0,6.0,1027.6,1027.09,0.0,0.0,0.0
KNYNEWYO1850,America/New_York,2024-01-08 18:59:00+00:00,2024-01-08 13:59:00,1704740340,40.759,-73.802,332.31,3.0,276.0,46.0,44.0,44.0,1,7.0,7.0,7.0,13.0,2.0,6.0,18.0,7.0,12.0,-4.0,-5.0,-4.0,7.0,4.0,6.0,7.0,7.0,7.0,1027.6,1027.09,0.31,0.0,0.0
KNYNEWYO1850,America/New_York,2024-01-08 19:59:00+00:00,2024-01-08 14:59:00,1704743940,40.759,-73.802,309.51,3.0,269.0,48.0,44.0,46.0,1,8.0,6.0,7.0,14.0,1.0,6.0,24.0,5.0,12.0,-4.0,-4.0,-4.0,8.0,4.0,6.0,8.0,6.0,7.0,1027.9,1027.4,-0.1,0.0,0.0
KNYNEWYO1850,America/New_York,2024-01-08 20:59:00+00:00,2024-01-08 15:59:00,1704747540,40.759,-73.802,150.41,1.0,267.0,49.0,47.0,47.0,1,7.0,6.0,7.0,10.0,2.0,5.0,17.0,5.0,10.0,-3.0,-4.0,-4.0,7.0,4.0,6.0,7.0,6.0,7.0,1028.51,1027.4,0.93,0.0,0.0
KNYNEWYO1850,America/New_York,2024-01-08 21:59:00+00:00,2024-01-08 16:59:00,1704751140,40.759,-73.802,39.35,0.0,269.0,53.0,49.0,50.0,1,6.0,5.0,6.0,12.0,0.0,5.0,15.0,4.0,8.0,-3.0,-4.0,-4.0,6.0,4.0,5.0,6.0,5.0,6.0,1028.72,1028.11,0.41,0.0,0.0
KNYNEWYO1850,America/New_York,2024-01-08 22:59:00+00:00,2024-01-08 17:59:00,1704754740,40.759,-73.802,0.31,0.0,278.0,54.0,52.0,53.0,1,5.0,5.0,5.0,5.0,0.0,3.0,9.0,0.0,5.0,-3.0,-4.0,-3.0,5.0,4.0,5.0,5.0,5.0,5.0,1030.21,1028.62,1.21,0.0,0.0
KNYNEWYO1850,America/New_York,2024-01-08 23:59:00+00:00,2024-01-08 18:59:00,1704758340,40.759,-73.802,0.0,0.0,280.0,57.0,54.0,55.0,1,5.0,5.0,5.0,4.0,0.0,2.0,7.0,2.0,4.0,-3.0,-4.0,-3.0,5.0,5.0,5.0,5.0,5.0,5.0,1030.41,1029.7,0.21,0.0,0.0
KNYNEWYO1850,America/New_York,2024-01-09 00:59:00+00:00,2024-01-08 19:59:00,1704761940,40.759,-73.802,0.0,0.0,308.0,68.0,58.0,61.0,1,5.0,3.0,4.0,2.0,0.0,0.0,4.0,0.0,1.0,-2.0,-3.0,-3.0,5.0,3.0,4.0,5.0,3.0,4.0,1030.51,1029.9,-0.11,0.0,0.0
KNYNEWYO1850,America/New_York,2024-01-09 01:59:00+00:00,2024-01-08 20:59:00,1704765540,40.759,-73.802,0.0,0.0,318.0,73.0,68.0,70.0,1,3.0,2.0,3.0,0.0,0.0,0.0,2.0,0.0,0.0,-2.0,-3.0,-2.0,3.0,2.0,3.0,3.0,2.0,3.0,1030.41,1029.9,0.0,0.0,0.0
KNYNEWYO1850,America/New_York,2024-01-09 02:59:00+00:00,2024-01-08 21:59:00,1704769140,40.759,-73.802,0.0,0.0,318.0,79.0,72.0,75.0,1,3.0,1.0,2.0,0.0,0.0,0.0,2.0,0.0,0.0,-2.0,-2.0,-2.0,3.0,1.0,2.0,3.0,1.0,2.0,1030.11,1029.09,-0.93,0.0,0.0
KNYNEWYO1850,America/New_York,2024-01-09 03:58:00+00:00,2024-01-08 22:58:00,1704772680,40.759,-73.802,0.0,0.0,319.0,82.0,79.0,79.0,1,1.0,1.0,1.0,0.0,0.0,0.0,2.0,0.0,0.0,-2.0,-2.0,-2.0,1.0,1.0,1.0,1.0,1.0,1.0,1029.5,1028.78,0.0,0.0,0.0
KNYNEWYO1850,America/New_York,2024-01-09 04:59:00+00:00,2024-01-08 23:59:00,1704776340,40.759,-73.802,0.0,0.0,320.0,82.0,80.0,80.0,1,1.0,1.0,1.0,0.0,0.0,0.0,2.0,0.0,0.0,-2.0,-2.0,-2.0,1.0,1.0,1.0,1.0,1.0,1.0,1029.19,1028.78,-0.21,0.0,0.0
KNYNEWYO1850,America/New_York,2024-01-09 05:59:00+00:00,2024-01-09 00:59:00,1704779940,40.759,-73.802,0.0,0.0,320.0,88.0,81.0,84.0,1,1.0,-1.0,0.0,0.0,0.0,0.0,0.0,0.0,0.0,-2.0,-3.0,-2.0,1.0,-1.0,0.0,1.0,-1.0,0.0,1030.0,1028.89,0.84,0.0,0.0
KNYNEWYO1850,America/New_York,2024-01-09 06:59:00+00:00,2024-01-09 01:59:00,1704783540,40.759,-73.802,0.0,0.0,320.0,85.0,83.0,83.0,1,0.0,0.0,0.0,0.0,0.0,0.0,2.0,0.0,0.0,-2.0,-2.0,-2.0,0.0,0.0,0.0,0.0,0.0,0.0,1030.11,1028.89,-1.03,0.0,0.0
KNYNEWYO1850,America/New_York,2024-01-09 07:59:00+00:00,2024-01-09 02:59:00,1704787140,40.759,-73.802,0.0,0.0,320.0,87.0,85.0,85.0,1,0.0,0.0,0.0,0.0,0.0,0.0,0.0,0.0,0.0,-2.0,-2.0,-2.0,0.0,0.0,0.0,0.0,0.0,0.0,1029.5,1028.78,0.21,0.0,0.0
KNYNEWYO1850,America/New_York,2024-01-09 08:59:00+00:00,2024-01-09 03:59:00,1704790740,40.759,-73.802,0.0,0.0,320.0,87.0,83.0,85.0,1,0.0,0.0,0.0,0.0,0.0,0.0,0.0,0.0,0.0,-2.0,-2.0,-2.0,0.0,0.0,0.0,0.0,0.0,0.0,1029.29,1028.01,-1.0,0.0,0.0
KNYNEWYO1850,America/New_York,2024-01-09 09:59:00+00:00,2024-01-09 04:59:00,1704794340,40.759,-73.802,0.0,0.0,320.0,83.0,79.0,81.0,1,1.0,0.0,0.0,0.0,0.0,0.0,2.0,0.0,0.0,-2.0,-3.0,-2.0,1.0,0.0,0.0,1.0,0.0,0.0,1028.31,1027.7,-0.31,0.0,0.0
KNYNEWYO1850,America/New_York,2024-01-09 10:59:00+00:00,2024-01-09 05:59:00,1704797940,40.759,-73.802,0.0,0.0,325.0,80.0,77.0,78.0,1,1.0,0.0,1.0,0.0,0.0,0.0,2.0,0.0,0.0,-2.0,-3.0,-2.0,1.0,0.0,1.0,1.0,0.0,1.0,1028.41,1027.8,-0.1,0.0,0.0
KNYNEWYO1850,America/New_York,2024-01-09 11:59:00+00:00,2024-01-09 06:59:00,1704801540,40.759,-73.802,0.03,0.0,336.0,78.0,76.0,77.0,1,3.0,1.0,2.0,2.0,0.0,0.0,4.0,0.0,2.0,-1.0,-2.0,-2.0,3.0,1.0,2.0,3.0,1.0,2.0,1028.21,1027.19,-0.93,0.0,0.0
KNYNEWYO1850,America/New_York,2024-01-09 12:58:00+00:00,2024-01-09 07:58:00,1704805080,40.759,-73.802,12.79,0.0,346.0,78.0,76.0,77.0,1,3.0,3.0,3.0,4.0,0.0,1.0,5.0,0.0,3.0,0.0,-1.0,-1.0,3.0,3.0,3.0,3.0,3.0,3.0,1027.29,1025.6,-1.54,0.0,0.0
KNYNEWYO1850,America/New_York,2024-01-09 13:59:00+00:00,2024-01-09 08:59:00,1704808740,40.759,-73.802,56.61,0.0,353.0,77.0,76.0,76.0,1,4.0,3.0,4.0,5.0,0.0,2.0,9.0,2.0,5.0,0.0,0.0,0.0,4.0,2.0,4.0,4.0,3.0,4.0,1026.11,1025.5,0.1,0.0,0.0
KNYNEWYO1850,America/New_York,2024-01-09 14:59:00+00:00,2024-01-09 09:59:00,1704812340,40.759,-73.802,92.08,0.0,357.0,77.0,75.0,75.0,1,5.0,4.0,5.0,5.0,0.0,2.0,11.0,0.0,4.0,1.0,0.0,1.0,5.0,4.0,5.0,5.0,4.0,5.0,1025.91,1024.99,-0.72,0.0,0.0
KNYNEWYO1850,America/New_York,2024-01-09 15:59:00+00:00,2024-01-09 10:59:00,1704815940,40.759,-73.802,65.52,0.0,359.0,75.0,70.0,73.0,1,6.0,5.0,6.0,9.0,0.0,3.0,18.0,0.0,9.0,1.0,1.0,1.0,6.0,4.0,5.0,6.0,5.0,6.0,1024.99,1023.91,-1.1,0.0,0.0
KNYNEWYO1850,America/New_York,2024-01-09 16:59:00+00:00,2024-01-09 11:59:00,1704819540,40.759,-73.802,40.92,0.0,12.0,85.0,71.0,80.0,1,6.0,5.0,6.0,8.0,0.0,4.0,20.0,5.0,11.0,3.0,1.0,3.0,6.0,4.0,5.0,6.0,5.0,6.0,1023.81,1021.3,-2.55,1.8,0.3
KNYNEWYO1850,America/New_York,2024-01-09 17:59:00+00:00,2024-01-09 12:59:00,1704823140,40.759,-73.802,78.03,0.0,9.0,87.0,83.0,85.0,1,6.0,6.0,6.0,13.0,0.0,6.0,22.0,7.0,14.0,4.0,3.0,3.0,6.0,3.0,5.0,6.0,6.0,6.0,1021.2,1018.49,-2.76,1.8,0.61
KNYNEWYO1850,America/New_York,2024-01-09 18:59:00+00:00,2024-01-09 13:59:00,1704826740,40.759,-73.802,75.62,0.0,1.0,91.0,86.0,87.0,1,6.0,6.0,6.0,12.0,1.0,5.0,22.0,5.0,13.0,5.0,4.0,4.0,6.0,3.0,5.0,6.0,6.0,6.0,1018.49,1016.7,-1.72,3.0,1.6
KNYNEWYO1850,America/New_York,2024-01-09 19:59:00+00:00,2024-01-09 14:59:00,1704830340,40.759,-73.802,21.97,0.0,23.0,93.0,91.0,92.0,1,6.0,6.0,6.0,18.0,0.0,6.0,31.0,4.0,16.0,5.0,4.0,5.0,6.0,2.0,5.0,6.0,6.0,6.0,1016.9,1014.39,-2.55,3.0,3.3
KNYNEWYO1850,America/New_York,2024-01-09 20:59:00+00:00,2024-01-09 15:59:00,1704833940,40.759,-73.802,14.42,0.0,14.0,95.0,93.0,94.0,1,7.0,6.0,6.0,17.0,0.0,7.0,28.0,4.0,17.0,6.0,5.0,5.0,7.0,3.0,5.0,7.0,6.0,6.0,1014.49,1011.62,-2.76,3.0,5.11
KNYNEWYO1850,America/New_York,2024-01-09 21:59:00+00:00,2024-01-09 16:59:00,1704837540,40.759,-73.802,4.02,0.0,19.0,96.0,95.0,95.0,1,8.0,7.0,7.0,23.0,1.0,8.0,42.0,7.0,19.0,7.0,6.0,7.0,7.0,3.0,6.0,8.0,7.0,7.0,1011.62,1009.11,-2.55,3.0,6.6
KNYNEWYO1850,America/New_York,2024-01-09 22:59:00+00:00,2024-01-09 17:59:00,1704841140,40.759,-73.802,0.02,0.0,19.0,97.0,96.0,96.0,1,9.0,8.0,8.0,19.0,3.0,10.0,30.0,5.0,20.0,8.0,7.0,8.0,9.0,5.0,7.0,9.0,8.0,8.0,1009.31,1006.3,-2.86,4.8,10.21
KNYNEWYO1850,America/New_York,2024-01-09 23:59:00+00:00,2024-01-09 18:59:00,1704844740,40.759,-73.802,0.0,0.0,24.0,97.0,97.0,97.0,1,10.0,9.0,9.0,18.0,3.0,9.0,37.0,9.0,22.0,10.0,8.0,9.0,10.0,6.0,8.0,10.0,9.0,9.0,1006.5,1002.61,-3.55,7.8,14.0
KNYNEWYO1850,America/New_York,2024-01-10 00:59:00+00:00,2024-01-09 19:59:00,1704848340,40.759,-73.802,0.0,0.0,28.0,98.0,97.0,97.0,1,11.0,10.0,10.0,22.0,3.0,9.0,33.0,11.0,20.0,10.0,9.0,10.0,11.0,7.0,10.0,11.0,10.0,10.0,1002.51,999.59,-2.7,8.99,20.09
KNYNEWYO1850,America/New_York,2024-01-10 01:58:00+00:00,2024-01-09 20:58:00,1704851880,40.759,-73.802,0.0,0.0,23.0,99.0,98.0,98.0,1,11.0,11.0,11.0,19.0,3.0,8.0,33.0,7.0,21.0,11.0,10.0,11.0,11.0,11.0,11.0,11.0,11.0,11.0,1000.0,995.9,-4.24,12.6,29.31
KNYNEWYO1850,America/New_York,2024-01-10 02:59:00+00:00,2024-01-09 21:59:00,1704855540,40.759,-73.802,0.0,0.0,26.0,99.0,98.0,98.0,1,12.0,11.0,12.0,16.0,5.0,10.0,40.0,7.0,22.0,12.0,11.0,12.0,12.0,11.0,12.0,12.0,11.0,12.0,996.11,992.01,-4.17,8.99,36.4
KNYNEWYO1850,America/New_York,2024-01-10 03:59:00+00:00,2024-01-09 22:59:00,1704859140,40.759,-73.802,0.0,0.0,47.0,99.0,98.0,98.0,1,13.0,12.0,12.0,33.0,4.0,13.0,51.0,15.0,29.0,13.0,12.0,12.0,13.0,12.0,12.0,13.0,12.0,12.0,992.11,988.99,-2.96,8.99,41.71
KNYNEWYO1850,America/New_York,2024-01-10 04:59:00+00:00,2024-01-09 23:59:00,1704862740,40.759,-73.802,0.0,0.0,63.0,99.0,99.0,99.0,1,13.0,12.0,13.0,18.0,1.0,8.0,42.0,4.0,20.0,13.0,12.0,12.0,13.0,12.0,13.0,13.0,12.0,13.0,991.81,988.01,0.11,57.61,55.19
KNYNEWYO1850,America/New_York,2024-01-10 05:59:00+00:00,2024-01-10 00:59:00,1704866340,40.759,-73.802,0.0,0.0,338.0,99.0,99.0,99.0,1,12.0,12.0,12.0,13.0,0.0,4.0,17.0,4.0,8.0,12.0,12.0,12.0,12.0,12.0,12.0,12.0,12.0,12.0,989.3,986.29,-3.12,7.8,5.59
KNYNEWYO1850,America/New_York,2024-01-10 06:59:00+00:00,2024-01-10 01:59:00,1704869940,40.759,-73.802,0.0,0.0,19.0,99.0,99.0,99.0,1,12.0,12.0,12.0,19.0,1.0,6.0,33.0,5.0,16.0,12.0,12.0,12.0,12.0,12.0,12.0,12.0,12.0,12.0,986.59,983.81,-2.03,6.6,8.1
KNYNEWYO1850,America/New_York,2024-01-10 07:58:00+00:00,2024-01-10 02:58:00,1704873480,40.759,-73.802,0.0,0.0,9.0,99.0,99.0,99.0,1,13.0,12.0,12.0,13.0,1.0,6.0,24.0,7.0,14.0,12.0,12.0,12.0,13.0,12.0,12.0,13.0,12.0,12.0,984.9,982.19,-2.59,10.8,10.39
KNYNEWYO1850,America/New_York,2024-01-10 08:59:00+00:00,2024-01-10 03:59:00,1704877140,40.759,-73.802,0.0,0.0,247.0,99.0,99.0,99.0,1,12.0,11.0,12.0,11.0,1.0,5.0,18.0,5.0,13.0,12.0,11.0,12.0,12.0,11.0,12.0,12.0,11.0,12.0,982.39,981.51,-0.31,0.0,10.39
KNYNEWYO1850,America/New_York,2024-01-10 09:59:00+00:00,2024-01-10 04:59:00,1704880740,40.759,-73.802,0.0,0.0,177.0,99.0,99.0,99.0,1,11.0,11.0,11.0,8.0,0.0,2.0,11.0,2.0,6.0,11.0,11.0,11.0,11.0,11.0,11.0,11.0,11.0,11.0,981.92,980.9,-0.62,0.0,10.39
KNYNEWYO1850,America/New_York,2024-01-10 10:58:00+00:00,2024-01-10 05:58:00,1704884280,40.759,-73.802,0.0,0.0,233.0,99.0,84.0,92.0,1,12.0,10.0,11.0,17.0,0.0,9.0,26.0,9.0,16.0,12.0,7.0,10.0,12.0,8.0,11.0,12.0,10.0,11.0,983.41,981.31,1.89,0.0,10.39
KNYNEWYO1850,America/New_York,2024-01-10 11:59:00+00:00,2024-01-10 06:59:00,1704887940,40.759,-73.802,0.06,0.0,250.0,85.0,72.0,78.0,1,10.0,9.0,10.0,15.0,3.0,8.0,28.0,9.0,16.0,7.0,5.0,6.0,10.0,7.0,9.0,10.0,9.0,10.0,985.0,983.1,1.72,0.0,10.39
KNYNEWYO1850,America/New_York,2024-01-10 12:59:00+00:00,2024-01-10 07:59:00,1704891540,40.759,-73.802,26.3,0.0,237.0,76.0,63.0,70.0,1,10.0,9.0,10.0,17.0,1.0,9.0,28.0,9.0,18.0,5.0,3.0,4.0,10.0,7.0,8.0,10.0,9.0,10.0,986.01,984.8,1.16,0.0,10.39
KNYNEWYO1850,America/New_York,2024-01-10 13:59:00+00:00,2024-01-10 08:59:00,1704895140,40.759,-73.802,64.02,0.0,244.0,66.0,61.0,62.0,1,10.0,10.0,10.0,21.0,2.0,9.0,28.0,9.0,17.0,4.0,3.0,3.0,10.0,7.0,9.0,10.0,10.0,10.0,988.01,985.81,2.24,0.0,10.39
KNYNEWYO1850,America/New_York,2024-01-10 14:58:00+00:00,2024-01-10 09:58:00,1704898680,40.759,-73.802,187.58,1.0,237.0,62.0,51.0,55.0,1,10.0,9.0,9.0,19.0,4.0,10.0,35.0,11.0,21.0,3.0,0.0,1.0,9.0,7.0,8.0,10.0,9.0,9.0,989.6,988.11,1.46,0.0,10.39
KNYNEWYO1850,America/New_York,2024-01-10 15:59:00+00:00,2024-01-10 10:59:00,1704902340,40.759,-73.802,331.7,3.0,240.0,55.0,48.0,51.0,1,10.0,9.0,10.0,23.0,2.0,10.0,39.0,11.0,21.0,1.0,-1.0,0.0,10.0,6.0,8.0,10.0,9.0,10.0,990.79,989.4,1.21,0.0,10.39
KNYNEWYO1850,America/New_York,2024-01-10 16:59:00+00:00,2024-01-10 11:59:00,1704905940,40.759,-73.802,432.17,4.0,227.0,55.0,43.0,47.0,1,10.0,9.0,9.0,24.0,3.0,12.0,50.0,11.0,25.0,1.0,-2.0,-1.0,9.0,6.0,8.0,10.0,9.0,9.0,991.3,990.42,0.31,0.0,10.39
KNYNEWYO1850,America/New_York,2024-01-10 17:59:00+00:00,2024-01-10 12:59:00,1704909540,40.759,-73.802,500.79,4.0,233.0,49.0,42.0,45.0,1,11.0,9.0,10.0,22.0,3.0,11.0,42.0,9.0,24.0,-1.0,-2.0,-2.0,11.0,7.0,8.0,11.0,9.0,10.0,991.6,990.59,0.93,0.0,10.39
KNYNEWYO1850,America/New_York,2024-01-10 18:59:00+00:00,2024-01-10 13:59:00,1704913140,40.759,-73.802,472.8,4.0,248.0,46.0,42.0,44.0,1,11.0,9.0,10.0,23.0,4.0,13.0,37.0,13.0,25.0,-1.0,-2.0,-2.0,11.0,6.0,8.0,11.0,9.0,10.0,993.4,991.5,1.72,0.0,10.39
KNYNEWYO1850,America/New_York,2024-01-10 19:59:00+00:00,2024-01-10 14:59:00,1704916740,40.759,-73.802,56.65,0.0,232.0,50.0,46.0,47.0,1,9.0,9.0,9.0,22.0,2.0,11.0,42.0,9.0,22.0,-1.0,-2.0,-2.0,9.0,6.0,7.0,9.0,9.0,9.0,994.89,993.4,1.52,0.0,10.39
KNYNEWYO1850,America/New_York,2024-01-10 20:59:00+00:00,2024-01-10 15:59:00,1704920340,40.759,-73.802,43.6,0.0,212.0,51.0,49.0,49.0,1,9.0,9.0,9.0,28.0,4.0,10.0,37.0,13.0,22.0,-1.0,-1.0,-1.0,9.0,5.0,7.0,9.0,9.0,9.0,996.41,994.68,1.45,0.0,10.39
KNYNEWYO1850,America/New_York,2024-01-10 21:59:00+00:00,2024-01-10 16:59:00,1704923940,40.759,-73.802,8.83,0.0,193.0,51.0,50.0,50.0,1,9.0,9.0,9.0,21.0,1.0,10.0,33.0,7.0,20.0,-1.0,-1.0,-1.0,9.0,6.0,7.0,9.0,9.0,9.0,997.9,996.21,1.52,0.0,10.39
KNYNEWYO1850,America/New_York,2024-01-10 22:59:00+00:00,2024-01-10 17:59:00,1704927540,40.759,-73.802,0.13,0.0,216.0,52.0,49.0,50.0,1,9.0,9.0,9.0,15.0,2.0,8.0,31.0,9.0,18.0,-1.0,-1.0,-1.0,9.0,6.0,8.0,9.0,9.0,9.0,999.39,997.6,1.52,0.0,10.39
KNYNEWYO1850,America/New_York,2024-01-10 23:59:00+00:00,2024-01-10 18:59:00,1704931140,40.759,-73.802,0.0,0.0,219.0,52.0,50.0,50.0,1,9.0,9.0,9.0,19.0,3.0,10.0,31.0,7.0,18.0,-1.0,-1.0,-1.0,9.0,6.0,7.0,9.0,9.0,9.0,1000.61,999.09,1.45,0.0,10.39
KNYNEWYO1850,America/New_York,2024-01-11 00:59:00+00:00,2024-01-10 19:59:00,1704934740,40.759,-73.802,0.0,0.0,232.0,53.0,51.0,51.0,1,9.0,8.0,8.0,15.0,4.0,9.0,30.0,11.0,18.0,-1.0,-1.0,-1.0,8.0,6.0,7.0,9.0,8.0,8.0,1001.8,1000.51,1.1,0.0,10.39
KNYNEWYO1850,America/New_York,2024-01-11 01:59:00+00:00,2024-01-10 20:59:00,1704938340,40.759,-73.802,0.0,0.0,239.0,53.0,50.0,51.0,1,8.0,8.0,8.0,19.0,1.0,8.0,31.0,7.0,17.0,-1.0,-2.0,-1.0,8.0,5.0,7.0,8.0,8.0,8.0,1002.51,1001.39,0.72,0.0,10.39
KNYNEWYO1850,America/New_York,2024-01-11 02:59:00+00:00,2024-01-10 21:59:00,1704941940,40.759,-73.802,0.0,0.0,241.0,54.0,51.0,52.0,1,8.0,8.0,8.0,17.0,1.0,8.0,24.0,4.0,15.0,-1.0,-2.0,-1.0,8.0,5.0,7.0,8.0,8.0,8.0,1003.12,1002.1,1.03,0.0,10.39
KNYNEWYO1850,America/New_York,2024-01-11 03:59:00+00:00,2024-01-10 22:59:00,1704945540,40.759,-73.802,0.0,0.0,230.0,55.0,53.0,54.0,1,8.0,7.0,7.0,16.0,2.0,7.0,26.0,5.0,15.0,-1.0,-2.0,-1.0,7.0,4.0,6.0,8.0,7.0,7.0,1003.89,1003.01,0.59,0.0,10.39
KNYNEWYO1850,America/New_York,2024-01-11 04:59:00+00:00,2024-01-10 23:59:00,1704949140,40.759,-73.802,0.0,0.0,249.0,56.0,54.0,55.0,1,7.0,7.0,7.0,16.0,2.0,7.0,22.0,4.0,14.0,-1.0,-2.0,-1.0,7.0,4.0,6.0,7.0,7.0,7.0,1004.5,1003.69,0.83,0.0,10.39
KNYNEWYO1850,America/New_York,2024-01-11 05:59:00+00:00,2024-01-11 00:59:00,1704952740,40.759,-73.802,0.0,0.0,232.0,57.0,55.0,56.0,1,7.0,7.0,7.0,16.0,2.0,7.0,22.0,7.0,15.0,-1.0,-2.0,-1.0,7.0,3.0,5.0,7.0,7.0,7.0,1005.38,1004.3,0.96,0.0,0.0
KNYNEWYO1850,America/New_York,2024-01-11 06:59:00+00:00,2024-01-11 01:59:00,1704956340,40.759,-73.802,0.0,0.0,247.0,56.0,55.0,55.0,1,7.0,6.0,6.0,17.0,4.0,10.0,28.0,9.0,20.0,-2.0,-2.0,-2.0,7.0,3.0,4.0,7.0,6.0,6.0,1006.2,1005.01,1.0,0.0,0.0
KNYNEWYO1850,America/New_York,2024-01-11 07:59:00+00:00,2024-01-11 02:59:00,1704959940,40.759,-73.802,0.0,0.0,252.0,57.0,56.0,56.0,1,6.0,6.0,6.0,17.0,4.0,9.0,26.0,9.0,18.0,-2.0,-2.0,-2.0,6.0,3.0,5.0,6.0,6.0,6.0,1006.91,1005.79,0.93,0.0,0.0
KNYNEWYO1850,America/New_York,2024-01-11 08:59:00+00:00,2024-01-11 03:59:00,1704963540,40.759,-73.802,0.0,0.0,252.0,56.0,54.0,55.0,1,6.0,6.0,6.0,16.0,2.0,9.0,22.0,9.0,17.0,-2.0,-2.0,-2.0,6.0,3.0,4.0,6.0,6.0,6.0,1007.42,1006.71,0.21,0.0,0.0
KNYNEWYO1850,America/New_York,2024-01-11 09:59:00+00:00,2024-01-11 04:59:00,1704967140,40.759,-73.802,0.0,0.0,257.0,56.0,55.0,55.0,1,6.0,6.0,6.0,18.0,3.0,7.0,22.0,9.0,14.0,-2.0,-3.0,-2.0,6.0,3.0,5.0,6.0,6.0,6.0,1007.79,1007.01,0.59,0.0,0.0
KNYNEWYO1850,America/New_York,2024-01-11 10:59:00+00:00,2024-01-11 05:59:00,1704970740,40.759,-73.802,0.0,0.0,257.0,55.0,53.0,54.0,1,6.0,6.0,6.0,13.0,2.0,6.0,22.0,5.0,13.0,-3.0,-3.0,-3.0,6.0,3.0,5.0,6.0,6.0,6.0,1008.3,1007.48,0.52,0.0,0.0
KNYNEWYO1850,America/New_York,2024-01-11 11:59:00+00:00,2024-01-11 06:59:00,1704974340,40.759,-73.802,0.16,0.0,246.0,55.0,54.0,54.0,1,6.0,5.0,6.0,12.0,1.0,6.0,17.0,4.0,11.0,-3.0,-3.0,-3.0,6.0,3.0,5.0,6.0,5.0,6.0,1008.91,1008.09,0.72,0.0,0.0
KNYNEWYO1850,America/New_York,2024-01-11 12:59:00+00:00,2024-01-11 07:59:00,1704977940,40.759,-73.802,25.73,0.0,255.0,55.0,53.0,54.0,1,6.0,5.0,5.0,12.0,1.0,5.0,18.0,5.0,11.0,-3.0,-3.0,-3.0,6.0,3.0,5.0,6.0,5.0,5.0,1009.69,1009.01,0.21,0.0,0.0
KNYNEWYO1850,America/New_York,2024-01-11 13:58:00+00:00,2024-01-11 08:58:00,1704981480,40.759,-73.802,108.31,1.0,232.0,55.0,52.0,53.0,1,6.0,6.0,6.0,10.0,0.0,4.0,13.0,4.0,7.0,-2.0,-3.0,-3.0,6.0,3.0,5.0,6.0,6.0,6.0,1010.5,1009.21,1.23,0.0,0.0
KNYNEWYO1850,America/New_York,2024-01-11 14:59:00+00:00,2024-01-11 09:59:00,1704985140,40.759,-73.802,213.75,2.0,210.0,52.0,50.0,50.0,1,7.0,6.0,6.0,10.0,1.0,6.0,18.0,2.0,9.0,-3.0,-3.0,-3.0,7.0,4.0,6.0,7.0,6.0,6.0,1010.7,1009.89,0.0,0.0,0.0
KNYNEWYO1850,America/New_York,2024-01-11 15:59:00+00:00,2024-01-11 10:59:00,1704988740,40.759,-73.802,324.33,3.0,223.0,50.0,48.0,49.0,1,7.0,7.0,7.0,13.0,0.0,6.0,18.0,2.0,10.0,-3.0,-3.0,-3.0,7.0,5.0,6.0,7.0,7.0,7.0,1010.6,1010.09,0.1,0.0,0.0
KNYNEWYO1850,America/New_York,2024-01-11 16:59:00+00:00,2024-01-11 11:59:00,1704992340,40.759,-73.802,377.45,3.0,215.0,53.0,49.0,51.0,1,7.0,6.0,7.0,13.0,2.0,7.0,20.0,5.0,13.0,-2.0,-3.0,-3.0,7.0,4.0,5.0,7.0,6.0,7.0,1010.5,1009.89,-0.31,0.0,0.0
KNYNEWYO1850,America/New_York,2024-01-11 17:59:00+00:00,2024-01-11 12:59:00,1704995940,40.759,-73.802,411.07,4.0,213.0,54.0,51.0,52.0,1,7.0,6.0,6.0,12.0,1.0,6.0,20.0,2.0,11.0,-3.0,-3.0,-3.0,7.0,3.0,5.0,7.0,6.0,6.0,1010.09,1009.11,-0.69,0.0,0.0
KNYNEWYO1850,America/New_York,2024-01-11 18:59:00+00:00,2024-01-11 13:59:00,1704999540,40.759,-73.802,418.01,4.0,238.0,52.0,48.0,50.0,1,8.0,6.0,7.0,14.0,3.0,6.0,20.0,4.0,11.0,-3.0,-3.0,-3.0,8.0,4.0,6.0,8.0,6.0,7.0,1009.52,1008.81,-0.52,0.0,0.0
KNYNEWYO1850,America/New_York,2024-01-11 19:59:00+00:00,2024-01-11 14:59:00,1705003140,40.759,-73.802,262.04,2.0,214.0,49.0,47.0,47.0,1,8.0,7.0,8.0,13.0,0.0,4.0,18.0,2.0,9.0,-2.0,-3.0,-3.0,8.0,5.0,8.0,8.0,7.0,8.0,1009.31,1008.6,0.41,0.0,0.0
KNYNEWYO1850,America/New_York,2024-01-11 20:58:00+00:00,2024-01-11 15:58:00,1705006680,40.759,-73.802,156.92,1.0,252.0,48.0,47.0,47.0,1,8.0,8.0,8.0,10.0,1.0,4.0,13.0,4.0,8.0,-2.0,-3.0,-3.0,8.0,6.0,8.0,8.0,8.0,8.0,1009.79,1009.11,0.6,0.0,0.0
KNYNEWYO1850,America/New_York,2024-01-11 21:59:00+00:00,2024-01-11 16:59:00,1705010340,40.759,-73.802,42.91,0.0,219.0,51.0,47.0,49.0,1,8.0,7.0,7.0,12.0,1.0,5.0,17.0,5.0,9.0,-2.0,-3.0,-3.0,8.0,6.0,7.0,8.0,7.0,7.0,1010.7,1009.58,0.72,0.0,0.0
KNYNEWYO1850,America/New_York,2024-01-11 22:58:00+00:00,2024-01-11 17:58:00,1705013880,40.759,-73.802,0.66,0.0,218.0,54.0,50.0,51.0,1,7.0,7.0,7.0,7.0,0.0,2.0,15.0,2.0,6.0,-2.0,-2.0,-2.0,7.0,6.0,7.0,7.0,7.0,7.0,1011.21,1010.5,0.63,0.0,0.0
KNYNEWYO1850,America/New_York,2024-01-11 23:59:00+00:00,2024-01-11 18:59:00,1705017540,40.759,-73.802,0.0,0.0,260.0,57.0,54.0,55.0,1,7.0,7.0,7.0,4.0,0.0,1.0,7.0,2.0,4.0,-1.0,-2.0,-1.0,7.0,7.0,7.0,7.0,7.0,7.0,1011.89,1010.7,0.72,0.0,0.0
KNYNEWYO1850,America/New_York,2024-01-12 00:59:00+00:00,2024-01-11 19:59:00,1705021140,40.759,-73.802,0.0,0.0,219.0,57.0,54.0,55.0,1,8.0,7.0,7.0,8.0,0.0,3.0,15.0,2.0,8.0,-1.0,-1.0,-1.0,8.0,6.0,7.0,8.0,7.0,7.0,1012.6,1011.79,0.52,0.0,0.0
KNYNEWYO1850,America/New_York,2024-01-12 01:59:00+00:00,2024-01-11 20:59:00,1705024740,40.759,-73.802,0.0,0.0,213.0,57.0,55.0,55.0,1,8.0,8.0,8.0,14.0,0.0,4.0,17.0,4.0,9.0,0.0,-1.0,-1.0,8.0,5.0,7.0,8.0,8.0,8.0,1013.31,1012.5,0.83,0.0,0.0
KNYNEWYO1850,America/New_York,2024-01-12 02:59:00+00:00,2024-01-11 21:59:00,1705028340,40.759,-73.802,0.0,0.0,239.0,60.0,57.0,58.0,1,8.0,7.0,7.0,11.0,0.0,3.0,13.0,2.0,7.0,0.0,-1.0,0.0,8.0,5.0,7.0,8.0,7.0,7.0,1014.19,1013.11,0.69,0.0,0.0
KNYNEWYO1850,America/New_York,2024-01-12 03:59:00+00:00,2024-01-11 22:59:00,1705031940,40.759,-73.802,0.0,0.0,230.0,60.0,59.0,59.0,1,7.0,7.0,7.0,7.0,0.0,3.0,11.0,4.0,7.0,0.0,0.0,0.0,7.0,6.0,7.0,7.0,7.0,7.0,1014.8,1013.99,0.72,0.0,0.0
KNYNEWYO1850,America/New_York,2024-01-12 04:59:00+00:00,2024-01-11 23:59:00,1705035540,40.759,-73.802,0.0,0.0,229.0,62.0,59.0,60.0,1,7.0,7.0,7.0,8.0,0.0,4.0,11.0,4.0,7.0,0.0,0.0,0.0,7.0,5.0,7.0,7.0,7.0,7.0,1015.41,1014.6,0.72,0.0,0.0
KNYNEWYO1850,America/New_York,2024-01-12 05:59:00+00:00,2024-01-12 00:59:00,1705039140,40.759,-73.802,0.0,0.0,240.0,66.0,62.0,64.0,1,7.0,6.0,6.0,6.0,0.0,2.0,9.0,2.0,4.0,0.0,0.0,0.0,7.0,5.0,6.0,7.0,6.0,6.0,1015.98,1015.1,0.52,0.0,0.0
KNYNEWYO1850,America/New_York,2024-01-12 06:59:00+00:00,2024-01-12 01:59:00,1705042740,40.759,-73.802,0.0,0.0,248.0,67.0,65.0,66.0,1,6.0,6.0,6.0,5.0,0.0,2.0,11.0,2.0,4.0,0.0,0.0,0.0,6.0,6.0,6.0,6.0,6.0,6.0,1017.51,1015.98,1.45,0.0,0.0
KNYNEWYO1850,America/New_York,2024-01-12 07:59:00+00:00,2024-01-12 02:59:00,1705046340,40.759,-73.802,0.0,0.0,270.0,67.0,61.0,64.0,1,7.0,6.0,6.0,9.0,0.0,2.0,13.0,2.0,5.0,0.0,-1.0,0.0,7.0,4.0,6.0,7.0,6.0,6.0,1018.69,1017.31,1.0,0.0,0.0
KNYNEWYO1850,America/New_York,2024-01-12 08:59:00+00:00,2024-01-12 03:59:00,1705049940,40.759,-73.802,0.0,0.0,276.0,64.0,60.0,61.0,1,7.0,6.0,6.0,9.0,0.0,3.0,13.0,2.0,6.0,0.0,-1.0,-1.0,7.0,5.0,6.0,7.0,6.0,6.0,1018.9,1018.29,0.21,0.0,0.0
KNYNEWYO1850,America/New_York,2024-01-12 09:59:00+00:00,2024-01-12 04:59:00,1705053540,40.759,-73.802,0.0,0.0,285.0,66.0,63.0,64.0,1,6.0,5.0,5.0,4.0,0.0,1.0,5.0,0.0,3.0,0.0,-1.0,-1.0,6.0,5.0,5.0,6.0,5.0,5.0,1019.4,1018.59,0.31,0.0,0.0
KNYNEWYO1850,America/New_York,2024-01-12 10:59:00+00:00,2024-01-12 05:59:00,1705057140,40.759,-73.802,0.0,0.0,277.0,70.0,62.0,65.0,1,6.0,4.0,5.0,6.0,0.0,1.0,9.0,0.0,3.0,-1.0,-1.0,-1.0,6.0,4.0,5.0,6.0,4.0,5.0,1020.01,1018.59,1.14,0.0,0.0
KNYNEWYO1850,America/New_York,2024-01-12 11:59:00+00:00,2024-01-12 06:59:00,1705060740,40.759,-73.802,0.17,0.0,276.0,64.0,61.0,62.0,1,6.0,5.0,5.0,8.0,0.0,3.0,11.0,2.0,5.0,-1.0,-2.0,-1.0,6.0,4.0,5.0,6.0,5.0,5.0,1020.39,1019.71,0.38,0.0,0.0
KNYNEWYO1850,America/New_York,2024-01-12 12:59:00+00:00,2024-01-12 07:59:00,1705064340,40.759,-73.802,21.73,0.0,279.0,66.0,61.0,64.0,1,5.0,5.0,5.0,7.0,0.0,2.0,9.0,0.0,4.0,-1.0,-2.0,-1.0,5.0,4.0,5.0,5.0,5.0,5.0,1021.2,1019.81,0.62,0.0,0.0
KNYNEWYO1850,America/New_York,2024-01-12 13:59:00+00:00,2024-01-12 08:59:00,1705067940,40.759,-73.802,101.93,0.0,280.0,64.0,59.0,62.0,1,7.0,5.0,6.0,6.0,0.0,3.0,9.0,2.0,5.0,-1.0,-1.0,-1.0,7.0,4.0,6.0,7.0,5.0,6.0,1021.61,1020.89,0.41,0.0,0.0
KNYNEWYO1850,America/New_York,2024-01-12 14:59:00+00:00,2024-01-12 09:59:00,1705071540,40.759,-73.802,219.01,2.0,297.0,59.0,55.0,58.0,1,7.0,6.0,7.0,5.0,0.0,2.0,7.0,0.0,5.0,-1.0,-1.0,-1.0,7.0,6.0,6.0,7.0,6.0,7.0,1022.01,1021.4,0.31,0.0,0.0
KNYNEWYO1850,America/New_York,2024-01-12 15:59:00+00:00,2024-01-12 10:59:00,1705075140,40.759,-73.802,305.62,2.0,316.0,57.0,53.0,54.0,1,8.0,7.0,8.0,5.0,0.0,2.0,9.0,2.0,5.0,-1.0,-1.0,-1.0,8.0,7.0,8.0,8.0,7.0,8.0,1022.59,1021.81,0.31,0.0,0.0
KNYNEWYO1850,America/New_York,2024-01-12 16:58:00+00:00,2024-01-12 11:58:00,1705078680,40.759,-73.802,338.78,3.0,312.0,54.0,49.0,51.0,1,9.0,8.0,9.0,5.0,0.0,1.0,7.0,0.0,4.0,0.0,-1.0,-1.0,9.0,8.0,9.0,9.0,8.0,9.0,1022.49,1021.4,-0.84,0.0,0.0
KNYNEWYO1850,America/New_York,2024-01-12 17:59:00+00:00,2024-01-12 12:59:00,1705082340,40.759,-73.802,352.89,3.0,352.0,50.0,44.0,47.0,1,10.0,9.0,9.0,5.0,0.0,2.0,13.0,2.0,5.0,-1.0,-2.0,-1.0,10.0,9.0,9.0,10.0,9.0,9.0,1021.5,1019.71,-1.83,0.0,0.0
KNYNEWYO1850,America/New_York,2024-01-12 18:59:00+00:00,2024-01-12 13:59:00,1705085940,40.759,-73.802,361.03,3.0,343.0,45.0,41.0,42.0,1,11.0,10.0,10.0,9.0,0.0,4.0,13.0,4.0,8.0,-1.0,-3.0,-2.0,11.0,9.0,10.0,11.0,10.0,10.0,1019.91,1019.0,-0.72,0.0,0.0
KNYNEWYO1850,America/New_York,2024-01-12 19:59:00+00:00,2024-01-12 14:59:00,1705089540,40.759,-73.802,207.55,2.0,356.0,52.0,43.0,48.0,1,10.0,8.0,9.0,9.0,0.0,3.0,15.0,2.0,8.0,-1.0,-2.0,-1.0,10.0,7.0,9.0,10.0,8.0,9.0,1019.2,1018.69,-0.21,0.0,0.0
KNYNEWYO1850,America/New_York,2024-01-12 20:59:00+00:00,2024-01-12 15:59:00,1705093140,40.759,-73.802,80.62,0.0,8.0,62.0,51.0,56.0,1,8.0,7.0,8.0,9.0,0.0,3.0,15.0,2.0,7.0,0.0,-1.0,-1.0,8.0,6.0,7.0,8.0,7.0,8.0,1018.8,1018.49,0.0,0.0,0.0
KNYNEWYO1850,America/New_York,2024-01-12 21:59:00+00:00,2024-01-12 16:59:00,1705096740,40.759,-73.802,24.46,0.0,11.0,74.0,62.0,69.0,1,7.0,6.0,7.0,9.0,0.0,4.0,15.0,4.0,9.0,2.0,0.0,1.0,7.0,5.0,6.0,7.0,6.0,7.0,1018.49,1017.2,-1.21,0.0,0.0
KNYNEWYO1850,America/New_York,2024-01-12 22:59:00+00:00,2024-01-12 17:59:00,1705100340,40.759,-73.802,0.48,0.0,356.0,78.0,74.0,76.0,1,6.0,6.0,6.0,7.0,0.0,3.0,11.0,2.0,7.0,3.0,2.0,2.0,6.0,5.0,6.0,6.0,6.0,6.0,1017.2,1015.61,-1.24,0.0,0.0
KNYNEWYO1850,America/New_York,2024-01-12 23:57:00+00:00,2024-01-12 18:57:00,1705103820,40.759,-73.802,0.0,0.0,7.0,78.0,77.0,77.0,1,7.0,6.0,6.0,8.0,0.0,3.0,15.0,0.0,6.0,3.0,3.0,3.0,7.0,5.0,6.0,7.0,6.0,6.0,1015.98,1014.19,-1.78,0.0,0.0
KNYNEWYO1850,America/New_York,2024-01-13 00:58:00+00:00,2024-01-12 19:58:00,1705107480,40.759,-73.802,0.0,0.0,3.0,81.0,76.0,78.0,1,7.0,7.0,7.0,11.0,0.0,4.0,18.0,2.0,9.0,4.0,3.0,3.0,7.0,5.0,6.0,7.0,7.0,7.0,1014.29,1012.6,-1.75,0.0,0.0
KNYNEWYO1850,America/New_York,2024-01-13 01:59:00+00:00,2024-01-12 20:59:00,1705111140,40.759,-73.802,0.0,0.0,2.0,81.0,80.0,80.0,1,8.0,7.0,7.0,15.0,2.0,5.0,24.0,2.0,11.0,4.0,4.0,4.0,8.0,5.0,7.0,8.0,7.0,7.0,1012.5,1010.09,-1.93,0.0,0.0
KNYNEWYO1850,America/New_York,2024-01-13 02:59:00+00:00,2024-01-12 21:59:00,1705114740,40.759,-73.802,0.0,0.0,11.0,80.0,78.0,78.0,1,8.0,8.0,8.0,18.0,1.0,6.0,26.0,2.0,13.0,5.0,4.0,4.0,8.0,5.0,7.0,8.0,8.0,8.0,1011.89,1009.01,0.53,0.0,0.0
KNYNEWYO1850,America/New_York,2024-01-13 03:58:00+00:00,2024-01-12 22:58:00,1705118280,40.759,-73.802,0.0,0.0,17.0,86.0,78.0,81.0,1,8.0,8.0,8.0,17.0,3.0,8.0,28.0,7.0,17.0,6.0,5.0,5.0,8.0,5.0,7.0,8.0,8.0,8.0,1011.31,1006.5,-3.43,1.8,0.3
KNYNEWYO1850,America/New_York,2024-01-13 04:59:00+00:00,2024-01-12 23:59:00,1705121940,40.759,-73.802,0.0,0.0,32.0,93.0,87.0,91.0,1,8.0,8.0,8.0,15.0,1.0,9.0,33.0,7.0,19.0,7.0,6.0,6.0,8.0,5.0,6.0,8.0,8.0,8.0,1007.48,1004.1,-3.03,7.8,2.31
KNYNEWYO1850,America/New_York,2024-01-13 05:59:00+00:00,2024-01-13 00:59:00,1705125540,40.759,-73.802,0.0,0.0,9.0,95.0,93.0,94.0,1,9.0,8.0,8.0,15.0,2.0,8.0,31.0,4.0,17.0,8.0,7.0,8.0,9.0,6.0,7.0,9.0,8.0,8.0,1004.81,1001.08,-2.76,5.99,3.1
KNYNEWYO1850,America/New_York,2024-01-13 06:59:00+00:00,2024-01-13 01:59:00,1705129140,40.759,-73.802,0.0,0.0,19.0,98.0,95.0,96.0,1,9.0,9.0,9.0,19.0,2.0,9.0,35.0,4.0,17.0,9.0,8.0,8.0,9.0,6.0,8.0,9.0,9.0,9.0,1001.8,998.71,-2.72,12.6,10.9
KNYNEWYO1850,America/New_York,2024-01-13 07:59:00+00:00,2024-01-13 02:59:00,1705132740,40.759,-73.802,0.0,0.0,18.0,98.0,98.0,98.0,1,10.0,9.0,10.0,19.0,1.0,7.0,28.0,4.0,13.0,10.0,9.0,9.0,10.0,6.0,9.0,10.0,9.0,10.0,998.82,996.21,-2.65,16.79,20.09
KNYNEWYO1850,America/New_York,2024-01-13 08:59:00+00:00,2024-01-13 03:59:00,1705136340,40.759,-73.802,0.0,0.0,20.0,99.0,98.0,98.0,1,11.0,10.0,11.0,12.0,3.0,6.0,26.0,4.0,12.0,11.0,10.0,10.0,11.0,10.0,11.0,11.0,10.0,11.0,996.21,994.11,-2.14,11.99,25.7
KNYNEWYO1850,America/New_York,2024-01-13 09:59:00+00:00,2024-01-13 04:59:00,1705139940,40.759,-73.802,0.0,0.0,340.0,99.0,98.0,98.0,1,12.0,11.0,11.0,9.0,0.0,3.0,18.0,2.0,6.0,12.0,11.0,11.0,12.0,11.0,11.0,12.0,11.0,11.0,994.01,991.6,-2.45,5.99,26.7
KNYNEWYO1850,America/New_York,2024-01-13 10:59:00+00:00,2024-01-13 05:59:00,1705143540,40.759,-73.802,0.0,0.0,337.0,99.0,99.0,99.0,1,13.0,12.0,12.0,8.0,0.0,4.0,17.0,2.0,8.0,12.0,12.0,12.0,13.0,12.0,12.0,13.0,12.0,12.0,991.6,990.11,-1.21,1.19,26.9
KNYNEWYO1850,America/New_York,2024-01-13 11:59:00+00:00,2024-01-13 06:59:00,1705147140,40.759,-73.802,0.06,0.0,342.0,99.0,99.0,99.0,1,13.0,12.0,12.0,11.0,1.0,5.0,17.0,4.0,11.0,12.0,12.0,12.0,13.0,12.0,12.0,13.0,12.0,12.0,990.32,988.59,-1.34,0.0,26.9
KNYNEWYO1850,America/New_York,2024-01-13 12:59:00+00:00,2024-01-13 07:59:00,1705150740,40.759,-73.802,20.43,0.0,337.0,99.0,99.0,99.0,1,12.0,11.0,12.0,8.0,0.0,3.0,11.0,2.0,6.0,12.0,11.0,12.0,12.0,11.0,12.0,12.0,11.0,12.0,989.1,988.11,-0.9,0.0,26.9
KNYNEWYO1850,America/New_York,2024-01-13 13:59:00+00:00,2024-01-13 08:59:00,1705154340,40.759,-73.802,83.55,0.0,324.0,99.0,99.0,99.0,1,12.0,12.0,12.0,5.0,0.0,3.0,11.0,2.0,5.0,12.0,12.0,12.0,12.0,12.0,12.0,12.0,12.0,12.0,988.28,987.61,-0.38,0.0,26.9
KNYNEWYO1850,America/New_York,2024-01-13 14:59:00+00:00,2024-01-13 09:59:00,1705157940,40.759,-73.802,146.51,1.0,94.0,99.0,97.0,98.0,1,14.0,12.0,13.0,9.0,0.0,5.0,15.0,4.0,8.0,13.0,12.0,12.0,14.0,12.0,13.0,14.0,12.0,13.0,988.28,987.5,0.0,1.8,27.2
KNYNEWYO1850,America/New_York,2024-01-13 15:59:00+00:00,2024-01-13 10:59:00,1705161540,40.759,-73.802,415.34,4.0,176.0,97.0,72.0,80.0,1,15.0,14.0,15.0,17.0,2.0,9.0,24.0,2.0,12.0,13.0,9.0,11.0,15.0,14.0,15.0,15.0,14.0,15.0,988.22,987.61,0.1,0.0,27.2
KNYNEWYO1850,America/New_York,2024-01-13 16:59:00+00:00,2024-01-13 11:59:00,1705165140,40.759,-73.802,411.49,4.0,204.0,73.0,65.0,69.0,1,14.0,13.0,14.0,17.0,2.0,9.0,26.0,5.0,17.0,9.0,7.0,8.0,14.0,13.0,14.0,14.0,13.0,14.0,988.11,987.4,0.1,0.0,27.2
KNYNEWYO1850,America/New_York,2024-01-13 17:59:00+00:00,2024-01-13 12:59:00,1705168740,40.759,-73.802,483.83,4.0,226.0,76.0,67.0,69.0,1,14.0,9.0,12.0,25.0,4.0,12.0,42.0,9.0,22.0,8.0,5.0,7.0,14.0,6.0,12.0,14.0,9.0,12.0,989.2,987.5,1.62,0.0,27.2
KNYNEWYO1850,America/New_York,2024-01-13 18:59:00+00:00,2024-01-13 13:59:00,1705172340,40.759,-73.802,389.99,3.0,188.0,74.0,64.0,66.0,1,10.0,9.0,10.0,17.0,3.0,10.0,30.0,9.0,20.0,5.0,3.0,4.0,10.0,7.0,9.0,10.0,9.0,10.0,990.01,988.99,0.93,0.0,27.2
KNYNEWYO1850,America/New_York,2024-01-13 19:59:00+00:00,2024-01-13 14:59:00,1705175940,40.759,-73.802,275.41,2.0,231.0,69.0,50.0,61.0,1,10.0,9.0,10.0,27.0,4.0,11.0,35.0,11.0,22.0,4.0,-1.0,2.0,10.0,6.0,8.0,10.0,9.0,10.0,991.6,989.91,1.72,0.0,27.2
KNYNEWYO1850,America/New_York,2024-01-13 20:59:00+00:00,2024-01-13 15:59:00,1705179540,40.759,-73.802,171.78,1.0,220.0,50.0,43.0,46.0,1,9.0,9.0,9.0,22.0,4.0,11.0,37.0,11.0,22.0,-1.0,-3.0,-2.0,9.0,6.0,8.0,9.0,9.0,9.0,993.5,991.4,1.93,0.0,27.2
KNYNEWYO1850,America/New_York,2024-01-13 21:59:00+00:00,2024-01-13 16:59:00,1705183140,40.759,-73.802,47.58,0.0,245.0,45.0,39.0,40.0,1,9.0,8.0,8.0,27.0,4.0,14.0,42.0,7.0,27.0,-2.0,-5.0,-5.0,9.0,4.0,6.0,9.0,8.0,8.0,995.6,993.5,1.93,0.0,27.2
KNYNEWYO1850,America/New_York,2024-01-13 22:59:00+00:00,2024-01-13 17:59:00,1705186740,40.759,-73.802,0.62,0.0,251.0,44.0,39.0,40.0,1,8.0,7.0,7.0,22.0,4.0,13.0,35.0,9.0,23.0,-4.0,-6.0,-5.0,8.0,3.0,5.0,8.0,7.0,7.0,997.49,995.4,2.14,0.0,27.2
KNYNEWYO1850,America/New_York,2024-01-13 23:59:00+00:00,2024-01-13 18:59:00,1705190340,40.759,-73.802,0.0,0.0,217.0,43.0,39.0,41.0,1,7.0,5.0,6.0,30.0,6.0,15.0,50.0,15.0,29.0,-6.0,-6.0,-6.0,5.0,1.0,3.0,7.0,5.0,6.0,999.29,997.29,1.72,0.0,27.2
KNYNEWYO1850,America/New_York,2024-01-14 00:59:00+00:00,2024-01-13 19:59:00,1705193940,40.759,-73.802,0.0,0.0,229.0,48.0,43.0,45.0,1,5.0,4.0,5.0,22.0,4.0,12.0,40.0,13.0,23.0,-6.0,-6.0,-6.0,4.0,1.0,2.0,5.0,4.0,5.0,1001.02,999.19,1.89,0.0,27.2
KNYNEWYO1850,America/New_York,2024-01-14 01:59:00+00:00,2024-01-13 20:59:00,1705197540,40.759,-73.802,0.0,0.0,234.0,47.0,45.0,45.0,1,4.0,4.0,4.0,24.0,2.0,10.0,31.0,9.0,19.0,-6.0,-7.0,-6.0,4.0,0.0,2.0,4.0,4.0,4.0,1002.81,1001.02,1.72,0.0,27.2
KNYNEWYO1850,America/New_York,2024-01-14 02:59:00+00:00,2024-01-13 21:59:00,1705201140,40.759,-73.802,0.0,0.0,237.0,48.0,43.0,45.0,1,4.0,3.0,3.0,21.0,4.0,11.0,37.0,11.0,20.0,-7.0,-8.0,-7.0,3.0,-1.0,1.0,4.0,3.0,3.0,1004.0,1002.61,1.21,0.0,27.2
KNYNEWYO1850,America/New_York,2024-01-14 03:59:00+00:00,2024-01-13 22:59:00,1705204740,40.759,-73.802,0.0,0.0,230.0,48.0,46.0,46.0,1,3.0,3.0,3.0,20.0,3.0,11.0,37.0,9.0,22.0,-7.0,-8.0,-8.0,3.0,-2.0,0.0,3.0,3.0,3.0,1005.38,1003.89,1.52,0.0,27.2
KNYNEWYO1850,America/New_York,2024-01-14 04:59:00+00:00,2024-01-13 23:59:00,1705208340,40.759,-73.802,0.0,0.0,225.0,48.0,46.0,46.0,1,3.0,2.0,2.0,19.0,2.0,9.0,28.0,9.0,19.0,-8.0,-8.0,-8.0,3.0,-2.0,0.0,3.0,2.0,2.0,1006.5,1005.22,1.03,0.0,27.2
KNYNEWYO1850,America/New_York,2024-01-14 05:59:00+00:00,2024-01-14 00:59:00,1705211940,40.759,-73.802,0.0,0.0,245.0,51.0,47.0,48.0,1,2.0,2.0,2.0,18.0,1.0,8.0,24.0,5.0,13.0,-7.0,-8.0,-8.0,2.0,-3.0,0.0,2.0,2.0,2.0,1007.59,1006.4,0.93,0.0,0.0
KNYNEWYO1850,America/New_York,2024-01-14 06:59:00+00:00,2024-01-14 01:59:00,1705215540,40.759,-73.802,0.0,0.0,240.0,52.0,47.0,49.0,1,2.0,2.0,2.0,19.0,3.0,8.0,28.0,7.0,17.0,-7.0,-8.0,-8.0,2.0,-3.0,0.0,2.0,2.0,2.0,1008.6,1007.48,0.83,0.0,0.0
KNYNEWYO1850,America/New_York,2024-01-14 07:59:00+00:00,2024-01-14 02:59:00,1705219140,40.759,-73.802,0.0,0.0,227.0,53.0,50.0,51.0,1,2.0,1.0,1.0,15.0,2.0,7.0,26.0,7.0,15.0,-7.0,-8.0,-8.0,2.0,-3.0,-1.0,2.0,1.0,1.0,1009.52,1008.4,0.72,0.0,0.0
KNYNEWYO1850,America/New_York,2024-01-14 08:59:00+00:00,2024-01-14 03:59:00,1705222740,40.759,-73.802,0.0,0.0,225.0,52.0,49.0,50.0,1,1.0,1.0,1.0,14.0,2.0,7.0,33.0,5.0,14.0,-8.0,-8.0,-8.0,1.0,-3.0,-1.0,1.0,1.0,1.0,1009.79,1009.11,0.1,0.0,0.0
KNYNEWYO1850,America/New_York,2024-01-14 09:59:00+00:00,2024-01-14 04:59:00,1705226340,40.759,-73.802,0.0,0.0,211.0,57.0,51.0,53.0,1,1.0,1.0,1.0,13.0,1.0,5.0,22.0,5.0,11.0,-7.0,-8.0,-7.0,1.0,-3.0,0.0,1.0,1.0,1.0,1010.09,1009.52,0.52,0.0,0.0
KNYNEWYO1850,America/New_York,2024-01-14 10:59:00+00:00,2024-01-14 05:59:00,1705229940,40.759,-73.802,0.0,0.0,222.0,62.0,58.0,60.0,1,1.0,0.0,0.0,7.0,0.0,3.0,18.0,2.0,7.0,-6.0,-7.0,-6.0,1.0,-2.0,0.0,1.0,0.0,0.0,1010.9,1009.89,0.62,0.0,0.0
KNYNEWYO1850,America/New_York,2024-01-14 11:59:00+00:00,2024-01-14 06:59:00,1705233540,40.759,-73.802,0.18,0.0,194.0,62.0,59.0,60.0,1,1.0,0.0,0.0,11.0,0.0,4.0,17.0,4.0,8.0,-6.0,-7.0,-6.0,1.0,-3.0,0.0,1.0,0.0,0.0,1011.21,1010.5,0.1,0.0,0.0
KNYNEWYO1850,America/New_York,2024-01-14 12:59:00+00:00,2024-01-14 07:59:00,1705237140,40.759,-73.802,23.3,0.0,215.0,62.0,61.0,61.0,1,1.0,0.0,0.0,9.0,0.0,4.0,15.0,4.0,8.0,-6.0,-6.0,-6.0,1.0,-3.0,0.0,1.0,0.0,0.0,1010.8,1010.3,0.0,0.0,0.0
KNYNEWYO1850,America/New_York,2024-01-14 13:59:00+00:00,2024-01-14 08:59:00,1705240740,40.759,-73.802,107.07,1.0,166.0,62.0,58.0,61.0,1,2.0,1.0,1.0,11.0,0.0,4.0,17.0,4.0,10.0,-5.0,-6.0,-5.0,2.0,-2.0,0.0,2.0,1.0,1.0,1011.11,1010.4,-0.21,0.0,0.0
KNYNEWYO1850,America/New_York,2024-01-14 14:59:00+00:00,2024-01-14 09:59:00,1705244340,40.759,-73.802,297.57,2.0,185.0,59.0,51.0,54.0,1,4.0,2.0,3.0,13.0,1.0,6.0,18.0,5.0,11.0,-5.0,-6.0,-5.0,4.0,-1.0,2.0,4.0,2.0,3.0,1010.8,1010.3,-0.1,0.0,0.0
KNYNEWYO1850,America/New_York,2024-01-14 15:58:00+00:00,2024-01-14 10:58:00,1705247880,40.759,-73.802,312.13,3.0,160.0,53.0,45.0,48.0,1,6.0,3.0,4.0,14.0,1.0,6.0,31.0,4.0,13.0,-5.0,-6.0,-6.0,6.0,0.0,3.0,6.0,3.0,4.0,1010.5,1007.99,-2.28,0.0,0.0
KNYNEWYO1850,America/New_York,2024-01-14 16:59:00+00:00,2024-01-14 11:59:00,1705251540,40.759,-73.802,409.83,3.0,144.0,45.0,42.0,43.0,1,7.0,6.0,6.0,15.0,1.0,7.0,26.0,5.0,14.0,-5.0,-6.0,-5.0,7.0,3.0,5.0,7.0,6.0,6.0,1008.3,1007.01,-1.0,0.0,0.0
KNYNEWYO1850,America/New_York,2024-01-14 17:59:00+00:00,2024-01-14 12:59:00,1705255140,40.759,-73.802,420.69,4.0,203.0,46.0,41.0,43.0,1,7.0,6.0,6.0,17.0,1.0,9.0,33.0,5.0,17.0,-5.0,-6.0,-5.0,7.0,3.0,5.0,7.0,6.0,6.0,1007.11,1005.79,-0.62,0.0,0.0
KNYNEWYO1850,America/New_York,2024-01-14 18:59:00+00:00,2024-01-14 13:59:00,1705258740,40.759,-73.802,89.7,0.0,227.0,79.0,46.0,67.0,1,6.0,2.0,3.0,22.0,4.0,13.0,37.0,13.0,24.0,-1.0,-5.0,-2.0,4.0,-2.0,0.0,6.0,2.0,3.0,1008.7,1006.6,1.21,0.0,0.0
KNYNEWYO1850,America/New_York,2024-01-14 19:59:00+00:00,2024-01-14 14:59:00,1705262340,40.759,-73.802,190.92,1.0,205.0,57.0,43.0,53.0,1,4.0,3.0,3.0,21.0,3.0,11.0,35.0,5.0,21.0,-4.0,-8.0,-5.0,3.0,-1.0,1.0,4.0,3.0,3.0,1008.81,1007.79,0.31,0.0,0.0
KNYNEWYO1850,America/New_York,2024-01-14 20:59:00+00:00,2024-01-14 15:59:00,1705265940,40.759,-73.802,156.84,1.0,229.0,43.0,25.0,36.0,1,4.0,4.0,4.0,27.0,6.0,15.0,42.0,17.0,28.0,-8.0,-14.0,-10.0,3.0,-1.0,1.0,4.0,4.0,4.0,1010.6,1008.5,2.14,0.0,0.0
KNYNEWYO1850,America/New_York,2024-01-14 21:12:00+00:00,2024-01-14 16:12:00,1705266720,40.759,-73.802,50.46,0.0,248.0,25.0,23.0,23.0,1,4.0,3.0,4.0,28.0,10.0,18.0,37.0,20.0,30.0,-14.0,-16.0,-15.0,1.0,-2.0,0.0,4.0,3.0,4.0,1011.21,1010.4,2.54,0.0,0.0
KNYNEWYO1850,America/New_York,2024-01-14 22:59:00+00:00,2024-01-14 17:59:00,1705273140,40.759,-73.802,0.0,0.0,232.0,30.0,28.0,29.0,0,1.0,1.0,1.0,19.0,10.0,14.0,31.0,15.0,25.0,-15.0,-16.0,-15.0,-2.0,-4.0,-3.0,1.0,1.0,1.0,1015.92,1015.1,3.05,0.0,0.0
KNYNEWYO1850,America/New_York,2024-01-14 23:59:00+00:00,2024-01-14 18:59:00,1705276740,40.759,-73.802,0.0,0.0,251.0,32.0,29.0,30.0,1,1.0,0.0,0.0,21.0,4.0,12.0,31.0,11.0,22.0,-15.0,-16.0,-15.0,0.0,-5.0,-3.0,1.0,0.0,0.0,1017.31,1015.71,1.24,0.0,0.0
KNYNEWYO1850,America/New_York,2024-01-15 00:59:00+00:00,2024-01-14 19:59:00,1705280340,40.759,-73.802,0.0,0.0,256.0,33.0,31.0,31.0,1,0.0,-1.0,-1.0,17.0,5.0,10.0,30.0,11.0,18.0,-15.0,-16.0,-15.0,-2.0,-5.0,-4.0,0.0,-1.0,-1.0,1018.39,1017.1,0.79,0.0,0.0
KNYNEWYO1850,America/New_York,2024-01-15 01:59:00+00:00,2024-01-14 20:59:00,1705283940,40.759,-73.802,0.0,0.0,251.0,34.0,32.0,33.0,1,-1.0,-1.0,-1.0,20.0,5.0,10.0,28.0,9.0,18.0,-15.0,-16.0,-15.0,-3.0,-7.0,-5.0,-1.0,-1.0,-1.0,1018.8,1017.71,0.79,0.0,0.0
KNYNEWYO1850,America/New_York,2024-01-15 02:59:00+00:00,2024-01-14 21:59:00,1705287540,40.759,-73.802,0.0,0.0,258.0,36.0,33.0,34.0,1,-1.0,-2.0,-2.0,16.0,3.0,8.0,24.0,5.0,14.0,-15.0,-16.0,-15.0,-1.0,-7.0,-4.0,-1.0,-2.0,-2.0,1019.4,1018.59,0.72,0.0,0.0
KNYNEWYO1850,America/New_York,2024-01-15 03:59:00+00:00,2024-01-14 22:59:00,1705291140,40.759,-73.802,0.0,0.0,260.0,38.0,35.0,36.0,1,-2.0,-2.0,-2.0,13.0,1.0,7.0,22.0,5.0,13.0,-15.0,-15.0,-15.0,-2.0,-7.0,-4.0,-2.0,-2.0,-2.0,1019.91,1019.2,0.21,0.0,0.0
KNYNEWYO1850,America/New_York,2024-01-15 04:59:00+00:00,2024-01-14 23:59:00,1705294740,40.759,-73.802,0.0,0.0,265.0,40.0,37.0,38.0,1,-2.0,-3.0,-3.0,14.0,2.0,8.0,24.0,7.0,14.0,-14.0,-15.0,-15.0,-3.0,-8.0,-6.0,-2.0,-3.0,-3.0,1020.01,1019.2,0.21,0.0,0.0
KNYNEWYO1850,America/New_York,2024-01-15 05:59:00+00:00,2024-01-15 00:59:00,1705298340,40.759,-73.802,0.0,0.0,259.0,40.0,38.0,39.0,1,-3.0,-3.0,-3.0,13.0,0.0,7.0,20.0,7.0,14.0,-15.0,-15.0,-15.0,-3.0,-8.0,-5.0,-3.0,-3.0,-3.0,1020.89,1019.91,1.02,0.0,0.0
KNYNEWYO1850,America/New_York,2024-01-15 06:59:00+00:00,2024-01-15 01:59:00,1705301940,40.759,-73.802,0.0,0.0,269.0,42.0,39.0,40.0,1,-3.0,-3.0,-3.0,10.0,1.0,5.0,15.0,4.0,9.0,-14.0,-15.0,-15.0,-3.0,-7.0,-4.0,-3.0,-3.0,-3.0,1021.71,1020.69,0.72,0.0,0.0
KNYNEWYO1850,America/New_York,2024-01-15 07:59:00+00:00,2024-01-15 02:59:00,1705305540,40.759,-73.802,0.0,0.0,262.0,42.0,41.0,41.0,1,-3.0,-4.0,-4.0,11.0,0.0,6.0,15.0,5.0,11.0,-14.0,-15.0,-15.0,-3.0,-8.0,-5.0,-3.0,-4.0,-4.0,1022.01,1021.5,0.0,0.0,0.0
KNYNEWYO1850,America/New_York,2024-01-15 08:59:00+00:00,2024-01-15 03:59:00,1705309140,40.759,-73.802,0.0,0.0,264.0,45.0,42.0,43.0,1,-4.0,-4.0,-4.0,13.0,3.0,7.0,17.0,5.0,12.0,-14.0,-15.0,-14.0,-4.0,-9.0,-6.0,-4.0,-4.0,-4.0,1021.91,1021.3,-0.31,0.0,0.0
KNYNEWYO1850,America/New_York,2024-01-15 09:58:00+00:00,2024-01-15 04:58:00,1705312680,40.759,-73.802,0.0,0.0,261.0,46.0,43.0,44.0,1,-4.0,-4.0,-4.0,11.0,0.0,6.0,17.0,4.0,10.0,-14.0,-15.0,-15.0,-4.0,-9.0,-6.0,-4.0,-4.0,-4.0,1022.38,1021.5,0.6,0.0,0.0
KNYNEWYO1850,America/New_York,2024-01-15 10:59:00+00:00,2024-01-15 05:59:00,1705316340,40.759,-73.802,0.0,0.0,262.0,46.0,41.0,43.0,1,-4.0,-4.0,-4.0,10.0,1.0,4.0,15.0,4.0,9.0,-14.0,-16.0,-15.0,-4.0,-8.0,-5.0,-4.0,-4.0,-4.0,1023.1,1022.22,0.9,0.0,0.0
KNYNEWYO1850,America/New_York,2024-01-15 11:59:00+00:00,2024-01-15 06:59:00,1705319940,40.759,-73.802,0.17,0.0,269.0,45.0,42.0,43.0,1,-4.0,-5.0,-4.0,7.0,1.0,4.0,13.0,4.0,9.0,-14.0,-15.0,-15.0,-4.0,-8.0,-5.0,-4.0,-5.0,-4.0,1023.5,1022.79,0.31,0.0,0.0
KNYNEWYO1850,America/New_York,2024-01-15 12:59:00+00:00,2024-01-15 07:59:00,1705323540,40.759,-73.802,29.16,0.0,263.0,47.0,43.0,46.0,1,-4.0,-5.0,-4.0,9.0,1.0,4.0,13.0,4.0,8.0,-14.0,-15.0,-14.0,-4.0,-8.0,-5.0,-4.0,-5.0,-4.0,1023.91,1023.2,0.31,0.0,0.0
KNYNEWYO1850,America/New_York,2024-01-15 13:59:00+00:00,2024-01-15 08:59:00,1705327140,40.759,-73.802,100.2,0.0,267.0,46.0,44.0,45.0,1,-4.0,-4.0,-4.0,8.0,0.0,4.0,11.0,4.0,8.0,-14.0,-14.0,-14.0,-4.0,-8.0,-5.0,-4.0,-4.0,-4.0,1024.01,1023.5,-0.1,0.0,0.0
KNYNEWYO1850,America/New_York,2024-01-15 14:59:00+00:00,2024-01-15 09:59:00,1705330740,40.759,-73.802,173.0,1.0,265.0,45.0,42.0,43.0,1,-3.0,-4.0,-3.0,10.0,0.0,4.0,11.0,4.0,8.0,-14.0,-14.0,-14.0,-3.0,-8.0,-4.0,-3.0,-4.0,-3.0,1024.59,1023.71,0.62,0.0,0.0
KNYNEWYO1850,America/New_York,2024-01-15 15:59:00+00:00,2024-01-15 10:59:00,1705334340,40.759,-73.802,136.14,1.0,262.0,43.0,38.0,39.0,1,-3.0,-3.0,-3.0,8.0,0.0,3.0,11.0,2.0,6.0,-14.0,-15.0,-14.0,-3.0,-6.0,-3.0,-3.0,-3.0,-3.0,1024.59,1024.11,-0.31,0.0,0.0
KNYNEWYO1850,America/New_York,2024-01-15 16:59:00+00:00,2024-01-15 11:59:00,1705337940,40.759,-73.802,156.54,1.0,250.0,41.0,38.0,39.0,1,-2.0,-3.0,-2.0,11.0,0.0,4.0,15.0,2.0,8.0,-14.0,-15.0,-14.0,-2.0,-6.0,-3.0,-2.0,-3.0,-2.0,1024.21,1023.3,-0.72,0.0,0.0
KNYNEWYO1850,America/New_York,2024-01-15 17:59:00+00:00,2024-01-15 12:59:00,1705341540,40.759,-73.802,173.85,1.0,213.0,42.0,40.0,40.0,1,-2.0,-2.0,-2.0,8.0,1.0,4.0,15.0,4.0,9.0,-14.0,-14.0,-14.0,-2.0,-5.0,-3.0,-2.0,-2.0,-2.0,1023.5,1022.69,-0.52,0.0,0.0
KNYNEWYO1850,America/New_York,2024-01-15 18:59:00+00:00,2024-01-15 13:59:00,1705345140,40.759,-73.802,118.23,1.0,193.0,41.0,37.0,40.0,1,-2.0,-2.0,-2.0,8.0,0.0,4.0,13.0,4.0,8.0,-14.0,-15.0,-14.0,-2.0,-5.0,-3.0,-2.0,-2.0,-2.0,1022.89,1022.22,-0.38,0.0,0.0
KNYNEWYO1850,America/New_York,2024-01-15 19:59:00+00:00,2024-01-15 14:59:00,1705348740,40.759,-73.802,71.75,0.0,249.0,38.0,31.0,34.0,1,-2.0,-2.0,-2.0,8.0,0.0,2.0,11.0,2.0,6.0,-15.0,-17.0,-16.0,-2.0,-5.0,-2.0,-2.0,-2.0,-2.0,1022.49,1021.91,-0.21,0.0,0.0
KNYNEWYO1850,America/New_York,2024-01-15 20:59:00+00:00,2024-01-15 15:59:00,1705352340,40.759,-73.802,48.94,0.0,266.0,35.0,31.0,32.0,1,-2.0,-2.0,-2.0,7.0,0.0,3.0,11.0,2.0,6.0,-15.0,-17.0,-16.0,-2.0,-4.0,-2.0,-2.0,-2.0,-2.0,1022.32,1021.61,0.1,0.0,0.0
KNYNEWYO1850,America/New_York,2024-01-15 21:59:00+00:00,2024-01-15 16:59:00,1705355940,40.759,-73.802,19.98,0.0,263.0,36.0,34.0,35.0,1,-2.0,-2.0,-2.0,6.0,0.0,2.0,11.0,2.0,5.0,-15.0,-16.0,-15.0,-2.0,-4.0,-2.0,-2.0,-2.0,-2.0,1022.22,1021.81,-0.1,0.0,0.0
KNYNEWYO1850,America/New_York,2024-01-15 22:59:00+00:00,2024-01-15 17:59:00,1705359540,40.759,-73.802,0.62,0.0,230.0,42.0,36.0,39.0,1,-2.0,-2.0,-2.0,6.0,0.0,2.0,9.0,2.0,5.0,-13.0,-15.0,-14.0,-2.0,-4.0,-2.0,-2.0,-2.0,-2.0,1022.22,1021.71,0.1,0.0,0.0
KNYNEWYO1850,America/New_York,2024-01-15 23:59:00+00:00,2024-01-15 18:59:00,1705363140,40.759,-73.802,0.0,0.0,262.0,45.0,42.0,43.0,1,-2.0,-2.0,-2.0,4.0,0.0,2.0,7.0,2.0,4.0,-12.0,-13.0,-12.0,-2.0,-2.0,-2.0,-2.0,-2.0,-2.0,1022.11,1021.2,-0.52,0.0,0.0
KNYNEWYO1850,America/New_York,2024-01-16 00:58:00+00:00,2024-01-15 19:58:00,1705366680,40.759,-73.802,0.0,0.0,251.0,47.0,44.0,45.0,1,-2.0,-2.0,-2.0,5.0,0.0,2.0,9.0,2.0,5.0,-11.0,-12.0,-12.0,-2.0,-2.0,-2.0,-2.0,-2.0,-2.0,1022.11,1021.4,0.53,0.0,0.0
KNYNEWYO1850,America/New_York,2024-01-16 01:59:00+00:00,2024-01-15 20:59:00,1705370340,40.759,-73.802,0.0,0.0,84.0,76.0,47.0,56.0,1,-2.0,-3.0,-2.0,6.0,0.0,3.0,11.0,2.0,6.0,-6.0,-11.0,-9.0,-2.0,-5.0,-2.0,-2.0,-3.0,-2.0,1022.32,1021.81,-0.21,0.0,0.0
KNYNEWYO1850,America/New_York,2024-01-16 02:59:00+00:00,2024-01-15 21:59:00,1705373940,40.759,-73.802,0.0,0.0,265.0,89.0,76.0,85.0,1,-3.0,-3.0,-3.0,4.0,0.0,1.0,9.0,2.0,4.0,-5.0,-6.0,-5.0,-3.0,-3.0,-3.0,-3.0,-3.0,-3.0,1022.11,1021.5,-0.32,0.0,0.0
KNYNEWYO1850,America/New_York,2024-01-16 03:59:00+00:00,2024-01-15 22:59:00,1705377540,40.759,-73.802,0.01,0.0,267.0,91.0,87.0,90.0,1,-3.0,-3.0,-3.0,5.0,0.0,2.0,5.0,2.0,3.0,-5.0,-5.0,-5.0,-3.0,-6.0,-3.0,-3.0,-3.0,-3.0,1021.91,1021.1,-0.41,0.0,0.0
KNYNEWYO1850,America/New_York,2024-01-16 04:59:00+00:00,2024-01-15 23:59:00,1705381140,40.759,-73.802,0.01,0.0,296.0,93.0,91.0,91.0,1,-3.0,-4.0,-4.0,4.0,0.0,1.0,5.0,0.0,2.0,-5.0,-5.0,-5.0,-3.0,-4.0,-4.0,-3.0,-4.0,-4.0,1021.5,1020.12,-1.03,0.0,0.0
KNYNEWYO1850,America/New_York,2024-01-16 05:59:00+00:00,2024-01-16 00:59:00,1705384740,40.759,-73.802,0.0,0.0,299.0,93.0,92.0,92.0,1,-4.0,-4.0,-4.0,4.0,0.0,1.0,5.0,0.0,2.0,-5.0,-5.0,-5.0,-4.0,-4.0,-4.0,-4.0,-4.0,-4.0,1020.29,1019.4,-0.72,0.0,0.0
KNYNEWYO1850,America/New_York,2024-01-16 06:59:00+00:00,2024-01-16 01:59:00,1705388340,40.759,-73.802,0.01,0.0,318.0,93.0,92.0,92.0,1,-3.0,-4.0,-4.0,3.0,0.0,1.0,5.0,0.0,2.0,-4.0,-5.0,-5.0,-3.0,-4.0,-4.0,-3.0,-4.0,-4.0,1019.61,1018.59,-0.52,0.0,0.0
KNYNEWYO1850,America/New_York,2024-01-16 07:59:00+00:00,2024-01-16 02:59:00,1705391940,40.759,-73.802,0.01,0.0,308.0,92.0,91.0,91.0,1,-3.0,-3.0,-3.0,4.0,0.0,1.0,7.0,0.0,3.0,-4.0,-5.0,-4.0,-3.0,-3.0,-3.0,-3.0,-3.0,-3.0,1018.9,1017.91,-0.69,0.0,0.0
KNYNEWYO1850,America/New_York,2024-01-16 08:59:00+00:00,2024-01-16 03:59:00,1705395540,40.759,-73.802,0.01,0.0,319.0,93.0,91.0,92.0,1,-3.0,-3.0,-3.0,3.0,0.0,1.0,5.0,0.0,2.0,-4.0,-5.0,-4.0,-3.0,-3.0,-3.0,-3.0,-3.0,-3.0,1018.08,1016.7,-1.21,0.0,0.0
KNYNEWYO1850,America/New_York,2024-01-16 09:59:00+00:00,2024-01-16 04:59:00,1705399140,40.759,-73.802,0.01,0.0,341.0,94.0,93.0,93.0,1,-3.0,-3.0,-3.0,5.0,0.0,1.0,9.0,0.0,4.0,-4.0,-4.0,-4.0,-3.0,-3.0,-3.0,-3.0,-3.0,-3.0,1017.1,1015.98,-1.03,0.0,0.0
KNYNEWYO1850,America/New_York,2024-01-16 10:58:00+00:00,2024-01-16 05:58:00,1705402680,40.759,-73.802,0.01,0.0,344.0,94.0,94.0,94.0,1,-3.0,-3.0,-3.0,5.0,0.0,1.0,7.0,0.0,4.0,-4.0,-4.0,-4.0,-3.0,-5.0,-3.0,-3.0,-3.0,-3.0,1016.29,1015.21,-1.12,0.0,0.0
KNYNEWYO1850,America/New_York,2024-01-16 11:59:00+00:00,2024-01-16 06:59:00,1705406340,40.759,-73.802,0.02,0.0,337.0,94.0,93.0,93.0,1,-2.0,-3.0,-3.0,5.0,0.0,2.0,7.0,2.0,5.0,-3.0,-4.0,-3.0,-2.0,-5.0,-3.0,-2.0,-3.0,-3.0,1015.21,1013.72,-1.14,0.0,0.0
KNYNEWYO1850,America/New_York,2024-01-16 12:59:00+00:00,2024-01-16 07:59:00,1705409940,40.759,-73.802,3.69,0.0,312.0,95.0,94.0,94.0,1,-2.0,-2.0,-2.0,3.0,0.0,1.0,9.0,0.0,3.0,-2.0,-3.0,-3.0,-2.0,-2.0,-2.0,-2.0,-2.0,-2.0,1014.09,1012.7,-1.41,0.0,0.0
KNYNEWYO1850,America/New_York,2024-01-16 13:59:00+00:00,2024-01-16 08:59:00,1705413540,40.759,-73.802,12.83,0.0,312.0,95.0,95.0,95.0,1,-2.0,-2.0,-2.0,4.0,0.0,1.0,9.0,2.0,4.0,-2.0,-3.0,-3.0,-2.0,-2.0,-2.0,-2.0,-2.0,-2.0,1012.6,1011.41,-1.1,0.0,0.0
KNYNEWYO1850,America/New_York,2024-01-16 14:59:00+00:00,2024-01-16 09:59:00,1705417140,40.759,-73.802,33.89,0.0,306.0,96.0,95.0,95.0,1,-1.0,-2.0,-1.0,5.0,0.0,2.0,7.0,0.0,4.0,-2.0,-2.0,-2.0,-1.0,-3.0,-1.0,-1.0,-2.0,-1.0,1011.72,1010.4,-1.34,0.0,0.0
KNYNEWYO1850,America/New_York,2024-01-16 15:59:00+00:00,2024-01-16 10:59:00,1705420740,40.759,-73.802,47.52,0.0,305.0,96.0,95.0,95.0,1,-1.0,-1.0,-1.0,13.0,0.0,3.0,22.0,2.0,7.0,-1.0,-2.0,-1.0,-1.0,-5.0,-2.0,-1.0,-1.0,-1.0,1010.4,1008.3,-2.14,0.0,0.0
KNYNEWYO1850,America/New_York,2024-01-16 16:59:00+00:00,2024-01-16 11:59:00,1705424340,40.759,-73.802,105.13,1.0,332.0,96.0,95.0,95.0,1,0.0,-1.0,-1.0,9.0,0.0,1.0,13.0,2.0,4.0,-1.0,-1.0,-1.0,0.0,-4.0,-1.0,0.0,-1.0,-1.0,1008.4,1005.32,-3.12,1.8,0.99
KNYNEWYO1850,America/New_York,2024-01-16 17:59:00+00:00,2024-01-16 12:59:00,1705427940,40.759,-73.802,95.8,0.0,327.0,96.0,95.0,95.0,1,0.0,0.0,0.0,5.0,0.0,2.0,7.0,2.0,4.0,-1.0,-1.0,-1.0,0.0,0.0,0.0,0.0,0.0,0.0,1005.38,1003.79,-1.55,1.8,1.8
KNYNEWYO1850,America/New_York,2024-01-16 18:59:00+00:00,2024-01-16 13:59:00,1705431540,40.759,-73.802,55.65,0.0,296.0,96.0,95.0,95.0,1,0.0,-1.0,0.0,8.0,0.0,3.0,9.0,0.0,5.0,-1.0,-1.0,-1.0,0.0,-3.0,-1.0,0.0,-1.0,0.0,1004.2,1003.12,0.62,1.8,2.49
KNYNEWYO1850,America/New_York,2024-01-16 19:59:00+00:00,2024-01-16 14:59:00,1705435140,40.759,-73.802,26.35,0.0,233.0,96.0,94.0,95.0,1,-1.0,-1.0,-1.0,13.0,1.0,6.0,17.0,5.0,10.0,-1.0,-2.0,-2.0,-1.0,-6.0,-3.0,-1.0,-1.0,-1.0,1004.81,1003.79,0.83,1.8,2.79
KNYNEWYO1850,America/New_York,2024-01-16 20:59:00+00:00,2024-01-16 15:59:00,1705438740,40.759,-73.802,19.89,0.0,162.0,95.0,92.0,93.0,1,-1.0,-2.0,-2.0,12.0,1.0,6.0,20.0,4.0,12.0,-2.0,-4.0,-3.0,-2.0,-7.0,-4.0,-1.0,-2.0,-2.0,1005.79,1004.71,0.9,1.8,2.79
KNYNEWYO1850,America/New_York,2024-01-16 21:59:00+00:00,2024-01-16 16:59:00,1705442340,40.759,-73.802,15.08,0.0,162.0,95.0,92.0,93.0,1,-2.0,-3.0,-2.0,10.0,1.0,5.0,13.0,5.0,9.0,-3.0,-3.0,-3.0,-2.0,-6.0,-4.0,-2.0,-3.0,-2.0,1005.79,1005.38,0.0,0.0,2.79
KNYNEWYO1850,America/New_York,2024-01-16 22:59:00+00:00,2024-01-16 17:59:00,1705445940,40.759,-73.802,0.47,0.0,162.0,93.0,82.0,87.0,1,-2.0,-2.0,-2.0,15.0,3.0,7.0,22.0,5.0,13.0,-3.0,-5.0,-4.0,-2.0,-7.0,-4.0,-2.0,-2.0,-2.0,1006.5,1005.38,0.83,0.0,2.79
KNYNEWYO1850,America/New_York,2024-01-16 23:59:00+00:00,2024-01-16 18:59:00,1705449540,40.759,-73.802,0.0,0.0,163.0,84.0,74.0,79.0,1,-2.0,-2.0,-2.0,16.0,3.0,8.0,22.0,7.0,14.0,-4.0,-6.0,-5.0,-2.0,-7.0,-5.0,-2.0,-2.0,-2.0,1007.01,1006.4,0.42,0.0,2.79
KNYNEWYO1850,America/New_York,2024-01-17 00:59:00+00:00,2024-01-16 19:59:00,1705453140,40.759,-73.802,0.0,0.0,163.0,78.0,73.0,75.0,1,-2.0,-3.0,-3.0,12.0,3.0,7.0,22.0,5.0,13.0,-6.0,-7.0,-6.0,-2.0,-7.0,-5.0,-2.0,-3.0,-3.0,1007.42,1006.81,0.41,0.0,2.79
KNYNEWYO1850,America/New_York,2024-01-17 01:59:00+00:00,2024-01-16 20:59:00,1705456740,40.759,-73.802,0.0,0.0,163.0,75.0,70.0,73.0,1,-3.0,-3.0,-3.0,15.0,3.0,8.0,20.0,5.0,13.0,-7.0,-8.0,-7.0,-3.0,-8.0,-6.0,-3.0,-3.0,-3.0,1007.99,1007.11,0.48,0.0,2.79
KNYNEWYO1850,America/New_York,2024-01-17 02:59:00+00:00,2024-01-16 21:59:00,1705460340,40.759,-73.802,0.0,0.0,163.0,73.0,63.0,67.0,1,-3.0,-4.0,-4.0,17.0,4.0,9.0,22.0,7.0,15.0,-8.0,-10.0,-9.0,-4.0,-10.0,-7.0,-3.0,-4.0,-4.0,1009.01,1007.69,1.14,0.0,2.79
KNYNEWYO1850,America/New_York,2024-01-17 03:59:00+00:00,2024-01-16 22:59:00,1705463940,40.759,-73.802,0.0,0.0,163.0,64.0,62.0,63.0,1,-5.0,-5.0,-5.0,14.0,4.0,8.0,22.0,9.0,15.0,-10.0,-11.0,-11.0,-5.0,-10.0,-8.0,-5.0,-5.0,-5.0,1009.89,1008.81,0.9,0.0,2.79
KNYNEWYO1850,America/New_York,2024-01-17 04:59:00+00:00,2024-01-16 23:59:00,1705467540,40.759,-73.802,0.0,0.0,163.0,68.0,62.0,64.0,1,-5.0,-5.0,-5.0,12.0,0.0,7.0,17.0,4.0,12.0,-10.0,-11.0,-11.0,-5.0,-10.0,-8.0,-5.0,-5.0,-5.0,1010.6,1009.69,0.83,0.0,2.79
KNYNEWYO1850,America/New_York,2024-01-17 05:59:00+00:00,2024-01-17 00:59:00,1705471140,40.759,-73.802,0.0,0.0,163.0,67.0,63.0,64.0,1,-5.0,-6.0,-6.0,16.0,3.0,9.0,22.0,7.0,15.0,-11.0,-12.0,-11.0,-6.0,-11.0,-9.0,-5.0,-6.0,-6.0,1011.01,1010.4,0.1,0.0,0.0
KNYNEWYO1850,America/New_York,2024-01-17 06:59:00+00:00,2024-01-17 01:59:00,1705474740,40.759,-73.802,0.0,0.0,230.0,67.0,64.0,65.0,1,-6.0,-6.0,-6.0,15.0,3.0,7.0,20.0,7.0,13.0,-11.0,-11.0,-11.0,-6.0,-12.0,-9.0,-6.0,-6.0,-6.0,1011.72,1011.01,0.31,0.0,0.0
KNYNEWYO1850,America/New_York,2024-01-17 07:59:00+00:00,2024-01-17 02:59:00,1705478340,40.759,-73.802,0.0,0.0,272.0,69.0,65.0,66.0,1,-6.0,-6.0,-6.0,12.0,2.0,7.0,20.0,4.0,12.0,-11.0,-12.0,-11.0,-6.0,-11.0,-9.0,-6.0,-6.0,-6.0,1011.72,1011.21,-0.1,0.0,0.0
KNYNEWYO1850,America/New_York,2024-01-17 08:59:00+00:00,2024-01-17 03:59:00,1705481940,40.759,-73.802,0.0,0.0,266.0,69.0,65.0,67.0,1,-6.0,-7.0,-6.0,19.0,3.0,7.0,26.0,7.0,14.0,-11.0,-12.0,-11.0,-6.0,-13.0,-9.0,-6.0,-7.0,-6.0,1011.62,1011.31,-0.1,0.0,0.0
KNYNEWYO1850,America/New_York,2024-01-17 09:58:00+00:00,2024-01-17 04:58:00,1705485480,40.759,-73.802,0.0,0.0,264.0,68.0,65.0,66.0,1,-7.0,-7.0,-7.0,15.0,0.0,7.0,20.0,5.0,12.0,-12.0,-12.0,-12.0,-7.0,-13.0,-9.0,-7.0,-7.0,-7.0,1011.99,1011.41,0.49,0.0,0.0
KNYNEWYO1850,America/New_York,2024-01-17 10:59:00+00:00,2024-01-17 05:59:00,1705489140,40.759,-73.802,0.0,0.0,266.0,68.0,63.0,65.0,1,-7.0,-7.0,-7.0,15.0,2.0,9.0,22.0,9.0,15.0,-12.0,-13.0,-12.0,-7.0,-13.0,-11.0,-7.0,-7.0,-7.0,1012.9,1012.09,0.72,0.0,0.0
KNYNEWYO1850,America/New_York,2024-01-17 11:59:00+00:00,2024-01-17 06:59:00,1705492740,40.759,-73.802,0.21,0.0,261.0,66.0,62.0,64.0,1,-7.0,-8.0,-7.0,17.0,4.0,8.0,30.0,7.0,15.0,-12.0,-13.0,-13.0,-7.0,-14.0,-11.0,-7.0,-8.0,-7.0,1013.88,1012.7,0.72,0.0,0.0
KNYNEWYO1850,America/New_York,2024-01-17 12:59:00+00:00,2024-01-17 07:59:00,1705496340,40.759,-73.802,20.63,0.0,258.0,67.0,63.0,64.0,1,-7.0,-8.0,-8.0,14.0,1.0,8.0,20.0,5.0,14.0,-12.0,-14.0,-13.0,-7.0,-14.0,-11.0,-7.0,-8.0,-8.0,1014.09,1013.51,0.59,0.0,0.0
KNYNEWYO1850,America/New_York,2024-01-17 13:59:00+00:00,2024-01-17 08:59:00,1705499940,40.759,-73.802,125.52,1.0,260.0,66.0,62.0,64.0,1,-7.0,-8.0,-7.0,13.0,3.0,8.0,18.0,9.0,14.0,-13.0,-14.0,-13.0,-7.0,-13.0,-11.0,-7.0,-8.0,-7.0,1014.9,1014.09,0.62,0.0,0.0
KNYNEWYO1850,America/New_York,2024-01-17 14:59:00+00:00,2024-01-17 09:59:00,1705503540,40.759,-73.802,153.23,1.0,253.0,64.0,61.0,62.0,1,-7.0,-7.0,-7.0,15.0,2.0,8.0,22.0,5.0,15.0,-12.0,-13.0,-13.0,-7.0,-13.0,-10.0,-7.0,-7.0,-7.0,1015.31,1014.49,0.52,0.0,0.0
KNYNEWYO1850,America/New_York,2024-01-17 15:59:00+00:00,2024-01-17 10:59:00,1705507140,40.759,-73.802,311.03,3.0,244.0,62.0,56.0,59.0,1,-6.0,-7.0,-7.0,13.0,3.0,8.0,24.0,9.0,15.0,-13.0,-14.0,-13.0,-6.0,-12.0,-10.0,-6.0,-7.0,-7.0,1015.61,1015.1,0.21,0.0,0.0
KNYNEWYO1850,America/New_York,2024-01-17 16:59:00+00:00,2024-01-17 11:59:00,1705510740,40.759,-73.802,367.79,3.0,265.0,56.0,47.0,51.0,1,-6.0,-6.0,-6.0,17.0,4.0,9.0,24.0,9.0,16.0,-14.0,-15.0,-14.0,-6.0,-12.0,-10.0,-6.0,-6.0,-6.0,1015.51,1014.39,-0.52,0.0,0.0
KNYNEWYO1850,America/New_York,2024-01-17 17:58:00+00:00,2024-01-17 12:58:00,1705514280,40.759,-73.802,370.4,3.0,254.0,48.0,39.0,43.0,1,-5.0,-6.0,-5.0,19.0,3.0,11.0,31.0,13.0,20.0,-15.0,-17.0,-16.0,-5.0,-12.0,-9.0,-5.0,-6.0,-5.0,1014.6,1013.61,-0.81,0.0,0.0
KNYNEWYO1850,America/New_York,2024-01-17 18:59:00+00:00,2024-01-17 13:59:00,1705517940,40.759,-73.802,356.51,3.0,237.0,43.0,36.0,39.0,1,-3.0,-5.0,-4.0,16.0,3.0,9.0,28.0,9.0,18.0,-15.0,-17.0,-16.0,-4.0,-10.0,-8.0,-3.0,-5.0,-4.0,1014.19,1013.51,-0.21,0.0,0.0
KNYNEWYO1850,America/New_York,2024-01-17 19:59:00+00:00,2024-01-17 14:59:00,1705521540,40.759,-73.802,287.55,2.0,248.0,41.0,35.0,37.0,1,-3.0,-4.0,-4.0,18.0,2.0,9.0,26.0,5.0,17.0,-15.0,-17.0,-16.0,-4.0,-10.0,-7.0,-3.0,-4.0,-4.0,1014.09,1013.41,0.38,0.0,0.0
KNYNEWYO1850,America/New_York,2024-01-17 20:59:00+00:00,2024-01-17 15:59:00,1705525140,40.759,-73.802,178.29,1.0,239.0,39.0,33.0,36.0,1,-4.0,-5.0,-4.0,17.0,2.0,9.0,26.0,7.0,17.0,-16.0,-18.0,-17.0,-4.0,-10.0,-8.0,-4.0,-5.0,-4.0,1015.1,1013.82,1.03,0.0,0.0
KNYNEWYO1850,America/New_York,2024-01-17 21:59:00+00:00,2024-01-17 16:59:00,1705528740,40.759,-73.802,53.66,0.0,208.0,40.0,36.0,37.0,1,-4.0,-5.0,-5.0,14.0,2.0,7.0,22.0,7.0,14.0,-16.0,-17.0,-17.0,-4.0,-10.0,-7.0,-4.0,-5.0,-5.0,1015.31,1014.8,0.41,0.0,0.0
KNYNEWYO1850,America/New_York,2024-01-17 22:58:00+00:00,2024-01-17 17:58:00,1705532280,40.759,-73.802,1.7,0.0,205.0,41.0,37.0,38.0,1,-5.0,-5.0,-5.0,15.0,2.0,7.0,24.0,5.0,14.0,-16.0,-17.0,-17.0,-5.0,-10.0,-8.0,-5.0,-5.0,-5.0,1016.49,1015.21,1.12,0.0,0.0
KNYNEWYO1850,America/New_York,2024-01-17 23:59:00+00:00,2024-01-17 18:59:00,1705535940,40.759,-73.802,0.0,0.0,206.0,43.0,37.0,39.0,1,-5.0,-5.0,-5.0,16.0,1.0,8.0,28.0,7.0,15.0,-16.0,-17.0,-17.0,-5.0,-10.0,-8.0,-5.0,-5.0,-5.0,1017.51,1016.39,0.83,0.0,0.0
KNYNEWYO1850,America/New_York,2024-01-18 00:59:00+00:00,2024-01-17 19:59:00,1705539540,40.759,-73.802,0.0,0.0,209.0,45.0,38.0,41.0,1,-5.0,-5.0,-5.0,15.0,1.0,7.0,22.0,5.0,13.0,-15.0,-17.0,-16.0,-5.0,-10.0,-8.0,-5.0,-5.0,-5.0,1017.61,1017.1,0.1,0.0,0.0
KNYNEWYO1850,America/New_York,2024-01-18 01:59:00+00:00,2024-01-17 20:59:00,1705543140,40.759,-73.802,0.0,0.0,203.0,44.0,40.0,41.0,1,-5.0,-5.0,-5.0,16.0,3.0,7.0,24.0,5.0,13.0,-15.0,-16.0,-16.0,-5.0,-11.0,-7.0,-5.0,-5.0,-5.0,1018.19,1017.1,1.1,0.0,0.0
KNYNEWYO1850,America/New_York,2024-01-18 02:59:00+00:00,2024-01-17 21:59:00,1705546740,40.759,-73.802,0.0,0.0,225.0,44.0,39.0,41.0,1,-5.0,-5.0,-5.0,12.0,1.0,6.0,24.0,4.0,13.0,-15.0,-17.0,-16.0,-5.0,-10.0,-7.0,-5.0,-5.0,-5.0,1019.2,1018.02,0.83,0.0,0.0
KNYNEWYO1850,America/New_York,2024-01-18 03:59:00+00:00,2024-01-17 22:59:00,1705550340,40.759,-73.802,0.0,0.0,210.0,44.0,40.0,42.0,1,-5.0,-5.0,-5.0,15.0,1.0,6.0,22.0,2.0,12.0,-15.0,-16.0,-16.0,-5.0,-10.0,-7.0,-5.0,-5.0,-5.0,1020.01,1018.9,0.83,0.0,0.0
KNYNEWYO1850,America/New_York,2024-01-18 04:58:00+00:00,2024-01-17 23:58:00,1705553880,40.759,-73.802,0.0,0.0,229.0,43.0,40.0,41.0,1,-5.0,-5.0,-5.0,11.0,1.0,5.0,17.0,4.0,9.0,-16.0,-16.0,-16.0,-5.0,-9.0,-6.0,-5.0,-5.0,-5.0,1020.12,1019.61,0.32,0.0,0.0
KNYNEWYO1850,America/New_York,2024-01-18 05:59:00+00:00,2024-01-18 00:59:00,1705557540,40.759,-73.802,0.0,0.0,206.0,44.0,41.0,41.0,1,-5.0,-5.0,-5.0,11.0,1.0,5.0,15.0,4.0,10.0,-15.0,-16.0,-16.0,-5.0,-10.0,-6.0,-5.0,-5.0,-5.0,1020.12,1019.71,0.21,0.0,0.0
KNYNEWYO1850,America/New_York,2024-01-18 06:59:00+00:00,2024-01-18 01:59:00,1705561140,40.759,-73.802,0.0,0.0,225.0,46.0,42.0,43.0,1,-5.0,-5.0,-5.0,8.0,1.0,4.0,17.0,4.0,10.0,-15.0,-16.0,-15.0,-5.0,-9.0,-6.0,-5.0,-5.0,-5.0,1020.49,1019.71,0.28,0.0,0.0
KNYNEWYO1850,America/New_York,2024-01-18 07:59:00+00:00,2024-01-18 02:59:00,1705564740,40.759,-73.802,0.0,0.0,211.0,46.0,42.0,43.0,1,-5.0,-5.0,-5.0,11.0,0.0,4.0,15.0,2.0,9.0,-15.0,-16.0,-16.0,-5.0,-10.0,-6.0,-5.0,-5.0,-5.0,1020.79,1020.39,0.21,0.0,0.0
KNYNEWYO1850,America/New_York,2024-01-18 08:59:00+00:00,2024-01-18 03:59:00,1705568340,40.759,-73.802,0.0,0.0,230.0,46.0,41.0,43.0,1,-5.0,-5.0,-5.0,13.0,0.0,6.0,22.0,4.0,12.0,-15.0,-16.0,-15.0,-5.0,-10.0,-7.0,-5.0,-5.0,-5.0,1021.0,1020.49,0.0,0.0,0.0
KNYNEWYO1850,America/New_York,2024-01-18 09:59:00+00:00,2024-01-18 04:59:00,1705571940,40.759,-73.802,0.0,0.0,254.0,42.0,39.0,39.0,1,-4.0,-5.0,-4.0,15.0,2.0,7.0,26.0,5.0,15.0,-15.0,-16.0,-16.0,-4.0,-10.0,-7.0,-4.0,-5.0,-4.0,1020.89,1020.12,-0.41,0.0,0.0
KNYNEWYO1850,America/New_York,2024-01-18 10:59:00+00:00,2024-01-18 05:59:00,1705575540,40.759,-73.802,0.0,0.0,251.0,44.0,39.0,41.0,1,-4.0,-4.0,-4.0,10.0,1.0,5.0,17.0,4.0,10.0,-14.0,-16.0,-15.0,-4.0,-8.0,-6.0,-4.0,-4.0,-4.0,1020.89,1020.22,0.38,0.0,0.0
KNYNEWYO1850,America/New_York,2024-01-18 11:59:00+00:00,2024-01-18 06:59:00,1705579140,40.759,-73.802,0.13,0.0,219.0,44.0,41.0,43.0,1,-4.0,-4.0,-4.0,9.0,0.0,4.0,17.0,4.0,9.0,-15.0,-15.0,-15.0,-4.0,-8.0,-5.0,-4.0,-4.0,-4.0,1021.1,1020.29,0.1,0.0,0.0
KNYNEWYO1850,America/New_York,2024-01-18 12:59:00+00:00,2024-01-18 07:59:00,1705582740,40.759,-73.802,15.71,0.0,200.0,48.0,42.0,45.0,1,-4.0,-4.0,-4.0,8.0,0.0,4.0,15.0,2.0,8.0,-14.0,-15.0,-14.0,-4.0,-8.0,-5.0,-4.0,-4.0,-4.0,1021.4,1020.59,0.52,0.0,0.0
KNYNEWYO1850,America/New_York,2024-01-18 13:59:00+00:00,2024-01-18 08:59:00,1705586340,40.759,-73.802,49.98,0.0,211.0,49.0,45.0,46.0,1,-3.0,-4.0,-4.0,9.0,0.0,3.0,13.0,2.0,6.0,-13.0,-14.0,-14.0,-4.0,-8.0,-4.0,-3.0,-4.0,-4.0,1022.11,1021.1,1.03,0.0,0.0
KNYNEWYO1850,America/New_York,2024-01-18 14:59:00+00:00,2024-01-18 09:59:00,1705589940,40.759,-73.802,95.61,0.0,230.0,48.0,42.0,44.0,1,-2.0,-3.0,-3.0,10.0,0.0,4.0,15.0,2.0,8.0,-13.0,-14.0,-13.0,-2.0,-7.0,-4.0,-2.0,-3.0,-3.0,1022.38,1021.91,0.0,0.0,0.0
KNYNEWYO1850,America/New_York,2024-01-18 15:58:00+00:00,2024-01-18 10:58:00,1705593480,40.759,-73.802,124.81,1.0,229.0,43.0,39.0,41.0,1,-2.0,-2.0,-2.0,10.0,1.0,4.0,15.0,4.0,8.0,-13.0,-14.0,-13.0,-2.0,-5.0,-3.0,-2.0,-2.0,-2.0,1021.91,1021.1,-0.53,0.0,0.0
KNYNEWYO1850,America/New_York,2024-01-18 16:58:00+00:00,2024-01-18 11:58:00,1705597080,40.759,-73.802,133.07,1.0,225.0,59.0,41.0,46.0,1,-1.0,-2.0,-1.0,14.0,2.0,6.0,26.0,5.0,13.0,-9.0,-13.0,-12.0,-1.0,-6.0,-3.0,-1.0,-2.0,-1.0,1021.71,1021.2,-0.21,0.0,0.0
KNYNEWYO1850,America/New_York,2024-01-18 17:59:00+00:00,2024-01-18 12:59:00,1705600740,40.759,-73.802,149.63,1.0,246.0,64.0,57.0,61.0,1,-2.0,-3.0,-2.0,12.0,1.0,6.0,18.0,5.0,12.0,-8.0,-9.0,-9.0,-2.0,-6.0,-4.0,-2.0,-3.0,-2.0,1021.4,1019.61,-1.44,0.0,0.0
KNYNEWYO1850,America/New_York,2024-01-18 18:59:00+00:00,2024-01-18 13:59:00,1705604340,40.759,-73.802,142.33,1.0,229.0,59.0,49.0,54.0,1,-1.0,-2.0,-1.0,9.0,0.0,4.0,11.0,2.0,8.0,-8.0,-10.0,-9.0,-1.0,-5.0,-2.0,-1.0,-2.0,-1.0,1019.61,1018.49,-0.95,0.0,0.0
KNYNEWYO1850,America/New_York,2024-01-18 19:59:00+00:00,2024-01-18 14:59:00,1705607940,40.759,-73.802,193.65,1.0,211.0,50.0,45.0,46.0,1,0.0,-1.0,0.0,10.0,0.0,4.0,15.0,4.0,9.0,-10.0,-11.0,-10.0,0.0,-4.0,-1.0,0.0,-1.0,0.0,1018.9,1017.71,-0.41,0.0,0.0
KNYNEWYO1850,America/New_York,2024-01-18 20:58:00+00:00,2024-01-18 15:58:00,1705611480,40.759,-73.802,102.68,1.0,204.0,49.0,45.0,47.0,1,0.0,0.0,0.0,5.0,0.0,2.0,11.0,2.0,6.0,-9.0,-11.0,-10.0,0.0,-2.0,0.0,0.0,0.0,0.0,1018.19,1016.9,-0.91,0.0,0.0
KNYNEWYO1850,America/New_York,2024-01-18 21:59:00+00:00,2024-01-18 16:59:00,1705615140,40.759,-73.802,29.72,0.0,253.0,55.0,49.0,51.0,1,0.0,0.0,0.0,5.0,0.0,1.0,7.0,0.0,4.0,-8.0,-9.0,-9.0,0.0,-2.0,0.0,0.0,0.0,0.0,1017.2,1016.7,-0.31,0.0,0.0
KNYNEWYO1850,America/New_York,2024-01-18 22:59:00+00:00,2024-01-18 17:59:00,1705618740,40.759,-73.802,0.72,0.0,221.0,54.0,50.0,52.0,1,0.0,0.0,0.0,6.0,0.0,3.0,11.0,2.0,6.0,-8.0,-9.0,-8.0,0.0,-2.0,0.0,0.0,0.0,0.0,1017.81,1016.9,0.32,0.0,0.0
KNYNEWYO1850,America/New_York,2024-01-18 23:59:00+00:00,2024-01-18 18:59:00,1705622340,40.759,-73.802,0.0,0.0,244.0,52.0,49.0,50.0,1,1.0,0.0,0.0,6.0,0.0,2.0,9.0,2.0,5.0,-8.0,-9.0,-9.0,1.0,-1.0,0.0,1.0,0.0,0.0,1018.02,1017.31,0.41,0.0,0.0
KNYNEWYO1850,America/New_York,2024-01-19 00:59:00+00:00,2024-01-18 19:59:00,1705625940,40.759,-73.802,0.0,0.0,223.0,55.0,49.0,52.0,1,1.0,0.0,0.0,6.0,0.0,2.0,9.0,2.0,4.0,-8.0,-9.0,-8.0,1.0,-1.0,0.0,1.0,0.0,0.0,1018.08,1017.51,0.21,0.0,0.0
KNYNEWYO1850,America/New_York,2024-01-19 01:59:00+00:00,2024-01-18 20:59:00,1705629540,40.759,-73.802,0.0,0.0,229.0,55.0,52.0,52.0,1,0.0,0.0,0.0,7.0,0.0,3.0,11.0,2.0,6.0,-8.0,-8.0,-8.0,0.0,-2.0,0.0,0.0,0.0,0.0,1018.29,1017.41,-0.41,0.0,0.0
KNYNEWYO1850,America/New_York,2024-01-19 02:59:00+00:00,2024-01-18 21:59:00,1705633140,40.759,-73.802,0.0,0.0,266.0,55.0,51.0,53.0,1,0.0,0.0,0.0,4.0,0.0,1.0,5.0,0.0,2.0,-8.0,-9.0,-8.0,0.0,0.0,0.0,0.0,0.0,0.0,1017.71,1016.19,-1.14,0.0,0.0
KNYNEWYO1850,America/New_York,2024-01-19 03:59:00+00:00,2024-01-18 22:59:00,1705636740,40.759,-73.802,0.0,0.0,310.0,56.0,53.0,54.0,1,0.0,0.0,0.0,1.0,0.0,0.0,4.0,0.0,1.0,-8.0,-8.0,-8.0,0.0,0.0,0.0,0.0,0.0,0.0,1016.39,1015.71,-0.48,0.0,0.0
KNYNEWYO1850,America/New_York,2024-01-19 04:59:00+00:00,2024-01-18 23:59:00,1705640340,40.759,-73.802,0.0,0.0,299.0,58.0,50.0,55.0,1,1.0,0.0,0.0,2.0,0.0,0.0,4.0,0.0,1.0,-7.0,-9.0,-7.0,1.0,0.0,0.0,1.0,0.0,0.0,1015.98,1015.31,-0.31,0.0,0.0
KNYNEWYO1850,America/New_York,2024-01-19 05:59:00+00:00,2024-01-19 00:59:00,1705643940,40.759,-73.802,0.0,0.0,325.0,59.0,55.0,57.0,1,0.0,0.0,0.0,2.0,0.0,0.0,4.0,0.0,1.0,-7.0,-8.0,-7.0,0.0,0.0,0.0,0.0,0.0,0.0,1015.41,1014.09,-1.03,0.0,0.0
KNYNEWYO1850,America/New_York,2024-01-19 06:59:00+00:00,2024-01-19 01:59:00,1705647540,40.759,-73.802,0.0,0.0,314.0,64.0,57.0,60.0,1,0.0,-1.0,-1.0,1.0,0.0,0.0,2.0,0.0,1.0,-7.0,-8.0,-7.0,0.0,-1.0,-1.0,0.0,-1.0,-1.0,1014.8,1013.72,-0.52,0.0,0.0
KNYNEWYO1850,America/New_York,2024-01-19 07:59:00+00:00,2024-01-19 02:59:00,1705651140,40.759,-73.802,0.0,0.0,331.0,65.0,61.0,62.0,1,-1.0,-1.0,-1.0,3.0,0.0,1.0,5.0,0.0,2.0,-7.0,-7.0,-7.0,-1.0,-1.0,-1.0,-1.0,-1.0,-1.0,1014.19,1013.31,-0.69,0.0,0.0
KNYNEWYO1850,America/New_York,2024-01-19 08:59:00+00:00,2024-01-19 03:59:00,1705654740,40.759,-73.802,0.0,0.0,339.0,64.0,60.0,62.0,1,-1.0,-1.0,-1.0,3.0,0.0,1.0,4.0,0.0,2.0,-7.0,-7.0,-7.0,-1.0,-1.0,-1.0,-1.0,-1.0,-1.0,1013.51,1012.5,-0.83,0.0,0.0
KNYNEWYO1850,America/New_York,2024-01-19 09:59:00+00:00,2024-01-19 04:59:00,1705658340,40.759,-73.802,0.0,0.0,336.0,63.0,61.0,62.0,1,-1.0,-1.0,-1.0,3.0,0.0,0.0,4.0,0.0,2.0,-7.0,-7.0,-7.0,-1.0,-1.0,-1.0,-1.0,-1.0,-1.0,1012.7,1012.09,0.0,0.0,0.0
KNYNEWYO1850,America/New_York,2024-01-19 10:59:00+00:00,2024-01-19 05:59:00,1705661940,40.759,-73.802,0.0,0.0,331.0,62.0,59.0,60.0,1,-1.0,-1.0,-1.0,3.0,0.0,1.0,7.0,0.0,2.0,-7.0,-8.0,-7.0,-1.0,-1.0,-1.0,-1.0,-1.0,-1.0,1012.5,1011.72,-0.59,0.0,0.0
KNYNEWYO1850,America/New_York,2024-01-19 11:59:00+00:00,2024-01-19 06:59:00,1705665540,40.759,-73.802,0.12,0.0,329.0,65.0,60.0,62.0,1,-1.0,-1.0,-1.0,5.0,0.0,1.0,9.0,0.0,4.0,-7.0,-8.0,-7.0,-1.0,-3.0,-1.0,-1.0,-1.0,-1.0,1011.99,1010.8,-0.9,0.0,0.0
KNYNEWYO1850,America/New_York,2024-01-19 12:59:00+00:00,2024-01-19 07:59:00,1705669140,40.759,-73.802,19.91,0.0,343.0,70.0,65.0,67.0,1,-1.0,-2.0,-1.0,6.0,0.0,2.0,13.0,2.0,6.0,-6.0,-7.0,-7.0,-1.0,-4.0,-2.0,-1.0,-2.0,-1.0,1011.11,1010.19,-0.62,0.0,0.0
KNYNEWYO1850,America/New_York,2024-01-19 13:59:00+00:00,2024-01-19 08:59:00,1705672740,40.759,-73.802,94.14,0.0,346.0,73.0,71.0,72.0,1,-1.0,-1.0,-1.0,9.0,0.0,2.0,13.0,2.0,6.0,-5.0,-6.0,-5.0,-1.0,-4.0,-1.0,-1.0,-1.0,-1.0,1010.5,1010.09,0.1,0.0,0.0
KNYNEWYO1850,America/New_York,2024-01-19 14:59:00+00:00,2024-01-19 09:59:00,1705676340,40.759,-73.802,118.97,1.0,336.0,83.0,73.0,77.0,1,-1.0,-1.0,-1.0,5.0,0.0,2.0,9.0,2.0,5.0,-3.0,-5.0,-4.0,-1.0,-3.0,-1.0,-1.0,-1.0,-1.0,1010.6,1009.69,-0.52,0.0,0.0
KNYNEWYO1850,America/New_York,2024-01-19 15:59:00+00:00,2024-01-19 10:59:00,1705679940,40.759,-73.802,202.35,1.0,334.0,85.0,83.0,84.0,1,-1.0,-2.0,-1.0,6.0,0.0,2.0,11.0,2.0,6.0,-3.0,-4.0,-4.0,-1.0,-3.0,-1.0,-1.0,-2.0,-1.0,1010.09,1008.7,-1.1,0.0,0.0
KNYNEWYO1850,America/New_York,2024-01-19 16:59:00+00:00,2024-01-19 11:59:00,1705683540,40.759,-73.802,149.64,1.0,327.0,92.0,84.0,88.0,1,-1.0,-2.0,-1.0,6.0,0.0,2.0,13.0,0.0,5.0,-3.0,-4.0,-3.0,-1.0,-4.0,-2.0,-1.0,-2.0,-1.0,1009.01,1007.21,-1.72,0.0,0.0
KNYNEWYO1850,America/New_York,2024-01-19 17:59:00+00:00,2024-01-19 12:59:00,1705687140,40.759,-73.802,93.95,0.0,312.0,92.0,90.0,91.0,1,-2.0,-2.0,-2.0,6.0,0.0,2.0,7.0,2.0,5.0,-3.0,-3.0,-3.0,-2.0,-4.0,-2.0,-2.0,-2.0,-2.0,1007.42,1006.2,-1.24,0.0,0.0
KNYNEWYO1850,America/New_York,2024-01-19 18:58:00+00:00,2024-01-19 13:58:00,1705690680,40.759,-73.802,67.05,0.0,317.0,91.0,90.0,90.0,1,-2.0,-2.0,-2.0,6.0,0.0,2.0,13.0,2.0,6.0,-3.0,-4.0,-3.0,-2.0,-5.0,-2.0,-2.0,-2.0,-2.0,1006.4,1005.89,-0.32,0.0,0.0
KNYNEWYO1850,America/New_York,2024-01-19 19:59:00+00:00,2024-01-19 14:59:00,1705694340,40.759,-73.802,75.4,0.0,312.0,90.0,86.0,88.0,1,-2.0,-2.0,-2.0,9.0,0.0,3.0,11.0,0.0,6.0,-3.0,-4.0,-4.0,-2.0,-5.0,-2.0,-2.0,-2.0,-2.0,1006.3,1005.79,-0.1,0.0,0.0
KNYNEWYO1850,America/New_York,2024-01-19 20:59:00+00:00,2024-01-19 15:59:00,1705697940,40.759,-73.802,41.89,0.0,299.0,88.0,82.0,86.0,1,-2.0,-2.0,-2.0,6.0,0.0,2.0,9.0,0.0,4.0,-3.0,-4.0,-4.0,-2.0,-4.0,-2.0,-2.0,-2.0,-2.0,1006.5,1005.99,0.31,0.0,0.0
KNYNEWYO1850,America/New_York,2024-01-19 21:59:00+00:00,2024-01-19 16:59:00,1705701540,40.759,-73.802,31.82,0.0,298.0,86.0,81.0,83.0,1,-2.0,-2.0,-2.0,7.0,0.0,3.0,15.0,0.0,6.0,-4.0,-5.0,-4.0,-2.0,-5.0,-2.0,-2.0,-2.0,-2.0,1007.42,1006.2,0.93,0.0,0.0
KNYNEWYO1850,America/New_York,2024-01-19 22:59:00+00:00,2024-01-19 17:59:00,1705705140,40.759,-73.802,0.88,0.0,291.0,87.0,81.0,85.0,1,-2.0,-3.0,-2.0,12.0,1.0,5.0,18.0,4.0,10.0,-4.0,-5.0,-4.0,-2.0,-7.0,-3.0,-2.0,-3.0,-2.0,1008.4,1007.11,1.1,0.0,0.0
KNYNEWYO1850,America/New_York,2024-01-19 23:59:00+00:00,2024-01-19 18:59:00,1705708740,40.759,-73.802,0.0,0.0,290.0,82.0,74.0,76.0,1,-2.0,-3.0,-3.0,7.0,0.0,4.0,15.0,0.0,8.0,-5.0,-7.0,-6.0,-2.0,-5.0,-3.0,-2.0,-3.0,-3.0,1009.01,1008.09,0.52,0.0,0.0
KNYNEWYO1850,America/New_York,2024-01-20 00:59:00+00:00,2024-01-19 19:59:00,1705712340,40.759,-73.802,0.01,0.0,292.0,77.0,73.0,75.0,1,-3.0,-3.0,-3.0,9.0,1.0,3.0,11.0,2.0,6.0,-6.0,-7.0,-7.0,-3.0,-6.0,-3.0,-3.0,-3.0,-3.0,1009.21,1008.6,0.1,0.0,0.0
KNYNEWYO1850,America/New_York,2024-01-20 01:59:00+00:00,2024-01-19 20:59:00,1705715940,40.759,-73.802,0.0,0.0,277.0,76.0,74.0,75.0,1,-3.0,-3.0,-3.0,9.0,0.0,4.0,17.0,4.0,8.0,-7.0,-7.0,-7.0,-3.0,-7.0,-4.0,-3.0,-3.0,-3.0,1009.58,1008.91,0.21,0.0,0.0
KNYNEWYO1850,America/New_York,2024-01-20 02:59:00+00:00,2024-01-19 21:59:00,1705719540,40.759,-73.802,0.0,0.0,279.0,80.0,76.0,77.0,1,-3.0,-3.0,-3.0,8.0,0.0,3.0,11.0,2.0,6.0,-6.0,-7.0,-7.0,-3.0,-6.0,-4.0,-3.0,-3.0,-3.0,1009.69,1009.41,0.07,0.0,0.0
KNYNEWYO1850,America/New_York,2024-01-20 03:59:00+00:00,2024-01-19 22:59:00,1705723140,40.759,-73.802,0.0,0.0,265.0,80.0,68.0,76.0,1,-3.0,-3.0,-3.0,14.0,0.0,6.0,18.0,2.0,9.0,-6.0,-8.0,-7.0,-3.0,-8.0,-5.0,-3.0,-3.0,-3.0,1010.19,1009.41,0.62,0.0,0.0
KNYNEWYO1850,America/New_York,2024-01-20 04:59:00+00:00,2024-01-19 23:59:00,1705726740,40.759,-73.802,0.0,0.0,262.0,72.0,63.0,67.0,1,-3.0,-3.0,-3.0,15.0,3.0,8.0,22.0,7.0,14.0,-7.0,-9.0,-8.0,-3.0,-8.0,-6.0,-3.0,-3.0,-3.0,1010.6,1010.09,0.31,0.0,0.0
KNYNEWYO1850,America/New_York,2024-01-20 05:59:00+00:00,2024-01-20 00:59:00,1705730340,40.759,-73.802,0.0,0.0,253.0,64.0,55.0,59.0,1,-3.0,-4.0,-4.0,19.0,2.0,10.0,28.0,11.0,18.0,-9.0,-12.0,-11.0,-3.0,-10.0,-8.0,-3.0,-4.0,-4.0,1010.9,1010.19,0.41,0.0,0.0
KNYNEWYO1850,America/New_York,2024-01-20 06:59:00+00:00,2024-01-20 01:59:00,1705733940,40.759,-73.802,0.0,0.0,267.0,60.0,53.0,56.0,1,-4.0,-5.0,-5.0,16.0,3.0,9.0,31.0,7.0,17.0,-11.0,-12.0,-12.0,-4.0,-10.0,-8.0,-4.0,-5.0,-5.0,1011.41,1010.7,0.0,0.0,0.0
KNYNEWYO1850,America/New_York,2024-01-20 07:59:00+00:00,2024-01-20 02:59:00,1705737540,40.759,-73.802,0.0,0.0,260.0,59.0,54.0,56.0,1,-5.0,-6.0,-6.0,19.0,4.0,12.0,28.0,9.0,21.0,-12.0,-14.0,-13.0,-6.0,-13.0,-11.0,-5.0,-6.0,-6.0,1011.99,1011.31,0.11,0.0,0.0
KNYNEWYO1850,America/New_York,2024-01-20 08:59:00+00:00,2024-01-20 03:59:00,1705741140,40.759,-73.802,0.0,0.0,259.0,61.0,54.0,56.0,1,-6.0,-7.0,-7.0,23.0,4.0,11.0,31.0,9.0,20.0,-13.0,-14.0,-14.0,-7.0,-14.0,-11.0,-6.0,-7.0,-7.0,1011.99,1011.41,0.18,0.0,0.0
KNYNEWYO1850,America/New_York,2024-01-20 09:59:00+00:00,2024-01-20 04:59:00,1705744740,40.759,-73.802,0.0,0.0,259.0,62.0,59.0,60.0,1,-7.0,-8.0,-7.0,20.0,5.0,10.0,31.0,9.0,18.0,-13.0,-14.0,-14.0,-7.0,-15.0,-12.0,-7.0,-8.0,-7.0,1012.7,1011.79,0.93,0.0,0.0
KNYNEWYO1850,America/New_York,2024-01-20 10:59:00+00:00,2024-01-20 05:59:00,1705748340,40.759,-73.802,0.0,0.0,260.0,62.0,60.0,61.0,1,-8.0,-8.0,-8.0,23.0,5.0,12.0,30.0,11.0,20.0,-14.0,-14.0,-14.0,-8.0,-15.0,-13.0,-8.0,-8.0,-8.0,1013.51,1012.6,0.83,0.0,0.0
KNYNEWYO1850,America/New_York,2024-01-20 11:59:00+00:00,2024-01-20 06:59:00,1705751940,40.759,-73.802,0.29,0.0,261.0,63.0,60.0,61.0,1,-8.0,-8.0,-8.0,20.0,5.0,11.0,31.0,13.0,20.0,-14.0,-14.0,-14.0,-8.0,-15.0,-13.0,-8.0,-8.0,-8.0,1013.88,1013.31,0.52,0.0,0.0
KNYNEWYO1850,America/New_York,2024-01-20 12:59:00+00:00,2024-01-20 07:59:00,1705755540,40.759,-73.802,24.07,0.0,262.0,63.0,60.0,61.0,1,-8.0,-8.0,-8.0,18.0,5.0,11.0,24.0,9.0,19.0,-13.0,-14.0,-14.0,-8.0,-15.0,-12.0,-8.0,-8.0,-8.0,1013.88,1013.51,0.1,0.0,0.0
KNYNEWYO1850,America/New_York,2024-01-20 13:59:00+00:00,2024-01-20 08:59:00,1705759140,40.759,-73.802,114.35,1.0,273.0,61.0,57.0,59.0,1,-7.0,-8.0,-7.0,17.0,3.0,9.0,30.0,9.0,18.0,-14.0,-14.0,-14.0,-7.0,-14.0,-11.0,-7.0,-8.0,-7.0,1014.09,1013.61,0.28,0.0,0.0
KNYNEWYO1850,America/New_York,2024-01-20 14:59:00+00:00,2024-01-20 09:59:00,1705762740,40.759,-73.802,234.63,2.0,263.0,58.0,54.0,55.0,1,-6.0,-7.0,-7.0,18.0,3.0,12.0,30.0,9.0,21.0,-14.0,-14.0,-14.0,-7.0,-14.0,-11.0,-6.0,-7.0,-7.0,1014.19,1013.72,0.0,0.0,0.0
KNYNEWYO1850,America/New_York,2024-01-20 15:59:00+00:00,2024-01-20 10:59:00,1705766340,40.759,-73.802,326.88,3.0,261.0,55.0,51.0,52.0,1,-5.0,-6.0,-6.0,14.0,3.0,8.0,24.0,9.0,16.0,-13.0,-14.0,-14.0,-5.0,-11.0,-9.0,-5.0,-6.0,-6.0,1014.19,1013.72,0.0,0.0,0.0
KNYNEWYO1850,America/New_York,2024-01-20 16:59:00+00:00,2024-01-20 11:59:00,1705769940,40.759,-73.802,426.77,4.0,266.0,52.0,47.0,49.0,1,-5.0,-5.0,-5.0,23.0,5.0,11.0,33.0,11.0,20.0,-13.0,-15.0,-14.0,-5.0,-12.0,-9.0,-5.0,-5.0,-5.0,1013.82,1013.0,-0.63,0.0,0.0
KNYNEWYO1850,America/New_York,2024-01-20 17:59:00+00:00,2024-01-20 12:59:00,1705773540,40.759,-73.802,534.3,5.0,252.0,51.0,46.0,48.0,1,-4.0,-5.0,-4.0,18.0,5.0,10.0,26.0,13.0,19.0,-13.0,-14.0,-14.0,-7.0,-11.0,-9.0,-4.0,-5.0,-4.0,1013.11,1012.29,-0.52,0.0,0.0
KNYNEWYO1850,America/New_York,2024-01-20 18:59:00+00:00,2024-01-20 13:59:00,1705777140,40.759,-73.802,385.22,3.0,259.0,51.0,45.0,47.0,1,-4.0,-5.0,-4.0,19.0,4.0,11.0,26.0,9.0,19.0,-13.0,-15.0,-14.0,-5.0,-11.0,-9.0,-4.0,-5.0,-4.0,1012.7,1012.19,0.21,0.0,0.0
KNYNEWYO1850,America/New_York,2024-01-20 19:59:00+00:00,2024-01-20 14:59:00,1705780740,40.759,-73.802,411.43,4.0,259.0,50.0,45.0,47.0,1,-4.0,-5.0,-4.0,15.0,3.0,10.0,24.0,11.0,18.0,-13.0,-14.0,-14.0,-5.0,-10.0,-8.0,-4.0,-5.0,-4.0,1013.0,1012.5,0.21,0.0,0.0
KNYNEWYO1850,America/New_York,2024-01-20 20:59:00+00:00,2024-01-20 15:59:00,1705784340,40.759,-73.802,100.82,0.0,257.0,50.0,48.0,48.0,1,-5.0,-5.0,-5.0,20.0,4.0,12.0,30.0,13.0,22.0,-13.0,-14.0,-14.0,-5.0,-11.0,-9.0,-5.0,-5.0,-5.0,1013.88,1013.0,0.72,0.0,0.0
KNYNEWYO1850,America/New_York,2024-01-20 21:59:00+00:00,2024-01-20 16:59:00,1705787940,40.759,-73.802,53.63,0.0,256.0,52.0,49.0,50.0,1,-5.0,-6.0,-5.0,24.0,5.0,12.0,30.0,11.0,22.0,-14.0,-15.0,-14.0,-6.0,-13.0,-10.0,-5.0,-6.0,-5.0,1015.0,1013.72,1.02,0.0,0.0
KNYNEWYO1850,America/New_York,2024-01-20 22:59:00+00:00,2024-01-20 17:59:00,1705791540,40.759,-73.802,1.43,0.0,258.0,53.0,50.0,52.0,1,-6.0,-6.0,-6.0,24.0,5.0,13.0,35.0,13.0,24.0,-14.0,-15.0,-14.0,-6.0,-14.0,-11.0,-6.0,-6.0,-6.0,1015.71,1014.8,0.72,0.0,0.0
KNYNEWYO1850,America/New_York,2024-01-20 23:59:00+00:00,2024-01-20 18:59:00,1705795140,40.759,-73.802,0.0,0.0,257.0,54.0,52.0,52.0,1,-6.0,-7.0,-6.0,21.0,6.0,13.0,31.0,15.0,23.0,-14.0,-15.0,-14.0,-9.0,-14.0,-12.0,-6.0,-7.0,-6.0,1016.19,1015.51,0.48,0.0,0.0
KNYNEWYO1850,America/New_York,2024-01-21 00:59:00+00:00,2024-01-20 19:59:00,1705798740,40.759,-73.802,0.0,0.0,256.0,55.0,53.0,54.0,1,-6.0,-7.0,-7.0,27.0,3.0,13.0,37.0,11.0,24.0,-14.0,-15.0,-14.0,-7.0,-15.0,-12.0,-6.0,-7.0,-7.0,1016.49,1015.92,-0.1,0.0,0.0
KNYNEWYO1850,America/New_York,2024-01-21 01:59:00+00:00,2024-01-20 20:59:00,1705802340,40.759,-73.802,0.0,0.0,255.0,58.0,54.0,55.0,1,-7.0,-7.0,-7.0,21.0,6.0,13.0,39.0,17.0,23.0,-14.0,-15.0,-14.0,-10.0,-14.0,-12.0,-7.0,-7.0,-7.0,1016.8,1015.98,0.52,0.0,0.0
KNYNEWYO1850,America/New_York,2024-01-21 02:59:00+00:00,2024-01-20 21:59:00,1705805940,40.759,-73.802,0.0,0.0,260.0,60.0,57.0,58.0,1,-7.0,-7.0,-7.0,22.0,4.0,12.0,33.0,11.0,20.0,-13.0,-14.0,-13.0,-7.0,-14.0,-12.0,-7.0,-7.0,-7.0,1017.61,1016.59,0.93,0.0,0.0
KNYNEWYO1850,America/New_York,2024-01-21 03:59:00+00:00,2024-01-20 22:59:00,1705809540,40.759,-73.802,0.0,0.0,263.0,62.0,60.0,60.0,1,-7.0,-7.0,-7.0,17.0,2.0,10.0,30.0,5.0,18.0,-13.0,-13.0,-13.0,-7.0,-13.0,-11.0,-7.0,-7.0,-7.0,1017.91,1017.31,0.21,0.0,0.0
KNYNEWYO1850,America/New_York,2024-01-21 04:59:00+00:00,2024-01-20 23:59:00,1705813140,40.759,-73.802,0.0,0.0,264.0,61.0,59.0,59.0,1,-6.0,-7.0,-7.0,22.0,1.0,10.0,28.0,13.0,19.0,-13.0,-13.0,-13.0,-6.0,-14.0,-11.0,-6.0,-7.0,-7.0,1018.29,1017.61,0.28,0.0,0.0
KNYNEWYO1850,America/New_York,2024-01-21 05:59:00+00:00,2024-01-21 00:59:00,1705816740,40.759,-73.802,0.0,0.0,258.0,63.0,59.0,60.0,1,-6.0,-6.0,-6.0,23.0,4.0,11.0,30.0,9.0,21.0,-12.0,-13.0,-13.0,-6.0,-14.0,-11.0,-6.0,-6.0,-6.0,1018.69,1017.91,0.53,0.0,0.0
KNYNEWYO1850,America/New_York,2024-01-21 06:59:00+00:00,2024-01-21 01:59:00,1705820340,40.759,-73.802,0.0,0.0,265.0,64.0,62.0,63.0,1,-6.0,-6.0,-6.0,18.0,3.0,9.0,28.0,7.0,17.0,-12.0,-12.0,-12.0,-6.0,-13.0,-10.0,-6.0,-6.0,-6.0,1019.81,1018.49,1.05,0.0,0.0
KNYNEWYO1850,America/New_York,2024-01-21 07:59:00+00:00,2024-01-21 02:59:00,1705823940,40.759,-73.802,0.0,0.0,264.0,64.0,62.0,63.0,1,-6.0,-6.0,-6.0,15.0,1.0,8.0,24.0,7.0,15.0,-12.0,-12.0,-12.0,-6.0,-12.0,-10.0,-6.0,-6.0,-6.0,1020.22,1019.51,0.41,0.0,0.0
KNYNEWYO1850,America/New_York,2024-01-21 08:59:00+00:00,2024-01-21 03:59:00,1705827540,40.759,-73.802,0.0,0.0,257.0,63.0,59.0,61.0,1,-6.0,-6.0,-6.0,20.0,4.0,10.0,24.0,9.0,17.0,-12.0,-13.0,-12.0,-6.0,-13.0,-10.0,-6.0,-6.0,-6.0,1020.59,1019.81,0.59,0.0,0.0
KNYNEWYO1850,America/New_York,2024-01-21 09:59:00+00:00,2024-01-21 04:59:00,1705831140,40.759,-73.802,0.0,0.0,259.0,60.0,58.0,59.0,1,-6.0,-6.0,-6.0,19.0,3.0,9.0,30.0,9.0,18.0,-12.0,-13.0,-13.0,-6.0,-13.0,-10.0,-6.0,-6.0,-6.0,1021.71,1020.29,1.24,0.0,0.0
KNYNEWYO1850,America/New_York,2024-01-21 10:59:00+00:00,2024-01-21 05:59:00,1705834740,40.759,-73.802,0.0,0.0,255.0,60.0,57.0,58.0,1,-6.0,-6.0,-6.0,19.0,4.0,9.0,31.0,9.0,18.0,-13.0,-13.0,-13.0,-6.0,-13.0,-10.0,-6.0,-6.0,-6.0,1022.89,1021.5,1.21,0.0,0.0
KNYNEWYO1850,America/New_York,2024-01-21 11:59:00+00:00,2024-01-21 06:59:00,1705838340,40.759,-73.802,0.31,0.0,263.0,59.0,57.0,58.0,1,-6.0,-7.0,-7.0,17.0,4.0,10.0,24.0,9.0,18.0,-13.0,-14.0,-13.0,-7.0,-13.0,-11.0,-6.0,-7.0,-7.0,1023.81,1022.59,1.03,0.0,0.0
KNYNEWYO1850,America/New_York,2024-01-21 12:59:00+00:00,2024-01-21 07:59:00,1705841940,40.759,-73.802,22.82,0.0,255.0,59.0,55.0,57.0,1,-7.0,-7.0,-7.0,18.0,2.0,9.0,30.0,7.0,17.0,-13.0,-14.0,-14.0,-7.0,-13.0,-10.0,-7.0,-7.0,-7.0,1024.89,1023.71,1.1,0.0,0.0
KNYNEWYO1850,America/New_York,2024-01-21 13:59:00+00:00,2024-01-21 08:59:00,1705845540,40.759,-73.802,117.81,1.0,261.0,57.0,51.0,53.0,1,-6.0,-7.0,-6.0,21.0,3.0,10.0,28.0,9.0,18.0,-14.0,-14.0,-14.0,-6.0,-14.0,-10.0,-6.0,-7.0,-6.0,1025.6,1024.69,0.62,0.0,0.0
KNYNEWYO1850,America/New_York,2024-01-21 14:59:00+00:00,2024-01-21 09:59:00,1705849140,40.759,-73.802,238.48,2.0,259.0,52.0,48.0,49.0,1,-5.0,-6.0,-6.0,22.0,4.0,12.0,33.0,9.0,22.0,-14.0,-15.0,-14.0,-6.0,-13.0,-10.0,-5.0,-6.0,-6.0,1026.31,1025.4,0.41,0.0,0.0
KNYNEWYO1850,America/New_York,2024-01-21 15:59:00+00:00,2024-01-21 10:59:00,1705852740,40.759,-73.802,334.41,3.0,259.0,49.0,47.0,48.0,1,-4.0,-5.0,-5.0,24.0,4.0,11.0,33.0,9.0,20.0,-13.0,-14.0,-14.0,-4.0,-11.0,-9.0,-4.0,-5.0,-5.0,1026.79,1026.01,0.39,0.0,0.0
KNYNEWYO1850,America/New_York,2024-01-21 16:59:00+00:00,2024-01-21 11:59:00,1705856340,40.759,-73.802,381.97,3.0,257.0,47.0,45.0,46.0,1,-3.0,-4.0,-4.0,24.0,5.0,14.0,35.0,15.0,25.0,-13.0,-14.0,-14.0,-5.0,-10.0,-9.0,-3.0,-4.0,-4.0,1026.89,1025.7,-1.0,0.0,0.0
KNYNEWYO1850,America/New_York,2024-01-21 17:59:00+00:00,2024-01-21 12:59:00,1705859940,40.759,-73.802,385.62,3.0,260.0,47.0,43.0,44.0,1,-2.0,-3.0,-3.0,18.0,5.0,11.0,28.0,11.0,19.0,-13.0,-14.0,-13.0,-5.0,-8.0,-7.0,-2.0,-3.0,-3.0,1026.11,1025.3,-0.41,0.0,0.0
KNYNEWYO1850,America/New_York,2024-01-21 18:59:00+00:00,2024-01-21 13:59:00,1705863540,40.759,-73.802,374.21,3.0,261.0,44.0,41.0,42.0,1,-1.0,-2.0,-2.0,19.0,1.0,11.0,26.0,9.0,19.0,-12.0,-13.0,-13.0,-2.0,-7.0,-5.0,-1.0,-2.0,-2.0,1025.8,1025.09,0.11,0.0,0.0
KNYNEWYO1850,America/New_York,2024-01-21 19:59:00+00:00,2024-01-21 14:59:00,1705867140,40.759,-73.802,307.17,2.0,259.0,44.0,40.0,41.0,1,0.0,-1.0,-1.0,22.0,4.0,12.0,33.0,11.0,21.0,-11.0,-13.0,-12.0,-1.0,-7.0,-5.0,0.0,-1.0,-1.0,1025.91,1025.4,0.32,0.0,0.0
KNYNEWYO1850,America/New_York,2024-01-21 20:59:00+00:00,2024-01-21 15:59:00,1705870740,40.759,-73.802,195.54,1.0,250.0,44.0,41.0,42.0,1,0.0,-1.0,-1.0,18.0,4.0,12.0,31.0,11.0,20.0,-11.0,-12.0,-12.0,0.0,-6.0,-4.0,0.0,-1.0,-1.0,1027.09,1025.8,1.1,0.0,0.0
KNYNEWYO1850,America/New_York,2024-01-21 21:59:00+00:00,2024-01-21 16:59:00,1705874340,40.759,-73.802,59.9,0.0,255.0,46.0,43.0,44.0,1,-1.0,-2.0,-1.0,21.0,3.0,10.0,28.0,13.0,18.0,-12.0,-12.0,-12.0,-1.0,-7.0,-5.0,-1.0,-2.0,-1.0,1028.01,1026.89,1.07,0.0,0.0
KNYNEWYO1850,America/New_York,2024-01-21 22:59:00+00:00,2024-01-21 17:59:00,1705877940,40.759,-73.802,2.69,0.0,260.0,48.0,45.0,46.0,1,-2.0,-2.0,-2.0,14.0,3.0,7.0,20.0,5.0,13.0,-11.0,-12.0,-12.0,-2.0,-6.0,-4.0,-2.0,-2.0,-2.0,1028.99,1027.8,1.23,0.0,0.0
KNYNEWYO1850,America/New_York,2024-01-21 23:59:00+00:00,2024-01-21 18:59:00,1705881540,40.759,-73.802,0.0,0.0,259.0,49.0,45.0,47.0,1,-2.0,-2.0,-2.0,20.0,3.0,9.0,26.0,7.0,16.0,-11.0,-12.0,-12.0,-2.0,-8.0,-5.0,-2.0,-2.0,-2.0,1029.8,1028.99,0.52,0.0,0.0
KNYNEWYO1850,America/New_York,2024-01-22 00:59:00+00:00,2024-01-21 19:59:00,1705885140,40.759,-73.802,0.0,0.0,257.0,49.0,47.0,48.0,1,-2.0,-3.0,-2.0,16.0,3.0,9.0,28.0,9.0,16.0,-12.0,-12.0,-12.0,-2.0,-8.0,-6.0,-2.0,-3.0,-2.0,1030.21,1029.6,0.53,0.0,0.0
KNYNEWYO1850,America/New_York,2024-01-22 01:59:00+00:00,2024-01-21 20:59:00,1705888740,40.759,-73.802,0.0,0.0,265.0,49.0,46.0,47.0,1,-3.0,-3.0,-3.0,16.0,2.0,8.0,22.0,5.0,14.0,-12.0,-13.0,-12.0,-3.0,-8.0,-6.0,-3.0,-3.0,-3.0,1030.82,1029.9,0.72,0.0,0.0
KNYNEWYO1850,America/New_York,2024-01-22 02:59:00+00:00,2024-01-21 21:59:00,1705892340,40.759,-73.802,0.0,0.0,262.0,51.0,47.0,49.0,1,-3.0,-3.0,-3.0,21.0,1.0,6.0,26.0,2.0,12.0,-12.0,-13.0,-12.0,-3.0,-9.0,-5.0,-3.0,-3.0,-3.0,1031.49,1030.61,0.63,0.0,0.0
KNYNEWYO1850,America/New_York,2024-01-22 03:59:00+00:00,2024-01-21 22:59:00,1705895940,40.759,-73.802,0.0,0.0,263.0,54.0,49.0,51.0,1,-3.0,-4.0,-4.0,15.0,3.0,8.0,22.0,7.0,14.0,-12.0,-13.0,-12.0,-4.0,-9.0,-7.0,-3.0,-4.0,-4.0,1032.0,1031.29,0.42,0.0,0.0
KNYNEWYO1850,America/New_York,2024-01-22 04:59:00+00:00,2024-01-21 23:59:00,1705899540,40.759,-73.802,0.0,0.0,264.0,58.0,54.0,56.0,1,-4.0,-4.0,-4.0,14.0,2.0,7.0,20.0,7.0,14.0,-11.0,-12.0,-11.0,-4.0,-9.0,-6.0,-4.0,-4.0,-4.0,1032.41,1031.6,0.21,0.0,0.0
KNYNEWYO1850,America/New_York,2024-01-22 05:59:00+00:00,2024-01-22 00:59:00,1705903140,40.759,-73.802,0.0,0.0,258.0,60.0,58.0,58.0,1,-4.0,-4.0,-4.0,15.0,4.0,8.0,20.0,9.0,14.0,-10.0,-11.0,-11.0,-4.0,-9.0,-7.0,-4.0,-4.0,-4.0,1032.92,1032.21,0.64,0.0,0.0
KNYNEWYO1850,America/New_York,2024-01-22 06:59:00+00:00,2024-01-22 01:59:00,1705906740,40.759,-73.802,0.0,0.0,271.0,62.0,60.0,60.0,1,-4.0,-4.0,-4.0,11.0,0.0,3.0,18.0,2.0,7.0,-10.0,-11.0,-10.0,-4.0,-8.0,-5.0,-4.0,-4.0,-4.0,1032.81,1032.31,0.32,0.0,0.0
KNYNEWYO1850,America/New_York,2024-01-22 07:58:00+00:00,2024-01-22 02:58:00,1705910280,40.759,-73.802,0.0,0.0,276.0,62.0,61.0,61.0,1,-4.0,-4.0,-4.0,10.0,0.0,4.0,13.0,2.0,8.0,-10.0,-10.0,-10.0,-4.0,-8.0,-5.0,-4.0,-4.0,-4.0,1033.39,1032.61,0.32,0.0,0.0
KNYNEWYO1850,America/New_York,2024-01-22 08:59:00+00:00,2024-01-22 03:59:00,1705913940,40.759,-73.802,0.0,0.0,278.0,65.0,62.0,63.0,1,-4.0,-4.0,-4.0,9.0,0.0,3.0,13.0,2.0,7.0,-10.0,-10.0,-10.0,-4.0,-8.0,-5.0,-4.0,-4.0,-4.0,1033.49,1032.41,0.21,0.0,0.0
KNYNEWYO1850,America/New_York,2024-01-22 09:59:00+00:00,2024-01-22 04:59:00,1705917540,40.759,-73.802,0.0,0.0,275.0,66.0,63.0,64.0,1,-4.0,-4.0,-4.0,8.0,0.0,3.0,18.0,2.0,6.0,-10.0,-10.0,-10.0,-4.0,-7.0,-4.0,-4.0,-4.0,-4.0,1033.39,1032.61,-0.6,0.0,0.0
KNYNEWYO1850,America/New_York,2024-01-22 10:59:00+00:00,2024-01-22 05:59:00,1705921140,40.759,-73.802,0.0,0.0,285.0,67.0,64.0,65.0,1,-4.0,-5.0,-4.0,6.0,0.0,2.0,11.0,0.0,4.0,-9.0,-10.0,-10.0,-4.0,-7.0,-4.0,-4.0,-5.0,-4.0,1033.29,1032.71,0.07,0.0,0.0
KNYNEWYO1850,America/New_York,2024-01-22 11:59:00+00:00,2024-01-22 06:59:00,1705924740,40.759,-73.802,0.44,0.0,281.0,69.0,66.0,67.0,1,-3.0,-5.0,-4.0,5.0,0.0,1.0,7.0,0.0,2.0,-9.0,-10.0,-9.0,-3.0,-5.0,-4.0,-3.0,-5.0,-4.0,1033.9,1033.09,0.72,0.0,0.0
KNYNEWYO1850,America/New_York,2024-01-22 12:59:00+00:00,2024-01-22 07:59:00,1705928340,40.759,-73.802,23.72,0.0,272.0,66.0,63.0,64.0,1,-3.0,-4.0,-3.0,7.0,0.0,3.0,11.0,4.0,7.0,-9.0,-9.0,-9.0,-3.0,-7.0,-4.0,-3.0,-4.0,-3.0,1034.0,1033.59,0.1,0.0,0.0
KNYNEWYO1850,America/New_York,2024-01-22 13:59:00+00:00,2024-01-22 08:59:00,1705931940,40.759,-73.802,118.71,1.0,276.0,64.0,59.0,61.0,1,-2.0,-3.0,-3.0,7.0,0.0,2.0,11.0,0.0,5.0,-9.0,-9.0,-9.0,-2.0,-6.0,-3.0,-2.0,-3.0,-3.0,1034.3,1033.7,0.1,0.0,0.0
KNYNEWYO1850,America/New_York,2024-01-22 14:59:00+00:00,2024-01-22 09:59:00,1705935540,40.759,-73.802,237.73,2.0,276.0,59.0,56.0,57.0,1,-1.0,-2.0,-2.0,9.0,0.0,4.0,13.0,4.0,8.0,-9.0,-9.0,-9.0,-1.0,-5.0,-2.0,-1.0,-2.0,-2.0,1034.51,1033.9,0.1,0.0,0.0
KNYNEWYO1850,America/New_York,2024-01-22 15:59:00+00:00,2024-01-22 10:59:00,1705939140,40.759,-73.802,316.17,3.0,264.0,56.0,51.0,53.0,1,1.0,-1.0,0.0,6.0,0.0,2.0,7.0,2.0,5.0,-8.0,-9.0,-9.0,1.0,-3.0,0.0,1.0,-1.0,0.0,1034.3,1033.39,-0.52,0.0,0.0
KNYNEWYO1850,America/New_York,2024-01-22 16:59:00+00:00,2024-01-22 11:59:00,1705942740,40.759,-73.802,368.76,3.0,226.0,52.0,49.0,50.0,1,1.0,0.0,1.0,8.0,0.0,3.0,13.0,2.0,7.0,-8.0,-9.0,-8.0,1.0,-2.0,1.0,1.0,0.0,1.0,1033.7,1032.61,-1.0,0.0,0.0
KNYNEWYO1850,America/New_York,2024-01-22 17:58:00+00:00,2024-01-22 12:58:00,1705946280,40.759,-73.802,389.97,3.0,218.0,49.0,42.0,46.0,1,2.0,1.0,2.0,10.0,0.0,4.0,13.0,2.0,8.0,-8.0,-9.0,-9.0,2.0,-2.0,1.0,2.0,1.0,2.0,1032.71,1031.49,-1.16,0.0,0.0
KNYNEWYO1850,America/New_York,2024-01-22 18:59:00+00:00,2024-01-22 13:59:00,1705949940,40.759,-73.802,352.16,3.0,232.0,43.0,35.0,38.0,1,3.0,2.0,3.0,10.0,1.0,5.0,17.0,5.0,11.0,-9.0,-11.0,-10.0,3.0,0.0,2.0,3.0,2.0,3.0,1031.9,1030.99,-0.31,0.0,0.0
KNYNEWYO1850,America/New_York,2024-01-22 19:59:00+00:00,2024-01-22 14:59:00,1705953540,40.759,-73.802,318.6,3.0,199.0,36.0,34.0,35.0,1,3.0,3.0,3.0,14.0,1.0,6.0,18.0,5.0,12.0,-10.0,-11.0,-11.0,3.0,0.0,2.0,3.0,3.0,3.0,1031.29,1030.72,-0.18,0.0,0.0
KNYNEWYO1850,America/New_York,2024-01-22 20:59:00+00:00,2024-01-22 15:59:00,1705957140,40.759,-73.802,273.87,2.0,217.0,41.0,34.0,37.0,1,3.0,3.0,3.0,11.0,0.0,4.0,15.0,5.0,9.0,-9.0,-11.0,-10.0,3.0,0.0,2.0,3.0,3.0,3.0,1030.99,1030.31,0.0,0.0,0.0
KNYNEWYO1850,America/New_York,2024-01-22 21:59:00+00:00,2024-01-22 16:59:00,1705960740,40.759,-73.802,60.0,0.0,200.0,40.0,37.0,38.0,1,3.0,3.0,3.0,13.0,1.0,5.0,17.0,4.0,10.0,-10.0,-11.0,-10.0,3.0,-1.0,2.0,3.0,3.0,3.0,1030.88,1030.51,0.28,0.0,0.0
KNYNEWYO1850,America/New_York,2024-01-22 22:59:00+00:00,2024-01-22 17:59:00,1705964340,40.759,-73.802,1.97,0.0,225.0,41.0,39.0,39.0,1,3.0,3.0,3.0,8.0,0.0,4.0,15.0,4.0,9.0,-9.0,-10.0,-10.0,3.0,0.0,2.0,3.0,3.0,3.0,1031.09,1030.51,0.28,0.0,0.0
KNYNEWYO1850,America/New_York,2024-01-22 23:59:00+00:00,2024-01-22 18:59:00,1705967940,40.759,-73.802,0.0,0.0,227.0,50.0,41.0,48.0,1,3.0,2.0,2.0,5.0,0.0,2.0,11.0,2.0,5.0,-7.0,-9.0,-8.0,3.0,1.0,2.0,3.0,2.0,2.0,1031.09,1030.51,0.0,0.0,0.0
KNYNEWYO1850,America/New_York,2024-01-23 00:59:00+00:00,2024-01-22 19:59:00,1705971540,40.759,-73.802,0.0,0.0,201.0,49.0,46.0,47.0,1,2.0,2.0,2.0,10.0,1.0,5.0,15.0,4.0,9.0,-7.0,-8.0,-8.0,2.0,-1.0,1.0,2.0,2.0,2.0,1031.19,1030.61,0.38,0.0,0.0
KNYNEWYO1850,America/New_York,2024-01-23 01:59:00+00:00,2024-01-22 20:59:00,1705975140,40.759,-73.802,0.0,0.0,196.0,54.0,48.0,51.0,1,2.0,1.0,1.0,8.0,1.0,4.0,15.0,4.0,9.0,-7.0,-8.0,-8.0,2.0,-1.0,1.0,2.0,1.0,1.0,1031.19,1030.31,-0.59,0.0,0.0
KNYNEWYO1850,America/New_York,2024-01-23 02:59:00+00:00,2024-01-22 21:59:00,1705978740,40.759,-73.802,0.0,0.0,206.0,54.0,52.0,52.0,1,1.0,1.0,1.0,12.0,0.0,6.0,18.0,4.0,11.0,-7.0,-8.0,-7.0,1.0,-2.0,0.0,1.0,1.0,1.0,1030.99,1030.41,0.21,0.0,0.0
KNYNEWYO1850,America/New_York,2024-01-23 03:59:00+00:00,2024-01-22 22:59:00,1705982340,40.759,-73.802,0.0,0.0,222.0,53.0,52.0,52.0,1,1.0,1.0,1.0,14.0,2.0,7.0,24.0,5.0,13.0,-7.0,-7.0,-7.0,1.0,-3.0,0.0,1.0,1.0,1.0,1031.09,1030.21,0.07,0.0,0.0
KNYNEWYO1850,America/New_York,2024-01-23 04:58:00+00:00,2024-01-22 23:58:00,1705985880,40.759,-73.802,0.0,0.0,212.0,53.0,52.0,52.0,1,2.0,1.0,1.0,11.0,3.0,6.0,18.0,5.0,12.0,-7.0,-7.0,-7.0,2.0,-2.0,0.0,2.0,1.0,1.0,1030.99,1029.8,-0.74,0.0,0.0
KNYNEWYO1850,America/New_York,2024-01-23 05:58:00+00:00,2024-01-23 00:58:00,1705989480,40.759,-73.802,0.0,0.0,205.0,53.0,52.0,52.0,1,2.0,2.0,2.0,11.0,0.0,5.0,15.0,5.0,10.0,-7.0,-7.0,-7.0,2.0,-2.0,1.0,2.0,2.0,2.0,1030.21,1029.7,-0.21,0.0,0.0
KNYNEWYO1850,America/New_York,2024-01-23 06:59:00+00:00,2024-01-23 01:59:00,1705993140,40.759,-73.802,0.0,0.0,248.0,54.0,53.0,53.0,1,2.0,2.0,2.0,7.0,0.0,3.0,13.0,4.0,7.0,-7.0,-7.0,-7.0,2.0,-1.0,1.0,2.0,2.0,2.0,1030.0,1029.5,0.57,0.0,0.0
KNYNEWYO1850,America/New_York,2024-01-23 07:59:00+00:00,2024-01-23 02:59:00,1705996740,40.759,-73.802,0.0,0.0,222.0,54.0,51.0,52.0,1,2.0,2.0,2.0,9.0,0.0,3.0,13.0,4.0,7.0,-7.0,-7.0,-7.0,2.0,-1.0,2.0,2.0,2.0,2.0,1030.11,1029.5,-0.21,0.0,0.0
KNYNEWYO1850,America/New_York,2024-01-23 08:59:00+00:00,2024-01-23 03:59:00,1706000340,40.759,-73.802,0.0,0.0,202.0,52.0,50.0,51.0,1,2.0,2.0,2.0,10.0,1.0,4.0,17.0,4.0,8.0,-7.0,-7.0,-7.0,2.0,-1.0,2.0,2.0,2.0,2.0,1029.7,1028.89,-0.72,0.0,0.0
KNYNEWYO1850,America/New_York,2024-01-23 09:59:00+00:00,2024-01-23 04:59:00,1706003940,40.759,-73.802,0.0,0.0,212.0,54.0,51.0,52.0,1,2.0,2.0,2.0,8.0,0.0,4.0,11.0,4.0,8.0,-7.0,-7.0,-7.0,2.0,-1.0,1.0,2.0,2.0,2.0,1029.29,1028.78,-0.1,0.0,0.0
KNYNEWYO1850,America/New_York,2024-01-23 10:59:00+00:00,2024-01-23 05:59:00,1706007540,40.759,-73.802,0.0,0.0,237.0,55.0,53.0,54.0,1,2.0,2.0,2.0,8.0,0.0,3.0,13.0,4.0,8.0,-6.0,-7.0,-7.0,2.0,0.0,2.0,2.0,2.0,2.0,1029.6,1028.78,0.41,0.0,0.0
KNYNEWYO1850,America/New_York,2024-01-23 11:59:00+00:00,2024-01-23 06:59:00,1706011140,40.759,-73.802,0.18,0.0,272.0,55.0,53.0,54.0,1,2.0,2.0,2.0,5.0,0.0,2.0,9.0,2.0,5.0,-6.0,-7.0,-6.0,2.0,1.0,2.0,2.0,2.0,2.0,1029.9,1029.19,0.21,0.0,0.0
KNYNEWYO1850,America/New_York,2024-01-23 12:59:00+00:00,2024-01-23 07:59:00,1706014740,40.759,-73.802,12.44,0.0,265.0,54.0,49.0,52.0,1,3.0,2.0,3.0,4.0,0.0,1.0,5.0,0.0,3.0,-6.0,-7.0,-6.0,3.0,2.0,3.0,3.0,2.0,3.0,1030.11,1029.6,0.31,0.0,0.0
KNYNEWYO1850,America/New_York,2024-01-23 13:59:00+00:00,2024-01-23 08:59:00,1706018340,40.759,-73.802,68.55,0.0,270.0,50.0,43.0,46.0,1,4.0,3.0,4.0,5.0,0.0,2.0,9.0,2.0,4.0,-6.0,-7.0,-7.0,4.0,3.0,4.0,4.0,3.0,4.0,1030.61,1029.9,0.41,0.0,0.0
KNYNEWYO1850,America/New_York,2024-01-23 14:59:00+00:00,2024-01-23 09:59:00,1706021940,40.759,-73.802,108.41,1.0,270.0,47.0,43.0,44.0,1,5.0,4.0,5.0,9.0,0.0,3.0,11.0,0.0,6.0,-6.0,-7.0,-6.0,5.0,3.0,4.0,5.0,4.0,5.0,1031.49,1030.51,0.9,0.0,0.0
KNYNEWYO1850,America/New_York,2024-01-23 15:59:00+00:00,2024-01-23 10:59:00,1706025540,40.759,-73.802,141.44,1.0,265.0,56.0,44.0,48.0,1,5.0,4.0,5.0,9.0,1.0,5.0,15.0,5.0,9.0,-4.0,-6.0,-5.0,5.0,2.0,4.0,5.0,4.0,5.0,1032.1,1031.19,0.52,0.0,0.0
KNYNEWYO1850,America/New_York,2024-01-23 16:59:00+00:00,2024-01-23 11:59:00,1706029140,40.759,-73.802,156.86,1.0,265.0,69.0,56.0,61.0,1,4.0,4.0,4.0,9.0,3.0,5.0,15.0,5.0,9.0,-1.0,-4.0,-3.0,4.0,2.0,3.0,4.0,4.0,4.0,1031.9,1031.39,0.1,0.0,0.0
KNYNEWYO1850,America/New_York,2024-01-23 17:59:00+00:00,2024-01-23 12:59:00,1706032740,40.759,-73.802,154.96,1.0,271.0,76.0,67.0,72.0,1,4.0,3.0,4.0,9.0,1.0,4.0,11.0,2.0,6.0,0.0,-2.0,-1.0,4.0,1.0,3.0,4.0,3.0,4.0,1031.9,1031.09,-0.31,1.8,0.51
KNYNEWYO1850,America/New_York,2024-01-23 18:59:00+00:00,2024-01-23 13:59:00,1706036340,40.759,-73.802,116.29,1.0,278.0,85.0,74.0,79.0,1,3.0,3.0,3.0,6.0,0.0,3.0,9.0,2.0,5.0,1.0,-1.0,0.0,3.0,2.0,3.0,3.0,3.0,3.0,1031.49,1030.82,-0.41,0.0,0.51
KNYNEWYO1850,America/New_York,2024-01-23 19:59:00+00:00,2024-01-23 14:59:00,1706039940,40.759,-73.802,128.91,1.0,277.0,84.0,77.0,79.0,1,4.0,3.0,4.0,6.0,0.0,3.0,7.0,2.0,5.0,1.0,0.0,0.0,4.0,2.0,4.0,4.0,3.0,4.0,1031.7,1030.72,0.74,0.0,0.51
KNYNEWYO1850,America/New_York,2024-01-23 20:59:00+00:00,2024-01-23 15:59:00,1706043540,40.759,-73.802,54.47,0.0,281.0,77.0,75.0,76.0,1,4.0,4.0,4.0,6.0,0.0,2.0,9.0,2.0,5.0,0.0,0.0,0.0,4.0,3.0,4.0,4.0,4.0,4.0,1032.61,1031.7,0.41,0.0,0.51
KNYNEWYO1850,America/New_York,2024-01-23 21:59:00+00:00,2024-01-23 16:59:00,1706047140,40.759,-73.802,17.65,0.0,283.0,79.0,77.0,77.0,1,4.0,4.0,4.0,4.0,0.0,1.0,5.0,0.0,3.0,1.0,0.0,0.0,4.0,4.0,4.0,4.0,4.0,4.0,1032.81,1032.1,0.0,0.0,0.51
KNYNEWYO1850,America/New_York,2024-01-23 22:59:00+00:00,2024-01-23 17:59:00,1706050740,40.759,-73.802,1.15,0.0,288.0,79.0,77.0,77.0,1,4.0,4.0,4.0,4.0,0.0,1.0,5.0,0.0,3.0,1.0,0.0,0.0,4.0,4.0,4.0,4.0,4.0,4.0,1033.19,1032.71,0.28,0.0,0.51
KNYNEWYO1850,America/New_York,2024-01-23 23:59:00+00:00,2024-01-23 18:59:00,1706054340,40.759,-73.802,0.0,0.0,307.0,82.0,78.0,79.0,1,4.0,3.0,4.0,4.0,0.0,0.0,5.0,0.0,2.0,1.0,0.0,1.0,4.0,3.0,4.0,4.0,3.0,4.0,1033.49,1032.98,0.41,0.0,0.51
KNYNEWYO1850,America/New_York,2024-01-24 00:59:00+00:00,2024-01-23 19:59:00,1706057940,40.759,-73.802,0.0,0.0,333.0,83.0,82.0,82.0,1,3.0,3.0,3.0,2.0,0.0,0.0,4.0,0.0,1.0,1.0,1.0,1.0,3.0,3.0,3.0,3.0,3.0,3.0,1033.9,1033.09,0.0,0.0,0.51
KNYNEWYO1850,America/New_York,2024-01-24 01:59:00+00:00,2024-01-23 20:59:00,1706061540,40.759,-73.802,0.0,0.0,338.0,84.0,83.0,83.0,1,3.0,3.0,3.0,3.0,0.0,1.0,5.0,0.0,2.0,1.0,1.0,1.0,3.0,3.0,3.0,3.0,3.0,3.0,1033.59,1032.92,0.31,0.0,0.51
KNYNEWYO1850,America/New_York,2024-01-24 02:59:00+00:00,2024-01-23 21:59:00,1706065140,40.759,-73.802,0.0,0.0,331.0,83.0,82.0,82.0,1,3.0,3.0,3.0,0.0,0.0,0.0,2.0,0.0,0.0,1.0,1.0,1.0,3.0,3.0,3.0,3.0,3.0,3.0,1033.7,1032.98,-0.31,0.0,0.51
KNYNEWYO1850,America/New_York,2024-01-24 03:59:00+00:00,2024-01-23 22:59:00,1706068740,40.759,-73.802,0.0,0.0,331.0,83.0,81.0,82.0,1,4.0,3.0,3.0,1.0,0.0,0.0,2.0,0.0,1.0,1.0,1.0,1.0,4.0,3.0,3.0,4.0,3.0,3.0,1033.9,1033.19,0.21,0.0,0.51
KNYNEWYO1850,America/New_York,2024-01-24 04:59:00+00:00,2024-01-23 23:59:00,1706072340,40.759,-73.802,0.0,0.0,339.0,85.0,82.0,83.0,1,4.0,3.0,3.0,3.0,0.0,1.0,4.0,0.0,2.0,1.0,1.0,1.0,4.0,3.0,3.0,4.0,3.0,3.0,1033.9,1033.09,-0.72,0.0,0.51
KNYNEWYO1850,America/New_York,2024-01-24 05:59:00+00:00,2024-01-24 00:59:00,1706075940,40.759,-73.802,0.0,0.0,330.0,85.0,83.0,84.0,1,3.0,3.0,3.0,2.0,0.0,0.0,4.0,0.0,1.0,1.0,0.0,1.0,3.0,3.0,3.0,3.0,3.0,3.0,1033.49,1032.98,0.31,0.0,0.0
KNYNEWYO1850,America/New_York,2024-01-24 06:59:00+00:00,2024-01-24 01:59:00,1706079540,40.759,-73.802,0.0,0.0,347.0,83.0,80.0,80.0,1,3.0,3.0,3.0,3.0,0.0,0.0,4.0,0.0,1.0,0.0,0.0,0.0,3.0,3.0,3.0,3.0,3.0,3.0,1033.59,1033.19,-0.1,0.0,0.0
KNYNEWYO1850,America/New_York,2024-01-24 07:59:00+00:00,2024-01-24 02:59:00,1706083140,40.759,-73.802,0.0,0.0,336.0,84.0,80.0,82.0,1,3.0,3.0,3.0,3.0,0.0,1.0,5.0,0.0,2.0,0.0,0.0,0.0,3.0,3.0,3.0,3.0,3.0,3.0,1033.9,1033.19,0.41,0.0,0.0
KNYNEWYO1850,America/New_York,2024-01-24 08:59:00+00:00,2024-01-24 03:59:00,1706086740,40.759,-73.802,0.0,0.0,338.0,86.0,84.0,85.0,1,3.0,3.0,3.0,4.0,0.0,1.0,5.0,0.0,2.0,1.0,0.0,0.0,3.0,3.0,3.0,3.0,3.0,3.0,1034.0,1033.09,-0.62,0.0,0.0
KNYNEWYO1850,America/New_York,2024-01-24 09:59:00+00:00,2024-01-24 04:59:00,1706090340,40.759,-73.802,0.0,0.0,337.0,90.0,86.0,87.0,1,3.0,3.0,3.0,4.0,0.0,1.0,5.0,0.0,2.0,1.0,1.0,1.0,3.0,3.0,3.0,3.0,3.0,3.0,1033.9,1033.09,-0.21,1.8,0.3
KNYNEWYO1850,America/New_York,2024-01-24 10:59:00+00:00,2024-01-24 05:59:00,1706093940,40.759,-73.802,0.0,0.0,7.0,92.0,90.0,90.0,1,3.0,3.0,3.0,6.0,0.0,2.0,9.0,0.0,4.0,2.0,1.0,1.0,3.0,1.0,3.0,3.0,3.0,3.0,1033.29,1032.31,-0.69,0.0,0.3
KNYNEWYO1850,America/New_York,2024-01-24 11:59:00+00:00,2024-01-24 06:59:00,1706097540,40.759,-73.802,0.06,0.0,329.0,93.0,92.0,92.0,1,3.0,3.0,3.0,2.0,0.0,1.0,2.0,0.0,1.0,2.0,2.0,2.0,3.0,3.0,3.0,3.0,3.0,3.0,1032.98,1032.21,0.1,0.0,0.3
KNYNEWYO1850,America/New_York,2024-01-24 12:59:00+00:00,2024-01-24 07:59:00,1706101140,40.759,-73.802,11.15,0.0,331.0,94.0,93.0,93.0,1,4.0,3.0,3.0,2.0,0.0,1.0,4.0,0.0,1.0,3.0,2.0,2.0,4.0,3.0,3.0,4.0,3.0,3.0,1033.09,1032.51,0.07,1.19,0.51
KNYNEWYO1850,America/New_York,2024-01-24 13:59:00+00:00,2024-01-24 08:59:00,1706104740,40.759,-73.802,59.84,0.0,339.0,94.0,94.0,94.0,1,4.0,3.0,4.0,3.0,0.0,1.0,4.0,0.0,2.0,3.0,3.0,3.0,4.0,3.0,4.0,4.0,3.0,4.0,1032.92,1032.1,-0.52,1.19,0.51
KNYNEWYO1850,America/New_York,2024-01-24 14:59:00+00:00,2024-01-24 09:59:00,1706108340,40.759,-73.802,85.64,0.0,315.0,94.0,92.0,93.0,1,5.0,4.0,4.0,3.0,0.0,0.0,4.0,0.0,1.0,4.0,3.0,3.0,5.0,4.0,4.0,5.0,4.0,4.0,1032.61,1032.21,-0.31,0.0,0.51
KNYNEWYO1850,America/New_York,2024-01-24 15:59:00+00:00,2024-01-24 10:59:00,1706111940,40.759,-73.802,87.12,0.0,295.0,94.0,92.0,93.0,1,4.0,4.0,4.0,4.0,0.0,2.0,7.0,2.0,3.0,3.0,3.0,3.0,4.0,4.0,4.0,4.0,4.0,4.0,1032.71,1032.0,-0.31,0.0,0.51
KNYNEWYO1850,America/New_York,2024-01-24 16:59:00+00:00,2024-01-24 11:59:00,1706115540,40.759,-73.802,73.76,0.0,293.0,96.0,94.0,94.0,1,4.0,4.0,4.0,2.0,0.0,1.0,4.0,0.0,2.0,4.0,3.0,4.0,4.0,4.0,4.0,4.0,4.0,4.0,1032.21,1031.19,-1.03,0.0,0.51
KNYNEWYO1850,America/New_York,2024-01-24 17:58:00+00:00,2024-01-24 12:58:00,1706119080,40.759,-73.802,81.74,0.0,310.0,97.0,96.0,96.0,1,5.0,4.0,5.0,2.0,0.0,0.0,4.0,0.0,1.0,5.0,4.0,4.0,5.0,4.0,5.0,5.0,4.0,5.0,1031.29,1030.21,-0.81,0.0,0.51
KNYNEWYO1850,America/New_York,2024-01-24 18:59:00+00:00,2024-01-24 13:59:00,1706122740,40.759,-73.802,76.39,0.0,313.0,97.0,97.0,97.0,1,6.0,5.0,5.0,2.0,0.0,0.0,2.0,0.0,1.0,5.0,4.0,5.0,6.0,5.0,5.0,6.0,5.0,5.0,1030.31,1029.19,-0.83,1.8,0.79
KNYNEWYO1850,America/New_York,2024-01-24 19:59:00+00:00,2024-01-24 14:59:00,1706126340,40.759,-73.802,63.29,0.0,299.0,98.0,97.0,97.0,1,7.0,5.0,6.0,3.0,0.0,0.0,5.0,0.0,1.0,6.0,5.0,6.0,7.0,5.0,6.0,7.0,5.0,6.0,1029.39,1028.78,-0.41,1.19,0.99
KNYNEWYO1850,America/New_York,2024-01-24 20:59:00+00:00,2024-01-24 15:59:00,1706129940,40.759,-73.802,51.63,0.0,340.0,98.0,98.0,98.0,1,7.0,7.0,7.0,4.0,0.0,0.0,5.0,0.0,1.0,6.0,6.0,6.0,7.0,7.0,7.0,7.0,7.0,7.0,1028.99,1028.01,-0.9,1.8,1.5
KNYNEWYO1850,America/New_York,2024-01-24 21:59:00+00:00,2024-01-24 16:59:00,1706133540,40.759,-73.802,11.16,0.0,311.0,99.0,98.0,98.0,1,7.0,7.0,7.0,2.0,0.0,0.0,4.0,0.0,0.0,6.0,6.0,6.0,7.0,7.0,7.0,7.0,7.0,7.0,1028.31,1027.5,-0.62,1.19,1.5
KNYNEWYO1850,America/New_York,2024-01-24 22:59:00+00:00,2024-01-24 17:59:00,1706137140,40.759,-73.802,0.82,0.0,315.0,99.0,99.0,99.0,1,7.0,7.0,7.0,2.0,0.0,0.0,4.0,0.0,1.0,6.0,6.0,6.0,7.0,7.0,7.0,7.0,7.0,7.0,1027.5,1026.99,-0.21,1.8,1.8
KNYNEWYO1850,America/New_York,2024-01-24 23:59:00+00:00,2024-01-24 18:59:00,1706140740,40.759,-73.802,0.0,0.0,320.0,99.0,99.0,99.0,1,7.0,7.0,7.0,3.0,0.0,1.0,4.0,0.0,1.0,7.0,6.0,6.0,7.0,7.0,7.0,7.0,7.0,7.0,1027.29,1026.41,-0.9,1.19,2.01
KNYNEWYO1850,America/New_York,2024-01-25 00:59:00+00:00,2024-01-24 19:59:00,1706144340,40.759,-73.802,0.0,0.0,313.0,99.0,99.0,99.0,1,7.0,7.0,7.0,1.0,0.0,0.0,2.0,0.0,1.0,7.0,7.0,7.0,7.0,7.0,7.0,7.0,7.0,7.0,1026.79,1025.8,-0.59,1.8,2.31
KNYNEWYO1850,America/New_York,2024-01-25 01:59:00+00:00,2024-01-24 20:59:00,1706147940,40.759,-73.802,0.0,0.0,332.0,99.0,99.0,99.0,1,7.0,7.0,7.0,1.0,0.0,0.0,2.0,0.0,0.0,7.0,7.0,7.0,7.0,7.0,7.0,7.0,7.0,7.0,1025.91,1024.59,-1.24,1.19,2.49
KNYNEWYO1850,America/New_York,2024-01-25 02:59:00+00:00,2024-01-24 21:59:00,1706151540,40.759,-73.802,0.0,0.0,318.0,99.0,99.0,99.0,1,7.0,7.0,7.0,1.0,0.0,0.0,2.0,0.0,0.0,7.0,7.0,7.0,7.0,7.0,7.0,7.0,7.0,7.0,1024.99,1023.71,-1.1,0.0,2.49
KNYNEWYO1850,America/New_York,2024-01-25 03:59:00+00:00,2024-01-24 22:59:00,1706155140,40.759,-73.802,0.0,0.0,322.0,99.0,99.0,99.0,1,8.0,7.0,7.0,1.0,0.0,0.0,2.0,0.0,0.0,7.0,7.0,7.0,8.0,7.0,7.0,8.0,7.0,7.0,1024.01,1023.2,-0.31,0.0,2.49
KNYNEWYO1850,America/New_York,2024-01-25 04:59:00+00:00,2024-01-24 23:59:00,1706158740,40.759,-73.802,0.0,0.0,319.0,99.0,99.0,99.0,1,8.0,7.0,8.0,3.0,0.0,0.0,4.0,0.0,1.0,8.0,7.0,8.0,8.0,7.0,8.0,8.0,7.0,8.0,1023.5,1022.01,-1.21,0.0,2.49
KNYNEWYO1850,America/New_York,2024-01-25 05:59:00+00:00,2024-01-25 00:59:00,1706162340,40.759,-73.802,0.0,0.0,317.0,99.0,99.0,99.0,1,8.0,8.0,8.0,1.0,0.0,0.0,2.0,0.0,0.0,8.0,8.0,8.0,8.0,8.0,8.0,8.0,8.0,8.0,1022.32,1020.89,-1.34,1.8,0.61
KNYNEWYO1850,America/New_York,2024-01-25 06:58:00+00:00,2024-01-25 01:58:00,1706165880,40.759,-73.802,0.0,0.0,329.0,99.0,99.0,99.0,1,8.0,8.0,8.0,1.0,0.0,0.0,2.0,0.0,0.0,8.0,8.0,8.0,8.0,8.0,8.0,8.0,8.0,8.0,1020.79,1020.12,-0.6,0.0,0.61
KNYNEWYO1850,America/New_York,2024-01-25 07:59:00+00:00,2024-01-25 02:59:00,1706169540,40.759,-73.802,0.0,0.0,325.0,99.0,99.0,99.0,1,8.0,8.0,8.0,2.0,0.0,0.0,2.0,0.0,0.0,8.0,8.0,8.0,8.0,8.0,8.0,8.0,8.0,8.0,1020.39,1019.71,-0.31,0.0,0.61
KNYNEWYO1850,America/New_York,2024-01-25 08:59:00+00:00,2024-01-25 03:59:00,1706173140,40.759,-73.802,0.0,0.0,292.0,99.0,99.0,99.0,1,9.0,8.0,9.0,2.0,0.0,0.0,4.0,0.0,1.0,9.0,8.0,8.0,9.0,8.0,9.0,9.0,8.0,9.0,1020.01,1019.1,-0.52,1.8,1.09
KNYNEWYO1850,America/New_York,2024-01-25 09:59:00+00:00,2024-01-25 04:59:00,1706176740,40.759,-73.802,0.0,0.0,279.0,99.0,99.0,99.0,1,9.0,9.0,9.0,4.0,0.0,0.0,5.0,0.0,2.0,9.0,9.0,9.0,9.0,9.0,9.0,9.0,9.0,9.0,1019.4,1018.69,-0.41,1.8,2.11
KNYNEWYO1850,America/New_York,2024-01-25 10:59:00+00:00,2024-01-25 05:59:00,1706180340,40.759,-73.802,0.0,0.0,255.0,99.0,99.0,99.0,1,10.0,9.0,10.0,5.0,0.0,2.0,5.0,0.0,3.0,10.0,9.0,9.0,10.0,9.0,10.0,10.0,9.0,10.0,1019.3,1018.69,0.41,3.0,3.61
KNYNEWYO1850,America/New_York,2024-01-25 11:59:00+00:00,2024-01-25 06:59:00,1706183940,40.759,-73.802,0.09,0.0,267.0,99.0,99.0,99.0,1,10.0,10.0,10.0,6.0,0.0,2.0,13.0,0.0,5.0,10.0,10.0,10.0,10.0,10.0,10.0,10.0,10.0,10.0,1019.51,1019.0,0.41,3.61,4.6
KNYNEWYO1850,America/New_York,2024-01-25 12:59:00+00:00,2024-01-25 07:59:00,1706187540,40.759,-73.802,6.77,0.0,256.0,99.0,99.0,99.0,1,11.0,10.0,10.0,5.0,0.0,2.0,9.0,2.0,4.0,10.0,10.0,10.0,11.0,10.0,10.0,11.0,10.0,10.0,1019.71,1019.3,0.0,1.8,5.41
KNYNEWYO1850,America/New_York,2024-01-25 13:59:00+00:00,2024-01-25 08:59:00,1706191140,40.759,-73.802,35.64,0.0,285.0,99.0,99.0,99.0,1,11.0,11.0,11.0,4.0,0.0,1.0,5.0,0.0,1.0,11.0,11.0,11.0,11.0,11.0,11.0,11.0,11.0,11.0,1019.81,1019.2,0.0,1.8,6.1
KNYNEWYO1850,America/New_York,2024-01-25 14:59:00+00:00,2024-01-25 09:59:00,1706194740,40.759,-73.802,45.08,0.0,271.0,99.0,99.0,99.0,1,11.0,11.0,11.0,4.0,0.0,1.0,5.0,0.0,1.0,11.0,11.0,11.0,11.0,11.0,11.0,11.0,11.0,11.0,1019.91,1019.3,0.52,1.8,6.4
KNYNEWYO1850,America/New_York,2024-01-25 15:59:00+00:00,2024-01-25 10:59:00,1706198340,40.759,-73.802,119.34,1.0,270.0,99.0,99.0,99.0,1,12.0,11.0,12.0,3.0,0.0,1.0,5.0,0.0,2.0,12.0,11.0,11.0,12.0,11.0,12.0,12.0,11.0,12.0,1019.91,1019.1,-0.41,3.0,7.19
KNYNEWYO1850,America/New_York,2024-01-25 16:59:00+00:00,2024-01-25 11:59:00,1706201940,40.759,-73.802,303.53,2.0,243.0,99.0,96.0,98.0,1,13.0,12.0,12.0,4.0,0.0,2.0,5.0,2.0,3.0,12.0,12.0,12.0,13.0,12.0,12.0,13.0,12.0,12.0,1019.4,1018.29,-0.72,0.0,7.19
KNYNEWYO1850,America/New_York,2024-01-25 17:59:00+00:00,2024-01-25 12:59:00,1706205540,40.759,-73.802,189.12,1.0,273.0,96.0,92.0,93.0,1,14.0,13.0,13.0,6.0,0.0,2.0,7.0,0.0,3.0,13.0,12.0,12.0,14.0,13.0,13.0,14.0,13.0,13.0,1018.8,1018.19,-0.21,0.0,7.19
KNYNEWYO1850,America/New_York,2024-01-25 18:59:00+00:00,2024-01-25 13:59:00,1706209140,40.759,-73.802,262.91,2.0,283.0,92.0,90.0,90.0,1,14.0,14.0,14.0,6.0,0.0,2.0,7.0,0.0,4.0,13.0,12.0,12.0,14.0,14.0,14.0,14.0,14.0,14.0,1018.39,1017.91,-0.21,0.0,7.19
KNYNEWYO1850,America/New_York,2024-01-25 19:59:00+00:00,2024-01-25 14:59:00,1706212740,40.759,-73.802,153.74,1.0,299.0,91.0,90.0,90.0,1,14.0,14.0,14.0,4.0,0.0,1.0,5.0,0.0,2.0,12.0,12.0,12.0,14.0,14.0,14.0,14.0,14.0,14.0,1018.69,1017.91,0.62,0.0,7.19
KNYNEWYO1850,America/New_York,2024-01-25 20:59:00+00:00,2024-01-25 15:59:00,1706216340,40.759,-73.802,80.7,0.0,316.0,92.0,90.0,90.0,1,14.0,13.0,13.0,4.0,0.0,1.0,5.0,0.0,2.0,12.0,12.0,12.0,14.0,13.0,13.0,14.0,13.0,13.0,1018.9,1018.39,0.1,0.0,7.19
KNYNEWYO1850,America/New_York,2024-01-25 21:59:00+00:00,2024-01-25 16:59:00,1706219940,40.759,-73.802,24.86,0.0,319.0,93.0,92.0,92.0,1,13.0,13.0,13.0,4.0,0.0,1.0,5.0,0.0,2.0,12.0,12.0,12.0,13.0,13.0,13.0,13.0,13.0,13.0,1019.4,1018.49,0.41,0.0,7.19
KNYNEWYO1850,America/New_York,2024-01-25 22:59:00+00:00,2024-01-25 17:59:00,1706223540,40.759,-73.802,1.59,0.0,322.0,94.0,93.0,93.0,1,13.0,13.0,13.0,4.0,0.0,1.0,5.0,0.0,2.0,12.0,12.0,12.0,13.0,13.0,13.0,13.0,13.0,13.0,1020.22,1019.2,0.93,0.0,7.19
KNYNEWYO1850,America/New_York,2024-01-25 23:59:00+00:00,2024-01-25 18:59:00,1706227140,40.759,-73.802,0.0,0.0,297.0,96.0,94.0,94.0,1,13.0,12.0,12.0,3.0,0.0,1.0,4.0,0.0,1.0,12.0,11.0,11.0,13.0,12.0,12.0,13.0,12.0,12.0,1020.79,1020.22,0.53,0.0,7.19
KNYNEWYO1850,America/New_York,2024-01-26 00:59:00+00:00,2024-01-25 19:59:00,1706230740,40.759,-73.802,0.0,0.0,304.0,96.0,96.0,96.0,1,12.0,11.0,11.0,2.0,0.0,0.0,2.0,0.0,1.0,11.0,10.0,11.0,12.0,11.0,11.0,12.0,11.0,11.0,1021.5,1020.59,0.62,0.0,7.19
KNYNEWYO1850,America/New_York,2024-01-26 01:59:00+00:00,2024-01-25 20:59:00,1706234340,40.759,-73.802,0.0,0.0,300.0,97.0,96.0,96.0,1,11.0,11.0,11.0,1.0,0.0,0.0,2.0,0.0,0.0,10.0,10.0,10.0,11.0,11.0,11.0,11.0,11.0,11.0,1021.71,1021.1,-0.21,0.0,7.19
KNYNEWYO1850,America/New_York,2024-01-26 02:59:00+00:00,2024-01-25 21:59:00,1706237940,40.759,-73.802,0.0,0.0,312.0,97.0,96.0,96.0,1,11.0,11.0,11.0,0.0,0.0,0.0,2.0,0.0,1.0,10.0,10.0,10.0,11.0,11.0,11.0,11.0,11.0,11.0,1021.61,1021.2,0.32,0.0,7.19
KNYNEWYO1850,America/New_York,2024-01-26 03:59:00+00:00,2024-01-25 22:59:00,1706241540,40.759,-73.802,0.0,0.0,30.0,96.0,95.0,95.0,1,11.0,10.0,11.0,7.0,0.0,1.0,9.0,0.0,2.0,10.0,9.0,10.0,11.0,9.0,11.0,11.0,10.0,11.0,1022.22,1021.5,0.41,0.0,7.19
KNYNEWYO1850,America/New_York,2024-01-26 04:59:00+00:00,2024-01-25 23:59:00,1706245140,40.759,-73.802,0.0,0.0,358.0,97.0,93.0,96.0,1,9.0,8.0,9.0,8.0,0.0,4.0,11.0,2.0,6.0,9.0,7.0,8.0,9.0,8.0,9.0,9.0,8.0,9.0,1021.91,1021.4,-0.31,0.0,7.19
KNYNEWYO1850,America/New_York,2024-01-26 05:59:00+00:00,2024-01-26 00:59:00,1706248740,40.759,-73.802,0.0,0.0,352.0,94.0,92.0,92.0,1,8.0,7.0,8.0,9.0,0.0,3.0,11.0,2.0,6.0,7.0,6.0,7.0,8.0,6.0,8.0,8.0,7.0,8.0,1021.61,1020.79,-0.75,1.8,0.51
KNYNEWYO1850,America/New_York,2024-01-26 06:59:00+00:00,2024-01-26 01:59:00,1706252340,40.759,-73.802,0.0,0.0,351.0,95.0,94.0,94.0,1,7.0,7.0,7.0,8.0,0.0,3.0,13.0,2.0,6.0,6.0,6.0,6.0,7.0,5.0,7.0,7.0,7.0,7.0,1020.89,1020.01,-0.69,1.8,0.99
KNYNEWYO1850,America/New_York,2024-01-26 07:59:00+00:00,2024-01-26 02:59:00,1706255940,40.759,-73.802,0.0,0.0,344.0,95.0,93.0,94.0,1,7.0,6.0,6.0,9.0,0.0,2.0,11.0,0.0,4.0,6.0,5.0,6.0,7.0,5.0,6.0,7.0,6.0,6.0,1020.39,1019.3,-0.41,1.8,1.7
KNYNEWYO1850,America/New_York,2024-01-26 08:58:00+00:00,2024-01-26 03:58:00,1706259480,40.759,-73.802,0.0,0.0,337.0,97.0,95.0,96.0,1,6.0,6.0,6.0,6.0,0.0,2.0,11.0,0.0,4.0,6.0,5.0,5.0,6.0,5.0,6.0,6.0,6.0,6.0,1019.71,1018.9,-0.32,1.8,2.21
KNYNEWYO1850,America/New_York,2024-01-26 09:59:00+00:00,2024-01-26 04:59:00,1706263140,40.759,-73.802,0.0,0.0,344.0,98.0,97.0,97.0,1,6.0,6.0,6.0,6.0,0.0,2.0,9.0,0.0,5.0,5.0,5.0,5.0,6.0,4.0,6.0,6.0,6.0,6.0,1019.4,1018.29,-1.03,3.0,3.81
KNYNEWYO1850,America/New_York,2024-01-26 10:59:00+00:00,2024-01-26 05:59:00,1706266740,40.759,-73.802,0.0,0.0,341.0,98.0,98.0,98.0,1,6.0,6.0,6.0,6.0,0.0,2.0,9.0,0.0,3.0,5.0,5.0,5.0,6.0,5.0,6.0,6.0,6.0,6.0,1018.8,1018.08,-0.21,3.0,4.5
KNYNEWYO1850,America/New_York,2024-01-26 11:59:00+00:00,2024-01-26 06:59:00,1706270340,40.759,-73.802,0.17,0.0,342.0,99.0,98.0,98.0,1,6.0,6.0,6.0,5.0,0.0,2.0,7.0,0.0,4.0,6.0,5.0,5.0,6.0,6.0,6.0,6.0,6.0,6.0,1018.19,1017.61,-0.48,1.8,4.8
KNYNEWYO1850,America/New_York,2024-01-26 12:59:00+00:00,2024-01-26 07:59:00,1706273940,40.759,-73.802,12.99,0.0,313.0,99.0,98.0,98.0,1,6.0,5.0,5.0,6.0,0.0,2.0,9.0,0.0,3.0,6.0,5.0,5.0,6.0,4.0,5.0,6.0,5.0,5.0,1018.02,1017.41,-0.21,1.8,5.31
KNYNEWYO1850,America/New_York,2024-01-26 13:59:00+00:00,2024-01-26 08:59:00,1706277540,40.759,-73.802,58.0,0.0,302.0,99.0,99.0,99.0,1,5.0,5.0,5.0,5.0,0.0,2.0,7.0,0.0,4.0,5.0,5.0,5.0,5.0,4.0,5.0,5.0,5.0,5.0,1017.71,1016.7,-0.41,1.19,5.51
KNYNEWYO1850,America/New_York,2024-01-26 14:59:00+00:00,2024-01-26 09:59:00,1706281140,40.759,-73.802,92.37,0.0,311.0,99.0,99.0,99.0,1,5.0,5.0,5.0,6.0,0.0,2.0,9.0,0.0,4.0,5.0,5.0,5.0,5.0,4.0,5.0,5.0,5.0,5.0,1017.2,1016.7,-0.31,0.0,5.51
KNYNEWYO1850,America/New_York,2024-01-26 15:59:00+00:00,2024-01-26 10:59:00,1706284740,40.759,-73.802,178.27,1.0,306.0,99.0,99.0,99.0,1,5.0,5.0,5.0,6.0,0.0,2.0,11.0,2.0,6.0,5.0,5.0,5.0,5.0,4.0,5.0,5.0,5.0,5.0,1017.31,1016.59,0.0,4.8,6.6
KNYNEWYO1850,America/New_York,2024-01-26 16:59:00+00:00,2024-01-26 11:59:00,1706288340,40.759,-73.802,215.76,2.0,339.0,99.0,99.0,99.0,1,6.0,5.0,6.0,6.0,0.0,2.0,13.0,0.0,4.0,6.0,5.0,6.0,6.0,4.0,6.0,6.0,5.0,6.0,1016.59,1015.21,-1.33,0.0,6.6
KNYNEWYO1850,America/New_York,2024-01-26 17:59:00+00:00,2024-01-26 12:59:00,1706291940,40.759,-73.802,161.23,1.0,318.0,99.0,98.0,98.0,1,7.0,6.0,6.0,5.0,0.0,2.0,5.0,2.0,3.0,6.0,6.0,6.0,7.0,6.0,6.0,7.0,6.0,6.0,1015.41,1014.39,-0.72,0.0,6.6
KNYNEWYO1850,America/New_York,2024-01-26 18:59:00+00:00,2024-01-26 13:59:00,1706295540,40.759,-73.802,101.74,0.0,313.0,98.0,97.0,97.0,1,7.0,6.0,6.0,1.0,0.0,1.0,4.0,2.0,2.0,6.0,6.0,6.0,7.0,6.0,6.0,7.0,6.0,6.0,1014.8,1014.19,0.0,0.0,6.6
KNYNEWYO1850,America/New_York,2024-01-26 19:59:00+00:00,2024-01-26 14:59:00,1706299140,40.759,-73.802,87.88,0.0,315.0,98.0,98.0,98.0,1,6.0,6.0,6.0,1.0,0.0,1.0,2.0,0.0,1.0,6.0,6.0,6.0,6.0,6.0,6.0,6.0,6.0,6.0,1015.1,1014.19,0.41,0.0,6.6
KNYNEWYO1850,America/New_York,2024-01-26 20:59:00+00:00,2024-01-26 15:59:00,1706302740,40.759,-73.802,71.55,0.0,340.0,99.0,98.0,98.0,1,6.0,6.0,6.0,3.0,0.0,0.0,4.0,0.0,1.0,6.0,5.0,6.0,6.0,6.0,6.0,6.0,6.0,6.0,1015.31,1014.8,0.21,0.0,6.6
KNYNEWYO1850,America/New_York,2024-01-26 21:59:00+00:00,2024-01-26 16:59:00,1706306340,40.759,-73.802,36.83,0.0,337.0,99.0,98.0,98.0,1,6.0,6.0,6.0,3.0,0.0,1.0,4.0,0.0,2.0,6.0,5.0,6.0,6.0,6.0,6.0,6.0,6.0,6.0,1015.41,1014.49,-0.21,0.0,6.6
KNYNEWYO1850,America/New_York,2024-01-26 22:59:00+00:00,2024-01-26 17:59:00,1706309940,40.759,-73.802,9.21,0.0,334.0,99.0,99.0,99.0,1,6.0,6.0,6.0,1.0,1.0,1.0,2.0,2.0,2.0,6.0,6.0,6.0,6.0,6.0,6.0,6.0,6.0,6.0,1015.71,1015.0,0.72,0.0,6.6
KNYNEWYO1850,America/New_York,2024-01-26 23:59:00+00:00,2024-01-26 18:59:00,1706313540,40.759,-73.802,0.0,0.0,302.0,99.0,99.0,99.0,1,7.0,6.0,6.0,2.0,0.0,1.0,4.0,0.0,1.0,6.0,6.0,6.0,7.0,6.0,6.0,7.0,6.0,6.0,1016.7,1015.61,0.9,0.0,6.6
KNYNEWYO1850,America/New_York,2024-01-27 00:59:00+00:00,2024-01-26 19:59:00,1706317140,40.759,-73.802,0.0,0.0,300.0,99.0,99.0,99.0,1,6.0,5.0,6.0,4.0,0.0,1.0,5.0,0.0,2.0,6.0,5.0,5.0,6.0,5.0,6.0,6.0,5.0,6.0,1017.71,1016.59,1.03,0.0,6.6
KNYNEWYO1850,America/New_York,2024-01-27 01:59:00+00:00,2024-01-26 20:59:00,1706320740,40.759,-73.802,0.0,0.0,306.0,99.0,99.0,99.0,1,5.0,5.0,5.0,1.0,0.0,1.0,2.0,0.0,1.0,5.0,5.0,5.0,5.0,5.0,5.0,5.0,5.0,5.0,1017.91,1017.31,-0.1,0.0,6.6
KNYNEWYO1850,America/New_York,2024-01-27 02:59:00+00:00,2024-01-26 21:59:00,1706324340,40.759,-73.802,0.0,0.0,308.0,99.0,99.0,99.0,1,5.0,5.0,5.0,2.0,0.0,1.0,4.0,0.0,2.0,5.0,5.0,5.0,5.0,5.0,5.0,5.0,5.0,5.0,1018.02,1017.31,0.0,0.0,6.6
KNYNEWYO1850,America/New_York,2024-01-27 03:59:00+00:00,2024-01-26 22:59:00,1706327940,40.759,-73.802,0.0,0.0,347.0,99.0,99.0,99.0,1,6.0,5.0,5.0,4.0,0.0,1.0,5.0,0.0,2.0,5.0,5.0,5.0,6.0,5.0,5.0,6.0,5.0,5.0,1018.19,1017.61,0.1,0.0,6.6
KNYNEWYO1850,America/New_York,2024-01-27 04:59:00+00:00,2024-01-26 23:59:00,1706331540,40.759,-73.802,0.0,0.0,342.0,99.0,99.0,99.0,1,6.0,5.0,5.0,3.0,0.0,1.0,4.0,0.0,1.0,5.0,5.0,5.0,6.0,5.0,5.0,6.0,5.0,5.0,1018.19,1017.71,0.17,0.0,6.6
KNYNEWYO1850,America/New_York,2024-01-27 05:59:00+00:00,2024-01-27 00:59:00,1706335140,40.759,-73.802,0.0,0.0,312.0,99.0,99.0,99.0,1,6.0,5.0,5.0,1.0,0.0,0.0,2.0,0.0,0.0,5.0,5.0,5.0,6.0,5.0,5.0,6.0,5.0,5.0,1018.29,1017.91,0.0,0.0,0.0
KNYNEWYO1850,America/New_York,2024-01-27 06:59:00+00:00,2024-01-27 01:59:00,1706338740,40.759,-73.802,0.0,0.0,298.0,99.0,99.0,99.0,1,6.0,5.0,6.0,1.0,0.0,0.0,2.0,0.0,0.0,6.0,5.0,6.0,6.0,5.0,6.0,6.0,5.0,6.0,1018.49,1018.02,0.21,0.0,0.0
KNYNEWYO1850,America/New_York,2024-01-27 07:59:00+00:00,2024-01-27 02:59:00,1706342340,40.759,-73.802,0.0,0.0,321.0,99.0,99.0,99.0,1,6.0,6.0,6.0,3.0,0.0,1.0,4.0,0.0,1.0,6.0,5.0,6.0,6.0,6.0,6.0,6.0,6.0,6.0,1019.0,1018.39,0.11,0.0,0.0
KNYNEWYO1850,America/New_York,2024-01-27 08:59:00+00:00,2024-01-27 03:59:00,1706345940,40.759,-73.802,0.0,0.0,332.0,99.0,99.0,99.0,1,6.0,5.0,5.0,2.0,0.0,0.0,5.0,0.0,1.0,5.0,5.0,5.0,6.0,5.0,5.0,6.0,5.0,5.0,1019.1,1018.49,0.21,0.0,0.0
KNYNEWYO1850,America/New_York,2024-01-27 09:59:00+00:00,2024-01-27 04:59:00,1706349540,40.759,-73.802,0.0,0.0,302.0,99.0,99.0,99.0,1,5.0,5.0,5.0,0.0,0.0,0.0,0.0,0.0,0.0,5.0,5.0,5.0,5.0,5.0,5.0,5.0,5.0,5.0,1019.71,1018.8,0.62,0.0,0.0
KNYNEWYO1850,America/New_York,2024-01-27 10:59:00+00:00,2024-01-27 05:59:00,1706353140,40.759,-73.802,0.0,0.0,326.0,99.0,99.0,99.0,1,5.0,5.0,5.0,1.0,0.0,0.0,2.0,0.0,0.0,5.0,5.0,5.0,5.0,5.0,5.0,5.0,5.0,5.0,1020.39,1019.4,0.9,0.0,0.0
KNYNEWYO1850,America/New_York,2024-01-27 11:59:00+00:00,2024-01-27 06:59:00,1706356740,40.759,-73.802,0.0,0.0,326.0,99.0,99.0,99.0,1,5.0,5.0,5.0,1.0,1.0,1.0,2.0,2.0,2.0,5.0,5.0,5.0,5.0,5.0,5.0,5.0,5.0,5.0,1021.2,1020.29,0.62,0.0,0.0
KNYNEWYO1850,America/New_York,2024-01-27 12:59:00+00:00,2024-01-27 07:59:00,1706360340,40.759,-73.802,,,,,,,1,,,,,,,,,,,,,,,,,,,1022.22,1021.0,0.84,,
KNYNEWYO1850,America/New_York,2024-01-27 13:59:00+00:00,2024-01-27 08:59:00,1706363940,40.759,-73.802,81.6,0.0,316.0,99.0,99.0,99.0,1,5.0,5.0,5.0,0.0,0.0,0.0,0.0,0.0,0.0,5.0,5.0,5.0,5.0,5.0,5.0,5.0,5.0,5.0,1022.59,1021.91,0.1,0.0,0.0
KNYNEWYO1850,America/New_York,2024-01-27 14:58:00+00:00,2024-01-27 09:58:00,1706367480,40.759,-73.802,81.6,0.0,316.0,99.0,99.0,99.0,1,5.0,5.0,5.0,0.0,0.0,0.0,0.0,0.0,0.0,5.0,5.0,5.0,5.0,5.0,5.0,5.0,5.0,5.0,1022.79,1022.22,0.11,0.0,0.0
KNYNEWYO1850,America/New_York,2024-01-27 15:59:00+00:00,2024-01-27 10:59:00,1706371140,40.759,-73.802,,,,,,,1,,,,,,,,,,,,,,,,,,,1023.1,1022.38,0.21,,
KNYNEWYO1850,America/New_York,2024-01-27 16:58:00+00:00,2024-01-27 11:58:00,1706374680,40.759,-73.802,,,,,,,1,,,,,,,,,,,,,,,,,,,1022.79,1022.22,-0.43,,
KNYNEWYO1850,America/New_York,2024-01-27 17:59:00+00:00,2024-01-27 12:59:00,1706378340,40.759,-73.802,456.2,4.0,305.0,80.0,78.0,79.0,1,8.0,8.0,8.0,4.0,2.0,2.0,5.0,4.0,5.0,5.0,5.0,5.0,8.0,8.0,8.0,8.0,8.0,8.0,1022.38,1021.71,-0.31,0.0,0.0
KNYNEWYO1850,America/New_York,2024-01-27 18:59:00+00:00,2024-01-27 13:59:00,1706381940,40.759,-73.802,92.46,0.0,342.0,80.0,77.0,78.0,1,8.0,8.0,8.0,2.0,0.0,1.0,4.0,0.0,1.0,5.0,4.0,4.0,8.0,8.0,8.0,8.0,8.0,8.0,1022.32,1021.81,0.21,0.0,0.0
KNYNEWYO1850,America/New_York,2024-01-27 19:58:00+00:00,2024-01-27 14:58:00,1706385480,40.759,-73.802,92.46,0.0,297.0,77.0,76.0,76.0,1,8.0,8.0,8.0,4.0,0.0,3.0,4.0,0.0,3.0,4.0,4.0,4.0,8.0,8.0,8.0,8.0,8.0,8.0,1022.22,1021.61,0.0,0.0,0.0
KNYNEWYO1850,America/New_York,2024-01-27 20:59:00+00:00,2024-01-27 15:59:00,1706389140,40.759,-73.802,50.33,0.0,297.0,76.0,76.0,76.0,1,8.0,8.0,8.0,4.0,4.0,4.0,4.0,4.0,4.0,4.0,4.0,4.0,8.0,8.0,8.0,8.0,8.0,8.0,1022.69,1021.61,0.48,0.0,0.0
KNYNEWYO1850,America/New_York,2024-01-27 21:59:00+00:00,2024-01-27 16:59:00,1706392740,40.759,-73.802,3.27,0.0,291.0,78.0,77.0,77.0,1,8.0,8.0,8.0,1.0,0.0,1.0,2.0,0.0,1.0,4.0,4.0,4.0,8.0,8.0,8.0,8.0,8.0,8.0,1022.38,1021.71,-0.21,0.0,0.0
KNYNEWYO1850,America/New_York,2024-01-27 22:59:00+00:00,2024-01-27 17:59:00,1706396340,40.759,-73.802,1.34,0.0,309.0,78.0,77.0,77.0,1,8.0,7.0,7.0,0.0,0.0,0.0,2.0,0.0,2.0,4.0,4.0,4.0,8.0,7.0,7.0,8.0,7.0,7.0,1022.11,1021.61,-0.21,0.0,0.0
KNYNEWYO1850,America/New_York,2024-01-27 23:59:00+00:00,2024-01-27 18:59:00,1706399940,40.759,-73.802,0.91,0.0,309.0,80.0,77.0,79.0,1,7.0,7.0,7.0,0.0,0.0,0.0,2.0,0.0,0.0,4.0,4.0,4.0,7.0,7.0,7.0,7.0,7.0,7.0,1022.38,1021.4,0.41,0.0,0.0
KNYNEWYO1850,America/New_York,2024-01-28 00:59:00+00:00,2024-01-27 19:59:00,1706403540,40.759,-73.802,0.0,0.0,327.0,81.0,80.0,80.0,1,7.0,7.0,7.0,1.0,0.0,1.0,2.0,0.0,1.0,4.0,4.0,4.0,7.0,7.0,7.0,7.0,7.0,7.0,1022.49,1021.81,-0.31,0.0,0.0
KNYNEWYO1850,America/New_York,2024-01-28 01:59:00+00:00,2024-01-27 20:59:00,1706407140,40.759,-73.802,0.0,0.0,327.0,82.0,81.0,81.0,1,7.0,6.0,6.0,1.0,0.0,0.0,2.0,0.0,1.0,4.0,4.0,4.0,7.0,6.0,6.0,7.0,6.0,6.0,1022.38,1021.61,0.41,0.0,0.0
KNYNEWYO1850,America/New_York,2024-01-28 02:59:00+00:00,2024-01-27 21:59:00,1706410740,40.759,-73.802,0.0,0.0,327.0,82.0,82.0,82.0,1,6.0,6.0,6.0,0.0,0.0,0.0,0.0,0.0,0.0,4.0,4.0,4.0,6.0,6.0,6.0,6.0,6.0,6.0,1022.38,1021.5,-0.63,0.0,0.0
KNYNEWYO1850,America/New_York,2024-01-28 03:59:00+00:00,2024-01-27 22:59:00,1706414340,40.759,-73.802,,,,,,,1,,,,,,,,,,,,,,,,,,,1021.61,1020.89,-0.21,,
KNYNEWYO1850,America/New_York,2024-01-28 04:59:00+00:00,2024-01-27 23:59:00,1706417940,40.759,-73.802,,,,,,,1,,,,,,,,,,,,,,,,,,,1021.81,1020.39,-0.93,,
KNYNEWYO1850,America/New_York,2024-01-28 05:59:00+00:00,2024-01-28 00:59:00,1706421540,40.759,-73.802,0.0,0.0,331.0,88.0,88.0,88.0,1,5.0,5.0,5.0,1.0,1.0,1.0,2.0,2.0,2.0,3.0,3.0,3.0,5.0,5.0,5.0,5.0,5.0,5.0,1020.69,1019.61,-1.0,0.0,0.0
KNYNEWYO1850,America/New_York,2024-01-28 06:59:00+00:00,2024-01-28 01:59:00,1706425140,40.759,-73.802,0.0,0.0,332.0,89.0,88.0,88.0,1,5.0,5.0,5.0,2.0,0.0,1.0,4.0,0.0,2.0,3.0,3.0,3.0,5.0,5.0,5.0,5.0,5.0,5.0,1019.91,1019.0,-0.52,1.8,0.3
KNYNEWYO1850,America/New_York,2024-01-28 07:59:00+00:00,2024-01-28 02:59:00,1706428740,40.759,-73.802,0.0,0.0,328.0,91.0,89.0,90.0,1,5.0,5.0,5.0,1.0,0.0,1.0,2.0,0.0,1.0,4.0,3.0,4.0,5.0,5.0,5.0,5.0,5.0,5.0,1019.3,1017.31,-1.93,1.8,0.51
KNYNEWYO1850,America/New_York,2024-01-28 08:59:00+00:00,2024-01-28 03:59:00,1706432340,40.759,-73.802,0.0,0.0,332.0,95.0,91.0,93.0,1,5.0,4.0,5.0,1.0,1.0,1.0,2.0,2.0,2.0,4.0,4.0,4.0,5.0,4.0,5.0,5.0,4.0,5.0,1017.61,1015.71,-1.83,13.79,2.79
KNYNEWYO1850,America/New_York,2024-01-28 09:59:00+00:00,2024-01-28 04:59:00,1706435940,40.759,-73.802,0.0,0.0,334.0,95.0,95.0,95.0,1,4.0,4.0,4.0,1.0,1.0,1.0,2.0,2.0,2.0,4.0,4.0,4.0,4.0,4.0,4.0,4.0,4.0,4.0,1017.2,1015.61,0.38,0.0,2.79
KNYNEWYO1850,America/New_York,2024-01-28 10:59:00+00:00,2024-01-28 05:59:00,1706439540,40.759,-73.802,,,,,,,1,,,,,,,,,,,,,,,,,,,1015.98,1014.8,-1.21,,
KNYNEWYO1850,America/New_York,2024-01-28 11:59:00+00:00,2024-01-28 06:59:00,1706443140,40.759,-73.802,,,,,,,1,,,,,,,,,,,,,,,,,,,1015.0,1013.88,-1.14,,
KNYNEWYO1850,America/New_York,2024-01-28 12:59:00+00:00,2024-01-28 07:59:00,1706446740,40.759,-73.802,2.98,0.0,9.0,97.0,97.0,97.0,1,4.0,4.0,4.0,8.0,8.0,8.0,9.0,9.0,9.0,3.0,3.0,3.0,2.0,2.0,2.0,4.0,4.0,4.0,1013.88,1013.0,-0.52,81.0,16.31
KNYNEWYO1850,America/New_York,2024-01-28 13:59:00+00:00,2024-01-28 08:59:00,1706450340,40.759,-73.802,2.98,0.0,9.0,97.0,97.0,97.0,1,4.0,4.0,4.0,8.0,8.0,8.0,9.0,9.0,9.0,3.0,3.0,3.0,2.0,2.0,2.0,4.0,4.0,4.0,1013.72,1012.39,-0.83,0.0,16.31
KNYNEWYO1850,America/New_York,2024-01-28 14:59:00+00:00,2024-01-28 09:59:00,1706453940,40.759,-73.802,,,,,,,1,,,,,,,,,,,,,,,,,,,1012.6,1009.99,-2.34,,
KNYNEWYO1850,America/New_York,2024-01-28 15:59:00+00:00,2024-01-28 10:59:00,1706457540,40.759,-73.802,,,,,,,1,,,,,,,,,,,,,,,,,,,1010.3,1008.3,-1.93,,
KNYNEWYO1850,America/New_York,2024-01-28 16:59:00+00:00,2024-01-28 11:59:00,1706461140,40.759,-73.802,82.63,0.0,342.0,96.0,95.0,95.0,1,4.0,4.0,4.0,6.0,2.0,4.0,9.0,4.0,7.0,3.0,3.0,3.0,4.0,2.0,3.0,4.0,4.0,4.0,1008.5,1006.6,-1.52,43.79,23.9
KNYNEWYO1850,America/New_York,2024-01-28 17:59:00+00:00,2024-01-28 12:59:00,1706464740,40.759,-73.802,94.71,0.0,328.0,97.0,96.0,96.0,1,4.0,4.0,4.0,8.0,1.0,4.0,17.0,4.0,8.0,4.0,3.0,3.0,4.0,2.0,3.0,4.0,4.0,4.0,1006.71,1005.38,-1.14,1.19,24.1
KNYNEWYO1850,America/New_York,2024-01-28 18:59:00+00:00,2024-01-28 13:59:00,1706468340,40.759,-73.802,82.39,0.0,331.0,97.0,97.0,97.0,1,4.0,4.0,4.0,8.0,1.0,4.0,13.0,2.0,7.0,4.0,3.0,3.0,4.0,2.0,3.0,4.0,4.0,4.0,1005.49,1003.69,-1.83,1.8,24.89
KNYNEWYO1850,America/New_York,2024-01-28 19:59:00+00:00,2024-01-28 14:59:00,1706471940,40.759,-73.802,65.69,0.0,331.0,97.0,96.0,96.0,1,4.0,4.0,4.0,12.0,1.0,5.0,17.0,2.0,8.0,3.0,3.0,3.0,4.0,1.0,3.0,4.0,4.0,4.0,1004.2,1003.39,-0.41,1.8,25.1
KNYNEWYO1850,America/New_York,2024-01-28 20:59:00+00:00,2024-01-28 15:59:00,1706475540,40.759,-73.802,62.79,0.0,291.0,97.0,96.0,96.0,1,4.0,3.0,4.0,9.0,1.0,5.0,13.0,2.0,8.0,3.0,3.0,3.0,4.0,1.0,2.0,4.0,3.0,4.0,1003.89,1003.29,-0.1,1.8,25.7
KNYNEWYO1850,America/New_York,2024-01-28 21:59:00+00:00,2024-01-28 16:59:00,1706479140,40.759,-73.802,16.84,0.0,344.0,98.0,97.0,97.0,1,3.0,3.0,3.0,6.0,1.0,3.0,7.0,2.0,4.0,3.0,3.0,3.0,3.0,2.0,3.0,3.0,3.0,3.0,1003.39,1003.01,0.11,1.8,26.19
KNYNEWYO1850,America/New_York,2024-01-28 22:59:00+00:00,2024-01-28 17:59:00,1706482740,40.759,-73.802,0.69,0.0,295.0,99.0,98.0,98.0,1,3.0,3.0,3.0,6.0,1.0,3.0,9.0,2.0,4.0,3.0,3.0,3.0,3.0,1.0,3.0,3.0,3.0,3.0,1003.49,1003.01,-0.1,1.8,26.7
KNYNEWYO1850,America/New_York,2024-01-28 23:59:00+00:00,2024-01-28 18:59:00,1706486340,40.759,-73.802,0.0,0.0,296.0,99.0,99.0,99.0,1,3.0,3.0,3.0,7.0,0.0,3.0,9.0,2.0,4.0,3.0,3.0,3.0,3.0,1.0,3.0,3.0,3.0,3.0,1003.29,1002.91,0.1,1.8,27.2
KNYNEWYO1850,America/New_York,2024-01-29 00:59:00+00:00,2024-01-28 19:59:00,1706489940,40.759,-73.802,0.0,0.0,301.0,99.0,98.0,98.0,1,3.0,3.0,3.0,9.0,0.0,3.0,11.0,2.0,5.0,3.0,3.0,3.0,3.0,0.0,3.0,3.0,3.0,3.0,1003.18,1002.71,-0.1,1.8,27.2
KNYNEWYO1850,America/New_York,2024-01-29 01:59:00+00:00,2024-01-28 20:59:00,1706493540,40.759,-73.802,0.0,0.0,308.0,98.0,98.0,98.0,1,3.0,3.0,3.0,3.0,2.0,2.0,5.0,4.0,4.0,3.0,3.0,3.0,3.0,3.0,3.0,3.0,3.0,3.0,1002.91,1002.3,-0.31,0.0,27.2
KNYNEWYO1850,America/New_York,2024-01-29 02:59:00+00:00,2024-01-28 21:59:00,1706497140,40.759,-73.802,0.0,0.0,300.0,98.0,97.0,97.0,1,3.0,3.0,3.0,5.0,2.0,3.0,5.0,4.0,4.0,3.0,2.0,3.0,3.0,3.0,3.0,3.0,3.0,3.0,1002.61,1002.2,-0.1,0.0,27.2
KNYNEWYO1850,America/New_York,2024-01-29 03:59:00+00:00,2024-01-28 22:59:00,1706500740,40.759,-73.802,0.0,0.0,304.0,98.0,97.0,97.0,1,3.0,3.0,3.0,7.0,1.0,5.0,9.0,5.0,7.0,2.0,2.0,2.0,3.0,1.0,2.0,3.0,3.0,3.0,1002.4,1002.0,0.1,1.19,27.41
KNYNEWYO1850,America/New_York,2024-01-29 04:59:00+00:00,2024-01-28 23:59:00,1706504340,40.759,-73.802,0.0,0.0,312.0,99.0,98.0,98.0,1,3.0,3.0,3.0,5.0,5.0,5.0,7.0,5.0,6.0,2.0,2.0,2.0,3.0,1.0,3.0,3.0,3.0,3.0,1002.71,1002.1,0.41,0.0,27.41
KNYNEWYO1850,America/New_York,2024-01-29 05:59:00+00:00,2024-01-29 00:59:00,1706507940,40.759,-73.802,0.0,0.0,295.0,99.0,99.0,99.0,1,3.0,3.0,3.0,5.0,0.0,1.0,7.0,2.0,3.0,2.0,2.0,2.0,3.0,1.0,2.0,3.0,3.0,3.0,1002.91,1002.4,0.32,1.8,0.3
KNYNEWYO1850,America/New_York,2024-01-29 06:59:00+00:00,2024-01-29 01:59:00,1706511540,40.759,-73.802,0.0,0.0,281.0,99.0,99.0,99.0,1,3.0,2.0,2.0,6.0,1.0,4.0,11.0,2.0,7.0,2.0,2.0,2.0,3.0,1.0,2.0,3.0,2.0,2.0,1003.18,1002.51,0.48,1.8,0.79
KNYNEWYO1850,America/New_York,2024-01-29 07:59:00+00:00,2024-01-29 02:59:00,1706515140,40.759,-73.802,0.0,0.0,291.0,99.0,98.0,98.0,1,2.0,2.0,2.0,5.0,1.0,2.0,7.0,2.0,4.0,2.0,2.0,2.0,2.0,2.0,2.0,2.0,2.0,2.0,1003.69,1003.18,0.21,1.19,0.99
KNYNEWYO1850,America/New_York,2024-01-29 08:59:00+00:00,2024-01-29 03:59:00,1706518740,40.759,-73.802,0.0,0.0,286.0,98.0,97.0,97.0,1,2.0,1.0,2.0,6.0,2.0,4.0,9.0,4.0,5.0,2.0,1.0,1.0,2.0,0.0,2.0,2.0,1.0,2.0,1004.3,1003.49,0.52,3.0,2.31
KNYNEWYO1850,America/New_York,2024-01-29 09:59:00+00:00,2024-01-29 04:59:00,1706522340,40.759,-73.802,0.0,0.0,294.0,97.0,93.0,95.0,1,2.0,1.0,2.0,10.0,2.0,5.0,15.0,2.0,8.0,2.0,1.0,1.0,2.0,-1.0,1.0,2.0,1.0,2.0,1004.61,1004.0,0.41,1.8,2.59
KNYNEWYO1850,America/New_York,2024-01-29 10:59:00+00:00,2024-01-29 05:59:00,1706525940,40.759,-73.802,0.0,0.0,283.0,93.0,91.0,92.0,1,2.0,2.0,2.0,8.0,0.0,5.0,18.0,2.0,8.0,1.0,1.0,1.0,2.0,0.0,1.0,2.0,2.0,2.0,1005.59,1004.4,0.79,1.19,2.79
KNYNEWYO1850,America/New_York,2024-01-29 11:59:00+00:00,2024-01-29 06:59:00,1706529540,40.759,-73.802,0.0,0.0,281.0,94.0,92.0,93.0,1,2.0,2.0,2.0,6.0,3.0,4.0,7.0,4.0,4.0,1.0,1.0,1.0,2.0,0.0,2.0,2.0,2.0,2.0,1006.5,1005.38,0.93,1.8,3.3
KNYNEWYO1850,America/New_York,2024-01-29 12:59:00+00:00,2024-01-29 07:59:00,1706533140,40.759,-73.802,0.0,0.0,262.0,94.0,94.0,94.0,1,2.0,2.0,2.0,4.0,4.0,4.0,4.0,4.0,4.0,1.0,1.0,1.0,2.0,2.0,2.0,2.0,2.0,2.0,1007.42,1006.2,0.93,0.0,3.3
KNYNEWYO1850,America/New_York,2024-01-29 13:59:00+00:00,2024-01-29 08:59:00,1706536740,40.759,-73.802,47.64,0.0,287.0,90.0,89.0,89.0,1,3.0,2.0,2.0,12.0,4.0,6.0,15.0,5.0,7.0,1.0,1.0,1.0,2.0,-1.0,2.0,3.0,2.0,2.0,1008.2,1007.42,0.79,0.0,3.3
KNYNEWYO1850,America/New_York,2024-01-29 14:59:00+00:00,2024-01-29 09:59:00,1706540340,40.759,-73.802,47.57,0.0,310.0,89.0,89.0,89.0,1,2.0,2.0,2.0,8.0,6.0,6.0,9.0,7.0,8.0,1.0,1.0,1.0,1.0,0.0,1.0,2.0,2.0,2.0,1008.81,1007.89,0.52,0.0,3.3
KNYNEWYO1850,America/New_York,2024-01-29 15:59:00+00:00,2024-01-29 10:59:00,1706543940,40.759,-73.802,162.03,1.0,272.0,89.0,83.0,85.0,1,3.0,2.0,3.0,8.0,6.0,7.0,11.0,7.0,9.0,1.0,1.0,1.0,1.0,1.0,1.0,3.0,2.0,3.0,1009.69,1008.81,0.62,0.0,3.3
KNYNEWYO1850,America/New_York,2024-01-29 16:59:00+00:00,2024-01-29 11:59:00,1706547540,40.759,-73.802,162.03,1.0,260.0,83.0,82.0,82.0,1,3.0,3.0,3.0,9.0,8.0,8.0,13.0,11.0,12.0,1.0,0.0,1.0,1.0,1.0,1.0,3.0,3.0,3.0,1009.89,1009.31,0.1,0.0,3.3
KNYNEWYO1850,America/New_York,2024-01-29 17:59:00+00:00,2024-01-29 12:59:00,1706551140,40.759,-73.802,136.57,1.0,303.0,82.0,80.0,81.0,1,3.0,3.0,3.0,9.0,5.0,8.0,13.0,7.0,11.0,0.0,0.0,0.0,2.0,1.0,1.0,3.0,3.0,3.0,1009.99,1009.58,0.1,0.0,3.3
KNYNEWYO1850,America/New_York,2024-01-29 18:59:00+00:00,2024-01-29 13:59:00,1706554740,40.759,-73.802,136.57,1.0,293.0,80.0,77.0,77.0,1,3.0,3.0,3.0,8.0,4.0,6.0,13.0,5.0,9.0,0.0,0.0,0.0,3.0,1.0,2.0,3.0,3.0,3.0,1010.3,1009.69,0.21,0.0,3.3
KNYNEWYO1850,America/New_York,2024-01-29 19:58:00+00:00,2024-01-29 14:58:00,1706558280,40.759,-73.802,67.81,0.0,268.0,77.0,75.0,76.0,1,3.0,3.0,3.0,15.0,4.0,7.0,22.0,5.0,10.0,0.0,-1.0,0.0,3.0,0.0,2.0,3.0,3.0,3.0,1011.11,1010.09,0.74,0.0,3.3
KNYNEWYO1850,America/New_York,2024-01-29 20:59:00+00:00,2024-01-29 15:59:00,1706561940,40.759,-73.802,49.23,0.0,291.0,77.0,75.0,76.0,1,3.0,3.0,3.0,11.0,1.0,5.0,15.0,4.0,7.0,0.0,-1.0,0.0,3.0,0.0,3.0,3.0,3.0,3.0,1012.09,1010.9,1.21,0.0,3.3
KNYNEWYO1850,America/New_York,2024-01-29 21:59:00+00:00,2024-01-29 16:59:00,1706565540,40.759,-73.802,17.06,0.0,293.0,77.0,75.0,76.0,1,3.0,3.0,3.0,7.0,1.0,4.0,11.0,2.0,6.0,0.0,-1.0,-1.0,3.0,1.0,2.0,3.0,3.0,3.0,1013.21,1012.19,0.83,0.0,3.3
KNYNEWYO1850,America/New_York,2024-01-29 22:59:00+00:00,2024-01-29 17:59:00,1706569140,40.759,-73.802,3.96,0.0,297.0,76.0,75.0,75.0,1,3.0,3.0,3.0,6.0,0.0,4.0,9.0,2.0,6.0,-1.0,-1.0,-1.0,3.0,1.0,2.0,3.0,3.0,3.0,1014.39,1013.11,1.0,0.0,3.3
KNYNEWYO1850,America/New_York,2024-01-29 23:59:00+00:00,2024-01-29 18:59:00,1706572740,40.759,-73.802,0.0,0.0,291.0,75.0,73.0,74.0,1,3.0,3.0,3.0,10.0,0.0,4.0,17.0,2.0,8.0,-1.0,-2.0,-1.0,3.0,0.0,2.0,3.0,3.0,3.0,1015.51,1014.19,1.34,0.0,3.3
KNYNEWYO1850,America/New_York,2024-01-30 00:59:00+00:00,2024-01-29 19:59:00,1706576340,40.759,-73.802,0.0,0.0,309.0,75.0,73.0,74.0,1,3.0,3.0,3.0,7.0,0.0,2.0,13.0,0.0,4.0,-1.0,-2.0,-1.0,3.0,1.0,3.0,3.0,3.0,3.0,1016.59,1015.41,1.0,0.0,3.3
KNYNEWYO1850,America/New_York,2024-01-30 01:59:00+00:00,2024-01-29 20:59:00,1706579940,40.759,-73.802,0.0,0.0,294.0,74.0,73.0,73.0,1,3.0,3.0,3.0,8.0,3.0,5.0,11.0,4.0,6.0,-1.0,-2.0,-2.0,3.0,0.0,2.0,3.0,3.0,3.0,1017.31,1016.39,0.93,0.0,3.3
KNYNEWYO1850,America/New_York,2024-01-30 02:59:00+00:00,2024-01-29 21:59:00,1706583540,40.759,-73.802,0.0,0.0,313.0,74.0,73.0,73.0,1,3.0,3.0,3.0,8.0,3.0,4.0,11.0,4.0,5.0,-2.0,-2.0,-2.0,3.0,0.0,2.0,3.0,3.0,3.0,1017.91,1017.1,0.53,0.0,3.3
KNYNEWYO1850,America/New_York,2024-01-30 03:58:00+00:00,2024-01-29 22:58:00,1706587080,40.759,-73.802,0.0,0.0,328.0,75.0,73.0,73.0,1,3.0,2.0,2.0,3.0,1.0,2.0,4.0,4.0,4.0,-2.0,-2.0,-2.0,3.0,2.0,2.0,3.0,2.0,2.0,1018.49,1017.81,0.6,0.0,3.3
KNYNEWYO1850,America/New_York,2024-01-30 04:59:00+00:00,2024-01-29 23:59:00,1706590740,40.759,-73.802,0.0,0.0,309.0,75.0,74.0,74.0,1,2.0,2.0,2.0,2.0,1.0,2.0,4.0,4.0,4.0,-2.0,-2.0,-2.0,2.0,2.0,2.0,2.0,2.0,2.0,1018.9,1018.29,0.21,0.0,3.3
KNYNEWYO1850,America/New_York,2024-01-30 05:58:00+00:00,2024-01-30 00:58:00,1706594280,40.759,-73.802,0.0,0.0,300.0,74.0,70.0,70.0,1,2.0,2.0,2.0,4.0,2.0,3.0,5.0,4.0,5.0,-2.0,-3.0,-3.0,2.0,2.0,2.0,2.0,2.0,2.0,1019.3,1018.69,0.42,0.0,0.0
KNYNEWYO1850,America/New_York,2024-01-30 06:59:00+00:00,2024-01-30 01:59:00,1706597940,40.759,-73.802,0.0,0.0,299.0,70.0,70.0,70.0,1,2.0,2.0,2.0,4.0,4.0,4.0,5.0,5.0,5.0,-3.0,-3.0,-3.0,2.0,2.0,2.0,2.0,2.0,2.0,1019.51,1018.8,0.53,0.0,0.0
KNYNEWYO1850,America/New_York,2024-01-30 07:58:00+00:00,2024-01-30 02:58:00,1706601480,40.759,-73.802,,,,,,,1,,,,,,,,,,,,,,,,,,,1019.71,1019.3,0.11,,
KNYNEWYO1850,America/New_York,2024-01-30 08:59:00+00:00,2024-01-30 03:59:00,1706605140,40.759,-73.802,,,,,,,1,,,,,,,,,,,,,,,,,,,1020.12,1019.4,0.32,,
KNYNEWYO1850,America/New_York,2024-01-30 09:59:00+00:00,2024-01-30 04:59:00,1706608740,40.759,-73.802,0.0,0.0,307.0,73.0,73.0,73.0,1,2.0,2.0,2.0,0.0,0.0,0.0,2.0,2.0,2.0,-3.0,-3.0,-3.0,2.0,2.0,2.0,2.0,2.0,2.0,1020.59,1019.91,0.28,0.0,0.0
KNYNEWYO1850,America/New_York,2024-01-30 10:59:00+00:00,2024-01-30 05:59:00,1706612340,40.759,-73.802,0.0,0.0,307.0,73.0,73.0,73.0,1,2.0,2.0,2.0,0.0,0.0,0.0,2.0,2.0,2.0,-3.0,-3.0,-3.0,2.0,2.0,2.0,2.0,2.0,2.0,1021.4,1020.29,1.03,0.0,0.0
KNYNEWYO1850,America/New_York,2024-01-30 11:59:00+00:00,2024-01-30 06:59:00,1706615940,40.759,-73.802,0.0,0.0,300.0,72.0,72.0,72.0,1,2.0,2.0,2.0,1.0,1.0,1.0,2.0,2.0,2.0,-3.0,-3.0,-3.0,2.0,2.0,2.0,2.0,2.0,2.0,1021.91,1021.2,0.1,0.0,0.0
KNYNEWYO1850,America/New_York,2024-01-30 12:59:00+00:00,2024-01-30 07:59:00,1706619540,40.759,-73.802,0.94,0.0,300.0,72.0,71.0,71.0,1,2.0,2.0,2.0,1.0,0.0,0.0,2.0,0.0,0.0,-3.0,-3.0,-3.0,2.0,2.0,2.0,2.0,2.0,2.0,1022.49,1021.61,0.91,0.0,0.0
KNYNEWYO1850,America/New_York,2024-01-30 13:59:00+00:00,2024-01-30 08:59:00,1706623140,40.759,-73.802,32.35,0.0,313.0,71.0,71.0,71.0,1,2.0,2.0,2.0,0.0,0.0,0.0,0.0,0.0,0.0,-3.0,-3.0,-3.0,2.0,2.0,2.0,2.0,2.0,2.0,1022.89,1022.38,0.31,0.0,0.0
KNYNEWYO1850,America/New_York,2024-01-30 14:59:00+00:00,2024-01-30 09:59:00,1706626740,40.759,-73.802,32.35,0.0,313.0,71.0,71.0,71.0,1,2.0,2.0,2.0,0.0,0.0,0.0,0.0,0.0,0.0,-3.0,-3.0,-3.0,2.0,2.0,2.0,2.0,2.0,2.0,1023.1,1022.59,0.41,0.0,0.0
KNYNEWYO1850,America/New_York,2024-01-30 15:59:00+00:00,2024-01-30 10:59:00,1706630340,40.759,-73.802,,,,,,,1,,,,,,,,,,,,,,,,,,,1023.1,1022.69,-0.21,,
KNYNEWYO1850,America/New_York,2024-01-30 16:59:00+00:00,2024-01-30 11:59:00,1706633940,40.759,-73.802,47.73,0.0,308.0,72.0,72.0,72.0,1,2.0,2.0,2.0,0.0,0.0,0.0,0.0,0.0,0.0,-2.0,-2.0,-2.0,2.0,2.0,2.0,2.0,2.0,2.0,1022.79,1022.11,-0.48,0.0,0.0
KNYNEWYO1850,America/New_York,2024-01-30 17:59:00+00:00,2024-01-30 12:59:00,1706637540,40.759,-73.802,69.46,0.0,9.0,72.0,68.0,68.0,1,3.0,2.0,2.0,4.0,0.0,1.0,5.0,0.0,2.0,-2.0,-3.0,-3.0,3.0,2.0,2.0,3.0,2.0,2.0,1022.38,1021.71,-0.38,0.0,0.0
KNYNEWYO1850,America/New_York,2024-01-30 18:59:00+00:00,2024-01-30 13:59:00,1706641140,40.759,-73.802,69.08,0.0,344.0,68.0,62.0,64.0,1,3.0,3.0,3.0,5.0,0.0,1.0,5.0,0.0,1.0,-3.0,-4.0,-3.0,3.0,3.0,3.0,3.0,3.0,3.0,1022.11,1021.71,-0.1,0.0,0.0
KNYNEWYO1850,America/New_York,2024-01-30 19:59:00+00:00,2024-01-30 14:59:00,1706644740,40.759,-73.802,64.1,0.0,340.0,63.0,61.0,62.0,1,3.0,3.0,3.0,4.0,0.0,2.0,5.0,0.0,2.0,-4.0,-4.0,-4.0,3.0,3.0,3.0,3.0,3.0,3.0,1021.91,1021.5,-0.31,0.0,0.0
KNYNEWYO1850,America/New_York,2024-01-30 20:59:00+00:00,2024-01-30 15:59:00,1706648340,40.759,-73.802,49.38,0.0,354.0,62.0,61.0,61.0,1,3.0,3.0,3.0,4.0,0.0,2.0,5.0,0.0,2.0,-4.0,-4.0,-4.0,3.0,3.0,3.0,3.0,3.0,3.0,1021.71,1021.4,-0.31,0.0,0.0
KNYNEWYO1850,America/New_York,2024-01-30 21:59:00+00:00,2024-01-30 16:59:00,1706651940,40.759,-73.802,20.77,0.0,328.0,62.0,62.0,62.0,1,3.0,3.0,3.0,0.0,0.0,0.0,0.0,0.0,0.0,-4.0,-4.0,-4.0,3.0,3.0,3.0,3.0,3.0,3.0,1021.61,1021.2,0.1,0.0,0.0
KNYNEWYO1850,America/New_York,2024-01-30 22:59:00+00:00,2024-01-30 17:59:00,1706655540,40.759,-73.802,0.09,0.0,320.0,68.0,68.0,68.0,1,2.0,2.0,2.0,0.0,0.0,0.0,0.0,0.0,0.0,-3.0,-3.0,-3.0,2.0,2.0,2.0,2.0,2.0,2.0,1021.81,1021.5,0.0,0.0,0.0
KNYNEWYO1850,America/New_York,2024-01-30 23:59:00+00:00,2024-01-30 18:59:00,1706659140,40.759,-73.802,0.09,0.0,352.0,82.0,68.0,77.0,1,2.0,2.0,2.0,5.0,0.0,4.0,7.0,0.0,5.0,-1.0,-3.0,-2.0,2.0,0.0,1.0,2.0,2.0,2.0,1021.81,1021.3,0.21,0.0,0.0
KNYNEWYO1850,America/New_York,2024-01-31 00:59:00+00:00,2024-01-30 19:59:00,1706662740,40.759,-73.802,0.0,0.0,343.0,84.0,82.0,83.0,1,2.0,2.0,2.0,5.0,1.0,3.0,7.0,4.0,5.0,-1.0,-1.0,-1.0,2.0,0.0,1.0,2.0,2.0,2.0,1022.22,1021.61,0.21,0.0,0.0
KNYNEWYO1850,America/New_York,2024-01-31 01:59:00+00:00,2024-01-30 20:59:00,1706666340,40.759,-73.802,0.0,0.0,323.0,84.0,84.0,84.0,1,2.0,2.0,2.0,1.0,1.0,1.0,4.0,4.0,4.0,-1.0,-1.0,-1.0,2.0,2.0,2.0,2.0,2.0,2.0,1022.22,1021.61,-0.52,0.0,0.0
KNYNEWYO1850,America/New_York,2024-01-31 02:59:00+00:00,2024-01-30 21:59:00,1706669940,40.759,-73.802,,,,,,,1,,,,,,,,,,,,,,,,,,,1021.81,1021.3,-0.41,,
KNYNEWYO1850,America/New_York,2024-01-31 03:59:00+00:00,2024-01-30 22:59:00,1706673540,40.759,-73.802,,,,,,,1,,,,,,,,,,,,,,,,,,,1021.5,1021.1,-0.21,,
KNYNEWYO1850,America/New_York,2024-01-31 04:59:00+00:00,2024-01-30 23:59:00,1706677140,40.759,-73.802,,,,,,,1,,,,,,,,,,,,,,,,,,,1021.3,1020.89,-0.31,,
