time,cml_id,sublink_id,tx_id,tx_name,rx_id,rx_name,site_0_lat,site_0_lon,site_0_elevation,site_0_altitude,site_1_lat,site_1_lon,site_1_elevation,site_1_altitude,length,frequency,frequency_units,tsl,rsl,polarization
2026-01-07T19:37:44,a57ddde1-6fff-463a-bbee-cbe90258daa6_c73f546c-18ba-4e5f-8cc4-86542ad7dd9a,00019977-29f9-35eb-b4b2-5e37f0a73cf1,a57ddde1-6fff-463a-bbee-cbe90258daa6,nycmesh-1932-olt-410,c73f546c-18ba-4e5f-8cc4-86542ad7dd9a,410-21E,40.716098,-73.985997,14.0,100.32,40.716338,-73.986263,14.0,5.0,34.85361611376818,,,4.0,-18.0,
2026-01-07T19:37:44,4a6f43ed-ac8b-41c6-867b-e893d9737c31_cb7be75d-ee3a-4ed9-a945-c0dfeda99bc4,002a7874-1273-36d9-81d5-a8173f18f3d0,4a6f43ed-ac8b-41c6-867b-e893d9737c31,nycmesh-1936-olt-xgs-165,cb7be75d-ee3a-4ed9-a945-c0dfeda99bc4,1936-09M,40.716797,-73.985577,,10.0,40.716797,-73.985577,,5.0,0.0,,,4.0,-17.0,
2026-01-07T19:37:44,9e2a74d5-e888-4817-9c41-e8dfb830e11d_50e0abe2-d07f-4ccc-a395-0884c89bee43,002b1d2f-3ae7-3063-96f8-f65c05a39494,9e2a74d5-e888-4817-9c41-e8dfb830e11d,nycmesh-5916-waveap-west,50e0abe2-d07f-4ccc-a395-0884c89bee43,ncymesh-430-af60lr,40.696153,-73.939618,,95.1,40.694918,-73.949413,23.0,33.8,821.0,66960.0,MHz,-60.0,-55.0,ap-ptmp
2026-01-07T19:37:44,ed30f3c1-7042-42af-b8c5-035d1c329559_69fb29ed-89db-46e6-b5b5-2b6bd063ed9a,0030d724-a155-46ae-ae49-6a63aff265bf,ed30f3c1-7042-42af-b8c5-035d1c329559,nycmesh-2282-eps16,69fb29ed-89db-46e6-b5b5-2b6bd063ed9a,nycmesh-2282-southeast,40.682995,-73.993789,13.0,18.29,40.682896,-73.993683,13.0,18.29,14.180033032833352,,,-58.0,-55.0,ap-ptmp-airmax-mixed
2026-01-07T19:37:44,12010c8c-9f46-4e45-81e4-62d7090fbcd5_cd0bc69a-4817-4da2-a113-523ba8ee52dd,003336f3-f455-3e8e-9bc6-20e9ada1cce3,12010c8c-9f46-4e45-81e4-62d7090fbcd5,nycmesh-1340-east,cd0bc69a-4817-4da2-a113-523ba8ee52dd,nycmesh-lbe-815,40.686016,-73.917493,,53.3,40.6858,-73.9173,,25.01,1.0,5560.0,MHz,-61.0,-62.0,ap-ptmp-airmax-mixed
2026-01-07T19:37:44,12010c8c-9f46-4e45-81e4-62d7090fbcd5_e40230c3-5794-45de-86cf-d158dd592f12,004628bc-f102-3f85-b85d-329bac7a4b98,12010c8c-9f46-4e45-81e4-62d7090fbcd5,nycmesh-1340-east,e40230c3-5794-45de-86cf-d158dd592f12,nycmesh-lbe-7710,40.686016,-73.917493,,53.3,40.685823,-73.917272,,25.01,1.0,5560.0,MHz,-63.0,-63.0,ap-ptmp-airmax-mixed
2026-01-07T19:37:44,6f6fc142-0052-4dd3-ae95-63851ad54e1b_428003b2-399b-4b48-81a3-907df8eb87e1,008a1966-2f34-3385-986b-13d602d42ba3,6f6fc142-0052-4dd3-ae95-63851ad54e1b,nycmesh-2463-gbep-2274,428003b2-399b-4b48-81a3-907df8eb87e1,nycmesh-2274-gbep-2463,40.720668,-73.988049,11.0,0.0,40.725903,-73.983635,,0.0,744.0,62640.0,MHz,-61.0,-59.0,ap-ptp
2026-01-07T19:37:44,12631192-aeb5-4712-8b32-5fb7ff8eb7fd_02f3d58b-6059-499f-bf06-917be47dbe95,00dd8c95-b92c-4634-a6c0-3cf8a457cd83,12631192-aeb5-4712-8b32-5fb7ff8eb7fd,nycmesh-642-np7r-1,02f3d58b-6059-499f-bf06-917be47dbe95,nycmesh-642-omni,40.798004,-73.934684,,10.0,40.798004,-73.934684,,10.0,0.0,,,,,
2026-01-07T19:37:44,67c600e1-20de-4d70-88c4-04948195d890_894ee0d9-2d2b-425a-bcf5-13a6920cad6d,00e18716-0423-3adb-a678-a9b8aeedca3d,67c600e1-20de-4d70-88c4-04948195d890,nycmesh-649-west,894ee0d9-2d2b-425a-bcf5-13a6920cad6d,nycmesh-lbe-837,40.660151,-73.940068,,10.0,40.6602,-73.9401,,5.0,6.080508044460312,5530.0,MHz,-54.0,-55.0,ap-ptmp-airmax-mixed
2026-01-07T19:37:44,ef47c82e-ec64-492e-ab2a-93e6a45d6cbc_f5aebe77-8275-4cb6-bc25-7eb90e3e7dfc,00e42f99-bae4-4c7a-9acd-56c2f75e80be,ef47c82e-ec64-492e-ab2a-93e6a45d6cbc,nycmesh-2299-eps16,f5aebe77-8275-4cb6-bc25-7eb90e3e7dfc,nycmesh-2299-northeast,40.861367,-73.907738,,10.0,40.645933,-74.013631,,10.0,25561.887243852514,,,,,ap-ptmp-airmax-mixed
2026-01-07T19:37:44,06e12270-c227-4bb2-b56c-f56268430611_4ada3f11-026c-4b18-8d3d-f4441443fa4f,01055e70-4a94-3d80-a4fc-c110ca54bdc4,06e12270-c227-4bb2-b56c-f56268430611,nycmesh-5014-west,4ada3f11-026c-4b18-8d3d-f4441443fa4f,nycmesh-lbe-406,40.693819,-73.906361,,8.0,40.6938191,-73.9063608,,8.0,0.020198023307997186,5750.0,MHz,-65.0,-61.0,ap-ptmp-airmax-mixed
2026-01-07T19:37:44,4a6f43ed-ac8b-41c6-867b-e893d9737c31_ec14bd35-396b-404e-b816-9f5cf9d0ba5e,010a1b5f-afe1-30e8-b789-eaab6370a120,4a6f43ed-ac8b-41c6-867b-e893d9737c31,nycmesh-1936-olt-xgs-165,ec14bd35-396b-404e-b816-9f5cf9d0ba5e,1936-10C,40.716797,-73.985577,,10.0,40.716797,-73.985577,,5.0,0.0,,,4.0,-16.0,
2026-01-07T19:37:44,3e851429-ccde-4c56-a1b7-019e49194141_a49d69a1-b3b2-4a44-aab1-a9709c5ec07f,011903a5-67c5-3731-bdc4-a4c05104f5ee,3e851429-ccde-4c56-a1b7-019e49194141,nycmesh-227-ps5ac-northeast2,a49d69a1-b3b2-4a44-aab1-a9709c5ec07f,nycmesh-lbelr-230,40.711065,-74.001308,,158.0,40.712026,-73.995387,10.0,8.0,1.0,5820.0,MHz,-62.0,-42.0,ap-ptmp-airmax-mixed
2026-01-07T19:37:44,c82bb62b-ddf2-4011-8556-12b170f43ef2_b41f1262-7e83-4187-81dd-f2093573c95d,01246b98-59a0-30de-8e78-60b95e20b418,c82bb62b-ddf2-4011-8556-12b170f43ef2,nycmesh-1340-west,b41f1262-7e83-4187-81dd-f2093573c95d,nycmesh-lbe-910,40.686016,-73.917493,,53.3,40.6858,-73.9173,,25.01,1.0,5560.0,MHz,-58.0,-57.0,ap-ptmp-airmax-mixed
2026-01-07T19:37:44,82094c68-d2cf-4d01-b38b-897ff93940f4_afba5241-d46b-4f37-a668-b2c5b367de34,015b4f24-9d0f-3ada-8a12-cd8d805e40cb,82094c68-d2cf-4d01-b38b-897ff93940f4,nycmesh-584-olt-xgs,afba5241-d46b-4f37-a668-b2c5b367de34,584-East-03D-1G-Xi Li,40.79355,-73.965641,,10.0,40.79355,-73.965641,,5.0,0.0,,,5.0,-15.0,
2026-01-07T19:37:44,7ee45009-6bc2-4a26-9b83-a3b07c70a3f6_c51e2887-c8d9-4977-bc62-fd3a9b4b1f86,017c8fd1-8fc2-3bfb-a27d-03c8de25b093,7ee45009-6bc2-4a26-9b83-a3b07c70a3f6,nycmesh-1934-olt-131-460,c51e2887-c8d9-4977-bc62-fd3a9b4b1f86,460-09C,40.716142,-73.98448,14.0,10.0,40.715645,-73.984543,13.0,5.0,55.51836572683728,,,4.0,-26.0,
2026-01-07T19:37:44,7ff31813-0a6d-4bfd-81df-7386cde7bd4c_ad9d2341-7ecc-438c-94e2-4fbd6a0a5a84,01b7ffa3-7a82-3b18-a6f6-3be1466829a7,7ff31813-0a6d-4bfd-81df-7386cde7bd4c,nycmesh-1340-north,ad9d2341-7ecc-438c-94e2-4fbd6a0a5a84,nycmesh-lbe-906,40.686016,-73.917493,,12.93,40.6858,-73.9173,,25.01,1.0,5490.0,MHz,-73.0,-73.0,ap-ptmp-airmax-mixed
2026-01-07T19:37:44,8a69e161-5fb1-4838-82a0-00ac5fe3874f_e756c543-aa23-492e-8401-e50183c35695,01d123c8-1c21-3cc1-ba06-d24780312f43,8a69e161-5fb1-4838-82a0-00ac5fe3874f,nycmesh-664-north,e756c543-aa23-492e-8401-e50183c35695,nycmesh-lbe-3110,40.705693,-73.915192,,8.0,40.70562115,-73.915237255446,22.0,8.0,8.853363930863795,5810.0,MHz,-50.0,-31.0,ap-ptmp
2026-01-07T19:37:44,06617725-87b2-45e8-8962-30497e654509_f88530d3-8d96-46a6-9397-208176074ba3,01d2ece3-557a-377b-94eb-5e40e926003d,06617725-87b2-45e8-8962-30497e654509,nycmesh-730-olt-xgs,f88530d3-8d96-46a6-9397-208176074ba3,730-07B,40.844422,-73.893677,,69.000015,40.844422,-73.893677,,5.0,0.0,,,5.0,-16.0,
2026-01-07T19:37:44,7ee45009-6bc2-4a26-9b83-a3b07c70a3f6_e07753cf-d5dc-40d6-bf2c-d537e463955b,01dd5cd8-48e9-3739-88ac-a1b928046d0b,7ee45009-6bc2-4a26-9b83-a3b07c70a3f6,nycmesh-1934-olt-131-460,e07753cf-d5dc-40d6-bf2c-d537e463955b,460-25B,40.716142,-73.98448,14.0,10.0,40.7154671,-73.9844008,13.0,5.0,75.34173144103922,,,,,
2026-01-07T19:37:44,e36b38eb-84f2-415c-a10c-6590c5f05c9f_3b80519b-6bf1-406a-a945-6ee0b03fb6b8,020f16b1-aa35-429c-8b6a-69d647249a71,e36b38eb-84f2-415c-a10c-6590c5f05c9f,nycmesh-168-omni,3b80519b-6bf1-406a-a945-6ee0b03fb6b8,nycmesh-168-east,40.709885,-73.958033,,10.0,40.710007,-73.957881,,35.0,18.659378960860348,,,-53.0,-61.0,ap-ptmp
2026-01-07T19:37:44,2630b421-546f-4bc0-8ae2-f92c038f2eed_faa6f484-3968-4559-8e66-dff416a2145c,02448423-e342-31e8-80d7-1e22a8913011,2630b421-546f-4bc0-8ae2-f92c038f2eed,nycmesh-2274-west,faa6f484-3968-4559-8e66-dff416a2145c,nycmesh-lbe-5833,40.725681,-73.983591,,8.0,40.7256814,-73.9835909,7.0,8.0,0.04526920728262734,5570.0,MHz,-58.0,-57.0,ap-ptmp
2026-01-07T19:37:44,a57ddde1-6fff-463a-bbee-cbe90258daa6_592e1666-3125-4b2e-a66b-b4966e766bea,0258226a-0469-3521-b3d1-e1c8c1196ba4,a57ddde1-6fff-463a-bbee-cbe90258daa6,nycmesh-1932-olt-410,592e1666-3125-4b2e-a66b-b4966e766bea,410-13H,40.716098,-73.985997,14.0,100.32,40.716338,-73.986263,14.0,5.0,34.85361611376818,,,4.0,-14.0,
2026-01-07T19:37:44,7ee45009-6bc2-4a26-9b83-a3b07c70a3f6_4a8e2348-58f9-4786-a914-efd832ae2fcd,025d0f7f-214e-359b-8c1e-56e4e383610f,7ee45009-6bc2-4a26-9b83-a3b07c70a3f6,nycmesh-1934-olt-131-460,4a8e2348-58f9-4786-a914-efd832ae2fcd,131-21B,40.716142,-73.98448,14.0,10.0,40.716364,-73.985193,-3492.0,5.0,64.96443791683336,,,3.0,-15.0,
2026-01-07T19:37:44,0d1b527e-12c3-4748-b37b-4d02a06e9214_b55b1d8a-729a-4f6a-a99c-05df3a9284f4,025dcc9b-5c87-412a-86aa-3db45c96132f,0d1b527e-12c3-4748-b37b-4d02a06e9214,nycmesh-713-core,b55b1d8a-729a-4f6a-a99c-05df3a9284f4,nycmesh-713-eps16,40.657782,-74.004848,,45.32,40.657782,-74.004848,,45.32,0.0,,,,,
2026-01-07T19:37:44,7ee45009-6bc2-4a26-9b83-a3b07c70a3f6_095f041a-046a-4ff5-ba5f-200a03d82377,0282928e-a4c3-3573-971b-53dfcac8a822,7ee45009-6bc2-4a26-9b83-a3b07c70a3f6,nycmesh-1934-olt-131-460,095f041a-046a-4ff5-ba5f-200a03d82377,460-25D,40.716142,-73.98448,14.0,10.0,40.715564,-73.984569,13.0,5.0,64.70690342261612,,,3.0,-25.0,
2026-01-07T19:37:44,5aaf1f69-e23d-4da9-b67d-8f2bbd9ea95f_1f70f8e2-8cb0-4c6c-9ff1-2d324033a8af,02add469-5a86-387c-a1c0-de64929cd80e,5aaf1f69-e23d-4da9-b67d-8f2bbd9ea95f,nycmesh-5916-gbepSW (gnd),1f70f8e2-8cb0-4c6c-9ff1-2d324033a8af,nycmesh-5916-gbepNW,40.696038,-73.939764,,0.0,40.696038,-73.939764,,67.46,0.0,64800.0,MHz,-53.0,-53.0,sta-ptp
2026-01-07T19:37:44,9beb53fd-c9ba-46ca-acad-c1df349b592d_80a823d6-4547-4375-b2af-e7f0add85e7e,02d175f6-d442-461a-ba19-e20edffdc9a9,9beb53fd-c9ba-46ca-acad-c1df349b592d,nycmesh-7800-vpn,80a823d6-4547-4375-b2af-e7f0add85e7e,nycmesh-7800-wavelr-584,40.815629,-73.950228,,10.0,40.815348,-73.950418,35.0,86.7,2776.0,,,-50.0,-48.0,sta-ptp
2026-01-07T19:37:44,06617725-87b2-45e8-8962-30497e654509_582f3952-88c9-4a87-977a-8897bb22e443,033761cf-c2af-3590-8725-e813c61d947d,06617725-87b2-45e8-8962-30497e654509,nycmesh-730-olt-xgs,582f3952-88c9-4a87-977a-8897bb22e443,730-07J,40.844422,-73.893677,,69.000015,40.844422,-73.893677,,5.0,0.0,,,2.0,-15.0,
2026-01-07T19:37:44,12010c8c-9f46-4e45-81e4-62d7090fbcd5_a5741163-3fd3-4d5e-ab96-324125bb255f,033a9c78-0e23-3417-83ad-3106ed1d225e,12010c8c-9f46-4e45-81e4-62d7090fbcd5,nycmesh-1340-east,a5741163-3fd3-4d5e-ab96-324125bb255f,nycmesh-lbe-553,40.686016,-73.917493,,53.3,40.6858,-73.9173,,25.01,1.0,5560.0,MHz,-77.0,-77.0,ap-ptmp-airmax-mixed
2026-01-07T19:37:44,7ee45009-6bc2-4a26-9b83-a3b07c70a3f6_a2f6e21a-2f63-4287-a561-a7a512854b96,0375a717-3741-3370-8917-4b81ff3e2394,7ee45009-6bc2-4a26-9b83-a3b07c70a3f6,nycmesh-1934-olt-131-460,a2f6e21a-2f63-4287-a561-a7a512854b96,460-07E,40.716142,-73.98448,14.0,10.0,40.716338,-73.986263,14.0,5.0,151.84368914883981,,,3.0,-16.0,
2026-01-07T19:37:44,4a6f43ed-ac8b-41c6-867b-e893d9737c31_00339f0d-8169-4146-8ed3-120c2a93f0d1,03f2f78d-ba68-3e94-9189-8f6409dd4e12,4a6f43ed-ac8b-41c6-867b-e893d9737c31,nycmesh-1936-olt-xgs-165,00339f0d-8169-4146-8ed3-120c2a93f0d1,1936-05L,40.716797,-73.985577,,10.0,40.716797,-73.985577,,5.0,0.0,,,4.0,-16.0,
2026-01-07T19:37:44,06617725-87b2-45e8-8962-30497e654509_48280f19-b6bd-4a90-9fbd-3b079df2e528,040020ad-d6c6-3ffe-99ee-79da086079c3,06617725-87b2-45e8-8962-30497e654509,nycmesh-730-olt-xgs,48280f19-b6bd-4a90-9fbd-3b079df2e528,730-10E,40.844422,-73.893677,,69.000015,40.844422,-73.893677,,5.0,0.0,,,2.0,-12.0,
2026-01-07T19:37:44,371df153-99dc-43a3-8ea1-dad940690be8_72bba1c7-7b26-4536-842e-0ece6b0bb132,0403c69d-26b5-36a6-8c27-5f0c789abcc5,371df153-99dc-43a3-8ea1-dad940690be8,nycmesh-sn3-south,72bba1c7-7b26-4536-842e-0ece6b0bb132,nycmesh-lbe-4761,40.657782,-74.004848,,45.32,40.6578,-74.0048,,5.0,1.0,5490.0,MHz,-62.0,-67.0,ap-ptmp-airmax-mixed
2026-01-07T19:37:44,7ee45009-6bc2-4a26-9b83-a3b07c70a3f6_fe655142-c82b-4a2e-adb9-6ff322965daf,047281fd-75b7-39c7-b62f-6024d71348f5,7ee45009-6bc2-4a26-9b83-a3b07c70a3f6,nycmesh-1934-olt-131-460,fe655142-c82b-4a2e-adb9-6ff322965daf,460-11H,40.716142,-73.98448,14.0,10.0,40.715564,-73.984569,13.0,5.0,64.70690342261612,,,2.0,-25.0,
2026-01-07T19:37:44,06617725-87b2-45e8-8962-30497e654509_6ea8e48c-704c-4ed5-9046-494f54c220b8,0480488f-0649-3bfd-a387-655601e9d678,06617725-87b2-45e8-8962-30497e654509,nycmesh-730-olt-xgs,6ea8e48c-704c-4ed5-9046-494f54c220b8,730-11F,40.844422,-73.893677,,69.000015,40.844422,-73.893677,,5.0,0.0,,,5.0,-18.0,
2026-01-07T19:37:44,381c4127-ffc5-4345-8753-092e773285c8_72a884e4-54cb-460d-a754-69797cc2ac7b,04c2ac37-68cc-4393-8fab-4e45fb430477,381c4127-ffc5-4345-8753-092e773285c8,nycmesh-333-af60hd-231,72a884e4-54cb-460d-a754-69797cc2ac7b,nycmesh-333-core,40.647308,-74.013653,,37.0,40.647385,-74.013668,,10.0,8.655028486172577,,,-53.0,-58.0,sta-ptp
2026-01-07T19:37:44,6bfa32b8-85db-403a-9f5c-1cfc00717fa4_e226fa7d-c1b4-454b-9eed-7e966fdf0b88,04ceef23-bf0c-4b89-8a76-aec2930660c0,6bfa32b8-85db-403a-9f5c-1cfc00717fa4,nycmesh-169-omni,e226fa7d-c1b4-454b-9eed-7e966fdf0b88,nycmesh-3606-lite7r,40.708499,-73.921952,,30.0,40.708499,-73.921952,,30.0,0.0,,,,,
2026-01-07T19:37:44,5f280691-5063-4c95-b3ca-ce28466a4bca_223756b7-4353-4031-81b3-d47a10d2a865,0558a979-7c33-3736-afb2-87771ee60698,5f280691-5063-4c95-b3ca-ce28466a4bca,nycmesh-691-southwest,223756b7-4353-4031-81b3-d47a10d2a865,nycmesh-pb-693,40.7029,-73.9192,,20.0,40.701,-73.9218,,5.0,304.42242619216006,5760.0,MHz,-46.0,-48.0,ap-ptmp
2026-01-07T19:37:44,4a6f43ed-ac8b-41c6-867b-e893d9737c31_1e48f661-f27a-4c09-ad59-4e006e9f6c58,0573b66c-e318-3fb2-9564-e920f3d93ce2,4a6f43ed-ac8b-41c6-867b-e893d9737c31,nycmesh-1936-olt-xgs-165,1e48f661-f27a-4c09-ad59-4e006e9f6c58,1936-08O,40.716797,-73.985577,,10.0,40.716797,-73.985577,,5.0,0.0,,,2.0,-17.0,
2026-01-07T19:37:44,a57ddde1-6fff-463a-bbee-cbe90258daa6_b4b9719d-bd6c-44de-bfe6-fbe6ecf8c150,05883d6e-3d3d-3208-8f6b-07efb3baceb1,a57ddde1-6fff-463a-bbee-cbe90258daa6,nycmesh-1932-olt-410,b4b9719d-bd6c-44de-bfe6-fbe6ecf8c150,410-03H,40.716098,-73.985997,14.0,100.32,40.716338,-73.986263,14.0,5.0,34.85361611376818,,,4.0,-18.0,
2026-01-07T19:37:44,e36b38eb-84f2-415c-a10c-6590c5f05c9f_d9a2e922-4c12-4313-ae53-165f7938296a,05d308a1-8cbf-4b56-8d56-785aec6c1009,e36b38eb-84f2-415c-a10c-6590c5f05c9f,nycmesh-168-omni,d9a2e922-4c12-4313-ae53-165f7938296a,nycmesh-168-wavelr,40.709885,-73.958033,,10.0,40.709724,-73.95819,,29.4,3640.0,,,-63.0,-61.0,sta-ptmp
2026-01-07T19:37:44,a57ddde1-6fff-463a-bbee-cbe90258daa6_c661a890-138a-4c84-9289-bcc06628f0e3,05ea5589-60d9-3246-a79a-f0d32a4be772,a57ddde1-6fff-463a-bbee-cbe90258daa6,nycmesh-1932-olt-410,c661a890-138a-4c84-9289-bcc06628f0e3,410-25B,40.716098,-73.985997,14.0,100.32,40.716338,-73.986263,14.0,5.0,34.85361611376818,,,,,
2026-01-07T19:37:44,763cf40a-56de-46a9-b95d-9ec01df7815b_b9f960ef-84df-4e74-9e0e-80cb373199b3,062838fe-caf4-4344-9d93-bf966414a270,763cf40a-56de-46a9-b95d-9ec01df7815b,nycmesh-4507-omni,b9f960ef-84df-4e74-9e0e-80cb373199b3,nycmesh-4507-mant-south,40.655468,-73.959154,,10.0,40.655468,-73.959154,,10.0,0.0,,,,,
2026-01-07T19:37:44,105d7ab9-2b0a-4d06-ae16-52b2c50ffeb3_eff58e65-398b-4811-b67f-60a51e9eb4a7,069be58d-ac1d-4a95-85ed-b540c6a7267f,105d7ab9-2b0a-4d06-ae16-52b2c50ffeb3,nycmesh-155-omni,eff58e65-398b-4811-b67f-60a51e9eb4a7,nycmesh-155-north,40.679873,-73.942457,18.0,10.0,40.679873,-73.942457,18.0,10.0,0.0,,,,,ap-ptmp-airmax-ac
2026-01-07T19:37:44,8b01fec6-69da-4c2c-a20b-540c7e427599_eba66502-9fed-47cd-8f99-a502b12b924e,06b926b3-a290-4c42-9f92-63df27defb4d,8b01fec6-69da-4c2c-a20b-540c7e427599,nycmesh-1340-force6g-1417,eba66502-9fed-47cd-8f99-a502b12b924e,nycmesh-1417-force6g-1340,40.685823,-73.917272,,12.93,40.71363,-73.935641,,14.0,3458.0889738870605,,,,,
2026-01-07T19:37:44,c6e5cad9-95d0-4440-86ce-65437fede532_8d19ce1a-991d-411a-b52b-82c8342d71f2,06bdd83b-283e-33de-9571-12ad8a77e777,c6e5cad9-95d0-4440-86ce-65437fede532,nycmesh-sn3-north,8d19ce1a-991d-411a-b52b-82c8342d71f2,nycmesh-lbe-403,40.6579,-74.0049,,45.32,40.6577,-74.0051,5.0,5.0,1.0,5560.0,MHz,-58.0,-56.0,ap-ptmp-airmax-mixed
2026-01-07T19:37:44,12010c8c-9f46-4e45-81e4-62d7090fbcd5_3df13c87-310e-4ada-83e1-d8f8e2403c07,06c02d5c-75bd-344e-8e3d-f34712e81775,12010c8c-9f46-4e45-81e4-62d7090fbcd5,nycmesh-1340-east,3df13c87-310e-4ada-83e1-d8f8e2403c07,nycmesh-lbe-775,40.686016,-73.917493,,53.3,40.6858,-73.9173,,25.01,1.0,5560.0,MHz,-82.0,-81.0,ap-ptmp-airmax-mixed
2026-01-07T19:37:44,a1d9f474-7fbf-4a50-b1a6-aa188a8456ed_a02480b9-09be-4691-87a4-9f99c013c262,06c0a09b-876f-4342-8141-7a3188ed1dc2,a1d9f474-7fbf-4a50-b1a6-aa188a8456ed,nycmesh-3461-eps16,a02480b9-09be-4691-87a4-9f99c013c262,nycmesh-3461-waveap-north,40.672531,-73.964197,,60.95,40.672531,-73.964197,,0.0,0.0,,,-55.0,-51.0,ap-ptmp
2026-01-07T19:37:44,4a6f43ed-ac8b-41c6-867b-e893d9737c31_095a12f4-c09d-4d8d-a33b-1246141fec7e,06ee6909-4f0f-3536-9e89-973efb3d40cd,4a6f43ed-ac8b-41c6-867b-e893d9737c31,nycmesh-1936-olt-xgs-165,095a12f4-c09d-4d8d-a33b-1246141fec7e,1936-11E,40.716797,-73.985577,,10.0,40.716797,-73.985577,,5.0,0.0,,,4.0,-17.0,
2026-01-07T19:37:44,cd9f8fe9-7335-49ae-8dff-5e518bc6ac91_78bc9047-0ce5-4a21-af20-12fd32bb494c,070ab51c-a5bf-30c3-b78d-547f93ac00f3,cd9f8fe9-7335-49ae-8dff-5e518bc6ac91,nycmesh-664-south,78bc9047-0ce5-4a21-af20-12fd32bb494c,nycmesh-lbe-7600,40.705619,-73.915235,,8.0,40.70562115,-73.915237255446,22.0,8.0,0.3054496675085951,5560.0,MHz,-58.0,-56.0,ap-ptmp-airmax-ac
2026-01-07T19:37:44,882c4808-3ed2-488b-8c1c-c38c156f67a1_77e44405-aeb3-4df3-82ec-8bee59b78aaa,076bfacc-7747-3882-8964-9c93c6fc04c1,882c4808-3ed2-488b-8c1c-c38c156f67a1,nycmesh-407-east,77e44405-aeb3-4df3-82ec-8bee59b78aaa,nycmesh-lbe-465,40.713282,-73.99037,,11.42,40.7132633,-73.9903429,10.0,8.0,3.0,5710.0,MHz,-56.0,-58.0,ap-ptmp-airmax-mixed
2026-01-07T19:37:44,4a6f43ed-ac8b-41c6-867b-e893d9737c31_3f4d4b95-54ae-42b8-a4db-7902c459c503,076c70fb-f291-3283-b857-448692029cb0,4a6f43ed-ac8b-41c6-867b-e893d9737c31,nycmesh-1936-olt-xgs-165,3f4d4b95-54ae-42b8-a4db-7902c459c503,1936-07N,40.716797,-73.985577,,10.0,40.716797,-73.985577,,5.0,0.0,,,3.0,-17.0,
2026-01-07T19:37:44,d1f3edec-127b-4a72-a7cb-f7b5b77e0d73_48f7b583-33cb-43a9-bb6e-456444c815a6,077e5fec-cee7-4477-9182-5dc510a96917,d1f3edec-127b-4a72-a7cb-f7b5b77e0d73,nycmesh-217-omni,48f7b583-33cb-43a9-bb6e-456444c815a6,nycmesh-217-np7r-2,40.649808,-74.004296,,10.0,40.649808,-74.004296,,10.0,0.0,,,,,
2026-01-07T19:37:44,7ff31813-0a6d-4bfd-81df-7386cde7bd4c_39d291df-a96c-4872-8963-b580db80606f,07803e57-498d-3ec2-b9c3-5252b0fdea5e,7ff31813-0a6d-4bfd-81df-7386cde7bd4c,nycmesh-1340-north,39d291df-a96c-4872-8963-b580db80606f,nycmesh-lbe-1659,40.686016,-73.917493,,12.93,40.6858,-73.9173,,25.01,1.0,5490.0,MHz,-67.0,-67.0,ap-ptmp-airmax-mixed
2026-01-07T19:37:44,3ed61b69-6d26-4ffc-a321-f3a1a7a9c643_03c51d1c-d8ad-4bdb-b3ea-283511be857f,07b5059c-94fd-4150-928e-f7b55a86596f,3ed61b69-6d26-4ffc-a321-f3a1a7a9c643,nycmesh-7489-epr6,03c51d1c-d8ad-4bdb-b3ea-283511be857f,nycmesh-7489-east,40.660014,-73.913606,10.0,31.1,40.659676,-73.913529,,31.1,38.1409791683109,,,,,ap-ptmp-airmax-mixed
2026-01-07T19:37:44,4a6f43ed-ac8b-41c6-867b-e893d9737c31_892c4493-4b3e-4dc6-8a57-18ec2c8cc554,07b6564c-4212-36f6-a3de-da4cf2c0cfdc,4a6f43ed-ac8b-41c6-867b-e893d9737c31,nycmesh-1936-olt-xgs-165,892c4493-4b3e-4dc6-8a57-18ec2c8cc554,1936-03H,40.716797,-73.985577,,10.0,40.716797,-73.985577,,5.0,0.0,,,3.0,-16.0,
2026-01-07T19:37:44,4a6f43ed-ac8b-41c6-867b-e893d9737c31_aa235b97-fb6b-4c27-92f9-4404ce457974,07c90b36-6735-3375-86c4-f19ffef5c0b5,4a6f43ed-ac8b-41c6-867b-e893d9737c31,nycmesh-1936-olt-xgs-165,aa235b97-fb6b-4c27-92f9-4404ce457974,1936-13R,40.716797,-73.985577,,10.0,40.716797,-73.985577,,5.0,0.0,,,3.0,-16.0,
2026-01-07T19:37:44,7ee45009-6bc2-4a26-9b83-a3b07c70a3f6_0ec79aad-d1e2-421c-bc0e-846739332048,07f2e4ad-cee0-3bc7-b57b-c259b1784341,7ee45009-6bc2-4a26-9b83-a3b07c70a3f6,nycmesh-1934-olt-131-460,0ec79aad-d1e2-421c-bc0e-846739332048,131-12E,40.716142,-73.98448,14.0,10.0,40.716364,-73.985193,-3492.0,5.0,64.96443791683336,,,4.0,-25.0,
2026-01-07T19:37:44,376fc67d-146a-4018-89ea-d682a0b88d64_50944d69-f392-4f95-b3ff-f58d798257ed,0809b953-c617-3a8c-847e-e11cb35fc066,376fc67d-146a-4018-89ea-d682a0b88d64,nycmesh-5916-east1,50944d69-f392-4f95-b3ff-f58d798257ed,nycmesh-lbe-445,40.69607,-73.939677,,67.46,40.696038,-73.939764,23.0,5.0,1.0,5710.0,MHz,-64.0,-64.0,ap-ptmp-airmax-mixed
2026-01-07T19:37:44,7ee45009-6bc2-4a26-9b83-a3b07c70a3f6_4e64a4f7-3290-4cd0-a679-269b631b6aa0,082fd1fa-2089-3d91-ac08-1b03174a4386,7ee45009-6bc2-4a26-9b83-a3b07c70a3f6,nycmesh-1934-olt-131-460,4e64a4f7-3290-4cd0-a679-269b631b6aa0,131-14E,40.716142,-73.98448,14.0,10.0,40.716364,-73.985193,-3492.0,5.0,64.96443791683336,,,5.0,-20.0,
2026-01-07T19:37:44,4a6f43ed-ac8b-41c6-867b-e893d9737c31_677e4c3a-4dcf-4205-bbbd-011d41e017b3,0831a23d-81a5-358c-a611-109e2a5e3063,4a6f43ed-ac8b-41c6-867b-e893d9737c31,nycmesh-1936-olt-xgs-165,677e4c3a-4dcf-4205-bbbd-011d41e017b3,1936-05Q,40.716797,-73.985577,,10.0,40.716797,-73.985577,,5.0,0.0,,,4.0,-16.0,
2026-01-07T19:37:44,7ee45009-6bc2-4a26-9b83-a3b07c70a3f6_78286f42-b49b-47b3-aea8-bebe7a9f01ed,0848e361-eb36-3668-bf35-b381f77ae19c,7ee45009-6bc2-4a26-9b83-a3b07c70a3f6,nycmesh-1934-olt-131-460,78286f42-b49b-47b3-aea8-bebe7a9f01ed,131-18E,40.716142,-73.98448,14.0,10.0,40.716364,-73.985193,-3492.0,5.0,64.96443791683336,,,4.0,-16.0,
2026-01-07T19:37:44,7ee45009-6bc2-4a26-9b83-a3b07c70a3f6_0c0ffe6c-7eeb-4fe1-b316-6fb9c26f43ba,08816abc-7956-36c6-ab2b-0dfa492399a4,7ee45009-6bc2-4a26-9b83-a3b07c70a3f6,nycmesh-1934-olt-131-460,0c0ffe6c-7eeb-4fe1-b316-6fb9c26f43ba,460-15H,40.716142,-73.98448,14.0,10.0,40.715645,-73.984543,13.0,5.0,55.51836572683728,,,4.0,-26.0,
2026-01-07T19:37:44,823f33a1-7896-44fa-9d9c-dfdd9a2c3c6c_aa463743-4ed2-4c89-b0b6-0e2e2dc276cb,088a915c-e95d-3973-ae88-1ba978a3ef89,823f33a1-7896-44fa-9d9c-dfdd9a2c3c6c,nycmesh-162-east,aa463743-4ed2-4c89-b0b6-0e2e2dc276cb,nycmesh-lbe-6571,40.664997,-73.990543,,40.0,40.661764,-73.988911,5.0,5.0,3.0,5490.0,MHz,-54.0,-57.0,ap-ptmp-airmax-mixed
2026-01-07T19:37:44,06617725-87b2-45e8-8962-30497e654509_0d15e0d8-87aa-4ca1-8a1d-0acc39541855,08a0d767-d6ac-3081-900a-15ddc11356a8,06617725-87b2-45e8-8962-30497e654509,nycmesh-730-olt-xgs,0d15e0d8-87aa-4ca1-8a1d-0acc39541855,730-06F,40.844422,-73.893677,,69.000015,40.844422,-73.893677,,5.0,0.0,,,4.0,-16.0,
2026-01-07T19:37:44,f0fd1504-684f-467e-8115-ac44b46fc24a_12010c8c-9f46-4e45-81e4-62d7090fbcd5,08b65c28-b8b5-4c42-b189-3dc4082fa759,f0fd1504-684f-467e-8115-ac44b46fc24a,nycmesh-1340-eps16,12010c8c-9f46-4e45-81e4-62d7090fbcd5,nycmesh-1340-east,40.685823,-73.917272,,12.93,40.686016,-73.917493,,53.3,28.421800681481212,,,,,ap-ptmp-airmax-mixed
2026-01-07T19:37:44,06617725-87b2-45e8-8962-30497e654509_95370011-b18b-4f0a-b0d7-279446a6df7a,08d68004-a5e8-3d4c-9e8d-9cb1c508d409,06617725-87b2-45e8-8962-30497e654509,nycmesh-730-olt-xgs,95370011-b18b-4f0a-b0d7-279446a6df7a,730-9A,40.844422,-73.893677,,69.000015,40.844422,-73.893677,,5.0,0.0,,,5.0,-16.0,
2026-01-07T19:37:44,06617725-87b2-45e8-8962-30497e654509_fc81816c-3dd3-4fae-90d9-4c557265a2f6,090d41b7-f924-3272-958f-0520f530d81e,06617725-87b2-45e8-8962-30497e654509,nycmesh-730-olt-xgs,fc81816c-3dd3-4fae-90d9-4c557265a2f6,730-05G,40.844422,-73.893677,,69.000015,40.844422,-73.893677,,5.0,0.0,,,5.0,-17.0,
2026-01-07T19:37:44,06617725-87b2-45e8-8962-30497e654509_864f219c-6459-4df2-aaad-18b9e7cdf29a,091702b1-539f-33de-9fc5-800f4647ea71,06617725-87b2-45e8-8962-30497e654509,nycmesh-730-olt-xgs,864f219c-6459-4df2-aaad-18b9e7cdf29a,730-04L,40.844422,-73.893677,,69.000015,40.844422,-73.893677,,5.0,0.0,,,5.0,-20.0,
2026-01-07T19:37:44,b55b1d8a-729a-4f6a-a99c-05df3a9284f4_917f5682-bfc6-41f5-bfe5-a1533a6cd029,092148e1-ada4-4f03-83d3-6d92e742175c,b55b1d8a-729a-4f6a-a99c-05df3a9284f4,nycmesh-713-eps16,917f5682-bfc6-41f5-bfe5-a1533a6cd029,nycmesh-sn3-west,40.657782,-74.004848,,45.32,40.657782,-74.004848,,45.32,0.0,,,,,ap-ptmp
2026-01-07T19:37:44,a68ca131-0721-4a0d-9884-be31564e36a3_fedaa7a4-daf4-40bc-9ecc-38dda513b9aa,0954119e-ef2e-37a5-bd34-f0077a568d3c,a68ca131-0721-4a0d-9884-be31564e36a3,nycmesh-3461-waveap-south,fedaa7a4-daf4-40bc-9ecc-38dda513b9aa,nycmesh-4507-af60lr,40.672552,-73.964442,,98.2,40.65553,-73.959146,,34.3,1944.0,68040.0,MHz,-56.0,-53.0,ap-ptmp
2026-01-07T19:37:44,cd815a56-612a-46a9-ae87-b80aab35730b_b4857e5c-cc1b-416a-a0c9-9e6ddedad86a,09873cce-15d0-3cc6-82fd-85cad196abf0,cd815a56-612a-46a9-ae87-b80aab35730b,nycmesh-3461-olt,b4857e5c-cc1b-416a-a0c9-9e6ddedad86a,3461-15K,40.672531,-73.964197,,60.95,40.672531,-73.964197,,5.0,0.0,,,2.0,-24.0,
2026-01-07T19:37:44,7bfb4d7a-a78e-4620-a084-4d420a9d8c51_34036505-b670-4fd1-aed7-35153d4aa5a2,099ce074-1cd3-39b8-a0a6-374646aa97b6,7bfb4d7a-a78e-4620-a084-4d420a9d8c51,nycmesh-5916-south2,34036505-b670-4fd1-aed7-35153d4aa5a2,nycmesh-lbe-675,40.696048,-73.939788,,67.46,40.696,-73.9398,23.0,5.0,1.0,5550.0,MHz,-57.0,-50.0,ap-ptmp-airmax-mixed
2026-01-07T19:37:44,a57ddde1-6fff-463a-bbee-cbe90258daa6_57718262-9281-4b48-bf67-e3fde1a82cbd,099f1998-7c3e-3bcc-9c06-203e5059e5f9,a57ddde1-6fff-463a-bbee-cbe90258daa6,nycmesh-1932-olt-410,57718262-9281-4b48-bf67-e3fde1a82cbd,410-12E,40.716098,-73.985997,14.0,100.32,40.716338,-73.986263,14.0,5.0,34.85361611376818,,,1.0,-14.0,
2026-01-07T19:37:44,4a6f43ed-ac8b-41c6-867b-e893d9737c31_cec7ae1f-6ac9-4dc8-a986-53c46e2905b1,09aeebc3-2749-322a-ab53-be20ff685b77,4a6f43ed-ac8b-41c6-867b-e893d9737c31,nycmesh-1936-olt-xgs-165,cec7ae1f-6ac9-4dc8-a986-53c46e2905b1,1936-08K,40.716797,-73.985577,,10.0,40.716797,-73.985577,,5.0,0.0,,,4.0,-16.0,
2026-01-07T19:37:44,5cb0ebbc-f7d7-4e13-a36d-03df3814b156_f3b8f686-a485-4cad-81f4-9635d84b943c,09b73c85-055e-3016-a68a-a424a14e532c,5cb0ebbc-f7d7-4e13-a36d-03df3814b156,nycmesh-1635-southwest,f3b8f686-a485-4cad-81f4-9635d84b943c,nycmesh-lbe-3641,40.667569,-73.98239,33.0,10.0,40.66755755,-73.982386782639,33.0,5.0,1.0,5550.0,MHz,-60.0,-61.0,ap-ptmp-airmax-mixed
2026-01-07T19:37:44,dcbb98b2-f147-4123-96e7-16a91875ad00_bdcc73d9-a78e-4f46-99a7-cc35947b0d35,09c74984-f685-4937-9dd7-1d26141e3fa4,dcbb98b2-f147-4123-96e7-16a91875ad00,nycmesh-7800-omni,bdcc73d9-a78e-4f46-99a7-cc35947b0d35,nycmesh-7800-north,40.815629,-73.950228,,10.0,40.815412,-73.950239,,10.0,24.147049305829864,,,,,ap-ptmp-airmax-mixed
2026-01-07T19:37:44,ff7a71c5-e64a-4928-bd82-2e295817db21_a74d44fc-baaf-41da-b4ac-581e98eafb2d,09dee5e0-6a15-4bd2-bda4-6b1132a6c609,ff7a71c5-e64a-4928-bd82-2e295817db21,nycmesh-544-eps16,a74d44fc-baaf-41da-b4ac-581e98eafb2d,nycmesh-544-omni,40.718504,-73.995954,,25.0,40.718504,-73.995954,,25.0,0.0,,,,,
2026-01-07T19:37:44,df087499-a1e2-4cfa-b9bf-6f350329776b_5b552763-3997-497e-8cab-349a17f307a4,0a13db59-991f-3405-b9c3-1efc4132b03e,df087499-a1e2-4cfa-b9bf-6f350329776b,nycmesh-lbelr-632,5b552763-3997-497e-8cab-349a17f307a4,nycmesh-5712-northeast,40.7346,-73.9505,6.0,37.0,40.736767,-73.954633,6.0,10.0,423.466894168036,5570.0,MHz,-58.0,-58.0,sta-ptmp
2026-01-07T19:37:44,11e4d564-bda0-4325-ae54-f809dc747ca6_fd252d47-7983-49dd-a163-2fdf0bb55789,0a196794-99ef-475d-bc7a-60d46bc5e860,11e4d564-bda0-4325-ae54-f809dc747ca6,nycmesh-1779-af60lr,fd252d47-7983-49dd-a163-2fdf0bb55789,nycmesh-1779-omni,40.69404,-73.954797,23.0,0.0,40.69404,-73.954797,,25.0,0.0,,,-50.0,-54.0,sta-ptmp
2026-01-07T19:37:44,1b37fa62-c3ea-4564-890f-8deac7ef5990_49f69aa1-9dde-4ec6-aa29-72553104d50e,0a32392b-5874-4b6f-bdfd-78b6fefd38fb,1b37fa62-c3ea-4564-890f-8deac7ef5990,nycmesh-228-wap,49f69aa1-9dde-4ec6-aa29-72553104d50e,nycmesh-228-lite7r-1,40.660799,-73.960338,,18.0,40.660799,-73.960338,,18.0,0.0,,,,,
2026-01-07T19:37:44,a57ddde1-6fff-463a-bbee-cbe90258daa6_26cf370d-a044-41a7-9573-ab045698c5c0,0a39be3f-de60-323f-b364-cbb7cf38322c,a57ddde1-6fff-463a-bbee-cbe90258daa6,nycmesh-1932-olt-410,26cf370d-a044-41a7-9573-ab045698c5c0,410-02G,40.716098,-73.985997,14.0,100.32,40.716338,-73.986263,14.0,5.0,34.85361611376818,,,1.0,-22.0,
2026-01-07T19:37:44,6049013c-8494-48fb-8509-d62ffbbd6e26_aa722cf4-943f-441e-b4a3-0e0eaee7c9ad,0a69b96f-4538-475e-b70a-7eb968201909,6049013c-8494-48fb-8509-d62ffbbd6e26,nycmesh-158-omni,aa722cf4-943f-441e-b4a3-0e0eaee7c9ad,nycmesh-158-NP7-front,40.691659,-73.924413,,10.0,40.691659,-73.924413,,10.0,0.0,,,,,
2026-01-07T19:37:44,7ee45009-6bc2-4a26-9b83-a3b07c70a3f6_e8722080-2d89-40fc-ad10-a9e8d826d5df,0a7085b4-b1c8-3e74-8fa4-1a08751c5567,7ee45009-6bc2-4a26-9b83-a3b07c70a3f6,nycmesh-1934-olt-131-460,e8722080-2d89-40fc-ad10-a9e8d826d5df,460-10C,40.716142,-73.98448,14.0,10.0,40.716338,-73.986263,14.0,5.0,151.84368914883981,,,3.0,-27.0,
2026-01-07T19:37:44,7ee45009-6bc2-4a26-9b83-a3b07c70a3f6_8bb9894c-b4ee-45db-83f9-a6cf409a9083,0a743e62-446d-300c-8f7f-5dcb7815fe1a,7ee45009-6bc2-4a26-9b83-a3b07c70a3f6,nycmesh-1934-olt-131-460,8bb9894c-b4ee-45db-83f9-a6cf409a9083,460-19A,40.716142,-73.98448,14.0,10.0,40.715645,-73.984543,13.0,5.0,55.51836572683728,,,3.0,-25.0,
2026-01-07T19:37:44,4a6f43ed-ac8b-41c6-867b-e893d9737c31_2f8ad289-1a13-47b3-95b9-bcecbc903dbe,0a89ff5c-33f6-353c-89c9-2806f5477994,4a6f43ed-ac8b-41c6-867b-e893d9737c31,nycmesh-1936-olt-xgs-165,2f8ad289-1a13-47b3-95b9-bcecbc903dbe,1936-03C,40.716797,-73.985577,,10.0,40.716797,-73.985577,,5.0,0.0,,,5.0,-17.0,
2026-01-07T19:37:44,4a6f43ed-ac8b-41c6-867b-e893d9737c31_bde43a64-123e-4453-802d-9116403169e4,0a9c9bc5-6b0a-3c42-b485-c94fbb5f5c85,4a6f43ed-ac8b-41c6-867b-e893d9737c31,nycmesh-1936-olt-xgs-165,bde43a64-123e-4453-802d-9116403169e4,1936-15N,40.716797,-73.985577,,10.0,40.716797,-73.985577,,5.0,0.0,,,4.0,-15.0,
2026-01-07T19:37:44,1af5b87e-d1f4-422e-8718-49e9cf980227_ee65ed37-ac81-40b7-8f22-a68d2875ac06,0aebe3e5-72e7-3071-a1c7-cddea58b3961,1af5b87e-d1f4-422e-8718-49e9cf980227,nycmesh-1340-south,ee65ed37-ac81-40b7-8f22-a68d2875ac06,nycmesh-lbe-5328,40.686016,-73.917493,,53.3,40.685823,-73.917272,,25.01,1.0,5750.0,MHz,-71.0,-61.0,ap-ptmp-airmax-mixed
2026-01-07T19:37:44,2f919777-61b9-4697-91f1-15523adc46a5_bb8a942c-fc9a-42c4-82cd-40d698db33c3,0b00b1ac-37d1-3f6d-bebe-2929666166a3,2f919777-61b9-4697-91f1-15523adc46a5,nycmesh-713-waveap-south,bb8a942c-fc9a-42c4-82cd-40d698db33c3,nycmesh-552-wavenano,40.657601,-74.005171,,76.3,40.649556,-74.003561,,76.5,926.0,68040.0,MHz,-56.0,-57.0,ap-ptmp
2026-01-07T19:37:44,2c8d53fe-ad12-4e00-a532-a39ae92340c9_6049013c-8494-48fb-8509-d62ffbbd6e26,0b1f3d3f-06c1-433b-9c4b-c33ded64d879,2c8d53fe-ad12-4e00-a532-a39ae92340c9,nycmesh-158-af60lr,6049013c-8494-48fb-8509-d62ffbbd6e26,nycmesh-158-omni,40.691716,-73.924483,23.0,38.7,40.691659,-73.924413,,10.0,8.660410616814485,,,-60.0,-56.0,sta-ptmp
2026-01-07T19:37:44,7450eaef-3a24-4cd4-82b4-a3faf84b6a67_09e53032-ef9d-4449-acaa-147a45b1deb9,0b2f473d-23cc-3ad2-bb96-bfb08a707f23,7450eaef-3a24-4cd4-82b4-a3faf84b6a67,nycmesh-lbe-4507,09e53032-ef9d-4449-acaa-147a45b1deb9,nycmesh-486-south,40.6555,-73.9592,,10.0,40.658948,-73.96112,,10.0,416.2055735874938,5500.0,MHz,-56.0,-56.0,sta-ptmp
2026-01-07T19:37:44,601385ad-bf3b-43e9-aef0-dc159eb8c34c_068502b6-4a6a-4cdd-98af-9ad5a421fd4e,0b39642c-809e-3aa0-828f-c65bde6e9625,601385ad-bf3b-43e9-aef0-dc159eb8c34c,nycmesh-898-eps16,068502b6-4a6a-4cdd-98af-9ad5a421fd4e,nycmesh-898-west,40.830454,-73.941171,41.0,10.0,40.830476,-73.941185,,10.0,2.7150992165824226,,,,,ap-ptmp-airmax-mixed
2026-01-07T19:37:44,7ee45009-6bc2-4a26-9b83-a3b07c70a3f6_6b492c49-e5b2-4d61-9151-594ee1d4d6bd,0b8e5d5c-7031-3a35-925b-dc87b3802016,7ee45009-6bc2-4a26-9b83-a3b07c70a3f6,nycmesh-1934-olt-131-460,6b492c49-e5b2-4d61-9151-594ee1d4d6bd,131-MeshCommunityRoom,40.716142,-73.98448,14.0,10.0,40.716364,-73.985193,-3492.0,5.0,64.96443791683336,,,4.0,-11.0,
2026-01-07T19:37:44,4a6f43ed-ac8b-41c6-867b-e893d9737c31_a469fe49-7354-4e10-93f1-24166cc9d22a,0bbffb3b-7d68-36d5-ae49-e9145b1eb3ce,4a6f43ed-ac8b-41c6-867b-e893d9737c31,nycmesh-1936-olt-xgs-165,a469fe49-7354-4e10-93f1-24166cc9d22a,1936-11H,40.716797,-73.985577,,10.0,40.716797,-73.985577,,5.0,0.0,,,4.0,-17.0,
2026-01-07T19:37:44,4a6f43ed-ac8b-41c6-867b-e893d9737c31_763227b5-9e7a-42dc-a0af-54e2aa85eb7a,0c2be627-9586-32f8-9d53-81b6788eaebc,4a6f43ed-ac8b-41c6-867b-e893d9737c31,nycmesh-1936-olt-xgs-165,763227b5-9e7a-42dc-a0af-54e2aa85eb7a,1936-09G,40.716797,-73.985577,,10.0,40.716797,-73.985577,,5.0,0.0,,,4.0,-16.0,
2026-01-07T19:37:44,6dfcfc62-6607-4238-a6e8-11e59af236df_c64ac7ee-a6dd-4be2-9322-64ec0df6f330,0c61d4fb-77d9-43a5-af89-8c039516971e,6dfcfc62-6607-4238-a6e8-11e59af236df,nycmesh-5916-eps16,c64ac7ee-a6dd-4be2-9322-64ec0df6f330,nycmesh-5916-west2,40.696038,-73.939764,23.0,67.46,40.696,-73.9398,23.0,67.46,5.202434929581832,,,,,ap-ptmp-airmax-mixed
2026-01-07T19:37:44,364be131-f66e-4fd3-bcb2-1671f961e31c_6dfcfc62-6607-4238-a6e8-11e59af236df,0c9a7da4-081f-4af6-a90d-de85d8340914,364be131-f66e-4fd3-bcb2-1671f961e31c,nycmesh-5916-core,6dfcfc62-6607-4238-a6e8-11e59af236df,nycmesh-5916-eps16,40.696038,-73.939764,,67.46,40.696038,-73.939764,23.0,67.46,0.0,,,,,
2026-01-07T19:37:44,7bfb4d7a-a78e-4620-a084-4d420a9d8c51_1d373081-0387-4cb6-b9de-3fd5a40baa51,0d00c8b0-bb58-36f2-99db-7e1095fecd42,7bfb4d7a-a78e-4620-a084-4d420a9d8c51,nycmesh-5916-south2,1d373081-0387-4cb6-b9de-3fd5a40baa51,nycmesh-lbe-400,40.696048,-73.939788,,67.46,40.696038,-73.939764,23.0,5.0,1.0,5550.0,MHz,-66.0,-60.0,ap-ptmp-airmax-mixed
2026-01-07T19:37:44,0b2f1247-d69d-4a80-9b7e-b4eec0e1ab21_03aa1db2-ad8f-4e10-8784-8131ae5a8f96,0d1ffac9-447a-3392-8d99-5f5c8e67312c,0b2f1247-d69d-4a80-9b7e-b4eec0e1ab21,nycmesh-5916-wavepro-3461,03aa1db2-ad8f-4e10-8784-8131ae5a8f96,nycmesh-3461-wavepro-5916,40.696031,-73.939812,,97.8,40.67261,-73.963951,,115.4,3327.0,69120.0,MHz,-43.0,-43.0,ap-ptp
2026-01-07T19:37:44,e733efb4-d12c-47ea-84e6-9309dd66d12b_6aab6178-71fa-451f-86e6-c219581e9437,0d6a613b-dd93-3532-b1ed-d3b4ec5631f4,e733efb4-d12c-47ea-84e6-9309dd66d12b,nycmesh-2463-northwest,6aab6178-71fa-451f-86e6-c219581e9437,nycmesh-lbe-2814,40.719898,-73.988024,11.0,8.0,40.719897625,-73.98805175,,5.0,2.0,5710.0,MHz,-57.0,-55.0,ap-ptmp-airmax-ac
2026-01-07T19:37:44,0bd5bc7b-b23a-42ce-9b25-5201f0e7465a_105d7ab9-2b0a-4d06-ae16-52b2c50ffeb3,0d742b16-0ab7-4850-8403-c7cf8ed6534a,0bd5bc7b-b23a-42ce-9b25-5201f0e7465a,nycmesh-155-af60lr,105d7ab9-2b0a-4d06-ae16-52b2c50ffeb3,nycmesh-155-omni,40.679826,-73.942373,18.0,50.1,40.679873,-73.942457,18.0,10.0,8.802688061060541,,,-52.0,-55.0,sta-ptmp
2026-01-07T19:37:44,4a6f43ed-ac8b-41c6-867b-e893d9737c31_941aa893-d77c-4846-b3df-aceb2b6bfe3d,0d77031f-c1a9-38fc-b956-561702710a02,4a6f43ed-ac8b-41c6-867b-e893d9737c31,nycmesh-1936-olt-xgs-165,941aa893-d77c-4846-b3df-aceb2b6bfe3d,1936-05K,40.716797,-73.985577,,10.0,40.716797,-73.985577,,5.0,0.0,,,4.0,-17.0,
2026-01-07T19:37:44,82094c68-d2cf-4d01-b38b-897ff93940f4_d3e48910-5975-40b3-9595-aebd0944f404,0dec0415-a545-3d3f-b0c2-6044d11de644,82094c68-d2cf-4d01-b38b-897ff93940f4,nycmesh-584-olt-xgs,d3e48910-5975-40b3-9595-aebd0944f404,584-West-16M-10G-Simha,40.79355,-73.965641,,10.0,40.79355,-73.965641,,5.0,0.0,,,0.0,-18.0,
2026-01-07T19:37:44,82094c68-d2cf-4d01-b38b-897ff93940f4_2525afa0-ada5-4c4b-8ff1-be2d71ba636e,0e0e9c0c-5909-3ae0-b35b-d89c3a9fc21d,82094c68-d2cf-4d01-b38b-897ff93940f4,nycmesh-584-olt-xgs,2525afa0-ada5-4c4b-8ff1-be2d71ba636e,584-East-16J-1G-Mary,40.79355,-73.965641,,10.0,40.79355,-73.965641,,5.0,0.0,,,4.0,-14.0,
2026-01-07T19:37:44,06617725-87b2-45e8-8962-30497e654509_d427f24e-a566-450b-a73d-d0ac016ed7b2,0e21415a-0e4f-39a2-8999-77ca89f17adf,06617725-87b2-45e8-8962-30497e654509,nycmesh-730-olt-xgs,d427f24e-a566-450b-a73d-d0ac016ed7b2,730-02F ,40.844422,-73.893677,,69.000015,40.844422,-73.893677,,5.0,0.0,,,5.0,-16.0,
2026-01-07T19:37:44,7ee45009-6bc2-4a26-9b83-a3b07c70a3f6_afa6008f-d08f-420a-abd6-720033932375,0e23e63c-827f-390a-b2ac-38042f80ccf9,7ee45009-6bc2-4a26-9b83-a3b07c70a3f6,nycmesh-1934-olt-131-460,afa6008f-d08f-420a-abd6-720033932375,131-9A New,40.716142,-73.98448,14.0,10.0,40.716364,-73.985193,-3492.0,5.0,64.96443791683336,,,4.0,-24.0,
2026-01-07T19:37:44,4ec70dea-528c-4426-a240-722295c916b1_ed4dbbd5-f9dc-4eb3-870f-a8d4b88f03f3,0e2fc7d3-0c75-3c28-8670-550e91c7a481,4ec70dea-528c-4426-a240-722295c916b1,nycmesh-1340-north2,ed4dbbd5-f9dc-4eb3-870f-a8d4b88f03f3,nycmesh-lbe-233,40.685988,-73.917573,,12.93,40.685823,-73.917272,,25.01,1.0,5745.0,MHz,-44.0,-44.0,ap-ptmp-airmax-mixed
2026-01-07T19:37:44,b57493cd-83d8-4d49-9ede-c9392cc16f47_c96cd1a4-7254-4c46-98be-8abc344104d3,0e3ae682-c2f9-3f61-a196-837dc5caf839,b57493cd-83d8-4d49-9ede-c9392cc16f47,nycmesh-5014-north,c96cd1a4-7254-4c46-98be-8abc344104d3,nycmesh-lbe-149,40.693819,-73.906361,,8.0,40.6938191,-73.9063608,,8.0,0.020198023307997186,5560.0,MHz,-74.0,-77.0,ap-ptmp-airmax-mixed
2026-01-07T19:37:44,c82bb62b-ddf2-4011-8556-12b170f43ef2_5c8cdbd4-8399-44e7-b38e-6ef74b1dc7ac,0e7a8f3d-0e77-3474-879b-1db7a92ac88c,c82bb62b-ddf2-4011-8556-12b170f43ef2,nycmesh-1340-west,5c8cdbd4-8399-44e7-b38e-6ef74b1dc7ac,nycmesh-lbe-7997,40.686016,-73.917493,,53.3,40.685823,-73.917272,,25.01,1.0,5560.0,MHz,-59.0,-61.0,ap-ptmp-airmax-mixed
2026-01-07T19:37:44,3b80519b-6bf1-406a-a945-6ee0b03fb6b8_546e988f-6d34-43eb-aba3-b343ae806cc4,0eae1fca-d57a-3c9f-800b-b515a7fd74d1,3b80519b-6bf1-406a-a945-6ee0b03fb6b8,nycmesh-168-east,546e988f-6d34-43eb-aba3-b343ae806cc4,nycmesh-lbe-854,40.710007,-73.957881,,35.0,40.7099,-73.958,,10.0,951.0,5780.0,MHz,-53.0,-59.0,ap-ptmp
2026-01-07T19:37:44,4b3fc8ac-118e-45be-8013-bc070bafd1d0_4e5347bb-91bf-4523-a03a-2aeb6ec97f36,0eaf5bdd-91ca-49c6-8b73-d0bb7bdae06d,4b3fc8ac-118e-45be-8013-bc070bafd1d0,nycmesh-7512-pbe-1933,4e5347bb-91bf-4523-a03a-2aeb6ec97f36,nycmesh-7512-omni,40.698383,-73.972688,4.0,10.0,40.698383,-73.972688,,10.0,0.0,,,,,sta-ptp
2026-01-07T19:37:44,06617725-87b2-45e8-8962-30497e654509_63f90f2f-db60-4b18-8b57-4b87aca136ea,0ec1a774-417e-35cc-9d15-cf60f69ee4c3,06617725-87b2-45e8-8962-30497e654509,nycmesh-730-olt-xgs,63f90f2f-db60-4b18-8b57-4b87aca136ea,730-05A,40.844422,-73.893677,,69.000015,40.844422,-73.893677,,5.0,0.0,,,5.0,-16.0,
2026-01-07T19:37:44,4a6f43ed-ac8b-41c6-867b-e893d9737c31_f0b58a1a-7614-4486-9f92-66be05d10465,0ee5c75b-7ed8-310f-b749-e8f9bae82751,4a6f43ed-ac8b-41c6-867b-e893d9737c31,nycmesh-1936-olt-xgs-165,f0b58a1a-7614-4486-9f92-66be05d10465,1936-03M,40.716797,-73.985577,,10.0,40.716797,-73.985577,,5.0,0.0,,,3.0,-17.0,
2026-01-07T19:37:44,06617725-87b2-45e8-8962-30497e654509_100b0667-1ca2-4d98-884b-4d3177231146,0eea39ba-df05-3ed6-b756-536b2bb2abb3,06617725-87b2-45e8-8962-30497e654509,nycmesh-730-olt-xgs,100b0667-1ca2-4d98-884b-4d3177231146,730-08L 70:a7:41:34:a4:34,40.844422,-73.893677,,69.000015,40.844422,-73.893677,,5.0,0.0,,,3.0,-17.0,
2026-01-07T19:37:44,c4095443-47b1-44f2-bc54-bc1a9b041ea2_899ff379-65f3-49e2-8643-eee8a7d4dfee,0f35ba06-eae1-3db1-98a8-5e417e44d8fe,c4095443-47b1-44f2-bc54-bc1a9b041ea2,nycmesh-3461-north,899ff379-65f3-49e2-8643-eee8a7d4dfee,nycmesh-lbe-746,40.672531,-73.964197,,60.95,40.6725,-73.9642,,5.0,3.4563153488510543,5310.0,MHz,-64.0,-65.0,ap-ptmp-airmax-mixed
2026-01-07T19:37:44,4a6f43ed-ac8b-41c6-867b-e893d9737c31_fb6f56cf-c5b2-410a-83bf-9274d3644e91,0f3d7af9-0dab-3c46-afd4-a03a1e7d4fbc,4a6f43ed-ac8b-41c6-867b-e893d9737c31,nycmesh-1936-olt-xgs-165,fb6f56cf-c5b2-410a-83bf-9274d3644e91,1936-15J,40.716797,-73.985577,,10.0,40.716797,-73.985577,,5.0,0.0,,,5.0,-19.0,
2026-01-07T19:37:44,1bd429f2-eb56-45d8-8b52-2a08fcea05e3_1df75f1a-67d4-4bd4-911a-64d762508829,0f42ac4e-8d27-48ab-8dea-6a677cf86599,1bd429f2-eb56-45d8-8b52-2a08fcea05e3,nycmesh-1084-lbelr,1df75f1a-67d4-4bd4-911a-64d762508829,nycmesh-1084-omni,40.729552,-73.945949,4.0,8.0,40.729552,-73.945949,4.0,8.0,0.0,,,-57.0,-59.0,sta-ptmp
2026-01-07T19:37:44,376fc67d-146a-4018-89ea-d682a0b88d64_ae4f86d9-17d9-422d-b444-3520a8bd32bc,0f609c51-c09b-3a98-bef1-0a3b059197f7,376fc67d-146a-4018-89ea-d682a0b88d64,nycmesh-5916-east1,ae4f86d9-17d9-422d-b444-3520a8bd32bc,nycmesh-lbe-670,40.69607,-73.939677,,67.46,40.7067,-73.9209,23.0,5.0,1.0,5710.0,MHz,-66.0,-66.0,ap-ptmp-airmax-mixed
2026-01-07T19:37:44,8acc7c7d-f64d-4023-9736-2695f9ade451_8e6d36a4-fbc8-46ec-9de2-00d979eb4a98,0f787052-3cbb-4e76-9f93-81d11114e364,8acc7c7d-f64d-4023-9736-2695f9ade451,nycmesh-407-eps16,8e6d36a4-fbc8-46ec-9de2-00d979eb4a98,nycmesh-407-omni,40.713282,-73.99037,,11.42,40.713282,-73.99037,,11.42,0.0,,,,,
2026-01-07T19:37:44,4a6f43ed-ac8b-41c6-867b-e893d9737c31_8f54a9f9-330c-46c1-8270-3910615ba6ea,0fa9d1b7-113d-3d84-85ce-50ba5db84653,4a6f43ed-ac8b-41c6-867b-e893d9737c31,nycmesh-1936-olt-xgs-165,8f54a9f9-330c-46c1-8270-3910615ba6ea,1936-06Q,40.716797,-73.985577,,10.0,40.716797,-73.985577,,5.0,0.0,,,5.0,-17.0,
2026-01-07T19:37:44,7b044371-6cb5-46cb-992b-f6cba37500e7_077cdc3e-ecd3-4cc4-9bc1-db074623211f,1021d5df-eebf-3674-a21f-a8d821851d21,7b044371-6cb5-46cb-992b-f6cba37500e7,nycmesh-227-ps5ac-northeast1,077cdc3e-ecd3-4cc4-9bc1-db074623211f,nycmesh-lbe-433,40.710886,-74.001202,,161.544,40.716029,-73.989768,10.0,8.0,1.0,5305.0,MHz,-70.0,-65.0,ap-ptmp-airmax-mixed
2026-01-07T19:37:44,2e7f84d3-0014-4810-908d-7f39bcc7b8ca_20472ae6-ef47-4ec8-897d-80f4ff75ed0a,10533c54-f3a6-4d23-a49c-3134967d563a,2e7f84d3-0014-4810-908d-7f39bcc7b8ca,nycmesh-730-roof,20472ae6-ef47-4ec8-897d-80f4ff75ed0a,nycmesh-730-apc-ups-roof,40.844422,-73.893677,,69.000015,40.844422,-73.893677,,69.000015,0.0,,,,,
2026-01-07T19:37:44,f5e24caa-4946-4e91-90fc-de74be469d36_30f47d54-0ee9-4d2c-a8a8-2524173ed7a6,106db8e9-84dd-4605-8557-94e8e8623817,f5e24caa-4946-4e91-90fc-de74be469d36,nycmesh-2090-omni,30f47d54-0ee9-4d2c-a8a8-2524173ed7a6,nycmesh-2090-epr6,40.725618,-73.954074,,8.0,40.725627,-73.954098,,8.0,2.256494053107705,,,,,
2026-01-07T19:37:44,d198bc60-11dd-4a36-8274-bd8f8271d1bc_ddcb391e-dea9-4638-91ff-a60c5a653e7b,10bd2130-f807-404e-a663-2ba8b0cd22c8,d198bc60-11dd-4a36-8274-bd8f8271d1bc,nycmesh-lbe-1971,ddcb391e-dea9-4638-91ff-a60c5a653e7b,nycmesh-1971-omni,40.712809,-73.994793,10.0,30.0,40.712811,-73.994744,10.0,30.0,4.1359227479186345,,,-57.0,-47.0,sta-ptmp
2026-01-07T19:37:44,823f33a1-7896-44fa-9d9c-dfdd9a2c3c6c_675c27fc-caba-46a9-85b3-69366bc75b2e,10bfbb05-1daf-4244-8d08-2f9d1aa8c025,823f33a1-7896-44fa-9d9c-dfdd9a2c3c6c,nycmesh-162-east,675c27fc-caba-46a9-85b3-69366bc75b2e,nycmesh-lbe-925,40.664997,-73.990543,,40.0,40.665,-73.9906,,5.0,3.0,5490.0,MHz,-59.0,-66.0,ap-ptmp-airmax-mixed
2026-01-07T19:37:44,3b8c9267-3518-4415-a850-5fdf47bcc66e_c01879e1-0061-4af1-9196-c2fcaa7a1df6,10e961ad-7c6f-43b6-b47a-51524cd8bfdd,3b8c9267-3518-4415-a850-5fdf47bcc66e,nycmesh-426-omni,c01879e1-0061-4af1-9196-c2fcaa7a1df6,nycmesh-426-sxt2,40.819192,-73.951899,,10.0,40.819192,-73.951899,,10.0,0.0,,,,,
2026-01-07T19:37:44,9af92dc6-0d44-4981-b7ca-84dbf58cceb7_a1d9f474-7fbf-4a50-b1a6-aa188a8456ed,11108f81-dd77-40e0-95ff-b39fab55eb3f,9af92dc6-0d44-4981-b7ca-84dbf58cceb7,nycmesh-3461-af24hd-713,a1d9f474-7fbf-4a50-b1a6-aa188a8456ed,nycmesh-3461-eps16,40.672501,-73.964409,,60.95,40.672531,-73.964197,,60.95,18.18765395031916,,,-59.0,-57.0,sta-ptp
2026-01-07T19:37:44,7ee45009-6bc2-4a26-9b83-a3b07c70a3f6_0fed7720-1c82-4a3a-a207-1198dd5d5d49,1114de53-4eb8-3c68-be93-396dd5ed8511,7ee45009-6bc2-4a26-9b83-a3b07c70a3f6,nycmesh-1934-olt-131-460,0fed7720-1c82-4a3a-a207-1198dd5d5d49,460-25E,40.716142,-73.98448,14.0,10.0,40.715564,-73.984569,13.0,5.0,64.70690342261612,,,1.0,-22.0,
2026-01-07T19:37:44,763cf40a-56de-46a9-b95d-9ec01df7815b_7450eaef-3a24-4cd4-82b4-a3faf84b6a67,11180c36-4fd3-49cf-8619-fa5d16d4a95e,763cf40a-56de-46a9-b95d-9ec01df7815b,nycmesh-4507-omni,7450eaef-3a24-4cd4-82b4-a3faf84b6a67,nycmesh-lbe-4507,40.655468,-73.959154,,10.0,40.6555,-73.9592,,10.0,421.0,,,-56.0,-58.0,sta-ptmp
2026-01-07T19:37:44,4a6f43ed-ac8b-41c6-867b-e893d9737c31_fd1695ec-6988-49b9-a554-fb9c31c380d6,115d4bbc-646b-31b3-8e94-a224a666450e,4a6f43ed-ac8b-41c6-867b-e893d9737c31,nycmesh-1936-olt-xgs-165,fd1695ec-6988-49b9-a554-fb9c31c380d6,1936-03B,40.716797,-73.985577,,10.0,40.716797,-73.985577,,5.0,0.0,,,5.0,-17.0,
2026-01-07T19:37:44,7bfb4d7a-a78e-4620-a084-4d420a9d8c51_dbb22bae-728b-4976-b11c-1945cfd36614,116134bc-7cd0-3497-959c-3f377febd02d,7bfb4d7a-a78e-4620-a084-4d420a9d8c51,nycmesh-5916-south2,dbb22bae-728b-4976-b11c-1945cfd36614,nycmesh-lbe-1350,40.696048,-73.939788,,67.46,40.687437,-73.947464,,30.0,1156.0,5550.0,MHz,-62.0,-56.0,ap-ptmp-airmax-mixed
2026-01-07T19:37:44,5949ca17-7037-406c-a276-8db9228d762c_4e1a7456-7e5e-45fb-add4-d0dbee8d36b8,11740e62-3e2f-3dda-b891-84743372d37a,5949ca17-7037-406c-a276-8db9228d762c,nycmesh-1340-west1,4e1a7456-7e5e-45fb-add4-d0dbee8d36b8,nycmesh-lbe2-944,40.686117,-73.917818,,12.93,40.680283,73.954819,,8.0,3225.0,5710.0,MHz,-69.0,-84.0,ap-ptmp-airmax-mixed
2026-01-07T19:37:44,22f8a4e5-891d-48b9-a3b2-9808f9c3b977_e7a44ed7-5a6e-4eac-8bfd-994ca7694d77,118997c2-4100-320b-805d-3fb62321a254,22f8a4e5-891d-48b9-a3b2-9808f9c3b977,nycmesh-3461-northeast,e7a44ed7-5a6e-4eac-8bfd-994ca7694d77,nycmesh-lbe-476,40.672685,-73.96386,,60.95,40.6725,-73.9642,,5.0,35.28977579122606,5560.0,MHz,-57.0,-55.0,ap-ptmp-airmax-mixed
2026-01-07T19:37:44,b6920950-8acf-40c6-b6e1-78b8082d8367_0228bfb5-590d-49f3-b553-00821d4de872,11e4a443-250c-3ee5-9428-39704339181a,b6920950-8acf-40c6-b6e1-78b8082d8367,nycmesh-2463-south,0228bfb5-590d-49f3-b553-00821d4de872,nycmesh-lbe-643,40.719898,-73.988024,11.0,8.0,40.7199,-73.988,,5.0,2.0,5560.0,MHz,-63.0,-64.0,ap-ptmp-airmax-mixed
2026-01-07T19:37:44,bdcc73d9-a78e-4f46-99a7-cc35947b0d35_d35620c4-1822-47e2-b69e-777a9bcf9a36,11ec8474-964b-3900-b329-6837c9273728,bdcc73d9-a78e-4f46-99a7-cc35947b0d35,nycmesh-7800-north,d35620c4-1822-47e2-b69e-777a9bcf9a36,nycmesh-lbe-843,40.815412,-73.950239,,10.0,40.8156,-73.9502,35.0,5.0,21.160715593358052,5560.0,MHz,-59.0,-62.0,ap-ptmp-airmax-mixed
2026-01-07T19:37:44,ffda2b6d-852e-4b26-bb15-ca1b228129a1_ed6ab163-85a9-4f40-a713-cdaf229cc56a,120b8966-af3e-40c9-ade1-cf001c724f00,ffda2b6d-852e-4b26-bb15-ca1b228129a1,nycmesh-731-omni,ed6ab163-85a9-4f40-a713-cdaf229cc56a,nycmesh-731-epr6,40.724676,-73.98073,,8.0,40.724676,-73.98073,,8.0,0.0,,,,,
2026-01-07T19:37:44,82094c68-d2cf-4d01-b38b-897ff93940f4_ec3c9cfb-a72b-4fbe-a589-165b33ce1856,1226b70f-2a7c-31d3-ba9c-acb8f5a82f7d,82094c68-d2cf-4d01-b38b-897ff93940f4,nycmesh-584-olt-xgs,ec3c9cfb-a72b-4fbe-a589-165b33ce1856,584-East-08E-1G-Jianyu,40.79355,-73.965641,,10.0,40.79355,-73.965641,,5.0,0.0,,,4.0,-15.0,
2026-01-07T19:37:44,5f280691-5063-4c95-b3ca-ce28466a4bca_79664c89-9df1-43d2-b390-1e200b860a2e,124f38c6-38e7-368c-aa36-b68c552d3902,5f280691-5063-4c95-b3ca-ce28466a4bca,nycmesh-691-southwest,79664c89-9df1-43d2-b390-1e200b860a2e,nycmesh-nb-695,40.7029,-73.9192,,20.0,40.701,-73.9218,,5.0,304.42242619216006,5760.0,MHz,-46.0,-44.0,ap-ptmp
2026-01-07T19:37:44,c6e5cad9-95d0-4440-86ce-65437fede532_3a639314-59fa-4de7-b9a6-2de92af9317c,1265c02d-232f-337e-b798-c0e288ef2ec0,c6e5cad9-95d0-4440-86ce-65437fede532,nycmesh-sn3-north,3a639314-59fa-4de7-b9a6-2de92af9317c,nycmesh-lbe-6622,40.6579,-74.0049,,45.32,40.6578,-74.0048,5.0,5.0,1.0,5560.0,MHz,-60.0,-62.0,ap-ptmp-airmax-mixed
2026-01-07T19:37:44,9ec55494-cdd1-4b62-be3a-0ce25031aeba_5bcf5029-b878-48a7-b39b-47469708a18f,128383e0-00bf-3850-8e0a-f403e373e240,9ec55494-cdd1-4b62-be3a-0ce25031aeba,nycmesh-227-ps5ac-north1,5bcf5029-b878-48a7-b39b-47469708a18f,nycmesh-lbe-789,40.711095,-74.001382,,161.544,40.72198,-73.99594,10.0,8.0,1.0,5490.0,MHz,-62.0,-60.0,ap-ptmp-airmax-mixed
2026-01-07T19:37:44,5cb0ebbc-f7d7-4e13-a36d-03df3814b156_5386c9f9-021d-40ef-9ad3-a6f5535091ee,12e34316-f802-38f4-98f7-4937edf62c5e,5cb0ebbc-f7d7-4e13-a36d-03df3814b156,nycmesh-1635-southwest,5386c9f9-021d-40ef-9ad3-a6f5535091ee,nycmesh-lbe-425,40.667569,-73.98239,33.0,10.0,40.6676,-73.9824,33.0,5.0,1.0,5550.0,MHz,-52.0,-49.0,ap-ptmp-airmax-mixed
2026-01-07T19:37:44,8c83ed05-bc0a-4ee0-b42e-3f83e2d89b34_e7a5d354-23c7-4d8b-99b9-d6d5635ae267,13140dce-f3e5-3cb1-b3c0-0f1ad22ed31d,8c83ed05-bc0a-4ee0-b42e-3f83e2d89b34,nycmesh-898-south,e7a5d354-23c7-4d8b-99b9-d6d5635ae267,nycmesh-lbe-758,40.830461,-73.94109,,10.0,40.8305,-73.9412,,5.0,10.220521987101378,5710.0,MHz,-53.0,-59.0,ap-ptmp-airmax-mixed
2026-01-07T19:37:44,9ec55494-cdd1-4b62-be3a-0ce25031aeba_1d2abf36-8382-4b5b-b847-46bf37e42353,13571648-b76f-3af0-b694-150acaa1ca1f,9ec55494-cdd1-4b62-be3a-0ce25031aeba,nycmesh-227-ps5ac-north1,1d2abf36-8382-4b5b-b847-46bf37e42353,nycmesh-lbe-7232,40.711095,-74.001382,,161.544,40.719055,-74.00187,10.0,8.0,1.0,5490.0,MHz,-66.0,-63.0,ap-ptmp-airmax-mixed
2026-01-07T19:37:44,4a6f43ed-ac8b-41c6-867b-e893d9737c31_e63c7ba3-8abb-4899-b266-e0cff2349a60,137773aa-fcf3-3fab-9d9e-521da3e63b47,4a6f43ed-ac8b-41c6-867b-e893d9737c31,nycmesh-1936-olt-xgs-165,e63c7ba3-8abb-4899-b266-e0cff2349a60,1936-07P,40.716797,-73.985577,,10.0,40.716797,-73.985577,,5.0,0.0,,,4.0,-16.0,
2026-01-07T19:37:44,4a6f43ed-ac8b-41c6-867b-e893d9737c31_37b915af-6a3d-4f35-bc36-d1900bfcc317,13889f49-0e5d-3081-bc65-f0716b88bf17,4a6f43ed-ac8b-41c6-867b-e893d9737c31,nycmesh-1936-olt-xgs-165,37b915af-6a3d-4f35-bc36-d1900bfcc317,1936-09P,40.716797,-73.985577,,10.0,40.716797,-73.985577,,5.0,0.0,,,4.0,-16.0,
2026-01-07T19:37:44,06617725-87b2-45e8-8962-30497e654509_14b213f5-bd1f-4a23-8217-b6a86dd2fabf,13b3288a-1d70-3afd-93ed-d92f6f8a652f,06617725-87b2-45e8-8962-30497e654509,nycmesh-730-olt-xgs,14b213f5-bd1f-4a23-8217-b6a86dd2fabf,730-08Q 70:a7:41:3e:9c:4d,40.844422,-73.893677,,69.000015,40.844422,-73.893677,,5.0,0.0,,,4.0,-18.0,
2026-01-07T19:37:44,bd496c6c-7b62-4b77-8020-6d86bbbc7694_08b58c11-0517-48cd-a34f-9828dfdcc28f,13e67021-8186-4e64-835a-c743ce2c8a64,bd496c6c-7b62-4b77-8020-6d86bbbc7694,nycmesh-648-eps16,08b58c11-0517-48cd-a34f-9828dfdcc28f,nycmesh-648-core,40.639719,-73.995809,,25.0,40.639719,-73.995809,,25.0,0.0,,,,,
2026-01-07T19:37:44,22f8a4e5-891d-48b9-a3b2-9808f9c3b977_aebb2f5e-756f-4ef1-a61f-7c18cfb2b645,13ec2e3d-ba73-3bf9-ae05-d973dce87db7,22f8a4e5-891d-48b9-a3b2-9808f9c3b977,nycmesh-3461-northeast,aebb2f5e-756f-4ef1-a61f-7c18cfb2b645,nycmesh-lbe-438,40.672685,-73.96386,,60.95,40.6725,-73.9642,,5.0,35.28977579122606,5560.0,MHz,-56.0,-55.0,ap-ptmp-airmax-mixed
2026-01-07T19:37:44,22f334b8-3d19-4194-8106-fb82b7fca976_3a1331ae-bc5c-460e-81c0-22d72d25a2b0,13ee4294-e169-3faa-9be1-fa8cb592be0c,22f334b8-3d19-4194-8106-fb82b7fca976,nycmesh-1932-north,3a1331ae-bc5c-460e-81c0-22d72d25a2b0,nycmesh-lbe-823,40.716098,-73.985997,14.0,100.32,40.716,-73.9861,14.0,5.0,13.93213941468183,5490.0,MHz,,,ap-ptmp-airmax-mixed
2026-01-07T19:37:44,b57493cd-83d8-4d49-9ede-c9392cc16f47_e5ce8e51-4e2c-4fe1-85e3-05bcc0fae3e7,13f2807b-d8e4-3c99-a3fa-861cec3707c3,b57493cd-83d8-4d49-9ede-c9392cc16f47,nycmesh-5014-north,e5ce8e51-4e2c-4fe1-85e3-05bcc0fae3e7,nycmesh-lbe-188,40.693819,-73.906361,,8.0,40.6938191,-73.9063608,,8.0,0.020198023307997186,5560.0,MHz,-67.0,-69.0,ap-ptmp-airmax-mixed
2026-01-07T19:37:44,4a6f43ed-ac8b-41c6-867b-e893d9737c31_474f5bf3-7672-4d35-8419-f2d5c557a74a,1462b1c8-a555-343a-ba4a-0231c047570c,4a6f43ed-ac8b-41c6-867b-e893d9737c31,nycmesh-1936-olt-xgs-165,474f5bf3-7672-4d35-8419-f2d5c557a74a,1936-15H,40.716797,-73.985577,,10.0,40.716797,-73.985577,,5.0,0.0,,,4.0,-16.0,
2026-01-07T19:37:44,7e909d93-404a-47bd-a544-efdf6ff3f120_d9a2e922-4c12-4313-ae53-165f7938296a,14974c58-efc7-312f-8368-e889a458548e,7e909d93-404a-47bd-a544-efdf6ff3f120,nycmesh-227-waveapmicro-north,d9a2e922-4c12-4313-ae53-165f7938296a,nycmesh-168-wavelr,40.711199,-74.001357,10.0,189.9,40.709724,-73.95819,,29.4,3640.0,69120.0,MHz,-59.0,-61.0,ap-ptmp
2026-01-07T19:37:44,01a74e3c-7494-4e0a-a380-1d611e988f35_0cae3e9c-42ac-407e-8508-e98d00bc8896,149d8b80-dd87-3179-89b6-52d31a2d14a8,01a74e3c-7494-4e0a-a380-1d611e988f35,nycmesh-227-ps5ac-north2,0cae3e9c-42ac-407e-8508-e98d00bc8896,nycmesh-lbe-5155,40.711166,-74.001244,,161.544,40.717409,-73.990075,10.0,8.0,1.0,5710.0,MHz,-66.0,-62.0,ap-ptmp-airmax-mixed
2026-01-07T19:37:44,9e2a74d5-e888-4817-9c41-e8dfb830e11d_3d16530c-356f-44b7-b168-2471e9929c6f,14faf0f6-62ad-3a37-bc05-26718390f6fe,9e2a74d5-e888-4817-9c41-e8dfb830e11d,nycmesh-5916-waveap-west,3d16530c-356f-44b7-b168-2471e9929c6f,nycmesh-436-af60lr,40.696153,-73.939618,,95.1,40.685986,-73.961279,23.0,41.3,2136.0,66960.0,MHz,-60.0,-70.0,ap-ptmp
2026-01-07T19:37:44,c64ac7ee-a6dd-4be2-9322-64ec0df6f330_151d6407-2ca8-4e54-bf7f-28f42a924022,15082457-065d-39ce-8f84-abd704c684c4,c64ac7ee-a6dd-4be2-9322-64ec0df6f330,nycmesh-5916-west2,151d6407-2ca8-4e54-bf7f-28f42a924022,nycmesh-lbe-860,40.696,-73.9398,23.0,67.46,40.696038,-73.939764,23.0,5.0,1.0,5770.0,MHz,-67.0,-51.0,ap-ptmp-airmax-mixed
2026-01-07T19:37:44,d8bae6ba-fbca-4c96-8c92-4e82f316be05_06e12270-c227-4bb2-b56c-f56268430611,1545e173-c410-41af-b6bb-e01e10e45715,d8bae6ba-fbca-4c96-8c92-4e82f316be05,nycmesh-5014-powerbox,06e12270-c227-4bb2-b56c-f56268430611,nycmesh-5014-west,40.693819,-73.906361,,8.0,40.693819,-73.906361,,8.0,0.0,,,,,ap-ptmp-airmax-mixed
2026-01-07T19:37:44,0a3abe08-d225-4636-9c20-15638338ad6b_154c26fb-cfeb-494c-979a-dccbe0e53da0,1554786a-6a96-4587-af83-69a027cb3eac,0a3abe08-d225-4636-9c20-15638338ad6b,nycmesh-4126-af60lr,154c26fb-cfeb-494c-979a-dccbe0e53da0,nycmesh-4126-np16,40.692256,-73.954504,,51.3,40.692245,-73.954483,,10.0,2.1519350459549997,,,-48.0,-52.0,sta-ptmp
2026-01-07T19:37:44,4a6f43ed-ac8b-41c6-867b-e893d9737c31_cba5ddc3-22c4-4e8a-94a0-c1b5afdb0127,156a5ae5-767a-33b8-8357-4d7703cae469,4a6f43ed-ac8b-41c6-867b-e893d9737c31,nycmesh-1936-olt-xgs-165,cba5ddc3-22c4-4e8a-94a0-c1b5afdb0127,1936-04G,40.716797,-73.985577,,10.0,40.716797,-73.985577,,5.0,0.0,,,4.0,-16.0,
2026-01-07T19:37:44,4a6f43ed-ac8b-41c6-867b-e893d9737c31_9e608638-1d74-4866-a523-a378b9ef1582,15998b75-f048-3cd1-9069-2c132e61c19a,4a6f43ed-ac8b-41c6-867b-e893d9737c31,nycmesh-1936-olt-xgs-165,9e608638-1d74-4866-a523-a378b9ef1582,1936-08I,40.716797,-73.985577,,10.0,40.716797,-73.985577,,5.0,0.0,,,3.0,-15.0,
2026-01-07T19:37:44,7ee45009-6bc2-4a26-9b83-a3b07c70a3f6_f2064183-510a-4189-822c-dc4be8d50850,15a5aac5-e55d-391d-8b00-bd9a4094b451,7ee45009-6bc2-4a26-9b83-a3b07c70a3f6,nycmesh-1934-olt-131-460,f2064183-510a-4189-822c-dc4be8d50850,131-23A,40.716142,-73.98448,14.0,10.0,40.716364,-73.985193,-3492.0,5.0,64.96443791683336,,,2.0,-16.0,
2026-01-07T19:37:44,3ed61b69-6d26-4ffc-a321-f3a1a7a9c643_b12680c6-06df-4078-b94a-28bcea18b75c,15aa8bab-2da4-4ff6-85f1-c937c0c09846,3ed61b69-6d26-4ffc-a321-f3a1a7a9c643,nycmesh-7489-epr6,b12680c6-06df-4078-b94a-28bcea18b75c,nycmesh-7489-north,40.660014,-73.913606,10.0,31.1,40.659676,-73.913529,,31.1,38.1409791683109,,,,,ap-ptmp-airmax-mixed
2026-01-07T19:37:44,7ee45009-6bc2-4a26-9b83-a3b07c70a3f6_0db7aa46-0718-4a58-b499-c37e758b0854,1627de2e-81ed-3629-8ffb-f7067394cc68,7ee45009-6bc2-4a26-9b83-a3b07c70a3f6,nycmesh-1934-olt-131-460,0db7aa46-0718-4a58-b499-c37e758b0854,460-19F,40.716142,-73.98448,14.0,10.0,40.715645,-73.984543,13.0,5.0,55.51836572683728,,,3.0,-26.0,
2026-01-07T19:37:44,68b3fc90-93e0-49a4-900f-e9df98fb9361_7955d767-3b38-430a-a237-4aa2953c019d,16470e82-3e41-3519-9a0b-0669b46bdc68,68b3fc90-93e0-49a4-900f-e9df98fb9361,nycmesh-5916-west1,7955d767-3b38-430a-a237-4aa2953c019d,nycmesh-lbe-618,40.696017,-73.939873,,67.46,40.696,-73.9398,23.0,5.0,1.0,5710.0,MHz,-73.0,-69.0,ap-ptmp-airmax-mixed
2026-01-07T19:37:44,0b67e309-6e94-4c8f-8075-60fa4072d6f9_7959b596-fed7-4a98-b080-075200d80aee,164fcb17-8c03-4401-a0b0-7d1ecc9c9ad3,0b67e309-6e94-4c8f-8075-60fa4072d6f9,nycmesh-162-core,7959b596-fed7-4a98-b080-075200d80aee,nycmesh-162-vpn,40.664997,-73.990543,,40.0,40.664997,-73.990543,,40.0,0.0,,,,,
2026-01-07T19:37:44,48f7b583-33cb-43a9-bb6e-456444c815a6_5a4e5d7b-57d6-4e19-8d17-5be2bc541bd1,16b1b3ce-35ed-4ed8-86c5-4ad980504e23,48f7b583-33cb-43a9-bb6e-456444c815a6,nycmesh-217-np7r-2,5a4e5d7b-57d6-4e19-8d17-5be2bc541bd1,nycmesh-217-np7r-3,40.649808,-74.004296,,10.0,40.649808,-74.004296,,10.0,0.0,,,,,
2026-01-07T19:37:44,6c0254eb-876a-499e-8d22-ac3e317703a0_ef47c82e-ec64-492e-ab2a-93e6a45d6cbc,16c6185e-8cd9-48a6-b1cb-8f52b4e5c3e3,6c0254eb-876a-499e-8d22-ac3e317703a0,nycmesh-2299-core,ef47c82e-ec64-492e-ab2a-93e6a45d6cbc,nycmesh-2299-eps16,40.861367,-73.907738,,10.0,40.861367,-73.907738,,10.0,0.0,,,,,
2026-01-07T19:37:44,25a60c05-a427-4949-8429-622866062481_1e49b0bd-86fc-4596-ae84-97592618e024,16d8fed9-79ce-3bee-90fc-0fc318e72d6e,25a60c05-a427-4949-8429-622866062481,nycmesh-407-north,1e49b0bd-86fc-4596-ae84-97592618e024,nycmesh-lbe-216,40.713242,-73.990392,,11.42,40.717908,-73.991462,10.0,8.0,3.0,5505.0,MHz,-57.0,-59.0,ap-ptmp-airmax-mixed
2026-01-07T19:37:44,af879361-59ac-4b14-913a-ad418c5e519b_259438b0-b190-42e0-82b9-19464f979cb5,16f8b500-8580-330c-8231-7a44ccca15a6,af879361-59ac-4b14-913a-ad418c5e519b,nycmesh-1635-southeast,259438b0-b190-42e0-82b9-19464f979cb5,nycmesh-lbe-542,40.667569,-73.98239,33.0,10.0,40.6676,-73.9824,33.0,5.0,1.0,5760.0,MHz,-46.0,-47.0,ap-ptmp-airmax-mixed
2026-01-07T19:37:44,67bcd939-6734-41e7-8845-aba2dfe120f9_362e4ab8-606c-4180-ad13-6314c4139082,173f85a3-5fc9-3650-ae0c-bc390e7e60b4,67bcd939-6734-41e7-8845-aba2dfe120f9,nycmesh-2701-southeast,362e4ab8-606c-4180-ad13-6314c4139082,nycmesh-lbe-531,40.6478,-74.0007,45.0,10.0,40.647,-74.0,45.0,5.0,1.0,5760.0,MHz,-46.0,-30.0,ap-ptmp-airmax-mixed
2026-01-07T19:37:44,7ee45009-6bc2-4a26-9b83-a3b07c70a3f6_a1aa5f09-e84f-4b0e-9f79-2d315857da31,1759267d-d87e-3f83-93c0-67b92f7fa6cd,7ee45009-6bc2-4a26-9b83-a3b07c70a3f6,nycmesh-1934-olt-131-460,a1aa5f09-e84f-4b0e-9f79-2d315857da31,460-22A,40.716142,-73.98448,14.0,10.0,40.715645,-73.984543,13.0,5.0,55.51836572683728,,,4.0,-29.0,
2026-01-07T19:37:44,7ee45009-6bc2-4a26-9b83-a3b07c70a3f6_a113862f-c2d0-4115-86a3-8657251c97cc,17622382-075f-3ab3-bd97-36a4b4ab631a,7ee45009-6bc2-4a26-9b83-a3b07c70a3f6,nycmesh-1934-olt-131-460,a113862f-c2d0-4115-86a3-8657251c97cc,460-? 8th - 13th floor/ 78:45:58:9a:d0:2c,40.716142,-73.98448,14.0,10.0,40.715645,-73.984543,13.0,5.0,55.51836572683728,,,1.0,-24.0,
2026-01-07T19:37:44,82094c68-d2cf-4d01-b38b-897ff93940f4_b6c18421-10f5-4444-a2c5-70de4b1bcc01,17a43662-8cbd-3350-b40d-a8655344b841,82094c68-d2cf-4d01-b38b-897ff93940f4,nycmesh-584-olt-xgs,b6c18421-10f5-4444-a2c5-70de4b1bcc01,584-West-15X-1G-Steven,40.79355,-73.965641,,10.0,40.79355,-73.965641,,5.0,0.0,,,5.0,-14.0,
2026-01-07T19:37:44,0a45a9c2-11ce-43ad-9f9a-6e3852f80d6f_57f729bf-1736-4871-bff6-1c20c280b4bc,17e6f07d-d615-498b-8910-2bdf7ddd7b6a,0a45a9c2-11ce-43ad-9f9a-6e3852f80d6f,nycmesh-3959-eps16-east,57f729bf-1736-4871-bff6-1c20c280b4bc,nycmesh-3959-core,40.841612,-73.941817,,10.0,40.841612,-73.941817,,10.0,0.0,,,,,
2026-01-07T19:37:44,c82bb62b-ddf2-4011-8556-12b170f43ef2_c93fe927-6a59-4ebd-aad9-4bff35b03ac2,17e72a76-1650-3091-a009-232248c997ba,c82bb62b-ddf2-4011-8556-12b170f43ef2,nycmesh-1340-west,c93fe927-6a59-4ebd-aad9-4bff35b03ac2,nycmesh-lbe-781,40.686016,-73.917493,,53.3,40.685823,-73.917272,,25.01,1.0,5560.0,MHz,-61.0,-61.0,ap-ptmp-airmax-mixed
2026-01-07T19:37:44,b37a362b-665e-4c32-bfac-ea334365c602_76d561e6-a995-474f-bd4f-c0f4a41b541e,17f61b7e-bf0a-4611-ab5c-56423d6f4c1c,b37a362b-665e-4c32-bfac-ea334365c602,nycmesh-730-core,76d561e6-a995-474f-bd4f-c0f4a41b541e,nycmesh-730-apc-basement,40.844422,-73.893677,,69.000015,40.844422,-73.893677,,69.000015,0.0,,,,,
2026-01-07T19:37:44,892ab773-a541-4d70-a7d3-5db85e0b87b2_4db2a15d-9866-4957-9c0f-d6f926562f68,187c5722-c616-4380-a475-f8369f87b2d0,892ab773-a541-4d70-a7d3-5db85e0b87b2,nycmesh-552-core,4db2a15d-9866-4957-9c0f-d6f926562f68,nycmesh-552-7r-561-AB,40.649506,-74.003566,,30.0,40.649506,-74.003566,,30.0,0.0,,,,,
2026-01-07T19:37:44,7ca4cf74-d1b4-45a1-8a08-797d51351865_88928dc4-e8e2-4f78-866d-dd29ab673eb3,188363c3-6060-3d85-920e-f131f8699929,7ca4cf74-d1b4-45a1-8a08-797d51351865,nycmesh-731-east,88928dc4-e8e2-4f78-866d-dd29ab673eb3,nycmesh-lbe-2950,40.724676,-73.98073,,8.0,40.724676,-73.98073,6.0,8.0,1.0,5545.0,MHz,-57.0,-57.0,ap-ptmp-airmax-mixed
2026-01-07T19:37:44,5d3f50e7-31cd-45dc-8bb6-35eef8b03fe4_9c10ccad-fb4c-489c-902b-d46999f71d33,18b04ab5-f636-3178-ab61-681ad21d5ffe,5d3f50e7-31cd-45dc-8bb6-35eef8b03fe4,nycmesh-5916-south3,9c10ccad-fb4c-489c-902b-d46999f71d33,nycmesh-lbe-2012,40.696038,-73.939764,,67.46,40.689,-73.939,23.0,5.0,1.0,5290.0,MHz,-60.0,-60.0,ap-ptmp-airmax-mixed
2026-01-07T19:37:44,dea3039c-f1ed-4913-8ff2-089a09fbaa34_0b67e309-6e94-4c8f-8075-60fa4072d6f9,18b168c7-6ef8-48d6-aa9b-fef4178a3ad1,dea3039c-f1ed-4913-8ff2-089a09fbaa34,nycmesh-162-eh8010-713,0b67e309-6e94-4c8f-8075-60fa4072d6f9,nycmesh-162-core,40.664997,-73.990543,,40.0,40.664997,-73.990543,,40.0,0.0,,,,,
2026-01-07T19:37:44,06617725-87b2-45e8-8962-30497e654509_d5c4b9ac-616e-41c5-a98d-1d9a984c9a85,18eb1b29-0b2d-38eb-b757-bfa26cc63508,06617725-87b2-45e8-8962-30497e654509,nycmesh-730-olt-xgs,d5c4b9ac-616e-41c5-a98d-1d9a984c9a85,730-06M,40.844422,-73.893677,,69.000015,40.844422,-73.893677,,5.0,0.0,,,5.0,-16.0,
2026-01-07T19:37:44,2630b421-546f-4bc0-8ae2-f92c038f2eed_b8efe02c-bb6d-49ed-bd86-89bc9138b371,18f654b5-2eb0-3b41-984f-e698b987fee0,2630b421-546f-4bc0-8ae2-f92c038f2eed,nycmesh-2274-west,b8efe02c-bb6d-49ed-bd86-89bc9138b371,nycmesh-lbe-7926,40.725681,-73.983591,,8.0,40.7256814,-73.9835909,7.0,8.0,0.04526920728262734,5570.0,MHz,-58.0,-62.0,ap-ptmp
2026-01-07T19:37:44,7ee45009-6bc2-4a26-9b83-a3b07c70a3f6_200fb6da-cf2e-46a6-adee-d7a2c1a1647b,18f6beab-5186-395f-a3c5-a8c5460e9861,7ee45009-6bc2-4a26-9b83-a3b07c70a3f6,nycmesh-1934-olt-131-460,200fb6da-cf2e-46a6-adee-d7a2c1a1647b,131-06F,40.716142,-73.98448,14.0,10.0,40.716364,-73.985193,-3492.0,5.0,64.96443791683336,,,3.0,-15.0,
2026-01-07T19:37:44,cd815a56-612a-46a9-ae87-b80aab35730b_a483fc3a-036c-414a-b493-21fe8b29ce9c,19063ea9-ad5c-3a96-b35a-49625df1ca4d,cd815a56-612a-46a9-ae87-b80aab35730b,nycmesh-3461-olt,a483fc3a-036c-414a-b493-21fe8b29ce9c,3461-08J,40.672531,-73.964197,,60.95,40.672531,-73.964197,,5.0,0.0,,,3.0,-20.0,
2026-01-07T19:37:44,687abebd-7979-4dad-8c73-74e82c72852c_3525bb74-d436-4b3d-aa85-999fede87dc6,193870b4-5f0a-48bf-8cbc-65db397fca9e,687abebd-7979-4dad-8c73-74e82c72852c,nycmesh-1932-lhg60-2463,3525bb74-d436-4b3d-aa85-999fede87dc6,nycmesh-2463-lhg60-1932,40.716098,-73.985997,14.0,100.32,40.719898,-73.988024,11.0,8.0,455.7674874184657,,,,,
2026-01-07T19:37:44,5b8114e6-2a29-4200-a88c-9fe098796fcd_2bbd165c-707a-4d27-9901-126be9e95c53,193b1f46-4be6-3b57-b41e-3171dd6b8abc,5b8114e6-2a29-4200-a88c-9fe098796fcd,nycmesh-231-south,2bbd165c-707a-4d27-9901-126be9e95c53,nycmesh-lbe-919,40.645835,-74.013376,,10.0,40.645834959184,-74.013376102041,,5.0,0.009732172397780112,5745.0,MHz,-46.0,-46.0,ap-ptmp-airmax-ac
2026-01-07T19:37:44,8fbb7e18-dc0c-4605-b76c-0ce56d2c38d9_c2375c5f-f25d-4c98-ba5a-efb0e1afe191,193fd852-540f-425e-8334-87262b5d60e6,8fbb7e18-dc0c-4605-b76c-0ce56d2c38d9,nycmesh-1417-omni,c2375c5f-f25d-4c98-ba5a-efb0e1afe191,nycmesh-1417-east,40.71363,-73.935641,,14.0,40.713698,-73.935514,7.0,14.0,13.105266504417733,,,-60.0,-58.0,ap-ptmp
2026-01-07T19:37:44,82094c68-d2cf-4d01-b38b-897ff93940f4_f8a675db-2273-48cc-acf2-a8eb00e3749d,196c12cc-3f58-357d-9de8-c856258f9135,82094c68-d2cf-4d01-b38b-897ff93940f4,nycmesh-584-olt-xgs,f8a675db-2273-48cc-acf2-a8eb00e3749d,584-East-14C-1G-Scott,40.79355,-73.965641,,10.0,40.79355,-73.965641,,5.0,0.0,,,4.0,-20.0,
2026-01-07T19:37:44,c6e5cad9-95d0-4440-86ce-65437fede532_5e49046f-06be-41f6-aec6-36ddd69240f8,198eaaea-d586-3f10-bfe7-20ab374db937,c6e5cad9-95d0-4440-86ce-65437fede532,nycmesh-sn3-north,5e49046f-06be-41f6-aec6-36ddd69240f8,nycmesh-lbe-6087,40.6579,-74.0049,,45.32,40.6578,-74.0048,5.0,5.0,1.0,5560.0,MHz,-61.0,-62.0,ap-ptmp-airmax-mixed
2026-01-07T19:37:44,bde5341c-fc24-489c-a6cf-f5434ad45e92_8b3ec1df-a88f-4ff7-81d5-f3df91c33965,19a12b67-e96f-4158-8bdd-2eeb3472908f,bde5341c-fc24-489c-a6cf-f5434ad45e92,nycmesh-1932-cube-3065,8b3ec1df-a88f-4ff7-81d5-f3df91c33965,nycmesh-3065-cube-1932,40.716098,-73.985997,14.0,100.32,40.718912,-73.985854,,25.0,313.1345331943013,,,,,
2026-01-07T19:37:44,7ee45009-6bc2-4a26-9b83-a3b07c70a3f6_2b408d6a-aef1-4014-947b-dc228382caba,19b0a085-8f94-3d94-93c1-e4a30dcfc192,7ee45009-6bc2-4a26-9b83-a3b07c70a3f6,nycmesh-1934-olt-131-460,2b408d6a-aef1-4014-947b-dc228382caba,131-25G,40.716142,-73.98448,14.0,10.0,40.716364,-73.985193,-3492.0,5.0,64.96443791683336,,,2.0,-19.0,
2026-01-07T19:37:44,4a88452c-590a-46bd-b01f-3ee51f3fd733_6a7b2cf7-6d09-41df-801b-3a6e3fd792ce,19bccc35-dcf6-3caf-968a-c044a0d13d0e,4a88452c-590a-46bd-b01f-3ee51f3fd733,nycmesh-730-wavepro-2299,6a7b2cf7-6d09-41df-801b-3a6e3fd792ce,nycmesh-2299-wavepro-730,40.843925,-73.893033,,72.0,40.861363,-73.907873,,80.4,2224.0,69120.0,MHz,-43.0,-42.0,ap-ptp
2026-01-07T19:37:44,b9c2b771-359e-48c3-8f58-f02ed9f66afe_a203a58c-79b2-4c38-8d45-0b7f680ff725,19e4bb0f-f263-3342-9dd1-073087c3756f,b9c2b771-359e-48c3-8f58-f02ed9f66afe,nycmesh-2463-northeast,a203a58c-79b2-4c38-8d45-0b7f680ff725,nycmesh-lbe-3623,40.719898,-73.988024,11.0,8.0,40.719897625,-73.98805175,,5.0,2.0,5770.0,MHz,-69.0,-56.0,ap-ptmp-airmax-ac
2026-01-07T19:37:44,82094c68-d2cf-4d01-b38b-897ff93940f4_a83279b0-9805-4adc-b7b2-d3b9d56f6703,1a30dd98-c182-378d-8d23-e1d4368137b3,82094c68-d2cf-4d01-b38b-897ff93940f4,nycmesh-584-olt-xgs,a83279b0-9805-4adc-b7b2-d3b9d56f6703,584-East-18J-1G-Elan,40.79355,-73.965641,,10.0,40.79355,-73.965641,,5.0,0.0,,,3.0,-15.0,
2026-01-07T19:37:44,001161b2-4033-45a3-a05f-06a6efa60b18_de038fb3-e1f5-4c0e-a9e6-b659a37ddcfb,1a3b214f-fcb2-3637-a207-1b471f610a33,001161b2-4033-45a3-a05f-06a6efa60b18,nycmesh-511-west,de038fb3-e1f5-4c0e-a9e6-b659a37ddcfb,nycmesh-lbe-617,40.70538,-73.930575,,24.0,40.705208,-73.934124,,5.0,1.0,5505.0,MHz,-58.0,-64.0,ap-ptmp-airmax-mixed
2026-01-07T19:37:44,aab8ff3f-3834-4560-b507-2cd0fd7896c0_f9c0db6d-985d-452b-884e-f90fb69e109e,1a556c9f-23a4-457b-8ec0-1fbf08e9d033,aab8ff3f-3834-4560-b507-2cd0fd7896c0,nycmesh-1934-core,f9c0db6d-985d-452b-884e-f90fb69e109e,nycmesh-1933-eh8010-5916,40.716142,-73.98448,,10.0,40.715467,-73.984401,,97.0,75.35131590571402,,,,,
2026-01-07T19:37:44,7ee45009-6bc2-4a26-9b83-a3b07c70a3f6_49f6178d-6c83-4610-b338-0762093de425,1a601126-c947-31a4-a708-18ae0a7f040c,7ee45009-6bc2-4a26-9b83-a3b07c70a3f6,nycmesh-1934-olt-131-460,49f6178d-6c83-4610-b338-0762093de425,131-14h,40.716142,-73.98448,14.0,10.0,40.716364,-73.985193,-3492.0,5.0,64.96443791683336,,,3.0,-14.0,
2026-01-07T19:37:44,ab004b00-e617-4a51-a9c9-2d7b7a683a6c_0f6c9269-f14d-4b02-be62-cb496fe89eae,1a941509-a9dd-37d6-a5aa-57b9282631c2,ab004b00-e617-4a51-a9c9-2d7b7a683a6c,nycmesh-835-southeast,0f6c9269-f14d-4b02-be62-cb496fe89eae,nycmesh-lbe-7516,40.685214,-73.954595,,10.0,40.684582,-73.953083,,5.0,128.0,5760.0,MHz,-51.0,-66.0,ap-ptmp
2026-01-07T19:37:44,4a6f43ed-ac8b-41c6-867b-e893d9737c31_c3d880da-d546-43d7-80b4-5af1c1902129,1aa47723-4f55-30ed-b50b-3e2dd146d0c2,4a6f43ed-ac8b-41c6-867b-e893d9737c31,nycmesh-1936-olt-xgs-165,c3d880da-d546-43d7-80b4-5af1c1902129,1936-06J,40.716797,-73.985577,,10.0,40.716797,-73.985577,,5.0,0.0,,,3.0,-16.0,
2026-01-07T19:37:44,a02480b9-09be-4691-87a4-9f99c013c262_33caf4e4-7f84-49bb-8317-b63cb5caf4e7,1aafbdfe-2cd9-313e-8168-8f4984e12839,a02480b9-09be-4691-87a4-9f99c013c262,nycmesh-3461-waveap-north,33caf4e4-7f84-49bb-8317-b63cb5caf4e7,nycmesh-5134-af60lr,40.672531,-73.964197,,0.0,40.67352,-73.964083,,71.0,110.3912369260654,66960.0,MHz,-55.0,-61.0,ap-ptmp
2026-01-07T19:37:44,0918a738-1afe-4532-a5c4-2eae6ec810d8_ffd5f9ad-a731-4d6d-8601-c74ef764b682,1ac07ec8-85b4-4a76-8ab1-80a737a51a6b,0918a738-1afe-4532-a5c4-2eae6ec810d8,nycmesh-527-epr6,ffd5f9ad-a731-4d6d-8601-c74ef764b682,nycmesh-527-west,40.635004,-73.950213,,10.0,40.635004,-73.950213,,10.0,0.0,,,,,ap-ptmp
2026-01-07T19:37:44,4a6f43ed-ac8b-41c6-867b-e893d9737c31_6065be7c-151c-4dba-bff2-13363bbac2c4,1af54179-6d0f-381e-8897-fe074dca115d,4a6f43ed-ac8b-41c6-867b-e893d9737c31,nycmesh-1936-olt-xgs-165,6065be7c-151c-4dba-bff2-13363bbac2c4,1936-14I ,40.716797,-73.985577,,10.0,40.716797,-73.985577,,5.0,0.0,,,5.0,-17.0,
2026-01-07T19:37:44,82094c68-d2cf-4d01-b38b-897ff93940f4_50462f2e-58b6-4bd3-a084-f041905b03b1,1af87279-3601-3698-b86a-1f681d6d0a8e,82094c68-d2cf-4d01-b38b-897ff93940f4,nycmesh-584-olt-xgs,50462f2e-58b6-4bd3-a084-f041905b03b1,584-East-10H-1G-Chloe,40.79355,-73.965641,,10.0,40.79355,-73.965641,,5.0,0.0,,,2.0,-15.0,
2026-01-07T19:37:44,7ee45009-6bc2-4a26-9b83-a3b07c70a3f6_395e48d9-b338-4182-9ccb-994e2b16855e,1b07dd8c-3d31-3ddf-833c-f7f058196093,7ee45009-6bc2-4a26-9b83-a3b07c70a3f6,nycmesh-1934-olt-131-460,395e48d9-b338-4182-9ccb-994e2b16855e,131-13B,40.716142,-73.98448,14.0,10.0,40.716364,-73.985193,-3492.0,5.0,64.96443791683336,,,4.0,-24.0,
2026-01-07T19:37:44,bd496c6c-7b62-4b77-8020-6d86bbbc7694_d944614d-95ee-45ac-bd86-874aa984f033,1b0d0601-9e03-4419-9198-177d023debff,bd496c6c-7b62-4b77-8020-6d86bbbc7694,nycmesh-648-eps16,d944614d-95ee-45ac-bd86-874aa984f033,nycmesh-648-east,40.639719,-73.995809,,25.0,40.639504,-73.996299,,25.0,47.759080870016646,,,,,ap-ptmp-airmax-mixed
2026-01-07T19:37:44,7ee45009-6bc2-4a26-9b83-a3b07c70a3f6_6e6134fd-018e-41e0-b945-d1afc3a0d758,1b3123ef-a9fc-3ea6-90e0-3c307b33c152,7ee45009-6bc2-4a26-9b83-a3b07c70a3f6,nycmesh-1934-olt-131-460,6e6134fd-018e-41e0-b945-d1afc3a0d758,131-16F,40.716142,-73.98448,14.0,10.0,40.716364,-73.985193,-3492.0,5.0,64.96443791683336,,,,,
2026-01-07T19:37:44,62a74494-aef0-45ad-ae4e-45f50fb5d591_9cc1e2d0-157b-4be1-82b7-4be3ba4e6024,1b34e58f-6717-4f70-a849-561c8f6516a9,62a74494-aef0-45ad-ae4e-45f50fb5d591,nycmesh-2701-np16-1,9cc1e2d0-157b-4be1-82b7-4be3ba4e6024,nycmesh-2701-omni,40.647781,-74.000767,45.0,10.0,40.647781,-74.000767,45.0,10.0,0.0,,,,,
2026-01-07T19:37:44,2dd722be-1425-4e1c-b356-2b626ab7e864_7b044371-6cb5-46cb-992b-f6cba37500e7,1b4db718-73d5-4b98-b75e-a06ab2743373,2dd722be-1425-4e1c-b356-2b626ab7e864,nycmesh-227-eps16,7b044371-6cb5-46cb-992b-f6cba37500e7,nycmesh-227-ps5ac-northeast1,40.710886,-74.001202,10.0,161.544,40.710886,-74.001202,,161.544,0.0,,,,,ap-ptmp-airmax-mixed
2026-01-07T19:37:44,04b4e343-7e14-4512-a8bc-250c1048f378_66725ee8-d50c-4d99-99d6-51576c2e70cc,1b4e07d4-02f0-4878-ac68-4268e35405cf,04b4e343-7e14-4512-a8bc-250c1048f378,nycmesh-4801-omni,66725ee8-d50c-4d99-99d6-51576c2e70cc,nycmesh-4801-lhg60,40.696038,-73.939764,23.0,5.0,40.696038,-73.939764,23.0,5.0,0.0,,,,,
2026-01-07T19:37:44,1f9f3b98-050c-4b95-95d5-b76e636677c1_5bba00e8-1d1c-4b46-a4d5-fbdc7f2afb0f,1b8a436f-aabb-3c87-b7e1-39deec2fc985,1f9f3b98-050c-4b95-95d5-b76e636677c1,nycmesh-511-northeast,5bba00e8-1d1c-4b46-a4d5-fbdc7f2afb0f,nycmesh-lbe-882,40.70538,-73.930575,,24.0,40.705649,-73.927835,,5.0,1.0,5555.0,MHz,-59.0,-54.0,ap-ptmp
2026-01-07T19:37:44,7ee45009-6bc2-4a26-9b83-a3b07c70a3f6_84550ec5-a8d8-4171-855a-1122ece528b0,1b98efec-4103-3120-8b4e-14da107c5c50,7ee45009-6bc2-4a26-9b83-a3b07c70a3f6,nycmesh-1934-olt-131-460,84550ec5-a8d8-4171-855a-1122ece528b0,460-07C,40.716142,-73.98448,14.0,10.0,40.715645,-73.984543,13.0,5.0,55.51836572683728,,,3.0,-17.0,
2026-01-07T19:37:44,06617725-87b2-45e8-8962-30497e654509_452d56f7-cdcf-4e2f-9f5d-8ec395e2806c,1bb53600-3460-3ea2-84bf-501d900b7c14,06617725-87b2-45e8-8962-30497e654509,nycmesh-730-olt-xgs,452d56f7-cdcf-4e2f-9f5d-8ec395e2806c,730-04N,40.844422,-73.893677,,69.000015,40.844422,-73.893677,,5.0,0.0,,,4.0,-15.0,
2026-01-07T19:37:44,12010c8c-9f46-4e45-81e4-62d7090fbcd5_21c840fb-9a7a-4144-93aa-0891f44c618e,1bf77b32-d5fe-339b-9b5b-a062c0734d44,12010c8c-9f46-4e45-81e4-62d7090fbcd5,nycmesh-1340-east,21c840fb-9a7a-4144-93aa-0891f44c618e,nycmesh-lbe-3480,40.686016,-73.917493,,53.3,40.6858,-73.9173,,25.01,1.0,5560.0,MHz,-65.0,-66.0,ap-ptmp-airmax-mixed
2026-01-07T19:37:44,06617725-87b2-45e8-8962-30497e654509_a5c862f7-b113-4e3d-8f3a-3ac5269a9f46,1c12d239-f78b-3809-9479-68b55683f7e7,06617725-87b2-45e8-8962-30497e654509,nycmesh-730-olt-xgs,a5c862f7-b113-4e3d-8f3a-3ac5269a9f46,730-02D,40.844422,-73.893677,,69.000015,40.844422,-73.893677,,5.0,0.0,,,3.0,-14.0,
2026-01-07T19:37:44,94d6cc26-c9c2-432d-83b5-e881c641167f_d1f3edec-127b-4a72-a7cb-f7b5b77e0d73,1c362f35-d994-4a68-81b9-8a964ee26b2e,94d6cc26-c9c2-432d-83b5-e881c641167f,nycmesh-lbe-217,d1f3edec-127b-4a72-a7cb-f7b5b77e0d73,nycmesh-217-omni,40.6578,-74.0048,,10.0,40.649808,-74.004296,,10.0,889.6863516131455,,,-64.0,-70.0,sta-ptmp
2026-01-07T19:37:44,7aeddb2e-9508-476a-907d-e7089c2569bc_bbb7f053-93c3-4ad4-85f6-460aa467abd1,1c5542fd-0c9d-33ec-966b-71f5bbc99373,7aeddb2e-9508-476a-907d-e7089c2569bc,nycmesh-5916-waveap-northeast,bbb7f053-93c3-4ad4-85f6-460aa467abd1,nycmesh-169-af60lr,40.696036,-73.93963,,99.9,40.70858,-73.921552,8.0,24.2,2043.0,68040.0,MHz,-59.0,-58.0,ap-ptmp
2026-01-07T19:37:44,9ec55494-cdd1-4b62-be3a-0ce25031aeba_bd4045a1-144d-4554-9703-c012c5f3460b,1ca45b42-380f-3cdd-9ceb-21b3608a3edd,9ec55494-cdd1-4b62-be3a-0ce25031aeba,nycmesh-227-ps5ac-north1,bd4045a1-144d-4554-9703-c012c5f3460b,nycmesh-lbe-886,40.711095,-74.001382,,161.544,40.71088,-74.0012,10.0,8.0,1.0,5490.0,MHz,-58.0,-55.0,ap-ptmp-airmax-mixed
2026-01-07T19:37:44,5a8fb98b-64be-4f5a-939c-122cde5dd088_6e8aacfc-5138-4336-82e3-9ff87d8ac6e3,1cab646f-e20f-37f9-aa60-2296728201aa,5a8fb98b-64be-4f5a-939c-122cde5dd088,nycmesh-641-south,6e8aacfc-5138-4336-82e3-9ff87d8ac6e3,nycmesh-lbe-634,40.7988,-73.9387,,10.0,40.7992,-73.9367,,5.0,174.12696352501712,5825.0,MHz,-54.0,-58.0,ap-ptmp
2026-01-07T19:37:44,1af5b87e-d1f4-422e-8718-49e9cf980227_2f284729-33c4-4e14-a012-01d1cbfcf483,1ce11499-4581-3d14-a47a-b5b31b357321,1af5b87e-d1f4-422e-8718-49e9cf980227,nycmesh-1340-south,2f284729-33c4-4e14-a012-01d1cbfcf483,nycmesh-lbe-332,40.686016,-73.917493,,53.3,40.685823,-73.917272,,25.01,1.0,5750.0,MHz,-76.0,-62.0,ap-ptmp-airmax-mixed
2026-01-07T19:37:44,91e7f59b-59bb-49d5-8dc3-cf25bf2ec373_8fbb7e18-dc0c-4605-b76c-0ce56d2c38d9,1ce20940-d5aa-47b6-86c7-858c39b42ebc,91e7f59b-59bb-49d5-8dc3-cf25bf2ec373,nycmesh-1417-core,8fbb7e18-dc0c-4605-b76c-0ce56d2c38d9,nycmesh-1417-omni,40.71363,-73.935641,,14.0,40.71363,-73.935641,,14.0,0.0,,,,,
2026-01-07T19:37:44,7ee45009-6bc2-4a26-9b83-a3b07c70a3f6_f087a9d3-ae63-4492-b1bd-6c1c7165597f,1e1234cc-1d97-3920-a48a-dc98e780935a,7ee45009-6bc2-4a26-9b83-a3b07c70a3f6,nycmesh-1934-olt-131-460,f087a9d3-ae63-4492-b1bd-6c1c7165597f,131-21D,40.716142,-73.98448,14.0,10.0,40.716364,-73.985193,-3492.0,5.0,64.96443791683336,,,3.0,-23.0,
2026-01-07T19:37:44,a57ddde1-6fff-463a-bbee-cbe90258daa6_949196ac-53b4-4231-8a38-d10ed5613bca,1e2ef89c-bc05-3291-95d2-151446ef8c4c,a57ddde1-6fff-463a-bbee-cbe90258daa6,nycmesh-1932-olt-410,949196ac-53b4-4231-8a38-d10ed5613bca,410-19B,40.716098,-73.985997,14.0,100.32,40.716338,-73.986263,14.0,5.0,34.85361611376818,,,2.0,-25.0,
2026-01-07T19:37:44,7ee45009-6bc2-4a26-9b83-a3b07c70a3f6_a0e5091d-0864-43ab-85cf-e69d6c0f6490,1e46f40d-5e15-3d81-8731-23e1a556770e,7ee45009-6bc2-4a26-9b83-a3b07c70a3f6,nycmesh-1934-olt-131-460,a0e5091d-0864-43ab-85cf-e69d6c0f6490,131-25B,40.716142,-73.98448,14.0,10.0,40.716364,-73.985193,-3492.0,5.0,64.96443791683336,,,2.0,-18.0,
2026-01-07T19:37:44,33346643-f7a4-4055-aaf9-4f397d4ccd8d_23d431ca-8218-4289-9484-3c976dd310b4,1e97c3fb-30f9-4524-990d-f730c2a37097,33346643-f7a4-4055-aaf9-4f397d4ccd8d,nycmesh-lbe-7985,23d431ca-8218-4289-9484-3c976dd310b4,nycmesh-7985-omni,40.67596,-73.94076,23.0,15.0,40.675959,-73.940744,,15.0,1.3538717442342882,,,-48.0,-48.0,sta-ptmp
2026-01-07T19:37:44,0d1b527e-12c3-4748-b37b-4d02a06e9214_b55b1d8a-729a-4f6a-a99c-05df3a9284f4,1eb9c229-59d9-4f0b-bd3b-d4b79483bd9e,0d1b527e-12c3-4748-b37b-4d02a06e9214,nycmesh-713-core,b55b1d8a-729a-4f6a-a99c-05df3a9284f4,nycmesh-713-eps16,40.657782,-74.004848,,45.32,40.657782,-74.004848,,45.32,0.0,,,,,
2026-01-07T19:37:44,4a6f43ed-ac8b-41c6-867b-e893d9737c31_7487b27c-a452-47ce-a53a-957d0ad2cf5f,1ebf1cb8-1930-3dcf-8e2c-045486daa8e9,4a6f43ed-ac8b-41c6-867b-e893d9737c31,nycmesh-1936-olt-xgs-165,7487b27c-a452-47ce-a53a-957d0ad2cf5f,1936-09N,40.716797,-73.985577,,10.0,40.716797,-73.985577,,5.0,0.0,,,4.0,-17.0,
2026-01-07T19:37:44,c6e5cad9-95d0-4440-86ce-65437fede532_94795a3a-8224-4b84-a5e8-18153ebb2e15,1ec060ae-e3eb-3899-a851-bfe357c062f0,c6e5cad9-95d0-4440-86ce-65437fede532,nycmesh-sn3-north,94795a3a-8224-4b84-a5e8-18153ebb2e15,nycmesh-lbe-4681,40.6579,-74.0049,,45.32,40.6578,-74.0048,5.0,5.0,1.0,5560.0,MHz,-57.0,-56.0,ap-ptmp-airmax-mixed
2026-01-07T19:37:44,3f0a8dfb-c789-42a7-8351-8233ee097b11_9966657d-2a58-4975-8e77-06ce971c9667,1ec78707-6a4d-3860-85e3-2455c229cdba,3f0a8dfb-c789-42a7-8351-8233ee097b11,nycmesh-5916-lbe-west,9966657d-2a58-4975-8e77-06ce971c9667,nycmesh-lbe-1779,40.696,-73.9398,,67.46,40.694,-73.955,23.0,25.0,1286.0,5490.0,MHz,-58.0,-60.0,ap-ptmp-airmax-mixed
2026-01-07T19:37:44,a4952ad1-1fb2-4447-9fb8-6504bd038897_e4b7cad6-938a-4cd1-bafa-d684d6a08471,1ec9e5e5-b549-4f94-a5f4-500d972e0a5f,a4952ad1-1fb2-4447-9fb8-6504bd038897,nycmesh-3461-tns100,e4b7cad6-938a-4cd1-bafa-d684d6a08471,nycmesh-3461-waveapmicro-north,40.672531,-73.964197,,60.95,40.672686,-73.963954,,96.5,26.777522217705464,,,-63.0,-68.0,ap-ptmp
2026-01-07T19:37:44,df637196-b300-4ef8-9542-10cefcf702f1_c8157833-03ef-4f92-aeec-56edb7f5a709,1ee05572-e97e-34e1-b090-030ba8abbb7e,df637196-b300-4ef8-9542-10cefcf702f1,nycmesh-544-south,c8157833-03ef-4f92-aeec-56edb7f5a709,nycmesh-lbe-1327,40.718504,-73.995954,14.0,100.32,40.718,-73.998,14.0,5.0,1.0,5550.0,MHz,-53.0,-60.0,ap-ptmp-airmax-mixed
2026-01-07T19:37:44,82094c68-d2cf-4d01-b38b-897ff93940f4_325a3405-0efe-4360-9394-474a22d901da,1ee536c3-7804-38bf-8350-89cd629bb0a9,82094c68-d2cf-4d01-b38b-897ff93940f4,nycmesh-584-olt-xgs,325a3405-0efe-4360-9394-474a22d901da,584-West-05P-1G-Jens,40.79355,-73.965641,,10.0,40.79355,-73.965641,,5.0,0.0,,,4.0,-17.0,
2026-01-07T19:37:44,875e2e0e-b9fe-4a6b-bb8a-00182497ae1f_022c5679-dada-4c1b-9ca7-fd9404368654,1ef5f840-b0f7-35b1-98c5-2c392f2e24c4,875e2e0e-b9fe-4a6b-bb8a-00182497ae1f,nycmesh-5916-waveap-south,022c5679-dada-4c1b-9ca7-fd9404368654,nycmesh-512-af60lr,40.696113,-73.939843,,90.0,40.685001,-73.944024,23.0,34.7,1.0,66960.0,MHz,-59.0,-70.0,ap-ptmp
2026-01-07T19:37:44,06617725-87b2-45e8-8962-30497e654509_4ca4c89a-a863-43e7-901a-9e37b8a7179a,1f030173-8be7-3db0-b8ff-f75496be48f5,06617725-87b2-45e8-8962-30497e654509,nycmesh-730-olt-xgs,4ca4c89a-a863-43e7-901a-9e37b8a7179a,730-05F,40.844422,-73.893677,,69.000015,40.844422,-73.893677,,5.0,0.0,,,5.0,-16.0,
2026-01-07T19:37:44,9ec55494-cdd1-4b62-be3a-0ce25031aeba_e8264de3-afb9-4bb2-8a21-1b7c48bdf5c1,1f1a4cf6-e334-3704-80d4-5319d9cb2b44,9ec55494-cdd1-4b62-be3a-0ce25031aeba,nycmesh-227-ps5ac-north1,e8264de3-afb9-4bb2-8a21-1b7c48bdf5c1,nycmesh-lbe-3127,40.711095,-74.001382,,161.544,40.724523,-73.994684,10.0,8.0,1.0,5490.0,MHz,-64.0,-62.0,ap-ptmp-airmax-mixed
2026-01-07T19:37:44,7b044371-6cb5-46cb-992b-f6cba37500e7_1e9e4b13-6723-47a9-8ecb-bdbf1d53c8fb,1f255fb3-65d3-3e52-a8dd-8c868bbad03c,7b044371-6cb5-46cb-992b-f6cba37500e7,nycmesh-227-ps5ac-northeast1,1e9e4b13-6723-47a9-8ecb-bdbf1d53c8fb,nycmesh-lbe-517,40.710886,-74.001202,,161.544,40.712682,-73.998146,10.0,8.0,1.0,5305.0,MHz,-65.0,-53.0,ap-ptmp-airmax-mixed
2026-01-07T19:37:44,7bfb4d7a-a78e-4620-a084-4d420a9d8c51_40b56e95-e9ee-443c-bc89-42ff8d6a37cc,1f2cd20e-637e-304a-96e9-21c16caa603e,7bfb4d7a-a78e-4620-a084-4d420a9d8c51,nycmesh-5916-south2,40b56e95-e9ee-443c-bc89-42ff8d6a37cc,nycmesh-lbe-3607,40.696048,-73.939788,,67.46,40.683,-73.946,23.0,10.0,1563.0,5550.0,MHz,-65.0,-58.0,ap-ptmp-airmax-mixed
2026-01-07T19:37:44,c6e5cad9-95d0-4440-86ce-65437fede532_f5eb5b25-5ebd-4976-a579-fdf5b8e1e47d,1f5ff8ea-0414-3db2-9282-9020d86a1f34,c6e5cad9-95d0-4440-86ce-65437fede532,nycmesh-sn3-north,f5eb5b25-5ebd-4976-a579-fdf5b8e1e47d,nycmesh-lbe-736,40.6579,-74.0049,,45.32,40.6578,-74.0048,,5.0,1.0,5560.0,MHz,-66.0,-68.0,ap-ptmp-airmax-mixed
2026-01-07T19:37:44,7ee45009-6bc2-4a26-9b83-a3b07c70a3f6_d6f84cf5-031e-4ee3-aebd-36e60be2e3c1,1f75a87a-8452-35eb-9f59-f195bf1956f4,7ee45009-6bc2-4a26-9b83-a3b07c70a3f6,nycmesh-1934-olt-131-460,d6f84cf5-031e-4ee3-aebd-36e60be2e3c1,460-17G,40.716142,-73.98448,14.0,10.0,40.715645,-73.984543,13.0,5.0,55.51836572683728,,,4.0,-25.0,
2026-01-07T19:37:44,06617725-87b2-45e8-8962-30497e654509_cc843763-1fd4-41d0-bb28-40e9c7090240,1f782c5b-3e5d-3558-a941-0b12b83e52e7,06617725-87b2-45e8-8962-30497e654509,nycmesh-730-olt-xgs,cc843763-1fd4-41d0-bb28-40e9c7090240,730-04B,40.844422,-73.893677,,69.000015,40.844422,-73.893677,,5.0,0.0,,,5.0,-16.0,
2026-01-07T19:37:44,25a60c05-a427-4949-8429-622866062481_6a79600f-2f2a-454e-8573-9cca40860eb3,1f9d4c90-e5c1-3cf2-a8c0-44323caeeffc,25a60c05-a427-4949-8429-622866062481,nycmesh-407-north,6a79600f-2f2a-454e-8573-9cca40860eb3,nycmesh-lbe-659,40.713242,-73.990392,,11.42,40.715779,-73.989839,10.0,8.0,3.0,5505.0,MHz,-65.0,-69.0,ap-ptmp-airmax-mixed
2026-01-07T19:37:44,7ee45009-6bc2-4a26-9b83-a3b07c70a3f6_9c747b3d-c6a0-40a7-9b89-3fae71dbbd07,1fc6cf47-014b-3cec-b542-11581ff0a406,7ee45009-6bc2-4a26-9b83-a3b07c70a3f6,nycmesh-1934-olt-131-460,9c747b3d-c6a0-40a7-9b89-3fae71dbbd07,131-03F,40.716142,-73.98448,14.0,10.0,40.716364,-73.985193,-3492.0,5.0,64.96443791683336,,,3.0,-15.0,
2026-01-07T19:37:44,06617725-87b2-45e8-8962-30497e654509_71bbb40b-45d2-4fb1-b862-3477159537ff,1fe42727-ecc6-321d-a641-6f297dc9dbaa,06617725-87b2-45e8-8962-30497e654509,nycmesh-730-olt-xgs,71bbb40b-45d2-4fb1-b862-3477159537ff,730-04J,40.844422,-73.893677,,69.000015,40.844422,-73.893677,,5.0,0.0,,,4.0,-15.0,
2026-01-07T19:37:44,2630b421-546f-4bc0-8ae2-f92c038f2eed_d0685bdb-70c4-45a2-88e7-42e2a1f4fb3d,2007a55f-0086-3281-9be7-75eee54c3de6,2630b421-546f-4bc0-8ae2-f92c038f2eed,nycmesh-2274-west,d0685bdb-70c4-45a2-88e7-42e2a1f4fb3d,nycmesh-lbe-1567,40.725681,-73.983591,,8.0,40.7257,-73.9837,10.0,8.0,9.425071809574145,5570.0,MHz,-58.0,-57.0,ap-ptmp
2026-01-07T19:37:44,67bcd939-6734-41e7-8845-aba2dfe120f9_a90e8904-0798-4072-a8c5-28b6cd247471,2035999f-4a25-322b-a7da-2f7db98132c2,67bcd939-6734-41e7-8845-aba2dfe120f9,nycmesh-2701-southeast,a90e8904-0798-4072-a8c5-28b6cd247471,nycmesh-lbe-648,40.6478,-74.0007,45.0,10.0,40.6478,-74.0008,45.0,25.0,989.0,5760.0,MHz,-56.0,-51.0,ap-ptmp-airmax-mixed
2026-01-07T19:37:44,7ee45009-6bc2-4a26-9b83-a3b07c70a3f6_b353358b-c51b-4f0e-897c-021289aad2bd,204f7bb2-bc2f-3394-aeb4-52fd5920c96c,7ee45009-6bc2-4a26-9b83-a3b07c70a3f6,nycmesh-1934-olt-131-460,b353358b-c51b-4f0e-897c-021289aad2bd,460-14A,40.716142,-73.98448,14.0,10.0,40.715645,-73.984543,13.0,5.0,55.51836572683728,,,4.0,-25.0,
2026-01-07T19:37:44,e733efb4-d12c-47ea-84e6-9309dd66d12b_7e40b75a-f36b-4792-98a7-fece510fcefd,205116c2-b8d6-3af3-aa8b-97f6a8de75cf,e733efb4-d12c-47ea-84e6-9309dd66d12b,nycmesh-2463-northwest,7e40b75a-f36b-4792-98a7-fece510fcefd,nycmesh-lbe-7535,40.719898,-73.988024,11.0,8.0,40.719898,-73.988024,,5.0,2.0,5710.0,MHz,-61.0,-65.0,ap-ptmp-airmax-ac
2026-01-07T19:37:44,0715d663-ccef-476c-abc5-8c5253c74abe_d6d0196d-9a02-4d82-9482-77c57f79aeea,206c8b9e-8ba0-461e-b456-9ededcf06ab3,0715d663-ccef-476c-abc5-8c5253c74abe,nycmesh-552-omni,d6d0196d-9a02-4d82-9482-77c57f79aeea,nycmesh-552-cube60-217,40.649506,-74.003566,,30.0,40.649506,-74.003566,,30.0,0.0,,,,,
2026-01-07T19:37:44,ed2ba00d-f21e-4da1-96b5-890bb6510dab_f32c4b95-6381-4b8a-b0b2-d041edf9730e,2070b56e-871c-3836-bec2-dd81c2a63691,ed2ba00d-f21e-4da1-96b5-890bb6510dab,nycmesh-5916-northeast,f32c4b95-6381-4b8a-b0b2-d041edf9730e,nycmesh-lbe-520,40.696038,-73.939764,,67.46,40.696038,-73.939764,10.0,5.0,1.0,5550.0,MHz,-69.0,-71.0,ap-ptmp-airmax-mixed
2026-01-07T19:37:44,4ec70dea-528c-4426-a240-722295c916b1_9d0652de-3faa-4795-b652-9a0fcb274280,2126341d-adaa-397f-aefa-2dc8127fca4a,4ec70dea-528c-4426-a240-722295c916b1,nycmesh-1340-north2,9d0652de-3faa-4795-b652-9a0fcb274280,nycmesh-lbe-691,40.685988,-73.917573,,12.93,40.7029,-73.9192,,20.0,1901.0,5745.0,MHz,-44.0,-68.0,ap-ptmp-airmax-mixed
2026-01-07T19:37:44,a57ddde1-6fff-463a-bbee-cbe90258daa6_bc4567a1-ecb6-4e18-854f-86d1db7bb902,2145e91f-7a06-33f1-a7a5-0f47ba52c48b,a57ddde1-6fff-463a-bbee-cbe90258daa6,nycmesh-1932-olt-410,bc4567a1-ecb6-4e18-854f-86d1db7bb902,410-23F,40.716098,-73.985997,14.0,100.32,40.716338,-73.986263,14.0,5.0,34.85361611376818,,,4.0,-18.0,
2026-01-07T19:37:44,0b67e309-6e94-4c8f-8075-60fa4072d6f9_c462dbf2-1357-494c-a6af-ea3b02c96c03,214784e0-b082-4180-a8ab-127364d092b0,0b67e309-6e94-4c8f-8075-60fa4072d6f9,nycmesh-162-core,c462dbf2-1357-494c-a6af-ea3b02c96c03,nycmesh-162-eps16,40.664997,-73.990543,,40.0,40.664997,-73.990543,,40.0,0.0,,,,,
2026-01-07T19:37:44,06617725-87b2-45e8-8962-30497e654509_d08cd905-0b59-46c5-9f26-c478e4a0194e,21645319-8878-30f3-af8f-7342c3d4db77,06617725-87b2-45e8-8962-30497e654509,nycmesh-730-olt-xgs,d08cd905-0b59-46c5-9f26-c478e4a0194e,730-02R,40.844422,-73.893677,,69.000015,40.844422,-73.893677,,5.0,0.0,,,3.0,-16.0,
2026-01-07T19:37:44,371df153-99dc-43a3-8ea1-dad940690be8_94d6cc26-c9c2-432d-83b5-e881c641167f,216d1f60-6b30-38bb-946a-a4d606d5d556,371df153-99dc-43a3-8ea1-dad940690be8,nycmesh-sn3-south,94d6cc26-c9c2-432d-83b5-e881c641167f,nycmesh-lbe-217,40.657782,-74.004848,,45.32,40.6578,-74.0048,,10.0,888.0,5490.0,MHz,-64.0,-70.0,ap-ptmp-airmax-mixed
2026-01-07T19:37:44,7adf0e38-79e9-4b45-9421-4371643cd4f0_a6a50739-7832-4fa0-ad9b-3ee7ab7c7344,2199d19e-3a9f-3ac0-a592-88c338a6469d,7adf0e38-79e9-4b45-9421-4371643cd4f0,nycmesh-7512-southwest,a6a50739-7832-4fa0-ad9b-3ee7ab7c7344,nycmesh-lbe-6925,40.698383,-73.972688,,10.0,40.6983825,-73.9726875,,5.0,1.0,5560.0,MHz,,-59.0,ap-ptmp-airmax-mixed
2026-01-07T19:37:44,82094c68-d2cf-4d01-b38b-897ff93940f4_f65103af-885d-456d-9f44-bafda397db06,21a57d0b-68a9-38f6-87d8-3933f52731a8,82094c68-d2cf-4d01-b38b-897ff93940f4,nycmesh-584-olt-xgs,f65103af-885d-456d-9f44-bafda397db06,584-East-07A-1G-Michael,40.79355,-73.965641,,10.0,40.79355,-73.965641,,5.0,0.0,,,4.0,-16.0,
2026-01-07T19:37:44,9da2ae7f-c0ab-452d-868b-c6b498e4a45c_112cb3fa-8d46-4df0-859a-5da420cfec8c,21c4e11c-3e66-33dd-876f-c06b224cc97f,9da2ae7f-c0ab-452d-868b-c6b498e4a45c,nycmesh-3-es8,112cb3fa-8d46-4df0-859a-5da420cfec8c,nycmesh-3-epr6,40.724868,-73.987898,,-32.0,40.71088,-74.0012,10.0,8.0,1917.3010554552834,,,,,
2026-01-07T19:37:44,4ec70dea-528c-4426-a240-722295c916b1_cfa1a62e-5789-48b6-a1ed-243121ddcd41,21e3dfc3-f20f-3157-a1ee-cad4862ce4df,4ec70dea-528c-4426-a240-722295c916b1,nycmesh-1340-north2,cfa1a62e-5789-48b6-a1ed-243121ddcd41,nycmesh-lbe-922,40.685988,-73.917573,,12.93,40.6858,-73.9173,,25.01,1.0,5745.0,MHz,-44.0,-44.0,ap-ptmp-airmax-mixed
2026-01-07T19:37:44,a57ddde1-6fff-463a-bbee-cbe90258daa6_28b7533b-c69a-4e0d-b5b7-c5a34d11402c,2204c20f-109d-34cd-9fc8-adc71fca08e7,a57ddde1-6fff-463a-bbee-cbe90258daa6,nycmesh-1932-olt-410,28b7533b-c69a-4e0d-b5b7-c5a34d11402c,410-5B,40.716098,-73.985997,14.0,100.32,40.716338,-73.986263,14.0,5.0,34.85361611376818,,,4.0,-20.0,
2026-01-07T19:37:44,4a6f43ed-ac8b-41c6-867b-e893d9737c31_9ca25be9-c1d2-4694-955c-1dbf9a30bf64,221946f3-37b5-3d0f-aaa0-8319a6fdd62d,4a6f43ed-ac8b-41c6-867b-e893d9737c31,nycmesh-1936-olt-xgs-165,9ca25be9-c1d2-4694-955c-1dbf9a30bf64,1936-10R,40.716797,-73.985577,,10.0,40.716797,-73.985577,,5.0,0.0,,,4.0,-16.0,
2026-01-07T19:37:44,06617725-87b2-45e8-8962-30497e654509_746b89a0-86ae-45d5-9c00-af0f6c2bff0b,222fed96-9efb-3440-b01f-f8ccdcc4ed88,06617725-87b2-45e8-8962-30497e654509,nycmesh-730-olt-xgs,746b89a0-86ae-45d5-9c00-af0f6c2bff0b,730-05C,40.844422,-73.893677,,69.000015,40.844422,-73.893677,,5.0,0.0,,,4.0,-15.0,
2026-01-07T19:37:44,4a6f43ed-ac8b-41c6-867b-e893d9737c31_8695232e-a76e-43cf-9b6b-989fd642c709,223ca6ac-d5c1-3ef5-a35b-39c89724aa63,4a6f43ed-ac8b-41c6-867b-e893d9737c31,nycmesh-1936-olt-xgs-165,8695232e-a76e-43cf-9b6b-989fd642c709,1936-11Q,40.716797,-73.985577,,10.0,40.716797,-73.985577,,5.0,0.0,,,4.0,-17.0,
2026-01-07T19:37:44,0918a738-1afe-4532-a5c4-2eae6ec810d8_873f0c55-0625-40e9-8ea7-b5f4bba09b61,2259c6e8-a6a0-46c2-9dfb-ec1d88869a00,0918a738-1afe-4532-a5c4-2eae6ec810d8,nycmesh-527-epr6,873f0c55-0625-40e9-8ea7-b5f4bba09b61,nycmesh-527-north,40.635004,-73.950213,,10.0,40.635004,-73.950213,,10.0,0.0,,,,,ap-ptmp-airmax-mixed
2026-01-07T19:37:44,8a69e161-5fb1-4838-82a0-00ac5fe3874f_535248a0-89ea-44e5-b7fc-89760abcbba3,225cdab4-0ba7-3ec9-b33d-ded9db65b1f6,8a69e161-5fb1-4838-82a0-00ac5fe3874f,nycmesh-664-north,535248a0-89ea-44e5-b7fc-89760abcbba3,nycmesh-lbe-601,40.705693,-73.915192,,8.0,40.7056,-73.9152,22.0,8.0,10.36309209206543,5810.0,MHz,-50.0,-46.0,ap-ptmp
2026-01-07T19:37:44,4a6f43ed-ac8b-41c6-867b-e893d9737c31_0b8bec8e-1b12-4e70-878a-df6c31628675,225fe10f-2daf-3929-a1d1-e03fdf2879fc,4a6f43ed-ac8b-41c6-867b-e893d9737c31,nycmesh-1936-olt-xgs-165,0b8bec8e-1b12-4e70-878a-df6c31628675,1936-08R,40.716797,-73.985577,,10.0,40.716797,-73.985577,,5.0,0.0,,,3.0,-15.0,
2026-01-07T19:37:44,ef47c82e-ec64-492e-ab2a-93e6a45d6cbc_f3aa2580-41e2-4b03-b556-c690635a8c48,2271750b-3953-4c65-9966-966a631723ee,ef47c82e-ec64-492e-ab2a-93e6a45d6cbc,nycmesh-2299-eps16,f3aa2580-41e2-4b03-b556-c690635a8c48,nycmesh-2299-southwest,40.861367,-73.907738,,10.0,40.861367,-73.907738,,10.0,0.0,,,,,ap-ptmp-airmax-mixed
2026-01-07T19:37:44,0a45a9c2-11ce-43ad-9f9a-6e3852f80d6f_0c827a31-0a83-4ac8-be5b-955702fe6092,22b037c0-7216-38cf-b081-b45dd5d799ac,0a45a9c2-11ce-43ad-9f9a-6e3852f80d6f,nycmesh-3959-eps16-east,0c827a31-0a83-4ac8-be5b-955702fe6092,nycmesh-3959-east,40.841612,-73.941817,,10.0,40.841612,-73.941817,,10.0,0.0,,,,,ap-ptmp-airmax-mixed
2026-01-07T19:37:44,4a6f43ed-ac8b-41c6-867b-e893d9737c31_abc941e1-78ec-4b81-9351-122f588889ab,22c47169-04c3-3361-a7e5-dafbea8def28,4a6f43ed-ac8b-41c6-867b-e893d9737c31,nycmesh-1936-olt-xgs-165,abc941e1-78ec-4b81-9351-122f588889ab,1936-11R,40.716797,-73.985577,,10.0,40.716797,-73.985577,,5.0,0.0,,,5.0,-17.0,
2026-01-07T19:37:44,029b9158-d691-4968-a7b3-7ffbe1ae03d3_3290c0ca-1789-4c25-8e86-33b6b4aebe17,22d77e5f-7323-3382-93c3-0c9c228628f5,029b9158-d691-4968-a7b3-7ffbe1ae03d3,nycmesh-3461-northwest,3290c0ca-1789-4c25-8e86-33b6b4aebe17,nycmesh-lbe-450,40.672685,-73.96386,,60.95,40.6725,-73.9642,,5.0,35.28977579122606,5510.0,MHz,-67.0,-64.0,ap-ptmp
2026-01-07T19:37:44,82094c68-d2cf-4d01-b38b-897ff93940f4_b05d1522-0b56-46d3-b49e-96d7ea9549f9,22feb983-53d1-31fe-b591-16d0bb96e175,82094c68-d2cf-4d01-b38b-897ff93940f4,nycmesh-584-olt-xgs,b05d1522-0b56-46d3-b49e-96d7ea9549f9,584-West-02X-1G-Jim New ONU,40.79355,-73.965641,,10.0,40.79355,-73.965641,,5.0,0.0,,,4.0,-16.0,
2026-01-07T19:37:44,3b05b7fb-0b4b-4fb6-a925-66be1cec9aa3_0a4826cf-66e1-4142-b020-06a7b5955438,232564d6-6e45-4843-a4ed-8861559736d2,3b05b7fb-0b4b-4fb6-a925-66be1cec9aa3,nycmesh-2463-eps16,0a4826cf-66e1-4142-b020-06a7b5955438,nycmesh-2463-core1,40.719898,-73.988024,11.0,8.0,40.719898,-73.988024,11.0,8.0,0.0,,,,,
2026-01-07T19:37:44,a68ca131-0721-4a0d-9884-be31564e36a3_f296e3be-f158-46fc-b591-d7d476f55e09,2361f315-df2e-3e34-b866-c47bae525ee6,a68ca131-0721-4a0d-9884-be31564e36a3,nycmesh-3461-waveap-south,f296e3be-f158-46fc-b591-d7d476f55e09,nycmesh-4402-wavelr,40.672552,-73.964442,,98.2,40.655607,-73.956788,,40.4,1991.7285474988926,68040.0,MHz,-56.0,-57.0,ap-ptmp
2026-01-07T19:37:44,4ec70dea-528c-4426-a240-722295c916b1_380ebd0f-aab6-4c18-a848-7886459389fa,236e9ab0-1606-325e-91a5-3cd4af177695,4ec70dea-528c-4426-a240-722295c916b1,nycmesh-1340-north2,380ebd0f-aab6-4c18-a848-7886459389fa,nycmesh-lbe-192,40.685988,-73.917573,,12.93,40.6858,-73.9173,,25.01,1.0,5745.0,MHz,-44.0,-50.0,ap-ptmp-airmax-mixed
2026-01-07T19:37:44,371df153-99dc-43a3-8ea1-dad940690be8_d88b50d9-dbd2-46c2-8cfc-283031a047bf,239192d4-f0ae-3ed1-92d8-93a8d268b0bb,371df153-99dc-43a3-8ea1-dad940690be8,nycmesh-sn3-south,d88b50d9-dbd2-46c2-8cfc-283031a047bf,nycmesh-lbe-293,40.657782,-74.004848,,45.32,40.6578,-74.0048,,5.0,1.0,5490.0,MHz,-70.0,-72.0,ap-ptmp-airmax-mixed
2026-01-07T19:37:44,9ec55494-cdd1-4b62-be3a-0ce25031aeba_ecb037f9-907e-44a4-b465-b686410862b8,2392ffaf-1aae-31ea-a46e-509f9ab8078f,9ec55494-cdd1-4b62-be3a-0ce25031aeba,nycmesh-227-ps5ac-north1,ecb037f9-907e-44a4-b465-b686410862b8,nycmesh-lbe-699,40.711095,-74.001382,,161.544,40.71088,-74.0012,10.0,8.0,1.0,5490.0,MHz,-68.0,-64.0,ap-ptmp-airmax-mixed
2026-01-07T19:37:44,4a6f43ed-ac8b-41c6-867b-e893d9737c31_eb905d0c-5b62-439c-8eb7-4d747e079484,23a36511-7670-3cdb-bb18-895bb5a76045,4a6f43ed-ac8b-41c6-867b-e893d9737c31,nycmesh-1936-olt-xgs-165,eb905d0c-5b62-439c-8eb7-4d747e079484,1936-15P,40.716797,-73.985577,,10.0,40.716797,-73.985577,,5.0,0.0,,,4.0,-17.0,
2026-01-07T19:37:44,fd252d47-7983-49dd-a163-2fdf0bb55789_9ecbd869-5635-4751-986f-f46376b65ec5,23d2c242-6a89-4925-a39a-00bb4b05548d,fd252d47-7983-49dd-a163-2fdf0bb55789,nycmesh-1779-omni,9ecbd869-5635-4751-986f-f46376b65ec5,nycmesh-1779-7r-2,40.69404,-73.954797,,25.0,40.69404,-73.954797,,25.0,0.0,,,,,
2026-01-07T19:37:44,4a6f43ed-ac8b-41c6-867b-e893d9737c31_c106cbe6-bf16-43f7-a133-3e50e77e0ac8,23e1590f-1332-3eeb-ad8f-86e589e1518c,4a6f43ed-ac8b-41c6-867b-e893d9737c31,nycmesh-1936-olt-xgs-165,c106cbe6-bf16-43f7-a133-3e50e77e0ac8,1936-13D,40.716797,-73.985577,,10.0,40.716797,-73.985577,,5.0,0.0,,,5.0,-25.0,
2026-01-07T19:37:44,212c5444-84a0-41d4-a20c-c3f913751726_4fb5de28-719b-4d4c-8efd-9246e4d99758,2401a689-06da-4cb8-8983-411f2db9c397,212c5444-84a0-41d4-a20c-c3f913751726,nycmesh-2274-omni,4fb5de28-719b-4d4c-8efd-9246e4d99758,nycmesh-2274-northwest,40.725681,-73.983591,,8.0,40.72579,-73.98355,,8.0,12.60306954148065,,,,,ap-ptmp-airmax-mixed
2026-01-07T19:37:44,d9d0b631-8230-43dd-a22e-b1a9045d5390_37f616cf-9ec8-4fa8-bcf0-b2140fa11c51,24140ce0-81a3-4d16-867d-b5ea66b017a9,d9d0b631-8230-43dd-a22e-b1a9045d5390,nycmesh-2482-af60lr,37f616cf-9ec8-4fa8-bcf0-b2140fa11c51,nycmesh-2482-omni,40.699694,-73.924387,,34.0,40.699705,-73.924278,,10.0,9.26986715993665,,,-58.0,-58.0,sta-ptmp
2026-01-07T19:37:44,4a6f43ed-ac8b-41c6-867b-e893d9737c31_ee6e6f53-8340-465e-b3cf-01449eb278c7,2417edbd-6f1e-3aad-8161-8a25b7b3768f,4a6f43ed-ac8b-41c6-867b-e893d9737c31,nycmesh-1936-olt-xgs-165,ee6e6f53-8340-465e-b3cf-01449eb278c7,1936-07H,40.716797,-73.985577,,10.0,40.716797,-73.985577,,5.0,0.0,,,4.0,-17.0,
2026-01-07T19:37:44,7ee45009-6bc2-4a26-9b83-a3b07c70a3f6_5266ca08-7fd4-4694-8f2e-85e6c7378799,24516484-eea0-30fc-8816-9dae65e5b9d9,7ee45009-6bc2-4a26-9b83-a3b07c70a3f6,nycmesh-1934-olt-131-460,5266ca08-7fd4-4694-8f2e-85e6c7378799,460-06D,40.716142,-73.98448,14.0,10.0,40.715645,-73.984543,13.0,5.0,55.51836572683728,,,4.0,-19.0,
2026-01-07T19:37:44,69fb29ed-89db-46e6-b5b5-2b6bd063ed9a_923cd9e8-7794-4a86-93d1-6751c16e97d7,24523aae-2b8a-3faa-8cd8-442db4ad2f01,69fb29ed-89db-46e6-b5b5-2b6bd063ed9a,nycmesh-2282-southeast,923cd9e8-7794-4a86-93d1-6751c16e97d7,nycmesh-lbe-839,40.682896,-73.993683,13.0,18.29,40.681869,-73.994017,13.0,5.0,1.0,5710.0,MHz,-58.0,-59.0,ap-ptmp-airmax-mixed
2026-01-07T19:37:44,4a6f43ed-ac8b-41c6-867b-e893d9737c31_e860b0fd-b1fd-44af-82ba-821bc2cbe62d,247a2f18-4392-3948-9cfc-b0cf365f8014,4a6f43ed-ac8b-41c6-867b-e893d9737c31,nycmesh-1936-olt-xgs-165,e860b0fd-b1fd-44af-82ba-821bc2cbe62d,1936-15G,40.716797,-73.985577,,10.0,40.716797,-73.985577,,5.0,0.0,,,5.0,-15.0,
2026-01-07T19:37:44,22f8a4e5-891d-48b9-a3b2-9808f9c3b977_d91e2640-0ac4-4b4e-a389-b9b14819289a,249cb4f7-115b-3f32-ae9a-b4c82e4e80f8,22f8a4e5-891d-48b9-a3b2-9808f9c3b977,nycmesh-3461-northeast,d91e2640-0ac4-4b4e-a389-b9b14819289a,nycmesh-lbe-4569,40.672685,-73.96386,,60.95,40.6725,-73.9642,,5.0,35.28977579122606,5560.0,MHz,-61.0,-59.0,ap-ptmp-airmax-mixed
2026-01-07T19:37:44,3e851429-ccde-4c56-a1b7-019e49194141_4b8b3622-e746-4b3e-a0b9-ec78ae739d8f,24b5d069-ba0a-35c5-9133-d3e1005f3da7,3e851429-ccde-4c56-a1b7-019e49194141,nycmesh-227-ps5ac-northeast2,4b8b3622-e746-4b3e-a0b9-ec78ae739d8f,nycmesh-lbe-5975,40.711065,-74.001308,,158.0,40.71164,-73.995926,10.0,8.0,1.0,5820.0,MHz,-64.0,-51.0,ap-ptmp-airmax-mixed
2026-01-07T19:37:44,3de8e12b-eb92-4d64-966b-4a9a3c30cb54_547e3af4-3b66-4a07-8bc8-e9dab03288bb,24c00764-ff50-3b9c-845b-f0d5aa78b8fa,3de8e12b-eb92-4d64-966b-4a9a3c30cb54,nycmesh-5965-west,547e3af4-3b66-4a07-8bc8-e9dab03288bb,nycmesh-lbe-4848,40.606661,-73.992934,,10.0,40.6065179,-73.9928937,,5.0,1.0,5770.0,MHz,,0.0,ap-ptmp
2026-01-07T19:37:44,4a6f43ed-ac8b-41c6-867b-e893d9737c31_0f9ab4cf-3d7b-4467-9282-f7f89f12347b,24f2b22e-dc4c-3333-813d-2d23e94c132c,4a6f43ed-ac8b-41c6-867b-e893d9737c31,nycmesh-1936-olt-xgs-165,0f9ab4cf-3d7b-4467-9282-f7f89f12347b,1936-07R,40.716797,-73.985577,,10.0,40.716797,-73.985577,,5.0,0.0,,,5.0,-17.0,
2026-01-07T19:37:44,bd940043-fefd-42eb-8f9a-0f63cd428035_a33652d1-fd72-4317-a732-f518a397060d,25272157-8416-3e9f-9b10-d4ed3de660dc,bd940043-fefd-42eb-8f9a-0f63cd428035,nycmesh-731-north,a33652d1-fd72-4317-a732-f518a397060d,nycmesh-lbe-690,40.724676,-73.98073,,8.0,40.724676,-73.98073,6.0,8.0,1.0,5770.0,MHz,-43.0,-31.0,ap-ptmp
2026-01-07T19:37:44,601385ad-bf3b-43e9-aef0-dc159eb8c34c_fc8978dd-81f7-4400-a405-2bd7b4210e6c,252de7f9-cda1-495c-b3e3-902c71d3c200,601385ad-bf3b-43e9-aef0-dc159eb8c34c,nycmesh-898-eps16,fc8978dd-81f7-4400-a405-2bd7b4210e6c,nycmesh-898-core,40.830454,-73.941171,41.0,10.0,40.830454,-73.941171,,10.0,0.0,,,,,
2026-01-07T19:37:44,22f8a4e5-891d-48b9-a3b2-9808f9c3b977_f67cafae-a18b-4cdc-92fa-747beb8a0925,252ee258-598a-3fda-a2d7-bf6bb8bac8b4,22f8a4e5-891d-48b9-a3b2-9808f9c3b977,nycmesh-3461-northeast,f67cafae-a18b-4cdc-92fa-747beb8a0925,nycmesh-lbe-2723,40.672685,-73.96386,,60.95,40.672531,-73.9641974,,5.0,33.210007652982235,5560.0,MHz,-63.0,-64.0,ap-ptmp-airmax-mixed
2026-01-07T19:37:44,364be131-f66e-4fd3-bcb2-1671f961e31c_875e2e0e-b9fe-4a6b-bb8a-00182497ae1f,25543ded-7f6c-405a-aa1c-227db4392eab,364be131-f66e-4fd3-bcb2-1671f961e31c,nycmesh-5916-core,875e2e0e-b9fe-4a6b-bb8a-00182497ae1f,nycmesh-5916-waveap-south,40.696038,-73.939764,,67.46,40.696113,-73.939843,,90.0,10.672713409233902,,,-59.0,-57.0,ap-ptmp
2026-01-07T19:37:44,4a6f43ed-ac8b-41c6-867b-e893d9737c31_c2788c30-a874-47fe-ab9d-085c2d5a9f27,255f1164-af3d-3e9f-9ebf-a5c08cfac5e4,4a6f43ed-ac8b-41c6-867b-e893d9737c31,nycmesh-1936-olt-xgs-165,c2788c30-a874-47fe-ab9d-085c2d5a9f27,1936-13N,40.716797,-73.985577,,10.0,40.716797,-73.985577,,5.0,0.0,,,5.0,-16.0,
2026-01-07T19:37:44,4a6f43ed-ac8b-41c6-867b-e893d9737c31_dcb54693-599e-4df9-9784-cb01e2952cbc,257fd5d3-1aae-3b96-92d8-919eb74038b0,4a6f43ed-ac8b-41c6-867b-e893d9737c31,nycmesh-1936-olt-xgs-165,dcb54693-599e-4df9-9784-cb01e2952cbc,1936-14M,40.716797,-73.985577,,10.0,40.716797,-73.985577,,5.0,0.0,,,4.0,-15.0,
2026-01-07T19:37:44,77e44405-aeb3-4df3-82ec-8bee59b78aaa_5d9471f3-3470-40e8-8465-73f48ba0c7a7,258c92bb-46a3-4605-9c4f-091cd45099a0,77e44405-aeb3-4df3-82ec-8bee59b78aaa,nycmesh-lbe-465,5d9471f3-3470-40e8-8465-73f48ba0c7a7,nycmesh-465-omni / Claudina,40.7132633,-73.9903429,10.0,8.0,40.7132633,-73.9903429,10.0,8.0,0.0,,,-56.0,-58.0,sta-ptmp
2026-01-07T19:37:44,06e12270-c227-4bb2-b56c-f56268430611_3ed71473-6bae-435d-adfc-f226f479f952,259481df-5132-3e9c-9526-bffb198d9c38,06e12270-c227-4bb2-b56c-f56268430611,nycmesh-5014-west,3ed71473-6bae-435d-adfc-f226f479f952,nycmesh-lbe-6570,40.693819,-73.906361,,8.0,40.6938191,-73.9063608,,8.0,0.020198023307997186,5750.0,MHz,-61.0,-49.0,ap-ptmp-airmax-mixed
2026-01-07T19:37:44,22f8a4e5-891d-48b9-a3b2-9808f9c3b977_d244b862-47ea-47d9-b4ec-bbefd3f9107a,259e4af4-e417-39ac-8e21-8020b571cb3d,22f8a4e5-891d-48b9-a3b2-9808f9c3b977,nycmesh-3461-northeast,d244b862-47ea-47d9-b4ec-bbefd3f9107a,nycmesh-lbe-7252,40.672685,-73.96386,,60.95,40.6725,-73.9642,,5.0,35.28977579122606,5560.0,MHz,-72.0,-70.0,ap-ptmp-airmax-mixed
2026-01-07T19:37:44,bddea42f-7f66-47b1-be0c-38aaae7de9e0_39e3a0f6-45c3-4347-b425-5702123c0854,25a4db15-9a18-34a6-947b-05cde71d047c,bddea42f-7f66-47b1-be0c-38aaae7de9e0,nycmesh-1167-gbep-1084,39e3a0f6-45c3-4347-b425-5702123c0854,nycmesh-1084-gbep-1167,40.727553,-73.946045,4.0,0.0,40.729552,-73.945949,4.0,0.0,222.42580852822203,60480.0,MHz,-60.0,-61.0,sta-ptp
2026-01-07T19:37:44,06617725-87b2-45e8-8962-30497e654509_bfcf2807-4063-4821-ab12-1f545cb44eed,25b3fe22-dce6-3277-8d40-f5632d1a2a71,06617725-87b2-45e8-8962-30497e654509,nycmesh-730-olt-xgs,bfcf2807-4063-4821-ab12-1f545cb44eed,730-10B,40.844422,-73.893677,,69.000015,40.844422,-73.893677,,5.0,0.0,,,4.0,-14.0,
2026-01-07T19:37:44,b595556d-1f79-4ed7-afcf-858d2cfe3460_0f82afc3-e4cd-4b43-9fdb-deb9c38be3a6,25e9580f-6de7-4914-a8e5-ca1558a7c382,b595556d-1f79-4ed7-afcf-858d2cfe3460,nycmesh-pbe-527,0f82afc3-e4cd-4b43-9fdb-deb9c38be3a6,nycmesh-527-core,40.635,-73.9504,,10.0,40.635004,-73.950213,,10.0,15.78586864866885,,,-76.0,-70.0,sta-ptmp
2026-01-07T19:37:44,ca0e28d8-96e3-4470-ac50-e0a23394bc09_cd9f8fe9-7335-49ae-8dff-5e518bc6ac91,260a0bda-ca7e-426f-a919-cf0e775fa182,ca0e28d8-96e3-4470-ac50-e0a23394bc09,nycmesh-664-omni,cd9f8fe9-7335-49ae-8dff-5e518bc6ac91,nycmesh-664-south,40.705619,-73.915235,,8.0,40.705619,-73.915235,,8.0,0.0,,,,,ap-ptmp-airmax-ac
2026-01-07T19:37:44,1f2ae6bc-0cf3-43ad-ac37-14a67291c769_763cf40a-56de-46a9-b95d-9ec01df7815b,261933bc-6234-4eee-8aa8-71bc1d04750a,1f2ae6bc-0cf3-43ad-ac37-14a67291c769,nycmesh-lbelr-4507,763cf40a-56de-46a9-b95d-9ec01df7815b,nycmesh-4507-omni,40.6555,-73.9592,,10.0,40.655468,-73.959154,,10.0,5.264858139291244,,,-66.0,-68.0,sta-ptmp
2026-01-07T19:37:44,4a6f43ed-ac8b-41c6-867b-e893d9737c31_ffd9773d-51fd-477c-8a6f-c32cda123129,2696a5d2-5765-3ec3-9060-f9e0a9aa9d48,4a6f43ed-ac8b-41c6-867b-e893d9737c31,nycmesh-1936-olt-xgs-165,ffd9773d-51fd-477c-8a6f-c32cda123129,1936-12I,40.716797,-73.985577,,10.0,40.716797,-73.985577,,5.0,0.0,,,,,
2026-01-07T19:37:44,7ee45009-6bc2-4a26-9b83-a3b07c70a3f6_88af3030-ce3e-4f7f-88b7-544074422b32,26a3cd21-17b1-3589-af48-2f3aa418251d,7ee45009-6bc2-4a26-9b83-a3b07c70a3f6,nycmesh-1934-olt-131-460,88af3030-ce3e-4f7f-88b7-544074422b32,131-04B,40.716142,-73.98448,14.0,10.0,40.716338,-73.986263,14.0,5.0,151.84368914883981,,,3.0,-16.0,
2026-01-07T19:37:44,06617725-87b2-45e8-8962-30497e654509_0c656342-d52d-4278-9bc2-e72d71c3217b,26a71639-75b5-3a07-b2ab-25c9c5842164,06617725-87b2-45e8-8962-30497e654509,nycmesh-730-olt-xgs,0c656342-d52d-4278-9bc2-e72d71c3217b,730-04R 70:a7:41:3e:b6:9d,40.844422,-73.893677,,69.000015,40.844422,-73.893677,,5.0,0.0,,,4.0,-18.0,
2026-01-07T19:37:44,06617725-87b2-45e8-8962-30497e654509_2ad811c4-dd78-40cb-a7f0-359ddf9caf7c,26eb75ff-9d06-34d0-998b-9387a81266a2,06617725-87b2-45e8-8962-30497e654509,nycmesh-730-olt-xgs,2ad811c4-dd78-40cb-a7f0-359ddf9caf7c,730-08P 70:a7:41:3e:9b:b1,40.844422,-73.893677,,69.000015,40.844422,-73.893677,,5.0,0.0,,,4.0,-24.0,
2026-01-07T19:37:44,11862036-2bcf-4646-8a11-1c10ad34849f_071af656-3351-4e4e-b723-589fa2222ef3,2707e14b-5af1-4dc1-800e-370421642982,11862036-2bcf-4646-8a11-1c10ad34849f,nycmesh-lbe-3016,071af656-3351-4e4e-b723-589fa2222ef3,nycmesh-3016-omni,40.724676,-73.98073,6.0,8.0,40.724676,-73.98073,6.0,8.0,0.0,,,-48.0,-54.0,sta-ptmp
2026-01-07T19:37:44,b37a362b-665e-4c32-bfac-ea334365c602_06617725-87b2-45e8-8962-30497e654509,271464fc-933c-4ccd-82a3-ecba5be93b27,b37a362b-665e-4c32-bfac-ea334365c602,nycmesh-730-core,06617725-87b2-45e8-8962-30497e654509,nycmesh-730-olt-xgs,40.844422,-73.893677,,69.000015,40.844422,-73.893677,,69.000015,0.0,,,,,
2026-01-07T19:37:44,c82bb62b-ddf2-4011-8556-12b170f43ef2_b78174a6-2e21-4bd0-b9da-06c6a3daa295,271f34a2-29a7-30f3-a6c6-077ba234c97c,c82bb62b-ddf2-4011-8556-12b170f43ef2,nycmesh-1340-west,b78174a6-2e21-4bd0-b9da-06c6a3daa295,nycmesh-lbe-116,40.686016,-73.917493,,53.3,40.685823,-73.917272,,25.01,1.0,5560.0,MHz,-64.0,-63.0,ap-ptmp-airmax-mixed
2026-01-07T19:37:44,9600af45-a3a7-43eb-af30-01b070ab7150_975d5663-0ce7-4d10-bf68-f360e26e0023,27492452-4816-361a-8077-83267c713f31,9600af45-a3a7-43eb-af30-01b070ab7150,nycmesh-3461-southwest,975d5663-0ce7-4d10-bf68-f360e26e0023,nycmesh-lbe-2889,40.672531,-73.964197,,60.95,40.6725,-73.9642,,5.0,3.4563153488510543,5555.0,MHz,-66.0,-65.0,ap-ptmp-airmax-mixed
2026-01-07T19:37:44,3de8e12b-eb92-4d64-966b-4a9a3c30cb54_521c5b94-3319-488a-a23e-19a2b4fa3219,275b0c06-a782-356d-8c4d-41ae48ed8886,3de8e12b-eb92-4d64-966b-4a9a3c30cb54,nycmesh-5965-west,521c5b94-3319-488a-a23e-19a2b4fa3219,nycmesh-lbe-172,40.606661,-73.992934,,10.0,40.601913,-74.001045,,5.0,16.0,5770.0,MHz,,-64.0,ap-ptmp
2026-01-07T19:37:44,490aa134-ed20-4c1a-90ae-2b955daa39ef_601385ad-bf3b-43e9-aef0-dc159eb8c34c,27c82b59-77a8-362c-85f4-0afdee1e1bf2,490aa134-ed20-4c1a-90ae-2b955daa39ef,nycmesh-898-af60lr-7800,601385ad-bf3b-43e9-aef0-dc159eb8c34c,nycmesh-898-eps16,40.830401,-73.940881,41.0,79.0,40.830454,-73.941171,41.0,10.0,25.100910552878677,,,-44.0,-43.0,ap-ptp
2026-01-07T19:37:44,53a59f95-a0a1-41a5-89d8-ad48607fd039_aab8ff3f-3834-4560-b507-2cd0fd7896c0,27cc82ee-df1a-4c17-9e4b-9e92ab49ae20,53a59f95-a0a1-41a5-89d8-ad48607fd039,nycmesh-10-core1,aab8ff3f-3834-4560-b507-2cd0fd7896c0,nycmesh-1934-core,40.741102,-74.002444,,10.0,40.716142,-73.98448,,10.0,3161.3849036925594,,,,,
2026-01-07T19:37:44,4fb5de28-719b-4d4c-8efd-9246e4d99758_6a34d49e-0416-49a5-8db9-1b86978cf547,27d6bcc6-780c-3b8e-acb3-cfc7dde861ed,4fb5de28-719b-4d4c-8efd-9246e4d99758,nycmesh-2274-northwest,6a34d49e-0416-49a5-8db9-1b86978cf547,nycmesh-lbe-7789,40.72579,-73.98355,,8.0,40.7256814,-73.9835909,7.0,8.0,12.557986063617026,5710.0,MHz,-56.0,-62.0,ap-ptmp-airmax-mixed
2026-01-07T19:37:44,7ee45009-6bc2-4a26-9b83-a3b07c70a3f6_9c6e3be5-353e-48bf-89cd-33c764a24eda,27e61345-a57d-3d55-8dc4-db06556e329d,7ee45009-6bc2-4a26-9b83-a3b07c70a3f6,nycmesh-1934-olt-131-460,9c6e3be5-353e-48bf-89cd-33c764a24eda,460-02A,40.716142,-73.98448,14.0,10.0,40.715645,-73.984543,13.0,5.0,55.51836572683728,,,3.0,-19.0,
2026-01-07T19:37:44,06617725-87b2-45e8-8962-30497e654509_29ffc55a-c0e5-4999-b7d0-449f9cdd785b,284bc894-6d88-3d63-92cb-fbedaa1ac5ab,06617725-87b2-45e8-8962-30497e654509,nycmesh-730-olt-xgs,29ffc55a-c0e5-4999-b7d0-449f9cdd785b,730-08H 70:a7:41:3e:9d:09,40.844422,-73.893677,,69.000015,40.844422,-73.893677,,5.0,0.0,,,5.0,-17.0,
2026-01-07T19:37:44,bd496c6c-7b62-4b77-8020-6d86bbbc7694_be1e29b8-a5f4-4755-b43c-1f76b6f3a74c,284c60e1-9bdd-3f85-8c75-e2a4206c9f7a,bd496c6c-7b62-4b77-8020-6d86bbbc7694,nycmesh-648-eps16,be1e29b8-a5f4-4755-b43c-1f76b6f3a74c,nycmesh-648-north,40.639719,-73.995809,,25.0,40.639504,-73.996299,,25.0,47.759080870016646,,,-58.0,-55.0,ap-ptmp-airmax-mixed
2026-01-07T19:37:44,a9f54d81-3413-41ec-bf67-6ddf0666fa84_cfcf99ec-ecd2-4e15-8d3a-2101e69abacc,28983cf6-2868-40e7-9e93-2cb37d885fcc,a9f54d81-3413-41ec-bf67-6ddf0666fa84,nycmesh-730-eps16,cfcf99ec-ecd2-4e15-8d3a-2101e69abacc,nycmesh-730-south,40.844422,-73.893677,,69.000015,40.844422,-73.893677,,69.000015,0.0,,,,,ap-ptmp-airmax-mixed
2026-01-07T19:37:44,601385ad-bf3b-43e9-aef0-dc159eb8c34c_e0acc8ec-6f21-46b9-aba4-db74c19cdd66,28a9145a-f9e8-37b3-8acf-090356ac1b80,601385ad-bf3b-43e9-aef0-dc159eb8c34c,nycmesh-898-eps16,e0acc8ec-6f21-46b9-aba4-db74c19cdd66,nycmesh-898-ltulr-2299,40.830454,-73.941171,41.0,10.0,40.830454,-73.941171,41.0,10.0,0.0,,,-71.0,-70.0,ap-ptp
2026-01-07T19:37:44,c82bb62b-ddf2-4011-8556-12b170f43ef2_7c630d7b-1bfd-4cd6-bbe8-89c73250ab04,28b2060f-8ee5-3289-adbd-4576a39c2064,c82bb62b-ddf2-4011-8556-12b170f43ef2,nycmesh-1340-west,7c630d7b-1bfd-4cd6-bbe8-89c73250ab04,nycmesh-lbe-7449,40.686016,-73.917493,,53.3,40.685823,-73.917272,,25.01,1.0,5560.0,MHz,-67.0,-66.0,ap-ptmp-airmax-mixed
2026-01-07T19:37:44,7ee45009-6bc2-4a26-9b83-a3b07c70a3f6_1ccc1578-18d3-42f3-ae07-61431cf251cf,28b61e58-00d9-3c53-b6e7-0ee202fc25a3,7ee45009-6bc2-4a26-9b83-a3b07c70a3f6,nycmesh-1934-olt-131-460,1ccc1578-18d3-42f3-ae07-61431cf251cf,460-11G,40.716142,-73.98448,14.0,10.0,40.715526,-73.984399,13.0,5.0,68.8354308742578,,,1.0,-23.0,
2026-01-07T19:37:44,12010c8c-9f46-4e45-81e4-62d7090fbcd5_970d2075-ac4f-4000-8f2d-d483b331fb85,28e90cb2-65e0-3ccf-870e-b67656c5ec9a,12010c8c-9f46-4e45-81e4-62d7090fbcd5,nycmesh-1340-east,970d2075-ac4f-4000-8f2d-d483b331fb85,nycmesh-lbe-3282,40.686016,-73.917493,,53.3,40.687218,-73.905814,,25.01,1.0,5560.0,MHz,-71.0,-72.0,ap-ptmp-airmax-mixed
2026-01-07T19:37:44,e733efb4-d12c-47ea-84e6-9309dd66d12b_b8f72db4-736c-4119-ab18-19682f29bbe2,28f49335-9aef-3bc3-86ff-ab273dbd9a17,e733efb4-d12c-47ea-84e6-9309dd66d12b,nycmesh-2463-northwest,b8f72db4-736c-4119-ab18-19682f29bbe2,nycmesh-lbe-294,40.719898,-73.988024,11.0,8.0,40.719897625,-73.98805175,,5.0,2.0,5710.0,MHz,-67.0,-68.0,ap-ptmp-airmax-ac
2026-01-07T19:37:44,d648e07b-d5a7-441b-9155-ace2f2dd93d8_b316b734-40e5-4d5b-86c7-3d2e97d46221,29078d91-6f09-43ab-b14a-c4b7bef7bf99,d648e07b-d5a7-441b-9155-ace2f2dd93d8,nycmesh-584-netpower16p-roof,b316b734-40e5-4d5b-86c7-3d2e97d46221,nycmesh-584-wavelr-7800,40.79355,-73.965641,,10.0,40.793635,-73.965735,,93.1,12.32678508240575,,,-48.0,-50.0,ap-ptp
2026-01-07T19:37:44,7959b596-fed7-4a98-b080-075200d80aee_ef0bfb1d-decc-4f1b-b201-bd56e681d529,292495bd-b250-4c63-ba8b-ce6b96aa9441,7959b596-fed7-4a98-b080-075200d80aee,nycmesh-162-vpn,ef0bfb1d-decc-4f1b-b201-bd56e681d529,nycmesh-162-apc,40.664997,-73.990543,,40.0,40.664997,-73.990543,,40.0,0.0,,,,,
2026-01-07T19:37:44,2f157d40-1c46-42e6-a03e-dadf11a6b48a_fe3d91b2-1e62-4582-86f9-4a3f595ac2a7,2932da57-0c86-3ad8-bb3c-de622b94c7bc,2f157d40-1c46-42e6-a03e-dadf11a6b48a,nycmesh-3606-south,fe3d91b2-1e62-4582-86f9-4a3f595ac2a7,nycmesh-lbe-613,40.708452,-73.921893,8.0,30.0,40.704364,-73.924202,22.0,8.0,650.0,5785.0,MHz,-54.0,-52.0,ap-ptmp
2026-01-07T19:37:44,c47d9601-202d-436c-998f-9b84599f964e_d6d0196d-9a02-4d82-9482-77c57f79aeea,2933827c-c866-4979-b541-64d0632c774d,c47d9601-202d-436c-998f-9b84599f964e,nycmesh-217-cube60-552,d6d0196d-9a02-4d82-9482-77c57f79aeea,nycmesh-552-cube60-217,40.649808,-74.004296,,10.0,40.649506,-74.003566,,30.0,70.14633914363141,,,,,
2026-01-07T19:37:44,a57ddde1-6fff-463a-bbee-cbe90258daa6_b7504540-2c6b-403a-a6ef-aef5b0c586bf,293d22a5-37b9-3491-9308-a085f0d19813,a57ddde1-6fff-463a-bbee-cbe90258daa6,nycmesh-1932-olt-410,b7504540-2c6b-403a-a6ef-aef5b0c586bf,420-E New,40.716098,-73.985997,14.0,100.32,40.716338,-73.986263,14.0,5.0,34.85361611376818,,,4.0,-17.0,
2026-01-07T19:37:44,4db8f29e-d978-4e08-b836-b36ff2958c52_fe37b2e4-48fd-4dc9-bb24-4d6a9ab7f5e9,295c132a-752d-3449-a932-dab788eb5dc9,4db8f29e-d978-4e08-b836-b36ff2958c52,nycmesh-730-lbelr-2299,fe37b2e4-48fd-4dc9-bb24-4d6a9ab7f5e9,nycmesh-2299-lbe-730,40.8444,-73.8937,,69.000015,40.8614,-73.9077,,10.0,2224.0,5215.0,MHz,-71.0,-69.0,ap-ptp
2026-01-07T19:37:44,cd815a56-612a-46a9-ae87-b80aab35730b_448e69d8-8ebf-4200-8a9c-ec485aa89fa3,297d0611-0a9e-496f-8945-7fc3fae7c288,cd815a56-612a-46a9-ae87-b80aab35730b,nycmesh-3461-olt,448e69d8-8ebf-4200-8a9c-ec485aa89fa3,nycmesh-3461-apc-basement,40.672531,-73.964197,,60.95,40.672531,-73.964197,,60.95,0.0,,,,,
2026-01-07T19:37:44,7aeddb2e-9508-476a-907d-e7089c2569bc_d9d0b631-8230-43dd-a22e-b1a9045d5390,2982c6cf-dff5-3745-923a-641572a0c568,7aeddb2e-9508-476a-907d-e7089c2569bc,nycmesh-5916-waveap-northeast,d9d0b631-8230-43dd-a22e-b1a9045d5390,nycmesh-2482-af60lr,40.696036,-73.93963,,99.9,40.699694,-73.924387,,34.0,1367.0,68040.0,MHz,-59.0,-58.0,ap-ptmp
2026-01-07T19:37:44,a1d9f474-7fbf-4a50-b1a6-aa188a8456ed_c4095443-47b1-44f2-bc54-bc1a9b041ea2,298bad72-5f2c-429f-8488-cb6b4244dcdf,a1d9f474-7fbf-4a50-b1a6-aa188a8456ed,nycmesh-3461-eps16,c4095443-47b1-44f2-bc54-bc1a9b041ea2,nycmesh-3461-north,40.672531,-73.964197,,60.95,40.672531,-73.964197,,60.95,0.0,,,,,ap-ptmp-airmax-mixed
2026-01-07T19:37:44,0918a738-1afe-4532-a5c4-2eae6ec810d8_c2613d61-1ffd-4c1b-a769-f142e6c3463e,298e2a48-99c6-44ab-b63f-13b8cfb6c7ff,0918a738-1afe-4532-a5c4-2eae6ec810d8,nycmesh-527-epr6,c2613d61-1ffd-4c1b-a769-f142e6c3463e,nycmesh-527-south,40.635004,-73.950213,,10.0,40.635004,-73.950213,,10.0,0.0,,,,,ap-ptmp-airmax-mixed
2026-01-07T19:37:44,03aa1db2-ad8f-4e10-8784-8131ae5a8f96_a4952ad1-1fb2-4447-9fb8-6504bd038897,2995b118-06cd-4d03-b753-3c97f2689501,03aa1db2-ad8f-4e10-8784-8131ae5a8f96,nycmesh-3461-wavepro-5916,a4952ad1-1fb2-4447-9fb8-6504bd038897,nycmesh-3461-tns100,40.67261,-73.963951,,115.4,40.672531,-73.964197,,60.95,22.52960791026196,,,-38.0,-43.0,sta-ptp
2026-01-07T19:37:44,371df153-99dc-43a3-8ea1-dad940690be8_694d970d-6647-4eca-a431-18f1beb9a8d2,29e654e2-1265-305c-983f-5bd34773026d,371df153-99dc-43a3-8ea1-dad940690be8,nycmesh-sn3-south,694d970d-6647-4eca-a431-18f1beb9a8d2,nycmesh-lbe-3284,40.657782,-74.004848,,45.32,40.6578,-74.0048,,5.0,1.0,5490.0,MHz,-64.0,-68.0,ap-ptmp-airmax-mixed
2026-01-07T19:37:44,ff7a71c5-e64a-4928-bd82-2e295817db21_e8562380-6cd1-42de-bddd-dac96878eeff,2a286282-503d-4547-9716-4680f938c896,ff7a71c5-e64a-4928-bd82-2e295817db21,nycmesh-544-eps16,e8562380-6cd1-42de-bddd-dac96878eeff,nycmesh-544-core,40.718504,-73.995954,,25.0,40.718504,-73.995954,,25.0,0.0,,,,,
2026-01-07T19:37:44,4a6f43ed-ac8b-41c6-867b-e893d9737c31_12ab7b6b-92e0-4b8f-8324-b8ce242bf869,2a336e45-22cf-31f6-b951-e3d03acfc9f7,4a6f43ed-ac8b-41c6-867b-e893d9737c31,nycmesh-1936-olt-xgs-165,12ab7b6b-92e0-4b8f-8324-b8ce242bf869,1936-08F,40.716797,-73.985577,,10.0,40.716797,-73.985577,,5.0,0.0,,,,,
2026-01-07T19:37:44,7ee45009-6bc2-4a26-9b83-a3b07c70a3f6_6d238ada-7a67-4085-92a1-bd75d3d4a44f,2a5b49e6-1104-34b3-a067-8b305355d7d4,7ee45009-6bc2-4a26-9b83-a3b07c70a3f6,nycmesh-1934-olt-131-460,6d238ada-7a67-4085-92a1-bd75d3d4a44f,131-11B,40.716142,-73.98448,14.0,10.0,40.716098,-73.985997,-3492.0,5.0,127.94677523749921,,,1.0,-23.0,
2026-01-07T19:37:44,7ee45009-6bc2-4a26-9b83-a3b07c70a3f6_3c1d0fa7-4673-4e96-8895-5026d11b4563,2a99d66d-c66d-313f-97de-35e0b85fa868,7ee45009-6bc2-4a26-9b83-a3b07c70a3f6,nycmesh-1934-olt-131-460,3c1d0fa7-4673-4e96-8895-5026d11b4563,460-09E,40.716142,-73.98448,14.0,10.0,40.715645,-73.984543,13.0,5.0,55.51836572683728,,,,,
2026-01-07T19:37:44,4a6f43ed-ac8b-41c6-867b-e893d9737c31_8b636fed-530f-4a4b-92b4-215ed084bddf,2aa67c1f-37a5-3ec4-b39e-9d15076911ca,4a6f43ed-ac8b-41c6-867b-e893d9737c31,nycmesh-1936-olt-xgs-165,8b636fed-530f-4a4b-92b4-215ed084bddf,1936-05C,40.716797,-73.985577,,10.0,40.716797,-73.985577,,5.0,0.0,,,3.0,-16.0,
2026-01-07T19:37:44,288a4d6b-9dab-466a-bd38-27ea7f451ee8_8ec6a303-dc26-486d-8e24-cb16e5d7b54a,2aa88b7e-142f-4f88-99ee-55f903e007bb,288a4d6b-9dab-466a-bd38-27ea7f451ee8,nycmesh-854-omni,8ec6a303-dc26-486d-8e24-cb16e5d7b54a,nycmesh-854-epr6,40.711568,-73.946966,,10.0,40.711568,-73.946966,,10.0,0.0,,,,,
2026-01-07T19:37:44,4a6f43ed-ac8b-41c6-867b-e893d9737c31_ee298f55-c108-4984-8555-ef3f73c15da9,2aded781-f146-35c0-95f0-c0e4447ea031,4a6f43ed-ac8b-41c6-867b-e893d9737c31,nycmesh-1936-olt-xgs-165,ee298f55-c108-4984-8555-ef3f73c15da9,1936-04N,40.716797,-73.985577,,10.0,40.716797,-73.985577,,5.0,0.0,,,,,
2026-01-07T19:37:44,3e851429-ccde-4c56-a1b7-019e49194141_8a8243f2-0a71-43d4-82ba-2087a2677735,2afb202b-88fe-3227-ac24-e5275f12d911,3e851429-ccde-4c56-a1b7-019e49194141,nycmesh-227-ps5ac-northeast2,8a8243f2-0a71-43d4-82ba-2087a2677735,nycmesh-lbe-686,40.711065,-74.001308,,158.0,40.71344,-73.991313,10.0,8.0,1.0,5820.0,MHz,-60.0,-45.0,ap-ptmp-airmax-mixed
2026-01-07T19:37:44,8c83ed05-bc0a-4ee0-b42e-3f83e2d89b34_7b3e48e7-eb5a-455d-af8f-3354cac441fc,2b03c24e-ffe5-3730-ab80-8331d2bd28ef,8c83ed05-bc0a-4ee0-b42e-3f83e2d89b34,nycmesh-898-south,7b3e48e7-eb5a-455d-af8f-3354cac441fc,nycmesh-lbe-816,40.830461,-73.94109,,10.0,40.8305,-73.9412,,5.0,10.220521987101378,5710.0,MHz,-50.0,-54.0,ap-ptmp-airmax-mixed
2026-01-07T19:37:44,5949ca17-7037-406c-a276-8db9228d762c_eae0b2a9-8da3-4087-8a16-2ccac90c6a9b,2b15febb-a0c3-32b0-99f8-16a2b727a681,5949ca17-7037-406c-a276-8db9228d762c,nycmesh-1340-west1,eae0b2a9-8da3-4087-8a16-2ccac90c6a9b,nycmesh-lbelr-5127,40.686117,-73.917818,,12.93,40.685823,-73.917272,,25.01,1.0,5710.0,MHz,-63.0,-66.0,ap-ptmp-airmax-mixed
2026-01-07T19:37:44,22f334b8-3d19-4194-8106-fb82b7fca976_89f94686-6dce-49ee-88ee-5dd45a095942,2b2048d3-1b89-3c49-ab70-12bcdac3e9c6,22f334b8-3d19-4194-8106-fb82b7fca976,nycmesh-1932-north,89f94686-6dce-49ee-88ee-5dd45a095942,nycmesh-lbe-4441,40.716098,-73.985997,14.0,100.32,40.724,-73.9783,,5.0,457.0,5490.0,MHz,-59.0,-64.0,ap-ptmp-airmax-mixed
2026-01-07T19:37:44,1af5b87e-d1f4-422e-8718-49e9cf980227_9f614c7b-add8-47f9-b477-4a9358c4dcb1,2b2a8ed3-8cbd-3831-9535-b8c8ba17a190,1af5b87e-d1f4-422e-8718-49e9cf980227,nycmesh-1340-south,9f614c7b-add8-47f9-b477-4a9358c4dcb1,nycmesh-lbe-274,40.686016,-73.917493,,53.3,40.685823,-73.917272,,25.01,1.0,5750.0,MHz,-73.0,-55.0,ap-ptmp-airmax-mixed
2026-01-07T19:37:44,25a60c05-a427-4949-8429-622866062481_c0279533-a629-4cee-b695-75a4f891021b,2b6b7df4-9dce-3df2-9dfb-4eb97adcef6b,25a60c05-a427-4949-8429-622866062481,nycmesh-407-north,c0279533-a629-4cee-b695-75a4f891021b,nycmesh-lbe-733,40.713242,-73.990392,,11.42,40.7133,-73.9903,10.0,8.0,10.08562815838347,5505.0,MHz,,,ap-ptmp-airmax-mixed
2026-01-07T19:37:44,fb94806e-7faf-4127-b428-3f8460bbea34_0d22d19f-6f1d-4423-af1c-a2912f02d282,2b8591c0-1629-42f8-ae37-9ed3d00c1743,fb94806e-7faf-4127-b428-3f8460bbea34,nycmesh-3607-omni,0d22d19f-6f1d-4423-af1c-a2912f02d282,nycmesh-lbelr-3607,40.682786,-73.945945,,10.0,40.6828,-73.9459,23.0,10.0,1915.0,,,-75.0,-71.0,sta-ptmp
2026-01-07T19:37:44,c462dbf2-1357-494c-a6af-ea3b02c96c03_823f33a1-7896-44fa-9d9c-dfdd9a2c3c6c,2b8799bd-4ac5-4413-a1e4-5a6899ad02ed,c462dbf2-1357-494c-a6af-ea3b02c96c03,nycmesh-162-eps16,823f33a1-7896-44fa-9d9c-dfdd9a2c3c6c,nycmesh-162-east,40.664997,-73.990543,,40.0,40.664997,-73.990543,,40.0,0.0,,,,,ap-ptmp-airmax-mixed
2026-01-07T19:37:44,06617725-87b2-45e8-8962-30497e654509_83c21085-17b8-4703-bfde-93a3d93a333b,2b8b7366-2926-3193-92d7-9238369d5d3a,06617725-87b2-45e8-8962-30497e654509,nycmesh-730-olt-xgs,83c21085-17b8-4703-bfde-93a3d93a333b,730-02A,40.844422,-73.893677,,69.000015,40.844422,-73.893677,,5.0,0.0,,,4.0,-16.0,
2026-01-07T19:37:44,b6ed7b18-8c1e-497a-b8b7-3bab229980c4_697d4125-d0f5-4359-98e2-4be27290a309,2b9e3579-dab7-38b5-9811-7ecf95df7106,b6ed7b18-8c1e-497a-b8b7-3bab229980c4,nycmesh-5916-south1,697d4125-d0f5-4359-98e2-4be27290a309,nycmesh-lbe-267,40.696042,-73.939797,,67.46,40.696038,-73.939764,23.0,5.0,1.0,5490.0,MHz,-67.0,-63.0,ap-ptmp-airmax-mixed
2026-01-07T19:37:44,4a6f43ed-ac8b-41c6-867b-e893d9737c31_9eff305b-9bc7-4aac-99fd-8b6fdf3b533b,2b9f45f3-ed34-3473-9158-fd41a93efcb3,4a6f43ed-ac8b-41c6-867b-e893d9737c31,nycmesh-1936-olt-xgs-165,9eff305b-9bc7-4aac-99fd-8b6fdf3b533b,1936-06K,40.716797,-73.985577,,10.0,40.716797,-73.985577,,5.0,0.0,,,5.0,-18.0,
2026-01-07T19:37:44,7b044371-6cb5-46cb-992b-f6cba37500e7_8034e567-a8f6-44dd-8a1a-70a10b70016b,2bb0a069-b2ec-33b7-8753-598b63431115,7b044371-6cb5-46cb-992b-f6cba37500e7,nycmesh-227-ps5ac-northeast1,8034e567-a8f6-44dd-8a1a-70a10b70016b,nycmesh-lbe-1848,40.710886,-74.001202,,161.544,40.713087,-73.996954,10.0,8.0,1.0,5305.0,MHz,-65.0,-53.0,ap-ptmp-airmax-mixed
2026-01-07T19:37:44,4a6f43ed-ac8b-41c6-867b-e893d9737c31_ce10a030-81a4-41cf-a73e-0ab219c26175,2bd85839-903a-3bb6-b27e-bbaae4f36b10,4a6f43ed-ac8b-41c6-867b-e893d9737c31,nycmesh-1936-olt-xgs-165,ce10a030-81a4-41cf-a73e-0ab219c26175,1936-12A,40.716797,-73.985577,,10.0,40.716797,-73.985577,,5.0,0.0,,,4.0,-16.0,
2026-01-07T19:37:44,a4cd1a09-4b3e-4c3d-8d0f-98cd38f704c9_c1b5b37a-b9f8-4e13-b1a2-64c38db88fdc,2bdadddb-2553-433d-9d0b-c1d43708e746,a4cd1a09-4b3e-4c3d-8d0f-98cd38f704c9,nycmesh-584-hexS-roof-rack,c1b5b37a-b9f8-4e13-b1a2-64c38db88fdc,nycmesh-584-edgepower-54v-150w-roof,40.79355,-73.965641,,10.0,40.79355,-73.965641,,10.0,0.0,,,,,
2026-01-07T19:37:44,e3220e71-2e1e-4f70-8c11-819c8700cde9_af879361-59ac-4b14-913a-ad418c5e519b,2bee0bac-36dd-4cff-a983-e6a5207ed92c,e3220e71-2e1e-4f70-8c11-819c8700cde9,nycmesh-1635-omni,af879361-59ac-4b14-913a-ad418c5e519b,nycmesh-1635-southeast,40.667569,-73.98239,33.0,10.0,40.667569,-73.98239,33.0,10.0,0.0,,,-46.0,-58.0,ap-ptmp-airmax-mixed
2026-01-07T19:37:44,0c855b7b-0b41-4444-a745-3d36962799ad_4c3f2950-d6de-4da8-9677-44df47b59252,2c651c56-f75b-4f43-a3f4-8533c688acc6,0c855b7b-0b41-4444-a745-3d36962799ad,nycmesh-1932-eps16,4c3f2950-d6de-4da8-9677-44df47b59252,nycmesh-1932-af24-227,40.716098,-73.985997,14.0,100.32,40.716087,-73.986046,14.0,100.32,4.307063927682208,,,-54.0,-59.0,ap-ptp
2026-01-07T19:37:44,a57ddde1-6fff-463a-bbee-cbe90258daa6_75e16dc6-1748-4a0b-b67d-ac13867891d3,2c81ba01-6f07-3f44-81f8-69975a37d273,a57ddde1-6fff-463a-bbee-cbe90258daa6,nycmesh-1932-olt-410,75e16dc6-1748-4a0b-b67d-ac13867891d3,410-12C,40.716098,-73.985997,14.0,100.32,40.716338,-73.986263,14.0,5.0,34.85361611376818,,,2.0,-18.0,
2026-01-07T19:37:44,3f0a8dfb-c789-42a7-8351-8233ee097b11_95c69a1e-c69d-498c-b853-a378fec18642,2cb0801c-4a89-3fce-9d09-a5e4a0b5d440,3f0a8dfb-c789-42a7-8351-8233ee097b11,nycmesh-5916-lbe-west,95c69a1e-c69d-498c-b853-a378fec18642,nycmesh-lbe-430,40.696,-73.9398,,67.46,40.69492,-73.94938,23.0,16.0,821.0,5490.0,MHz,-57.0,-56.0,ap-ptmp-airmax-mixed
2026-01-07T19:37:44,68b3fc90-93e0-49a4-900f-e9df98fb9361_58e28d72-2fc9-47d9-a814-23adb64a01d8,2d53aa49-42ad-3ffc-bd79-800bd4860ceb,68b3fc90-93e0-49a4-900f-e9df98fb9361,nycmesh-5916-west1,58e28d72-2fc9-47d9-a814-23adb64a01d8,nycmesh-lbelr2-854,40.696017,-73.939873,,67.46,40.711568,-73.946966,,10.0,1830.0,5710.0,MHz,-76.0,-69.0,ap-ptmp-airmax-mixed
2026-01-07T19:37:44,06617725-87b2-45e8-8962-30497e654509_33383ef2-a8b3-4e80-972d-c9fc3fa95556,2d97f209-232b-34c7-825b-bf4bde5277f0,06617725-87b2-45e8-8962-30497e654509,nycmesh-730-olt-xgs,33383ef2-a8b3-4e80-972d-c9fc3fa95556,730-08E 70:a7:41:3e:9c:e9,40.844422,-73.893677,,69.000015,40.844422,-73.893677,,5.0,0.0,,,4.0,-17.0,
2026-01-07T19:37:44,82094c68-d2cf-4d01-b38b-897ff93940f4_8598bea3-4a24-4637-911b-d89a2ddc787e,2da45c83-d1b8-3611-89fc-97b3f7b3a7b7,82094c68-d2cf-4d01-b38b-897ff93940f4,nycmesh-584-olt-xgs,8598bea3-4a24-4637-911b-d89a2ddc787e,584-spare-10G-1,40.79355,-73.965641,,10.0,40.79355,-73.965641,,5.0,0.0,,,,,
2026-01-07T19:37:44,06617725-87b2-45e8-8962-30497e654509_b442bd3f-c684-44a5-af8c-2717e3e6cdec,2dc02b25-14be-30f7-b8a0-871e2c6251e7,06617725-87b2-45e8-8962-30497e654509,nycmesh-730-olt-xgs,b442bd3f-c684-44a5-af8c-2717e3e6cdec,730-09K,40.844422,-73.893677,,69.000015,40.844422,-73.893677,,5.0,0.0,,,4.0,-14.0,
2026-01-07T19:37:44,c64ac7ee-a6dd-4be2-9322-64ec0df6f330_de092af4-cce0-4dd9-8531-c257adab97a1,2dda97bb-2b10-35a7-ae56-4ae92a63b504,c64ac7ee-a6dd-4be2-9322-64ec0df6f330,nycmesh-5916-west2,de092af4-cce0-4dd9-8531-c257adab97a1,nycmesh-lbe-587,40.696,-73.9398,23.0,67.46,40.696,-73.9398,23.0,5.0,1.0,5770.0,MHz,-57.0,-40.0,ap-ptmp-airmax-mixed
2026-01-07T19:37:44,7bfb4d7a-a78e-4620-a084-4d420a9d8c51_98cae4ff-b850-4fc3-b750-d13bef5f3eb0,2e139be0-c620-3a4c-9014-911051f38c1e,7bfb4d7a-a78e-4620-a084-4d420a9d8c51,nycmesh-5916-south2,98cae4ff-b850-4fc3-b750-d13bef5f3eb0,nycmesh-lbe-439,40.696048,-73.939788,,67.46,40.68672,-73.95693,23.0,5.0,1.0,5550.0,MHz,-67.0,-59.0,ap-ptmp-airmax-mixed
2026-01-07T19:37:44,c82bb62b-ddf2-4011-8556-12b170f43ef2_70bf9c95-79d6-4538-897f-23fd1d4b52f2,2e312e16-efaf-39d3-9f11-ce54a04939a2,c82bb62b-ddf2-4011-8556-12b170f43ef2,nycmesh-1340-west,70bf9c95-79d6-4538-897f-23fd1d4b52f2,nycmesh-lbe-6267,40.686016,-73.917493,,53.3,40.685823,-73.917272,,25.01,1.0,5560.0,MHz,-69.0,-67.0,ap-ptmp-airmax-mixed
2026-01-07T19:37:44,4a6f43ed-ac8b-41c6-867b-e893d9737c31_21d21433-24f3-49d0-9616-d0124c6f4149,2e79edb2-d089-3d5e-9de7-0a9a76ecb1f1,4a6f43ed-ac8b-41c6-867b-e893d9737c31,nycmesh-1936-olt-xgs-165,21d21433-24f3-49d0-9616-d0124c6f4149,1936-13P,40.716797,-73.985577,,10.0,40.716797,-73.985577,,5.0,0.0,,,4.0,-15.0,
2026-01-07T19:37:44,1af5b87e-d1f4-422e-8718-49e9cf980227_aa73bf3d-92f4-414a-82dc-3db4fe9012ac,2ea49125-2426-3883-ac47-34fb564439db,1af5b87e-d1f4-422e-8718-49e9cf980227,nycmesh-1340-south,aa73bf3d-92f4-414a-82dc-3db4fe9012ac,nycmesh-lbe-551,40.686016,-73.917493,,53.3,40.6858,-73.9173,,25.01,1.0,5750.0,MHz,-64.0,-46.0,ap-ptmp-airmax-mixed
2026-01-07T19:37:44,c64ac7ee-a6dd-4be2-9322-64ec0df6f330_13c8da93-2352-4f69-84e2-46df96fba97a,2ecc8b67-f116-3adc-98f5-d33bbb42915d,c64ac7ee-a6dd-4be2-9322-64ec0df6f330,nycmesh-5916-west2,13c8da93-2352-4f69-84e2-46df96fba97a,nycmesh-lbe-818,40.696,-73.9398,23.0,67.46,40.696,-73.9398,23.0,5.0,1.0,5770.0,MHz,-55.0,-30.0,ap-ptmp-airmax-mixed
2026-01-07T19:37:44,fba07d74-36ca-417b-8a37-477cbb911e79_570d9956-6b04-47c7-a961-8988160d5ffc,2f04014d-6cc2-4be4-9a24-3700cee3e420,fba07d74-36ca-417b-8a37-477cbb911e79,nycmesh-lbe-649,570d9956-6b04-47c7-a961-8988160d5ffc,nycmesh-649-omni,40.6602,-73.9401,,10.0,40.660151,-73.940068,,10.0,6.080508044460312,,,-71.0,-75.0,sta-ptmp
2026-01-07T19:37:44,5cdab5e9-4a51-4623-b036-0cded15875be_33fada1f-ec6e-44a1-95bc-cc6f402033bf,2f052766-7c70-3da4-b4de-cdf43100e222,5cdab5e9-4a51-4623-b036-0cded15875be,nycmesh-162-south,33fada1f-ec6e-44a1-95bc-cc6f402033bf,nycmesh-lbe-824,40.664997,-73.990543,,40.0,40.665,-73.9906,,5.0,3.0,5545.0,MHz,-55.0,-56.0,ap-ptmp-airmax-mixed
2026-01-07T19:37:44,4fb5de28-719b-4d4c-8efd-9246e4d99758_6442f900-a419-4429-8380-a63807c2e7a6,2f41ba30-415a-3b30-90ba-367e2ed13ade,4fb5de28-719b-4d4c-8efd-9246e4d99758,nycmesh-2274-northwest,6442f900-a419-4429-8380-a63807c2e7a6,nycmesh-lbe-2786,40.72579,-73.98355,,8.0,40.7256814,-73.9835909,7.0,8.0,12.557986063617026,5710.0,MHz,-53.0,-55.0,ap-ptmp-airmax-mixed
2026-01-07T19:37:44,3b05b7fb-0b4b-4fb6-a925-66be1cec9aa3_e733efb4-d12c-47ea-84e6-9309dd66d12b,2f6ff721-78ea-4918-831f-8f5d6b714a61,3b05b7fb-0b4b-4fb6-a925-66be1cec9aa3,nycmesh-2463-eps16,e733efb4-d12c-47ea-84e6-9309dd66d12b,nycmesh-2463-northwest,40.719898,-73.988024,11.0,8.0,40.719898,-73.988024,11.0,8.0,0.0,,,,,ap-ptmp-airmax-ac
2026-01-07T19:37:44,3979ce06-9fc9-423b-abf1-633c035de438_529f2b80-57ec-48e6-8cc6-8152bcd9be7a,2f70ccd8-5645-49af-b2c2-73608539ab46,3979ce06-9fc9-423b-abf1-633c035de438,nycmesh-511-lite7r,529f2b80-57ec-48e6-8cc6-8152bcd9be7a,nycmesh-511-omni,40.705214,-73.930897,,24.0,40.705214,-73.930897,,24.0,0.0,,,,,
2026-01-07T19:37:44,b6920950-8acf-40c6-b6e1-78b8082d8367_cec13a53-9132-4262-9c41-ec9cdef89cfa,2f9a0b5d-2fd0-3b7a-a753-7cbc5d1486e9,b6920950-8acf-40c6-b6e1-78b8082d8367,nycmesh-2463-south,cec13a53-9132-4262-9c41-ec9cdef89cfa,nycmesh-lbe-454,40.719898,-73.988024,11.0,8.0,40.719898,-73.988024,,5.0,2.0,5560.0,MHz,-61.0,-61.0,ap-ptmp-airmax-mixed
2026-01-07T19:37:44,b55b1d8a-729a-4f6a-a99c-05df3a9284f4_371df153-99dc-43a3-8ea1-dad940690be8,2faf0085-3f50-444e-b714-9a005676972e,b55b1d8a-729a-4f6a-a99c-05df3a9284f4,nycmesh-713-eps16,371df153-99dc-43a3-8ea1-dad940690be8,nycmesh-sn3-south,40.657782,-74.004848,,45.32,40.657782,-74.004848,,45.32,0.0,,,,,ap-ptmp-airmax-mixed
2026-01-07T19:37:44,ef47c82e-ec64-492e-ab2a-93e6a45d6cbc_7c3ac40a-a0de-4c12-969a-258e391debe3,2fc07727-fd9b-4806-a315-37de55b24a17,ef47c82e-ec64-492e-ab2a-93e6a45d6cbc,nycmesh-2299-eps16,7c3ac40a-a0de-4c12-969a-258e391debe3,nycmesh-2299-ltulr-898,40.861367,-73.907738,,10.0,40.861367,-73.907738,,10.0,4440.0,,,-70.0,-71.0,sta-ptp
2026-01-07T19:37:44,7ee45009-6bc2-4a26-9b83-a3b07c70a3f6_8f8de9c8-09dc-4990-8ac0-4023481e9954,2fed4488-da12-32af-9225-01f4216a309a,7ee45009-6bc2-4a26-9b83-a3b07c70a3f6,nycmesh-1934-olt-131-460,8f8de9c8-09dc-4990-8ac0-4023481e9954,131-17A,40.716142,-73.98448,14.0,10.0,40.716364,-73.985193,-3492.0,5.0,64.96443791683336,,,4.0,-15.0,
2026-01-07T19:37:44,4a6f43ed-ac8b-41c6-867b-e893d9737c31_de9c61fb-cd19-41e8-9390-459f783f5e8a,2fffd007-b507-3d88-b311-7b8db9d4f9ce,4a6f43ed-ac8b-41c6-867b-e893d9737c31,nycmesh-1936-olt-xgs-165,de9c61fb-cd19-41e8-9390-459f783f5e8a,1936-08P,40.716797,-73.985577,,10.0,40.716797,-73.985577,,5.0,0.0,,,5.0,-21.0,
2026-01-07T19:37:44,06617725-87b2-45e8-8962-30497e654509_66cfe5cc-7ffe-4c53-8317-f85f4cbed777,306077b5-2e8d-31b7-a11c-d37b10c31bb4,06617725-87b2-45e8-8962-30497e654509,nycmesh-730-olt-xgs,66cfe5cc-7ffe-4c53-8317-f85f4cbed777,730-11K,40.844422,-73.893677,,69.000015,40.844422,-73.893677,,5.0,0.0,,,4.0,-17.0,
2026-01-07T19:37:44,5cdab5e9-4a51-4623-b036-0cded15875be_6cbd6357-8e9f-487d-9215-22ad1d790016,31116389-9bf1-38f5-8f82-65e7edff0731,5cdab5e9-4a51-4623-b036-0cded15875be,nycmesh-162-south,6cbd6357-8e9f-487d-9215-22ad1d790016,nycmesh-lbelr-2481,40.664997,-73.990543,,40.0,40.665,-73.9906,,5.0,3.0,5545.0,MHz,-62.0,-65.0,ap-ptmp-airmax-mixed
2026-01-07T19:37:44,7703cd0d-0513-4590-8d89-48e32cf0b652_9bb3a58f-c6a4-4393-8f71-d3ef1c5f6dd1,3165f04c-9a4a-3af6-abce-313e27aa7c1c,7703cd0d-0513-4590-8d89-48e32cf0b652,nycmesh-5916-gbe-sw-s,9bb3a58f-c6a4-4393-8f71-d3ef1c5f6dd1,nycmesh-5916-gbe-s-sw,40.696038,-73.939764,23.0,67.46,40.696038,-73.939764,23.0,67.46,0.0,64800.0,MHz,-56.0,-56.0,sta-ptp
2026-01-07T19:37:44,4a6f43ed-ac8b-41c6-867b-e893d9737c31_6d1a07de-4559-4470-9d34-b10e72314c8a,316de3fa-7151-3e52-ab3a-23e9c862b429,4a6f43ed-ac8b-41c6-867b-e893d9737c31,nycmesh-1936-olt-xgs-165,6d1a07de-4559-4470-9d34-b10e72314c8a,1936-03P,40.716797,-73.985577,,10.0,40.716797,-73.985577,,5.0,0.0,,,4.0,-17.0,
2026-01-07T19:37:44,3e1e930f-4ae4-42d0-a615-cc4e9521fecf_f0fd1504-684f-467e-8115-ac44b46fc24a,319b2b7f-8e9f-4dee-aed4-06ad4e00bef6,3e1e930f-4ae4-42d0-a615-cc4e9521fecf,nycmesh-1340-af60lr-5916,f0fd1504-684f-467e-8115-ac44b46fc24a,nycmesh-1340-eps16,40.686118,-73.917444,,68.0,40.685823,-73.917272,,12.93,35.86550758487012,,,-55.0,-58.0,ap-ptp
2026-01-07T19:37:44,2dd722be-1425-4e1c-b356-2b626ab7e864_0653aaac-a0a7-40e5-bc4f-aeefaee52c32,31a839de-4a72-4b40-adc1-43bc9d5ca801,2dd722be-1425-4e1c-b356-2b626ab7e864,nycmesh-227-eps16,0653aaac-a0a7-40e5-bc4f-aeefaee52c32,nycmesh-227-core,40.710886,-74.001202,10.0,161.544,40.710886,-74.001202,,161.544,0.0,,,,,
2026-01-07T19:37:44,4a6f43ed-ac8b-41c6-867b-e893d9737c31_be4f4268-c115-43a2-8eda-d3bc56d81bae,31c5eec7-1cba-34ab-a626-9dc9d8257f12,4a6f43ed-ac8b-41c6-867b-e893d9737c31,nycmesh-1936-olt-xgs-165,be4f4268-c115-43a2-8eda-d3bc56d81bae,1936-15M,40.716797,-73.985577,,10.0,40.716797,-73.985577,,5.0,0.0,,,4.0,-15.0,
2026-01-07T19:37:44,e226fa7d-c1b4-454b-9eed-7e966fdf0b88_d7d87cc7-af85-479f-bffc-c9ced9ed42ae,31f7eba0-b28d-4717-b5de-b9574ec5ce69,e226fa7d-c1b4-454b-9eed-7e966fdf0b88,nycmesh-3606-lite7r,d7d87cc7-af85-479f-bffc-c9ced9ed42ae,nycmesh-3606-omni,40.708499,-73.921952,,30.0,40.708499,-73.921952,,30.0,0.0,,,,,
2026-01-07T19:37:44,47a9497a-e34b-4e50-9841-6f925d790baa_490aa134-ed20-4c1a-90ae-2b955daa39ef,3222a814-a47f-3db7-b3db-126ffb5aec89,47a9497a-e34b-4e50-9841-6f925d790baa,nycmesh-7800-af60lr-898,490aa134-ed20-4c1a-90ae-2b955daa39ef,nycmesh-898-af60lr-7800,40.815368,-73.950324,35.0,88.0,40.830401,-73.940881,41.0,79.0,1850.8331476249277,65880.0,MHz,-43.0,-43.0,sta-ptp
2026-01-07T19:37:44,12010c8c-9f46-4e45-81e4-62d7090fbcd5_c985920e-2ff8-42ff-a365-0606c0347b47,32bc8ce5-ff59-37d6-83b0-a0be286e0358,12010c8c-9f46-4e45-81e4-62d7090fbcd5,nycmesh-1340-east,c985920e-2ff8-42ff-a365-0606c0347b47,nycmesh-lbe-389,40.686016,-73.917493,,53.3,40.685823,-73.917272,,25.01,1.0,5560.0,MHz,-56.0,-53.0,ap-ptmp-airmax-mixed
2026-01-07T19:37:44,e7762f31-e91a-4719-9540-e8827c1ce0d8_e331e46d-16b8-4317-82c1-f830f65ae83c,32d306aa-50d1-461c-89d5-5bd155b131e7,e7762f31-e91a-4719-9540-e8827c1ce0d8,nycmesh-1933-hexs,e331e46d-16b8-4317-82c1-f830f65ae83c,nycmesh-1933-edgepower,40.715467,-73.984401,,97.0,40.715467,-73.984401,,97.0,0.0,,,,,
2026-01-07T19:37:44,4a6f43ed-ac8b-41c6-867b-e893d9737c31_318296d9-4586-402a-9ab8-fd44ca7dbf4c,32f0507f-1d0c-3fb3-88b6-8d1477ebb757,4a6f43ed-ac8b-41c6-867b-e893d9737c31,nycmesh-1936-olt-xgs-165,318296d9-4586-402a-9ab8-fd44ca7dbf4c,1936-11L,40.716797,-73.985577,,10.0,40.716797,-73.985577,,5.0,0.0,,,4.0,-16.0,
2026-01-07T19:37:44,0242bd05-16ee-49bf-a97f-30d3efe7138a_b1314c1d-da73-4f0c-85bd-6bd1965130fa,330d90e1-e113-3cae-b7f6-65d121aaf8c6,0242bd05-16ee-49bf-a97f-30d3efe7138a,nycmesh-228-east,b1314c1d-da73-4f0c-85bd-6bd1965130fa,nycmesh-619-lbe,40.66076,-73.96032,,12.45,40.6599,-73.95808,,5.0,1344.0,5550.0,MHz,-48.0,-49.0,ap-ptmp-airmax-mixed
2026-01-07T19:37:44,e258faf8-95b3-44bd-a7d6-31c212ecbe54_ed30f3c1-7042-42af-b8c5-035d1c329559,33225468-1baa-4c9b-b2ef-229b562f4fcd,e258faf8-95b3-44bd-a7d6-31c212ecbe54,nycmesh-2282-ltulr-713,ed30f3c1-7042-42af-b8c5-035d1c329559,nycmesh-2282-eps16,40.682995,-73.993789,13.0,18.29,40.682995,-73.993789,13.0,18.29,0.0,,,-48.0,-47.0,sta-ptp
2026-01-07T19:37:44,7ee45009-6bc2-4a26-9b83-a3b07c70a3f6_96257a9a-c644-4a73-856b-e7a5974dcf31,332f3d8d-abbf-3fa5-aa52-86e6ef1d5a5e,7ee45009-6bc2-4a26-9b83-a3b07c70a3f6,nycmesh-1934-olt-131-460,96257a9a-c644-4a73-856b-e7a5974dcf31,131-26B,40.716142,-73.98448,14.0,10.0,40.716098,-73.985997,-3492.0,5.0,127.94677523749921,,,2.0,-26.0,
2026-01-07T19:37:44,4a6f43ed-ac8b-41c6-867b-e893d9737c31_959d33d7-5951-4c6b-8528-d34af1d61e1c,3343ee6a-e3da-31a5-b5ef-f9f95811498b,4a6f43ed-ac8b-41c6-867b-e893d9737c31,nycmesh-1936-olt-xgs-165,959d33d7-5951-4c6b-8528-d34af1d61e1c,1936-14J,40.716797,-73.985577,,10.0,40.716797,-73.985577,,5.0,0.0,,,,,
2026-01-07T19:37:44,8f851285-4a74-47e6-8971-fc59ba2d7085_152f92e3-ae69-4875-9bff-51ce135ed453,335147fd-dd11-42b7-9d23-9f30e5f6102f,8f851285-4a74-47e6-8971-fc59ba2d7085,nycmesh-231-af24-713,152f92e3-ae69-4875-9bff-51ce135ed453,nycmesh-231-netpower16p,40.646,-74.013672,,10.0,40.645835,-74.013376,,10.0,30.988413153970686,,,-58.0,-57.0,sta-ptp
2026-01-07T19:37:44,4a6f43ed-ac8b-41c6-867b-e893d9737c31_f7aecc4f-9b4e-4e0b-acbe-9d4ad0baa8b9,3364d689-914f-34dd-9f3f-2b38f34682ba,4a6f43ed-ac8b-41c6-867b-e893d9737c31,nycmesh-1936-olt-xgs-165,f7aecc4f-9b4e-4e0b-acbe-9d4ad0baa8b9,1936-14O,40.716797,-73.985577,,10.0,40.716797,-73.985577,,5.0,0.0,,,4.0,-15.0,
2026-01-07T19:37:44,4a6f43ed-ac8b-41c6-867b-e893d9737c31_81894423-aa62-4ef0-93b7-fb9e78b68919,336ca00f-ce9b-3dc0-9410-0b169c00f87d,4a6f43ed-ac8b-41c6-867b-e893d9737c31,nycmesh-1936-olt-xgs-165,81894423-aa62-4ef0-93b7-fb9e78b68919,1936-09L,40.716797,-73.985577,,10.0,40.716797,-73.985577,,5.0,0.0,,,4.0,-17.0,
2026-01-07T19:37:44,6dfcfc62-6607-4238-a6e8-11e59af236df_ebb4486f-da9d-4334-bac8-9fa1e09c0b47,337a1deb-94fb-454f-b8ec-fd7c479340c8,6dfcfc62-6607-4238-a6e8-11e59af236df,nycmesh-5916-eps16,ebb4486f-da9d-4334-bac8-9fa1e09c0b47,nycmesh-5916-gbelr-265,40.696038,-73.939764,23.0,67.46,40.69628,-73.93976,,0.0,26.911285177241478,,,-62.0,-60.0,ap-ptp
2026-01-07T19:37:44,64bd08e0-9c3f-4d2c-b955-23f45f5a0cb4_0f8e78fc-0165-4208-9c94-76aeecbdc52c,3383b4bc-2897-4334-92c1-2e2c4883a812,64bd08e0-9c3f-4d2c-b955-23f45f5a0cb4,nycmesh-1167-omni,0f8e78fc-0165-4208-9c94-76aeecbdc52c,nycmesh-1167-lite7r,40.727553,-73.946045,4.0,10.0,40.727553,-73.946045,4.0,10.0,0.0,,,,,
2026-01-07T19:37:44,aab8ff3f-3834-4560-b507-2cd0fd7896c0_7ee45009-6bc2-4a26-9b83-a3b07c70a3f6,339f22d7-4287-4874-9402-7449f22e07ac,aab8ff3f-3834-4560-b507-2cd0fd7896c0,nycmesh-1934-core,7ee45009-6bc2-4a26-9b83-a3b07c70a3f6,nycmesh-1934-olt-131-460,40.716142,-73.98448,,10.0,40.716142,-73.98448,14.0,10.0,0.0,,,,,
2026-01-07T19:37:44,2dd722be-1425-4e1c-b356-2b626ab7e864_3e851429-ccde-4c56-a1b7-019e49194141,33bf55eb-23d4-4108-8c17-f01f6fad7fc7,2dd722be-1425-4e1c-b356-2b626ab7e864,nycmesh-227-eps16,3e851429-ccde-4c56-a1b7-019e49194141,nycmesh-227-ps5ac-northeast2,40.710886,-74.001202,10.0,161.544,40.711065,-74.001308,,158.0,21.817159072259468,,,,,ap-ptmp-airmax-mixed
2026-01-07T19:37:44,06617725-87b2-45e8-8962-30497e654509_6ddc5c0d-d20a-4887-bcdb-900c6266e076,34959b5f-3005-37e2-90b4-fedbb99dbfd6,06617725-87b2-45e8-8962-30497e654509,nycmesh-730-olt-xgs,6ddc5c0d-d20a-4887-bcdb-900c6266e076,730-05E,40.844422,-73.893677,,69.000015,40.844422,-73.893677,,5.0,0.0,,,4.0,-15.0,
2026-01-07T19:37:44,4a6f43ed-ac8b-41c6-867b-e893d9737c31_de902d54-ae47-4572-9fd7-fb5f1d8e8670,34ab2864-a5ce-35cb-894b-30f0c1d5a5d3,4a6f43ed-ac8b-41c6-867b-e893d9737c31,nycmesh-1936-olt-xgs-165,de902d54-ae47-4572-9fd7-fb5f1d8e8670,1936-05P,40.716797,-73.985577,,10.0,40.716797,-73.985577,,5.0,0.0,,,4.0,-16.0,
2026-01-07T19:37:44,029b9158-d691-4968-a7b3-7ffbe1ae03d3_0d22d19f-6f1d-4423-af1c-a2912f02d282,34e2f109-6c0f-3482-930a-fd898fbb5c6c,029b9158-d691-4968-a7b3-7ffbe1ae03d3,nycmesh-3461-northwest,0d22d19f-6f1d-4423-af1c-a2912f02d282,nycmesh-lbelr-3607,40.672685,-73.96386,,60.95,40.6828,-73.9459,23.0,10.0,1915.0,5510.0,MHz,-67.0,-71.0,ap-ptmp
2026-01-07T19:37:44,0499345d-a4c8-480a-8886-30258eee9b06_bbd6438c-73fe-49ee-8f3a-046b9a708101,34f7d82f-5fd6-3bbe-afff-6659ffbb48bd,0499345d-a4c8-480a-8886-30258eee9b06,nycmesh-1635-north,bbd6438c-73fe-49ee-8f3a-046b9a708101,nycmesh-lbe-335,40.667569,-73.98239,33.0,10.0,40.66755755,-73.982386782639,33.0,5.0,1.0,5700.0,MHz,-56.0,-55.0,ap-ptmp
2026-01-07T19:37:44,a57ddde1-6fff-463a-bbee-cbe90258daa6_2b51eef0-f66c-4ffc-b5ee-4b9dd6e32a01,34fbf987-8f56-396d-8c84-134c4b913d87,a57ddde1-6fff-463a-bbee-cbe90258daa6,nycmesh-1932-olt-410,2b51eef0-f66c-4ffc-b5ee-4b9dd6e32a01,410-15C,40.716098,-73.985997,14.0,100.32,40.716338,-73.986263,14.0,5.0,34.85361611376818,,,,,
2026-01-07T19:37:44,a57ddde1-6fff-463a-bbee-cbe90258daa6_76addd36-9235-41c8-ab25-0d4eef0b3709,3502cae6-335d-3bfb-8c90-1afa5d6da036,a57ddde1-6fff-463a-bbee-cbe90258daa6,nycmesh-1932-olt-410,76addd36-9235-41c8-ab25-0d4eef0b3709,410-25A,40.716098,-73.985997,14.0,100.32,40.716338,-73.986263,14.0,5.0,34.85361611376818,,,0.0,-21.0,
2026-01-07T19:37:44,a57ddde1-6fff-463a-bbee-cbe90258daa6_e8e06f1c-75ce-45aa-af9a-563d93d402f7,356d6027-add6-31fd-b6de-9d14ae7cb92f,a57ddde1-6fff-463a-bbee-cbe90258daa6,nycmesh-1932-olt-410,e8e06f1c-75ce-45aa-af9a-563d93d402f7,410-21A,40.716098,-73.985997,14.0,100.32,40.716338,-73.986263,14.0,5.0,34.85361611376818,,,,,
2026-01-07T19:37:44,4a6f43ed-ac8b-41c6-867b-e893d9737c31_bdf1446c-dc37-4b7d-b717-61b942a1aaf1,358c8950-b685-311d-80fe-fa136af749f9,4a6f43ed-ac8b-41c6-867b-e893d9737c31,nycmesh-1936-olt-xgs-165,bdf1446c-dc37-4b7d-b717-61b942a1aaf1,1936-10N,40.716797,-73.985577,,10.0,40.716797,-73.985577,,5.0,0.0,,,4.0,-16.0,
2026-01-07T19:37:44,82094c68-d2cf-4d01-b38b-897ff93940f4_e0a3973b-79f9-4703-a8b4-e6855f1accf4,35c53dc3-912b-3272-bc42-b7cf8d3346d0,82094c68-d2cf-4d01-b38b-897ff93940f4,nycmesh-584-olt-xgs,e0a3973b-79f9-4703-a8b4-e6855f1accf4,584-West-20T-1G-Mary,40.79355,-73.965641,,10.0,40.79355,-73.965641,,5.0,0.0,,,4.0,-16.0,
2026-01-07T19:37:44,83ebb66c-9b0d-4a71-af68-50dd94dd36da_a4cd1a09-4b3e-4c3d-8d0f-98cd38f704c9,35e946c8-b8b9-4cc8-b307-829737f88e3d,83ebb66c-9b0d-4a71-af68-50dd94dd36da,nycmesh-584-ICX6610,a4cd1a09-4b3e-4c3d-8d0f-98cd38f704c9,nycmesh-584-hexS-roof-rack,40.79355,-73.965641,,10.0,40.79355,-73.965641,,10.0,0.0,,,,,
2026-01-07T19:37:44,5c032c5e-6ba0-472e-8aca-7eb3b7ed2bf0_dea3039c-f1ed-4913-8ff2-089a09fbaa34,35eb10c4-0257-4930-9a37-dce8ef8ebcbd,5c032c5e-6ba0-472e-8aca-7eb3b7ed2bf0,nycmesh-713-eh8010-162,dea3039c-f1ed-4913-8ff2-089a09fbaa34,nycmesh-162-eh8010-713,40.657782,-74.004848,,45.32,40.664997,-73.990543,,40.0,1448.989811365161,,,,,
2026-01-07T19:37:44,4a6f43ed-ac8b-41c6-867b-e893d9737c31_673cb0d1-c41d-4223-8ee4-2985dc1f7eff,360efd2d-b8ea-3504-94fe-4695f818c0e0,4a6f43ed-ac8b-41c6-867b-e893d9737c31,nycmesh-1936-olt-xgs-165,673cb0d1-c41d-4223-8ee4-2985dc1f7eff,1936-07L,40.716797,-73.985577,,10.0,40.716797,-73.985577,,5.0,0.0,,,4.0,-17.0,
2026-01-07T19:37:44,4a6f43ed-ac8b-41c6-867b-e893d9737c31_4fdb4fce-402f-459a-87ba-7da7426ff0f8,3621512b-5575-3c7a-8d89-6df674337d48,4a6f43ed-ac8b-41c6-867b-e893d9737c31,nycmesh-1936-olt-xgs-165,4fdb4fce-402f-459a-87ba-7da7426ff0f8,1936-05G,40.716797,-73.985577,,10.0,40.716797,-73.985577,,5.0,0.0,,,3.0,-16.0,
2026-01-07T19:37:44,06617725-87b2-45e8-8962-30497e654509_16bc675c-a4bd-4057-a06a-9208786f3080,364378ab-5270-3117-89a5-73a1b4b9f4b6,06617725-87b2-45e8-8962-30497e654509,nycmesh-730-olt-xgs,16bc675c-a4bd-4057-a06a-9208786f3080,730-02H,40.844422,-73.893677,,69.000015,40.844422,-73.893677,,5.0,0.0,,,4.0,-16.0,
2026-01-07T19:37:44,7ee45009-6bc2-4a26-9b83-a3b07c70a3f6_5c97250d-0ad9-46a8-9643-aabd77dd9378,36717eff-e49e-3e2f-90a9-7c6678895bc7,7ee45009-6bc2-4a26-9b83-a3b07c70a3f6,nycmesh-1934-olt-131-460,5c97250d-0ad9-46a8-9643-aabd77dd9378,131-06G,40.716142,-73.98448,14.0,10.0,40.716364,-73.985193,-3492.0,5.0,64.96443791683336,,,3.0,-15.0,
2026-01-07T19:37:44,91e7f59b-59bb-49d5-8dc3-cf25bf2ec373_9accd84c-9df4-4719-acd2-e5cc83b50e28,368fcada-0cc4-4776-931b-07710506be07,91e7f59b-59bb-49d5-8dc3-cf25bf2ec373,nycmesh-1417-core,9accd84c-9df4-4719-acd2-e5cc83b50e28,nycmesh-1417-ltulr-5916,40.71363,-73.935641,,14.0,40.71363,-73.935641,7.0,14.0,1986.0,,,,,sta-ptp
2026-01-07T19:37:44,4a6f43ed-ac8b-41c6-867b-e893d9737c31_b97d913e-8c76-4da7-9621-b826922a4476,36a95f2b-711e-3d71-9c9b-62c0c2cc0f76,4a6f43ed-ac8b-41c6-867b-e893d9737c31,nycmesh-1936-olt-xgs-165,b97d913e-8c76-4da7-9621-b826922a4476,1936-11G,40.716797,-73.985577,,10.0,40.716797,-73.985577,,5.0,0.0,,,4.0,-16.0,
2026-01-07T19:37:44,2630b421-546f-4bc0-8ae2-f92c038f2eed_00b8f24f-13d2-4714-8585-965c445b3849,36b39897-22db-39f4-98e9-8c5e5a2e6146,2630b421-546f-4bc0-8ae2-f92c038f2eed,nycmesh-2274-west,00b8f24f-13d2-4714-8585-965c445b3849,nycmesh-lbe-1163,40.725681,-73.983591,,8.0,40.7256814,-73.9835909,7.0,8.0,0.04526920728262734,5570.0,MHz,-58.0,-66.0,ap-ptmp
2026-01-07T19:37:44,77814236-1bda-4781-9a9c-5c126c4834d5_62a74494-aef0-45ad-ae4e-45f50fb5d591,36f0398c-c178-44dc-8b9c-75c7c1bab94b,77814236-1bda-4781-9a9c-5c126c4834d5,nycmesh-2701-wavenano,62a74494-aef0-45ad-ae4e-45f50fb5d591,nycmesh-2701-np16-1,40.647886,-74.000754,45.0,72.4,40.647781,-74.000767,45.0,10.0,11.726868038432857,,,-62.0,-55.0,sta-ptmp
2026-01-07T19:37:44,d14a79df-ca26-408f-8dc8-4a73585d167a_fd5b9839-f7b8-48cf-92c6-6882b203a39b,3702c48f-71cd-3a85-b832-234d7c06f3db,d14a79df-ca26-408f-8dc8-4a73585d167a,nycmesh-3461-southeast,fd5b9839-f7b8-48cf-92c6-6882b203a39b,nycmesh-lbe-5686,40.672531,-73.964197,,60.95,40.6725,-73.9642,,5.0,3.4563153488510543,5710.0,MHz,-63.0,-66.0,ap-ptmp-airmax-mixed
2026-01-07T19:37:44,06617725-87b2-45e8-8962-30497e654509_89babacd-52f6-431c-86b0-e18c7ffc71e2,3708c68d-6350-3ca8-8487-c32e95329338,06617725-87b2-45e8-8962-30497e654509,nycmesh-730-olt-xgs,89babacd-52f6-431c-86b0-e18c7ffc71e2,730-08B 70:a7:41:3e:9d:29,40.844422,-73.893677,,69.000015,40.844422,-73.893677,,5.0,0.0,,,2.0,-15.0,
2026-01-07T19:37:44,c82bb62b-ddf2-4011-8556-12b170f43ef2_05584633-01d6-4e95-b318-755a0186ef96,3713263c-ec0e-3135-bfae-289afbbb5778,c82bb62b-ddf2-4011-8556-12b170f43ef2,nycmesh-1340-west,05584633-01d6-4e95-b318-755a0186ef96,nycmesh-lbe-502,40.686016,-73.917493,,53.3,40.6858,-73.9173,,25.01,1.0,5560.0,MHz,-57.0,-58.0,ap-ptmp-airmax-mixed
2026-01-07T19:37:44,aab8ff3f-3834-4560-b507-2cd0fd7896c0_f4efb67c-1414-4abb-a8ab-1d8f06884bcf,375b9fff-13d8-4d49-9434-ccb0934707b6,aab8ff3f-3834-4560-b507-2cd0fd7896c0,nycmesh-1934-core,f4efb67c-1414-4abb-a8ab-1d8f06884bcf,nycmesh-1933-netpower16p,40.716142,-73.98448,,10.0,40.715467,-73.984401,,97.0,75.35131590571402,,,,,
2026-01-07T19:37:44,12010c8c-9f46-4e45-81e4-62d7090fbcd5_d8869c1c-810e-4047-9270-631a71ff7965,37cb8dee-2bb6-346a-9d95-befcff08c0ee,12010c8c-9f46-4e45-81e4-62d7090fbcd5,nycmesh-1340-east,d8869c1c-810e-4047-9270-631a71ff7965,nycmesh-lbe-7386,40.686016,-73.917493,,53.3,40.6858,-73.9173,,25.01,1.0,5560.0,MHz,-70.0,-68.0,ap-ptmp-airmax-mixed
2026-01-07T19:37:44,06617725-87b2-45e8-8962-30497e654509_0863090b-49a4-4006-bc95-ea1935ae449d,37f7fa93-d060-3b87-9b67-4c2a2da870b1,06617725-87b2-45e8-8962-30497e654509,nycmesh-730-olt-xgs,0863090b-49a4-4006-bc95-ea1935ae449d,730-03P,40.844422,-73.893677,,69.000015,40.844422,-73.893677,,5.0,0.0,,,5.0,-15.0,
2026-01-07T19:37:44,23f11835-248a-4ef9-b85d-454f03ff66c7_3979ce06-9fc9-423b-abf1-633c035de438,38144c5e-5c32-4ce0-90d5-8f5e824758b2,23f11835-248a-4ef9-b85d-454f03ff66c7,nycmesh-265-gbelr-5916,3979ce06-9fc9-423b-abf1-633c035de438,nycmesh-511-lite7r,40.705214,-73.930748,,0.0,40.705214,-73.930897,,24.0,12.559819862350345,,,-59.0,-63.0,sta-ptp
2026-01-07T19:37:44,25a60c05-a427-4949-8429-622866062481_677e652f-e131-496e-8c01-c7b8a08fa87b,38382fc0-dff5-3320-bc87-fbb650909bfd,25a60c05-a427-4949-8429-622866062481,nycmesh-407-north,677e652f-e131-496e-8c01-c7b8a08fa87b,nycmesh-lbe-319,40.713242,-73.990392,,11.42,40.714118,-73.99201,10.0,8.0,3.0,5505.0,MHz,,,ap-ptmp-airmax-mixed
2026-01-07T19:37:44,4a6f43ed-ac8b-41c6-867b-e893d9737c31_4ecbd50a-0634-4c3b-ac1a-edb7d1a575b1,3862d8ac-e341-3e10-8ace-bf80da1b12bc,4a6f43ed-ac8b-41c6-867b-e893d9737c31,nycmesh-1936-olt-xgs-165,4ecbd50a-0634-4c3b-ac1a-edb7d1a575b1,1936-04H,40.716797,-73.985577,,10.0,40.716797,-73.985577,,5.0,0.0,,,5.0,-17.0,
2026-01-07T19:37:44,7ee45009-6bc2-4a26-9b83-a3b07c70a3f6_64fb133c-e5d4-42bc-ad3b-ee7fb445d65c,388f15c6-c2d7-3ee6-b06c-23531291a62d,7ee45009-6bc2-4a26-9b83-a3b07c70a3f6,nycmesh-1934-olt-131-460,64fb133c-e5d4-42bc-ad3b-ee7fb445d65c,131-26F,40.716142,-73.98448,14.0,10.0,40.716364,-73.985193,-3492.0,5.0,64.96443791683336,,,1.0,-16.0,
2026-01-07T19:37:44,22f8a4e5-891d-48b9-a3b2-9808f9c3b977_67c6dacd-afa6-45f6-9f32-56e4a878e9e3,38b0ac74-9c89-3d14-b028-520a00ee256c,22f8a4e5-891d-48b9-a3b2-9808f9c3b977,nycmesh-3461-northeast,67c6dacd-afa6-45f6-9f32-56e4a878e9e3,nycmesh-lbe-345,40.672685,-73.96386,,60.95,40.6725,-73.9642,,5.0,35.28977579122606,5560.0,MHz,-61.0,-62.0,ap-ptmp-airmax-mixed
2026-01-07T19:37:44,db9968fa-dd1f-458a-8f1f-bea3e6db6e7c_5371a07d-fe35-4cb0-93ac-85481bd58b32,38f69871-c4b8-497a-87c0-30a89542e8ac,db9968fa-dd1f-458a-8f1f-bea3e6db6e7c,nycmesh-5151-eps16,5371a07d-fe35-4cb0-93ac-85481bd58b32,nycmesh-5151-wavenano-899,40.67543,-73.98058,,22.0,40.675433,-73.980575,,41.1,0.5376569713499737,,,-60.0,-61.0,ap-ptp
2026-01-07T19:37:44,27e8d633-c006-4fdc-b26b-f88ceca65d19_3472532d-50db-4713-a235-75d6be7f49c5,39254285-dfa4-47e0-8877-3004a8631438,27e8d633-c006-4fdc-b26b-f88ceca65d19,nycmesh-383-gbe-449,3472532d-50db-4713-a235-75d6be7f49c5,nycmesh-383-omni,40.721346,-73.946636,7.0,0.0,40.721278,-73.946706,7.0,10.0,9.590238087620913,,,,,ap-ptp
2026-01-07T19:37:44,ffc9508b-83dd-4113-bd55-c6936f0f0d6d_728c5f0c-223f-41b5-a3a1-a6381df7a06e,394bffc5-a28f-33aa-8567-e6eec5da386e,ffc9508b-83dd-4113-bd55-c6936f0f0d6d,nycmesh-1932-west-s6,728c5f0c-223f-41b5-a3a1-a6381df7a06e,nycmesh-lbe-637,40.716098,-73.985997,14.0,100.32,40.7174,-73.99498,14.0,5.0,8.0,5560.0,MHz,-58.0,-57.0,ap-ptmp-airmax-mixed
2026-01-07T19:37:44,b9c2b771-359e-48c3-8f58-f02ed9f66afe_55986c61-f62f-42c5-8e46-d17f4d2dc443,39a05aec-7a80-3ddb-a7af-7306e21200e2,b9c2b771-359e-48c3-8f58-f02ed9f66afe,nycmesh-2463-northeast,55986c61-f62f-42c5-8e46-d17f4d2dc443,nycmesh-lbe-3175,40.719898,-73.988024,11.0,8.0,40.719897625,-73.98805175,,5.0,2.0,5770.0,MHz,-62.0,-43.0,ap-ptmp-airmax-ac
2026-01-07T19:37:44,f0fd1504-684f-467e-8115-ac44b46fc24a_d8980a37-749d-4be2-86ef-879e397fb51a,39b8318f-512a-4e60-88a3-0b696997947e,f0fd1504-684f-467e-8115-ac44b46fc24a,nycmesh-1340-eps16,d8980a37-749d-4be2-86ef-879e397fb51a,nycmesh-1340-lbe-664,40.685823,-73.917272,,12.93,40.686016,-73.917493,,53.3,28.421800681481212,,,-66.0,-62.0,ap-ptp
2026-01-07T19:37:44,4ec70dea-528c-4426-a240-722295c916b1_cb6e081c-5837-41ab-a209-06adb9d4dad5,39d267d1-3a67-31f6-bf68-b138aefad6ac,4ec70dea-528c-4426-a240-722295c916b1,nycmesh-1340-north2,cb6e081c-5837-41ab-a209-06adb9d4dad5,nycmesh-lbe-654,40.685988,-73.917573,,12.93,40.6858,-73.9173,,25.01,1.0,5745.0,MHz,-44.0,-51.0,ap-ptmp-airmax-mixed
2026-01-07T19:37:44,8ec6a303-dc26-486d-8e24-cb16e5d7b54a_0b1a9a1e-3ca8-4a23-9e27-d768e5c3de76,39e39a2d-6139-3f67-8251-607a81b72a65,8ec6a303-dc26-486d-8e24-cb16e5d7b54a,nycmesh-854-epr6,0b1a9a1e-3ca8-4a23-9e27-d768e5c3de76,nycmesh-854-northwest,40.711568,-73.946966,,10.0,40.711578,-73.946978,,10.0,1.503139026414416,,,,,ap-ptmp
2026-01-07T19:37:44,4a6f43ed-ac8b-41c6-867b-e893d9737c31_65f2f9fb-ce8d-43f7-b6f8-a9605f227a0f,3a0cb79b-ce1d-3585-a2e4-4b74c9f64099,4a6f43ed-ac8b-41c6-867b-e893d9737c31,nycmesh-1936-olt-xgs-165,65f2f9fb-ce8d-43f7-b6f8-a9605f227a0f,1936-13B,40.716797,-73.985577,,10.0,40.716797,-73.985577,,5.0,0.0,,,3.0,-17.0,
2026-01-07T19:37:44,c4095443-47b1-44f2-bc54-bc1a9b041ea2_78e5f088-fb2b-4a49-aa1b-cba1e291065a,3a1aa631-af0e-32fd-ab2a-d79fab70a6a0,c4095443-47b1-44f2-bc54-bc1a9b041ea2,nycmesh-3461-north,78e5f088-fb2b-4a49-aa1b-cba1e291065a,nycmesh-lbe-279,40.672531,-73.964197,,60.95,40.6725,-73.9642,,5.0,3.4563153488510543,5310.0,MHz,-60.0,-60.0,ap-ptmp-airmax-mixed
2026-01-07T19:37:44,4c23956f-db01-4ffe-afb2-ee968f0ba481_3338c10e-fe5c-490c-afa7-312ce0b7af44,3a3dbf96-b781-4215-a7de-6f067c9290b0,4c23956f-db01-4ffe-afb2-ee968f0ba481,nycmesh-lbe-7398,3338c10e-fe5c-490c-afa7-312ce0b7af44,nycmesh-7398-omni,40.6725,-73.9642,,15.0,40.675959,-73.940744,,15.0,2015.1677164943922,,,-67.0,-68.0,sta-ptmp
2026-01-07T19:37:44,06617725-87b2-45e8-8962-30497e654509_73976519-9597-4f00-a8b5-fbcd2f78f361,3aeb1c32-fee6-3a06-84ae-535f014cd6d8,06617725-87b2-45e8-8962-30497e654509,nycmesh-730-olt-xgs,73976519-9597-4f00-a8b5-fbcd2f78f361,730-07F,40.844422,-73.893677,,69.000015,40.844422,-73.893677,,5.0,0.0,,,4.0,-17.0,
2026-01-07T19:37:44,9da2ae7f-c0ab-452d-868b-c6b498e4a45c_9192dd85-285e-4e88-a118-c3be641999c0,3b03e1ae-c39b-48db-9f96-889530142ed8,9da2ae7f-c0ab-452d-868b-c6b498e4a45c,nycmesh-3-es8,9192dd85-285e-4e88-a118-c3be641999c0,nycmesh-3-omni / Brian,40.724868,-73.987898,,-32.0,40.724868,-73.987898,,-32.0,0.0,,,,,
2026-01-07T19:37:44,a57ddde1-6fff-463a-bbee-cbe90258daa6_b31bb5d9-87fd-4623-b0a2-fe67ca8f426e,3b5c98c3-2e99-3b4a-b1b2-c81d82171747,a57ddde1-6fff-463a-bbee-cbe90258daa6,nycmesh-1932-olt-410,b31bb5d9-87fd-4623-b0a2-fe67ca8f426e,410-24G,40.716098,-73.985997,14.0,100.32,40.716338,-73.986263,14.0,5.0,34.85361611376818,,,4.0,-22.0,
2026-01-07T19:37:44,4a6f43ed-ac8b-41c6-867b-e893d9737c31_d2c626ff-b7e7-46f4-a42a-363e737e42ff,3b5d1e51-8331-34d9-a7a6-edecfdb28d67,4a6f43ed-ac8b-41c6-867b-e893d9737c31,nycmesh-1936-olt-xgs-165,d2c626ff-b7e7-46f4-a42a-363e737e42ff,1936-11J,40.716797,-73.985577,,10.0,40.716797,-73.985577,,5.0,0.0,,,4.0,-16.0,
2026-01-07T19:37:44,4a6f43ed-ac8b-41c6-867b-e893d9737c31_5e6746a8-a91d-4623-af5d-7bb20cc8db44,3bf8144b-8c72-33a3-9fac-7ed90e38ff3c,4a6f43ed-ac8b-41c6-867b-e893d9737c31,nycmesh-1936-olt-xgs-165,5e6746a8-a91d-4623-af5d-7bb20cc8db44,1936-10O,40.716797,-73.985577,,10.0,40.716797,-73.985577,,5.0,0.0,,,5.0,-21.0,
2026-01-07T19:37:44,ed2ba00d-f21e-4da1-96b5-890bb6510dab_4dea985a-aace-4bae-a0f3-c6284acb6064,3c1bff71-fb1a-358a-9a25-dc58823cf62a,ed2ba00d-f21e-4da1-96b5-890bb6510dab,nycmesh-5916-northeast,4dea985a-aace-4bae-a0f3-c6284acb6064,nycmesh-lbe-159,40.696038,-73.939764,,67.46,40.696038,-73.939764,23.0,5.0,1.0,5550.0,MHz,-66.0,-65.0,ap-ptmp-airmax-mixed
2026-01-07T19:37:44,06617725-87b2-45e8-8962-30497e654509_c3049b13-c173-4317-a7cf-5621cb672da0,3c9caca4-daec-3152-b1e7-51a974458a00,06617725-87b2-45e8-8962-30497e654509,nycmesh-730-olt-xgs,c3049b13-c173-4317-a7cf-5621cb672da0,730-11N,40.844422,-73.893677,,69.000015,40.844422,-73.893677,,5.0,0.0,,,4.0,-17.0,
2026-01-07T19:37:44,01a74e3c-7494-4e0a-a380-1d611e988f35_1ea495cf-3577-44f9-857d-d1ee980c4f54,3cb48ed5-4b2f-3acd-9acc-b1069a99683e,01a74e3c-7494-4e0a-a380-1d611e988f35,nycmesh-227-ps5ac-north2,1ea495cf-3577-44f9-857d-d1ee980c4f54,nycmesh-lbe-2441,40.711166,-74.001244,,161.544,40.716536,-73.990433,10.0,8.0,1.0,5710.0,MHz,-65.0,-63.0,ap-ptmp-airmax-mixed
2026-01-07T19:37:44,ffc9508b-83dd-4113-bd55-c6936f0f0d6d_18ccc045-006f-4096-9220-883f12ed072e,3cb522fd-d5a6-3c1b-8e7f-443d6768981c,ffc9508b-83dd-4113-bd55-c6936f0f0d6d,nycmesh-1932-west-s6,18ccc045-006f-4096-9220-883f12ed072e,nycmesh-lbe-752,40.716098,-73.985997,14.0,100.32,40.716,-73.9861,14.0,5.0,8.0,5560.0,MHz,,,ap-ptmp-airmax-mixed
2026-01-07T19:37:44,0b67e309-6e94-4c8f-8075-60fa4072d6f9_768d089b-02f1-461b-a70c-7006f1425206,3cbab682-9824-4d88-8395-a41f9f6fa4d8,0b67e309-6e94-4c8f-8075-60fa4072d6f9,nycmesh-162-core,768d089b-02f1-461b-a70c-7006f1425206,nycmesh-162-xgs16,40.664997,-73.990543,,40.0,40.664997,-73.990543,,40.0,0.0,,,,,
2026-01-07T19:37:44,22f8a4e5-891d-48b9-a3b2-9808f9c3b977_6957c932-4785-44c1-a592-fc8e715b438c,3ccf0573-6947-3b46-8eca-2c32a6e35add,22f8a4e5-891d-48b9-a3b2-9808f9c3b977,nycmesh-3461-northeast,6957c932-4785-44c1-a592-fc8e715b438c,nycmesh-lbelr-219,40.672685,-73.96386,,60.95,40.696,-73.9398,,10.0,2027.0,5560.0,MHz,-68.0,-66.0,ap-ptmp-airmax-mixed
2026-01-07T19:37:44,7ee45009-6bc2-4a26-9b83-a3b07c70a3f6_887bd4ad-6313-4be0-a5db-f30cd714f9a2,3cd9f42d-8aa7-39c5-bcef-7f7d9942a779,7ee45009-6bc2-4a26-9b83-a3b07c70a3f6,nycmesh-1934-olt-131-460,887bd4ad-6313-4be0-a5db-f30cd714f9a2,460-08C,40.716142,-73.98448,14.0,10.0,40.715564,-73.984569,13.0,5.0,64.70690342261612,,,1.0,-23.0,
2026-01-07T19:37:44,b6ed7b18-8c1e-497a-b8b7-3bab229980c4_6a2d0360-d3f6-42db-8d83-b2a57228b6f5,3cf1d626-aa5e-3523-b518-820af2b387f6,b6ed7b18-8c1e-497a-b8b7-3bab229980c4,nycmesh-5916-south1,6a2d0360-d3f6-42db-8d83-b2a57228b6f5,nycmesh-lbe-831,40.696042,-73.939797,,67.46,40.696,-73.9398,23.0,5.0,1.0,5490.0,MHz,-61.0,-57.0,ap-ptmp-airmax-mixed
2026-01-07T19:37:44,db4a47e5-1286-4bb2-a4ca-8d33fb117baa_3244f85d-dca4-45b0-8346-78a5673047de,3cf7045b-037a-449a-b068-3a7ab1ce4aed,db4a47e5-1286-4bb2-a4ca-8d33fb117baa,nycmesh-sn3-l2tp,3244f85d-dca4-45b0-8346-78a5673047de,nycmesh-318-hexs,40.657782,-74.004848,,45.32,40.781962,-73.977244,26.0,10.0,14002.780451074537,,,,,
2026-01-07T19:37:44,7ee45009-6bc2-4a26-9b83-a3b07c70a3f6_3498aee6-805c-432e-8bf9-aa2e0af7823d,3cf99877-aba6-3ff5-928f-f888b0295f62,7ee45009-6bc2-4a26-9b83-a3b07c70a3f6,nycmesh-1934-olt-131-460,3498aee6-805c-432e-8bf9-aa2e0af7823d,460-02E,40.716142,-73.98448,14.0,10.0,40.715645,-73.984543,13.0,5.0,55.51836572683728,,,3.0,-21.0,
2026-01-07T19:37:44,376fc67d-146a-4018-89ea-d682a0b88d64_544b4f42-b545-4462-962b-b2033932e385,3d0ca46c-644c-328d-b1b7-1bd9e3f99d5f,376fc67d-146a-4018-89ea-d682a0b88d64,nycmesh-5916-east1,544b4f42-b545-4462-962b-b2033932e385,nycmesh-lbe-847,40.69607,-73.939677,,67.46,40.696,-73.9398,23.0,5.0,1.0,5710.0,MHz,-70.0,-68.0,ap-ptmp-airmax-mixed
2026-01-07T19:37:44,b57493cd-83d8-4d49-9ede-c9392cc16f47_9a512a08-70ce-4e2f-92e8-0ebce91372a2,3d4b74b7-c0e4-37da-bf99-dec24cc0dbfa,b57493cd-83d8-4d49-9ede-c9392cc16f47,nycmesh-5014-north,9a512a08-70ce-4e2f-92e8-0ebce91372a2,nycmesh-lbe-394,40.693819,-73.906361,,8.0,40.6938191,-73.9063608,,8.0,0.020198023307997186,5560.0,MHz,-53.0,-54.0,ap-ptmp-airmax-mixed
2026-01-07T19:37:44,105d7ab9-2b0a-4d06-ae16-52b2c50ffeb3_61793c9b-2512-4ae8-b6a9-c397d2490a91,3d5f78e0-aafa-43d0-8c89-3e91a25130a7,105d7ab9-2b0a-4d06-ae16-52b2c50ffeb3,nycmesh-155-omni,61793c9b-2512-4ae8-b6a9-c397d2490a91,nycmesh-lbe-155,40.679873,-73.942457,18.0,10.0,40.679873,-73.942457,18.0,10.0,2224.0,,,-68.0,-68.0,sta-ptmp
2026-01-07T19:37:44,7ee45009-6bc2-4a26-9b83-a3b07c70a3f6_433dc9ba-7f75-4961-b49e-64e365157300,3dadd8d1-b7a0-33d1-8819-4ca48a5a2e91,7ee45009-6bc2-4a26-9b83-a3b07c70a3f6,nycmesh-1934-olt-131-460,433dc9ba-7f75-4961-b49e-64e365157300,131-07H (unplugs sometimes),40.716142,-73.98448,14.0,10.0,40.716098,-73.985997,-3492.0,5.0,127.94677523749921,,,,,
2026-01-07T19:37:44,1af5b87e-d1f4-422e-8718-49e9cf980227_a897ba3e-346d-4577-ac85-a7118c5dffe9,3dedc0b8-bab0-3da0-8d73-2f701785e26a,1af5b87e-d1f4-422e-8718-49e9cf980227,nycmesh-1340-south,a897ba3e-346d-4577-ac85-a7118c5dffe9,nycmesh-lbe-4535,40.686016,-73.917493,,53.3,40.685823,-73.917272,,25.01,1.0,5750.0,MHz,-75.0,-59.0,ap-ptmp-airmax-mixed
2026-01-07T19:37:44,d58653c2-3737-4371-9909-9e9044c8bbfd_7aeddb2e-9508-476a-907d-e7089c2569bc,3e009aa2-0957-46ba-b90a-a85fc31882cb,d58653c2-3737-4371-9909-9e9044c8bbfd,nycmesh-5916-netpower16p,7aeddb2e-9508-476a-907d-e7089c2569bc,nycmesh-5916-waveap-northeast,40.696038,-73.939764,,67.46,40.696036,-73.93963,,99.9,11.299153491810122,,,-59.0,-58.0,ap-ptmp
2026-01-07T19:37:44,1af5b87e-d1f4-422e-8718-49e9cf980227_2926e0d2-df62-411b-8110-a1556156622b,3e0d522f-4ece-39e1-9650-3d3f233c6f7a,1af5b87e-d1f4-422e-8718-49e9cf980227,nycmesh-1340-south,2926e0d2-df62-411b-8110-a1556156622b,nycmesh-lbe-3640,40.686016,-73.917493,,53.3,40.685823,-73.917272,,25.01,1.0,5750.0,MHz,-64.0,-48.0,ap-ptmp-airmax-mixed
2026-01-07T19:37:44,06617725-87b2-45e8-8962-30497e654509_2a5f674b-15dd-4bd1-9282-b42d544bbaf2,3e1cacc5-5f57-3da3-bac3-4601da1d7ae5,06617725-87b2-45e8-8962-30497e654509,nycmesh-730-olt-xgs,2a5f674b-15dd-4bd1-9282-b42d544bbaf2,730-05H,40.844422,-73.893677,,69.000015,40.844422,-73.893677,,5.0,0.0,,,4.0,-16.0,
2026-01-07T19:37:44,7ee45009-6bc2-4a26-9b83-a3b07c70a3f6_1063048a-254f-489c-865b-c849952de851,3e34e956-52cd-37f9-ae21-e35d19cadde2,7ee45009-6bc2-4a26-9b83-a3b07c70a3f6,nycmesh-1934-olt-131-460,1063048a-254f-489c-865b-c849952de851,460-21A,40.716142,-73.98448,14.0,10.0,40.715645,-73.984543,13.0,5.0,55.51836572683728,,,4.0,-27.0,
2026-01-07T19:37:44,06617725-87b2-45e8-8962-30497e654509_d5809884-8c9c-499e-99c2-8821661851dd,3e78fa96-87bc-31b5-b158-bbecc27f8a6f,06617725-87b2-45e8-8962-30497e654509,nycmesh-730-olt-xgs,d5809884-8c9c-499e-99c2-8821661851dd,730-07A,40.844422,-73.893677,,69.000015,40.844422,-73.893677,,5.0,0.0,,,4.0,-16.0,
2026-01-07T19:37:44,8de11c1b-28c6-474e-9aae-a3b9fdca5e21_e0f46918-a846-41ab-a7a0-a919b56d90ac,3e8fa458-2eba-386f-bdb0-ee9e8713738e,8de11c1b-28c6-474e-9aae-a3b9fdca5e21,nycmesh-4342-ltulr-3654,e0f46918-a846-41ab-a7a0-a919b56d90ac,nycmesh-3654-ltulr-4342,40.709885,-73.958032,,5.0,40.709885,-73.958032,10.0,5.0,1.0,5515.0,MHz,-78.0,-78.0,ap-ptp
2026-01-07T19:37:44,06617725-87b2-45e8-8962-30497e654509_19973ffb-5a6b-476e-9985-a6d507c748b7,3ea5c12a-4979-3e49-9bce-5f9703fe3a9a,06617725-87b2-45e8-8962-30497e654509,nycmesh-730-olt-xgs,19973ffb-5a6b-476e-9985-a6d507c748b7,730-06E 70:a7:41:3e:d9:79,40.844422,-73.893677,,69.000015,40.844422,-73.893677,,5.0,0.0,,,4.0,-17.0,
2026-01-07T19:37:44,dc4f1b69-7c03-44ac-923c-0dbaa87655df_61aa7934-6276-4792-bce6-ca1f9e071578,3ed498b9-4a7f-37eb-bb39-ba21393b139d,dc4f1b69-7c03-44ac-923c-0dbaa87655df,nycmesh-1933-waveap-east,61aa7934-6276-4792-bce6-ca1f9e071578,nycmesh-2090-wavelr,40.715592,-73.984405,,98.3,40.72561,-73.954176,,23.6,2793.0,66960.0,MHz,-63.0,-60.0,ap-ptmp
2026-01-07T19:37:44,06617725-87b2-45e8-8962-30497e654509_e5d831a0-f57e-4658-ae2e-e33364a387ed,3edb5d86-87e4-36a4-a102-906a24f2db6d,06617725-87b2-45e8-8962-30497e654509,nycmesh-730-olt-xgs,e5d831a0-f57e-4658-ae2e-e33364a387ed,70:a7:41:3e:ae:c5,40.844422,-73.893677,,69.000015,40.844422,-73.893677,,5.0,0.0,,,,,
2026-01-07T19:37:44,73c1f485-8f0e-4cae-8cda-8c19b9bc8d70_ff7a71c5-e64a-4928-bd82-2e295817db21,3ef86d1b-ffa2-45b9-a42a-f53012c422cf,73c1f485-8f0e-4cae-8cda-8c19b9bc8d70,nycmesh-lbe-544,ff7a71c5-e64a-4928-bd82-2e295817db21,nycmesh-544-eps16,40.718504,-73.995954,,25.0,40.718504,-73.995954,,25.0,0.0,,,-60.0,-57.0,sta-ptmp
2026-01-07T19:37:44,4a6f43ed-ac8b-41c6-867b-e893d9737c31_b8e28d87-0a63-4ee0-8762-bc0652d4935f,3f6a2213-dfac-39cc-a02b-4cdcb010e0e0,4a6f43ed-ac8b-41c6-867b-e893d9737c31,nycmesh-1936-olt-xgs-165,b8e28d87-0a63-4ee0-8762-bc0652d4935f,1936-09C,40.716797,-73.985577,,10.0,40.716797,-73.985577,,5.0,0.0,,,4.0,-17.0,
2026-01-07T19:37:44,3b441eb3-c392-4025-abc3-d23c5994c602_9dc3800b-f63f-4eb0-b758-f1cff1464194,3f822f18-5a11-38db-8708-6763d5b701a9,3b441eb3-c392-4025-abc3-d23c5994c602,nycmesh-1971-northwest,9dc3800b-f63f-4eb0-b758-f1cff1464194,nycmesh-lbe-404,40.712811,-73.994744,10.0,30.0,40.7128,-73.9947,,5.0,1.0,5520.0,MHz,-58.0,-59.0,ap-ptmp-airmax-mixed
2026-01-07T19:37:44,82094c68-d2cf-4d01-b38b-897ff93940f4_01b9ed0d-dd4e-4224-b169-920d2e315cdd,3fbc1784-a683-384c-8432-74b76be70e6f,82094c68-d2cf-4d01-b38b-897ff93940f4,nycmesh-584-olt-xgs,01b9ed0d-dd4e-4224-b169-920d2e315cdd,584-West-15V-1G-Karen,40.79355,-73.965641,,10.0,40.79355,-73.965641,,5.0,0.0,,,4.0,-13.0,
2026-01-07T19:37:44,06617725-87b2-45e8-8962-30497e654509_adbdf291-84bd-4abe-aba8-f181ee776204,3fbfeec1-da81-324f-a4f8-48caf213ff87,06617725-87b2-45e8-8962-30497e654509,nycmesh-730-olt-xgs,adbdf291-84bd-4abe-aba8-f181ee776204,730-06L,40.844422,-73.893677,,69.000015,40.844422,-73.893677,,5.0,0.0,,,4.0,-18.0,
2026-01-07T19:37:44,7ee45009-6bc2-4a26-9b83-a3b07c70a3f6_9cd0d6f8-4673-4ecc-971a-4ad3bca6261f,3fc608bb-f860-391f-a574-a09c2c649e62,7ee45009-6bc2-4a26-9b83-a3b07c70a3f6,nycmesh-1934-olt-131-460,9cd0d6f8-4673-4ecc-971a-4ad3bca6261f,131-26B,40.716142,-73.98448,14.0,10.0,40.716338,-73.986263,14.0,5.0,151.84368914883981,,,3.0,-17.0,
2026-01-07T19:37:44,485c3e16-76ab-45fc-bfa7-9986f17bc115_364be131-f66e-4fd3-bcb2-1671f961e31c,4053cb3b-9e35-4710-834d-dfee3d31b14d,485c3e16-76ab-45fc-bfa7-9986f17bc115,nycmesh-5916-eh8010-1933,364be131-f66e-4fd3-bcb2-1671f961e31c,nycmesh-5916-core,40.696038,-73.939764,,67.46,40.696038,-73.939764,,67.46,0.0,,,,,
2026-01-07T19:37:44,c82bb62b-ddf2-4011-8556-12b170f43ef2_eb9815c0-f357-4b9c-8bd9-73d0f4504c63,405f300a-cb1c-3dd8-8a24-4be6c96e00a7,c82bb62b-ddf2-4011-8556-12b170f43ef2,nycmesh-1340-west,eb9815c0-f357-4b9c-8bd9-73d0f4504c63,nycmesh-lbe-568,40.686016,-73.917493,,53.3,40.6858,-73.9173,,25.01,1.0,5560.0,MHz,-59.0,-59.0,ap-ptmp-airmax-mixed
2026-01-07T19:37:44,6a7b2cf7-6d09-41df-801b-3a6e3fd792ce_6c0254eb-876a-499e-8d22-ac3e317703a0,406879d6-db8a-4150-9e12-d397887fcfa2,6a7b2cf7-6d09-41df-801b-3a6e3fd792ce,nycmesh-2299-wavepro-730,6c0254eb-876a-499e-8d22-ac3e317703a0,nycmesh-2299-core,40.861363,-73.907873,,80.4,40.861367,-73.907738,,10.0,11.36168876812664,,,-41.0,-42.0,sta-ptp
2026-01-07T19:37:44,bdbfec3c-fa33-46cc-80ad-92f781cba7c0_ff7a71c5-e64a-4928-bd82-2e295817db21,4088c52a-9281-4b6b-b8bc-3ecc54fc3b0a,bdbfec3c-fa33-46cc-80ad-92f781cba7c0,nycmesh-544-af60lr,ff7a71c5-e64a-4928-bd82-2e295817db21,nycmesh-544-eps16,40.718492,-73.996155,,37.5,40.718504,-73.995954,,25.0,16.992204328686828,,,-58.0,-57.0,sta-ptmp
2026-01-07T19:37:44,029b9158-d691-4968-a7b3-7ffbe1ae03d3_b44f386b-636e-4267-83ca-0240c720ae7c,40974bc9-9497-3f03-a1c5-a7abeb56e465,029b9158-d691-4968-a7b3-7ffbe1ae03d3,nycmesh-3461-northwest,b44f386b-636e-4267-83ca-0240c720ae7c,nycmesh-lbe-5344,40.672685,-73.96386,,60.95,40.6725,-73.9642,,5.0,35.28977579122606,5510.0,MHz,-67.0,-66.0,ap-ptmp
2026-01-07T19:37:44,ff7a71c5-e64a-4928-bd82-2e295817db21_caa53685-8578-4b8b-b617-96ad3ebb38b3,40c1e170-9bc3-44f9-9f17-d5370c18351c,ff7a71c5-e64a-4928-bd82-2e295817db21,nycmesh-544-eps16,caa53685-8578-4b8b-b617-96ad3ebb38b3,nycmesh-lbe2-544,40.718504,-73.995954,,25.0,40.718504,-73.995954,10.0,25.0,955.0,,,-62.0,-58.0,sta-ptmp
2026-01-07T19:37:44,4a6f43ed-ac8b-41c6-867b-e893d9737c31_d68d155c-9764-442b-a643-e94eba693476,40c47a0f-f117-34ce-9acd-d3e82fed5100,4a6f43ed-ac8b-41c6-867b-e893d9737c31,nycmesh-1936-olt-xgs-165,d68d155c-9764-442b-a643-e94eba693476,1936-06G,40.716797,-73.985577,,10.0,40.716797,-73.985577,,5.0,0.0,,,4.0,-15.0,
2026-01-07T19:37:44,02dab8c6-b7bd-41f6-a0f4-9f6dcbdda7d0_ae3e18d2-ed51-461e-87b3-6cd07cdb6cf5,40ca99da-a8c0-38bb-a0ea-e5cf6174e9c2,02dab8c6-b7bd-41f6-a0f4-9f6dcbdda7d0,nycmesh-713-waveapmicro-north,ae3e18d2-ed51-461e-87b3-6cd07cdb6cf5,nycmesh-7925-wavepico,40.658103,-74.004768,,59.3,40.6564,-73.9992,,5.0,1.0,68040.0,MHz,-57.0,-54.0,ap-ptmp
2026-01-07T19:37:44,7ee45009-6bc2-4a26-9b83-a3b07c70a3f6_f01e274d-05e2-4443-9fc3-23e29e8ef47c,40d8091e-2fd3-37bf-b023-8119ca96de54,7ee45009-6bc2-4a26-9b83-a3b07c70a3f6,nycmesh-1934-olt-131-460,f01e274d-05e2-4443-9fc3-23e29e8ef47c,460-05E,40.716142,-73.98448,14.0,10.0,40.715645,-73.984543,13.0,5.0,55.51836572683728,,,4.0,-17.0,
2026-01-07T19:37:44,5c456d1b-2480-484d-af2d-242fb8e71fc6_0c8208b4-8cd9-4318-af60-5ac040d3f69a,40dec457-a2a3-49a1-8447-c04d1cec3b74,5c456d1b-2480-484d-af2d-242fb8e71fc6,nycmesh-835-core,0c8208b4-8cd9-4318-af60-5ac040d3f69a,nycmesh-835-omni,40.685214,-73.954595,,10.0,40.685214,-73.954595,,10.0,0.0,,,,,
2026-01-07T19:37:44,5b552763-3997-497e-8cab-349a17f307a4_6b1f1127-7c3f-4fb7-a101-0160106fbb8b,40eae019-336b-4133-9cd3-25b9bd167e7a,5b552763-3997-497e-8cab-349a17f307a4,nycmesh-5712-northeast,6b1f1127-7c3f-4fb7-a101-0160106fbb8b,nycmesh-5712-core,40.736767,-73.954633,6.0,10.0,40.736737,-73.954676,6.0,20.0,4.924783781876366,,,-62.0,-58.0,ap-ptmp-airmax-mixed
2026-01-07T19:37:44,823f33a1-7896-44fa-9d9c-dfdd9a2c3c6c_0c15d5e0-414d-41d1-bfb1-9b2577ef3c5b,40f5dba9-8f38-33e5-a047-f28fde0421b9,823f33a1-7896-44fa-9d9c-dfdd9a2c3c6c,nycmesh-162-east,0c15d5e0-414d-41d1-bfb1-9b2577ef3c5b,nycmesh-lbe-763,40.664997,-73.990543,,40.0,40.66501,-73.99058,,5.0,3.0,5490.0,MHz,-62.0,-69.0,ap-ptmp-airmax-mixed
2026-01-07T19:37:44,06617725-87b2-45e8-8962-30497e654509_92fc367d-7a54-4cab-a5b4-ac21a09fe21f,410e925a-5397-3fc0-8f15-a0a0d8168974,06617725-87b2-45e8-8962-30497e654509,nycmesh-730-olt-xgs,92fc367d-7a54-4cab-a5b4-ac21a09fe21f,730-10G,40.844422,-73.893677,,69.000015,40.844422,-73.893677,,5.0,0.0,,,5.0,-15.0,
2026-01-07T19:37:44,a57ddde1-6fff-463a-bbee-cbe90258daa6_50a6d04b-c602-4c28-90de-72bd7441273a,411d5a84-050d-35a1-b537-244cc06903cd,a57ddde1-6fff-463a-bbee-cbe90258daa6,nycmesh-1932-olt-410,50a6d04b-c602-4c28-90de-72bd7441273a,410-11C,40.716098,-73.985997,14.0,100.32,40.716338,-73.986263,14.0,5.0,34.85361611376818,,,3.0,-16.0,
2026-01-07T19:37:44,c6e5cad9-95d0-4440-86ce-65437fede532_ad516046-3993-4726-84db-e91688fba7e5,4131c742-7730-3663-8b3f-c12b90280bc9,c6e5cad9-95d0-4440-86ce-65437fede532,nycmesh-sn3-north,ad516046-3993-4726-84db-e91688fba7e5,nycmesh-lbe-3300,40.6579,-74.0049,,45.32,40.6578,-74.0048,5.0,5.0,1.0,5560.0,MHz,-60.0,-62.0,ap-ptmp-airmax-mixed
2026-01-07T19:37:44,4a6f43ed-ac8b-41c6-867b-e893d9737c31_ddf6b6ea-6765-4085-ad33-1f45100fee8c,413225cd-32e2-357d-994a-dd535604c263,4a6f43ed-ac8b-41c6-867b-e893d9737c31,nycmesh-1936-olt-xgs-165,ddf6b6ea-6765-4085-ad33-1f45100fee8c,1936-06H,40.716797,-73.985577,,10.0,40.716797,-73.985577,,5.0,0.0,,,5.0,-19.0,
2026-01-07T19:37:44,06617725-87b2-45e8-8962-30497e654509_910d299d-4dbd-4c0c-8633-2a732404d3a0,415a0bfd-fae2-33f2-bb0d-4f488162ec04,06617725-87b2-45e8-8962-30497e654509,nycmesh-730-olt-xgs,910d299d-4dbd-4c0c-8633-2a732404d3a0,730-02J,40.844422,-73.893677,,69.000015,40.844422,-73.893677,,5.0,0.0,,,4.0,-16.0,
2026-01-07T19:37:44,7ee45009-6bc2-4a26-9b83-a3b07c70a3f6_4c92beda-cbcf-4ff0-8384-2e211c4a6e5b,41814ad3-763a-39cd-97e9-77b43cd2c049,7ee45009-6bc2-4a26-9b83-a3b07c70a3f6,nycmesh-1934-olt-131-460,4c92beda-cbcf-4ff0-8384-2e211c4a6e5b,460-17A,40.716142,-73.98448,14.0,10.0,40.715526,-73.984399,13.0,5.0,68.8354308742578,,,1.0,-26.0,
2026-01-07T19:37:44,01a74e3c-7494-4e0a-a380-1d611e988f35_7a168a17-449f-4368-8115-6bdde1676298,4188859f-f4ee-3bed-877e-13b09a870714,01a74e3c-7494-4e0a-a380-1d611e988f35,nycmesh-227-ps5ac-north2,7a168a17-449f-4368-8115-6bdde1676298,nycmesh-lbe-1660,40.711166,-74.001244,,161.544,40.724456,-73.982986,10.0,8.0,1.0,5710.0,MHz,-67.0,-63.0,ap-ptmp-airmax-mixed
2026-01-07T19:37:44,6c0254eb-876a-499e-8d22-ac3e317703a0_51b38a91-5ee1-4b1e-bdec-8b001f38f1bd,41b68ebb-a327-4671-bf08-328795244d08,6c0254eb-876a-499e-8d22-ac3e317703a0,nycmesh-2299-core,51b38a91-5ee1-4b1e-bdec-8b001f38f1bd,nycmesh-2299-apartment-edgeswitch,40.861367,-73.907738,,10.0,40.861367,-73.907738,,10.0,0.0,,,,,
2026-01-07T19:37:44,06617725-87b2-45e8-8962-30497e654509_cbbf6ad1-d471-4d88-8fb9-d96f6b33cf5f,41de7d22-cc6b-3dc0-9a1b-5dc9cdc93c8d,06617725-87b2-45e8-8962-30497e654509,nycmesh-730-olt-xgs,cbbf6ad1-d471-4d88-8fb9-d96f6b33cf5f,730-09L,40.844422,-73.893677,,69.000015,40.844422,-73.893677,,5.0,0.0,,,3.0,-14.0,
2026-01-07T19:37:44,6c0254eb-876a-499e-8d22-ac3e317703a0_e4410c8f-524f-43fd-9629-068c84b2a242,41df35cc-0db8-405b-a08d-82de89579bc7,6c0254eb-876a-499e-8d22-ac3e317703a0,nycmesh-2299-core,e4410c8f-524f-43fd-9629-068c84b2a242,nycmesh-2299-office-edgeswitch,40.861367,-73.907738,,10.0,40.861367,-73.907738,,10.0,0.0,,,,,
2026-01-07T19:37:44,f0fd1504-684f-467e-8115-ac44b46fc24a_87db6884-346a-4699-a113-4c0d03d278c6,4201b91e-91dc-4793-aea4-91781baeac28,f0fd1504-684f-467e-8115-ac44b46fc24a,nycmesh-1340-eps16,87db6884-346a-4699-a113-4c0d03d278c6,nycmesh-1340-lbelr-7489,40.685823,-73.917272,,12.93,40.685823,-73.917272,,12.93,0.0,,,-62.0,-60.0,ap-ptmp
2026-01-07T19:37:44,376fc67d-146a-4018-89ea-d682a0b88d64_aa23b89d-e080-478d-a85e-6a8a1fd1ea43,42089e7f-8ec1-36c7-8e30-abf53f7995cc,376fc67d-146a-4018-89ea-d682a0b88d64,nycmesh-5916-east1,aa23b89d-e080-478d-a85e-6a8a1fd1ea43,nycmesh-lbe-187,40.69607,-73.939677,,67.46,40.696038,-73.939764,23.0,5.0,1.0,5710.0,MHz,-67.0,-66.0,ap-ptmp-airmax-mixed
2026-01-07T19:37:44,6dfcfc62-6607-4238-a6e8-11e59af236df_7e4d23cc-3fa7-435b-849d-bfe45b5da173,4230ce49-11ad-4f50-b6aa-12effeca7b9a,6dfcfc62-6607-4238-a6e8-11e59af236df,nycmesh-5916-eps16,7e4d23cc-3fa7-435b-849d-bfe45b5da173,nycmesh-5916-force6g-835,40.696038,-73.939764,23.0,67.46,40.696038,-73.939764,,67.46,0.0,,,,,
2026-01-07T19:37:44,4a6f43ed-ac8b-41c6-867b-e893d9737c31_e3fa4b05-78e1-4166-ac0a-7b071f839bdb,42459790-d745-3fb1-a0eb-d5a028359eb6,4a6f43ed-ac8b-41c6-867b-e893d9737c31,nycmesh-1936-olt-xgs-165,e3fa4b05-78e1-4166-ac0a-7b071f839bdb,1936-08H,40.716797,-73.985577,,10.0,40.716797,-73.985577,,5.0,0.0,,,3.0,-17.0,
2026-01-07T19:37:44,06617725-87b2-45e8-8962-30497e654509_c84870fd-fb20-4125-87e5-181ca8d768de,42566d1b-2fd3-3ea7-8dd6-8ceedd64d126,06617725-87b2-45e8-8962-30497e654509,nycmesh-730-olt-xgs,c84870fd-fb20-4125-87e5-181ca8d768de,730-03S,40.844422,-73.893677,,69.000015,40.844422,-73.893677,,5.0,0.0,,,4.0,-15.0,
2026-01-07T19:37:44,8b8314b8-d05f-4726-a3ba-a52b14f4fbd2_94294f2f-5aff-4254-806c-5b384a61afbc,42692416-92fa-41d0-a2d2-8dc57b7b1b34,8b8314b8-d05f-4726-a3ba-a52b14f4fbd2,nycmesh-219-netpower16p,94294f2f-5aff-4254-806c-5b384a61afbc,nycmesh-219-60xg3,40.674366,-73.940284,,10.0,40.674366,-73.940284,,10.0,0.0,,,,,
2026-01-07T19:37:44,4a6f43ed-ac8b-41c6-867b-e893d9737c31_14747246-b156-4dfa-8036-e524b6b8f7b9,42920416-dcf1-334d-9fdd-ff312de65f76,4a6f43ed-ac8b-41c6-867b-e893d9737c31,nycmesh-1936-olt-xgs-165,14747246-b156-4dfa-8036-e524b6b8f7b9,1936-04F,40.716797,-73.985577,,10.0,40.716797,-73.985577,,5.0,0.0,,,3.0,-16.0,
2026-01-07T19:37:44,4a6f43ed-ac8b-41c6-867b-e893d9737c31_be2ec188-b11b-495c-bd3a-56af92f4952a,42e78d2b-7e1b-33c9-90cb-05ee136f113a,4a6f43ed-ac8b-41c6-867b-e893d9737c31,nycmesh-1936-olt-xgs-165,be2ec188-b11b-495c-bd3a-56af92f4952a,1936-13I,40.716797,-73.985577,,10.0,40.716797,-73.985577,,5.0,0.0,,,4.0,-16.0,
2026-01-07T19:37:44,7ac94d3a-6d8f-48fa-9eab-f8f18d7c9579_48e86d48-2d66-4290-8aad-a3697363e52f,4306cc45-2ffc-4c63-9163-e425d5572367,7ac94d3a-6d8f-48fa-9eab-f8f18d7c9579,nycmesh-921-af60lr,48e86d48-2d66-4290-8aad-a3697363e52f,nycmesh-921-omni,40.714514,-73.914362,,23.4,40.718567,-73.908111,,10.0,693.295706173403,,,-55.0,-57.0,sta-ptmp
2026-01-07T19:37:44,7ee45009-6bc2-4a26-9b83-a3b07c70a3f6_8f8a61de-bd8c-4dc2-9e42-06382d33e42a,430fb3b0-878e-3e7f-8d7c-64d216c22e9c,7ee45009-6bc2-4a26-9b83-a3b07c70a3f6,nycmesh-1934-olt-131-460,8f8a61de-bd8c-4dc2-9e42-06382d33e42a,131-08A,40.716142,-73.98448,14.0,10.0,40.716098,-73.985997,-3492.0,5.0,127.94677523749921,,,2.0,-25.0,
2026-01-07T19:37:44,f8d3507f-2ce2-4219-a4ac-06888b67d2cb_e7a8fdd8-ba1b-4536-9af9-0d3fbc044714,432d280e-cd14-4367-aa40-a5c0862661ea,f8d3507f-2ce2-4219-a4ac-06888b67d2cb,nycmesh-5916-hex-rack,e7a8fdd8-ba1b-4536-9af9-0d3fbc044714,nycmesh-5916-edgepower-2-bottom-rail-two-b,40.696038,-73.939764,,67.46,40.696038,-73.939764,,67.46,0.0,,,,,
2026-01-07T19:37:44,a57ddde1-6fff-463a-bbee-cbe90258daa6_ce6bfbf8-b00f-46c6-b39f-f24f675ce617,432f30e3-6dde-36b4-ad26-45581cd9503e,a57ddde1-6fff-463a-bbee-cbe90258daa6,nycmesh-1932-olt-410,ce6bfbf8-b00f-46c6-b39f-f24f675ce617,410-17B,40.716098,-73.985997,14.0,100.32,40.716338,-73.986263,14.0,5.0,34.85361611376818,,,4.0,-20.0,
2026-01-07T19:37:44,06617725-87b2-45e8-8962-30497e654509_443c8494-d235-445c-84a3-52b104f40099,43599a54-807f-31ed-8c3a-89570180041e,06617725-87b2-45e8-8962-30497e654509,nycmesh-730-olt-xgs,443c8494-d235-445c-84a3-52b104f40099,730-11B -70:a7:41:3e:da:25,40.844422,-73.893677,,69.000015,40.844422,-73.893677,,5.0,0.0,,,4.0,-18.0,
2026-01-07T19:37:44,a57ddde1-6fff-463a-bbee-cbe90258daa6_f5445344-bb60-4e55-b04b-1df7b82bad20,435bd40e-3add-3a7a-8bf0-a9f973a8f973,a57ddde1-6fff-463a-bbee-cbe90258daa6,nycmesh-1932-olt-410,f5445344-bb60-4e55-b04b-1df7b82bad20,410-23B,40.716098,-73.985997,14.0,100.32,40.716338,-73.986263,14.0,5.0,34.85361611376818,,,3.0,-17.0,
2026-01-07T19:37:44,256dd605-20d7-4899-a362-0d0be0608c51_6f3a0d1b-b72c-445b-91fe-dcb9ed28f2ac,43838c68-65bf-4093-8b49-63b825f23466,256dd605-20d7-4899-a362-0d0be0608c51,nycmesh-632-force6g-1933,6f3a0d1b-b72c-445b-91fe-dcb9ed28f2ac,nycmesh-632-eps16,40.734646,-73.95053,,37.0,40.734646,-73.95053,,37.0,0.0,,,,,
2026-01-07T19:37:44,a57ddde1-6fff-463a-bbee-cbe90258daa6_5f5de689-5dc5-4de8-b4cc-f460cb3759cb,43b367ba-8530-3792-b775-00bf0b5d1458,a57ddde1-6fff-463a-bbee-cbe90258daa6,nycmesh-1932-olt-410,5f5de689-5dc5-4de8-b4cc-f460cb3759cb,410-19F,40.716098,-73.985997,14.0,100.32,40.716338,-73.986263,14.0,5.0,34.85361611376818,,,3.0,-19.0,
2026-01-07T19:37:44,c6e5cad9-95d0-4440-86ce-65437fede532_01f8baa4-6744-4b66-b3d1-411dcd2b9248,44033e10-5ce0-361a-bc13-ea460fa73bbe,c6e5cad9-95d0-4440-86ce-65437fede532,nycmesh-sn3-north,01f8baa4-6744-4b66-b3d1-411dcd2b9248,nycmesh-lbe-812,40.6579,-74.0049,,45.32,40.6578,-74.0048,,5.0,1.0,5560.0,MHz,-57.0,-59.0,ap-ptmp-airmax-mixed
2026-01-07T19:37:44,a57ddde1-6fff-463a-bbee-cbe90258daa6_1b607de3-6503-467d-8085-3e4517919894,440a8edc-333a-393d-bb5a-cf33e751c817,a57ddde1-6fff-463a-bbee-cbe90258daa6,nycmesh-1932-olt-410,1b607de3-6503-467d-8085-3e4517919894,410-19H,40.716098,-73.985997,14.0,100.32,40.716338,-73.986263,14.0,5.0,34.85361611376818,,,,,
2026-01-07T19:37:44,4a6f43ed-ac8b-41c6-867b-e893d9737c31_9469c149-4580-4e6c-82f6-3e7deeee062f,4445bae8-d3ee-3991-81f4-ba3be2391fda,4a6f43ed-ac8b-41c6-867b-e893d9737c31,nycmesh-1936-olt-xgs-165,9469c149-4580-4e6c-82f6-3e7deeee062f,1936-08L,40.716797,-73.985577,,10.0,40.716797,-73.985577,,5.0,0.0,,,3.0,-16.0,
2026-01-07T19:37:44,4a6f43ed-ac8b-41c6-867b-e893d9737c31_2f23af96-bfcc-4bc9-8d1f-7ce8f139cfc4,446192ac-cce4-3626-9f43-71c81b1dfc75,4a6f43ed-ac8b-41c6-867b-e893d9737c31,nycmesh-1936-olt-xgs-165,2f23af96-bfcc-4bc9-8d1f-7ce8f139cfc4,1936-14B,40.716797,-73.985577,,10.0,40.716797,-73.985577,,5.0,0.0,,,4.0,-17.0,
2026-01-07T19:37:44,b6ed7b18-8c1e-497a-b8b7-3bab229980c4_e1d3f24d-9b57-421e-8b5e-1b80389f5bbd,4463f391-4896-322a-9ab5-1524b37fc50d,b6ed7b18-8c1e-497a-b8b7-3bab229980c4,nycmesh-5916-south1,e1d3f24d-9b57-421e-8b5e-1b80389f5bbd,nycmesh-lbe-6992,40.696042,-73.939797,,67.46,40.6959,-73.9397,23.0,5.0,1.0,5490.0,MHz,-63.0,-57.0,ap-ptmp-airmax-mixed
2026-01-07T19:37:44,d58653c2-3737-4371-9909-9e9044c8bbfd_3f0a8dfb-c789-42a7-8351-8233ee097b11,44b10743-abd7-47a1-8883-662fcd79dacf,d58653c2-3737-4371-9909-9e9044c8bbfd,nycmesh-5916-netpower16p,3f0a8dfb-c789-42a7-8351-8233ee097b11,nycmesh-5916-lbe-west,40.696038,-73.939764,,67.46,40.696,-73.9398,,67.46,5.202434929581832,,,,,ap-ptmp-airmax-mixed
2026-01-07T19:37:44,e4b7cad6-938a-4cd1-bafa-d684d6a08471_7cdf1497-f945-4fe3-833e-5af1884e24db,44bf57aa-75dd-4e4d-b6b3-56f1cf3273b8,e4b7cad6-938a-4cd1-bafa-d684d6a08471,nycmesh-3461-waveapmicro-north,7cdf1497-f945-4fe3-833e-5af1884e24db,nycmesh-912-wavepico,40.672686,-73.963954,,96.5,40.671312,-73.956677,,5.0,632.4453157638943,64800.0,MHz,-63.0,-60.0,ap-ptmp
2026-01-07T19:37:44,b57493cd-83d8-4d49-9ede-c9392cc16f47_89bfca97-9f94-4488-ba24-15ef070ecd31,44e4d477-086a-396e-ab16-870de6c8565c,b57493cd-83d8-4d49-9ede-c9392cc16f47,nycmesh-5014-north,89bfca97-9f94-4488-ba24-15ef070ecd31,nycmesh-lbe-751,40.693819,-73.906361,,8.0,40.6938,-73.9064,,8.0,3.9082827774909727,5560.0,MHz,-59.0,-60.0,ap-ptmp-airmax-mixed
2026-01-07T19:37:44,376fc67d-146a-4018-89ea-d682a0b88d64_25e55781-11c4-4053-9c16-7747157907bf,452db2fa-1f70-3f2f-9b7d-fb8c8296fdc0,376fc67d-146a-4018-89ea-d682a0b88d64,nycmesh-5916-east1,25e55781-11c4-4053-9c16-7747157907bf,nycmesh-lbe-411,40.69607,-73.939677,,67.46,40.696038,-73.939764,23.0,5.0,1.0,5710.0,MHz,-64.0,-63.0,ap-ptmp-airmax-mixed
2026-01-07T19:37:44,7ee45009-6bc2-4a26-9b83-a3b07c70a3f6_0c3f8a12-43ef-40d5-9e7d-6e20dd3f0817,454d553d-c5e5-30de-b62c-6377a2635854,7ee45009-6bc2-4a26-9b83-a3b07c70a3f6,nycmesh-1934-olt-131-460,0c3f8a12-43ef-40d5-9e7d-6e20dd3f0817,131-10E,40.716142,-73.98448,14.0,10.0,40.716364,-73.985193,-3492.0,5.0,64.96443791683336,,,3.0,-26.0,
2026-01-07T19:37:44,c82bb62b-ddf2-4011-8556-12b170f43ef2_3b864080-9ce4-4e19-9b57-7e3bb68377e0,456f0fc8-43e4-3881-a37d-8919fe7c370c,c82bb62b-ddf2-4011-8556-12b170f43ef2,nycmesh-1340-west,3b864080-9ce4-4e19-9b57-7e3bb68377e0,nycmesh-lbe-897,40.686016,-73.917493,,53.3,40.6858,-73.9173,,25.01,1.0,5560.0,MHz,-69.0,-66.0,ap-ptmp-airmax-mixed
2026-01-07T19:37:44,06617725-87b2-45e8-8962-30497e654509_ac48d36c-754a-4c07-80b1-0ddeec7881e1,45ce9129-4d09-3e06-952d-48f4c2ae4cf2,06617725-87b2-45e8-8962-30497e654509,nycmesh-730-olt-xgs,ac48d36c-754a-4c07-80b1-0ddeec7881e1,730-8J,40.844422,-73.893677,,69.000015,40.844422,-73.893677,,5.0,0.0,,,5.0,-16.0,
2026-01-07T19:37:44,7ee45009-6bc2-4a26-9b83-a3b07c70a3f6_0cc92590-69cf-4811-a1d1-6008089d3909,45f04970-adcd-398a-a0e8-9c524bb6f0aa,7ee45009-6bc2-4a26-9b83-a3b07c70a3f6,nycmesh-1934-olt-131-460,0cc92590-69cf-4811-a1d1-6008089d3909,131-11F,40.716142,-73.98448,14.0,10.0,40.716364,-73.985193,-3492.0,5.0,64.96443791683336,,,3.0,-26.0,
2026-01-07T19:37:44,7ff31813-0a6d-4bfd-81df-7386cde7bd4c_f35ac1ff-2e06-45a0-90d1-1220bc4e3d73,45fa93d2-dd52-3b92-9df3-a91a60764d1d,7ff31813-0a6d-4bfd-81df-7386cde7bd4c,nycmesh-1340-north,f35ac1ff-2e06-45a0-90d1-1220bc4e3d73,nycmesh-lbe-793,40.686016,-73.917493,,12.93,40.685823,-73.917272,,25.01,1.0,5490.0,MHz,-57.0,-56.0,ap-ptmp-airmax-mixed
2026-01-07T19:37:44,4a6f43ed-ac8b-41c6-867b-e893d9737c31_13748e81-022c-4d20-bdea-9f0cec4b9464,4600c331-c94f-3c9f-a4c9-d44872e83671,4a6f43ed-ac8b-41c6-867b-e893d9737c31,nycmesh-1936-olt-xgs-165,13748e81-022c-4d20-bdea-9f0cec4b9464,1936-04D,40.716797,-73.985577,,10.0,40.716797,-73.985577,,5.0,0.0,,,4.0,-16.0,
2026-01-07T19:37:44,a57ddde1-6fff-463a-bbee-cbe90258daa6_e76a0268-0e59-4df2-ab19-b9c80f1dd77d,4625dba5-27a4-398b-a0ec-e82b424eb472,a57ddde1-6fff-463a-bbee-cbe90258daa6,nycmesh-1932-olt-410,e76a0268-0e59-4df2-ab19-b9c80f1dd77d,410-25G,40.716098,-73.985997,14.0,100.32,40.716338,-73.986263,14.0,5.0,34.85361611376818,,,2.0,-21.0,
2026-01-07T19:37:44,4a6f43ed-ac8b-41c6-867b-e893d9737c31_41f346cd-7023-4654-9591-2a3afa655d2f,4645d300-3430-344a-89d2-880e1d0c5572,4a6f43ed-ac8b-41c6-867b-e893d9737c31,nycmesh-1936-olt-xgs-165,41f346cd-7023-4654-9591-2a3afa655d2f,1936-13G,40.716797,-73.985577,,10.0,40.716797,-73.985577,,5.0,0.0,,,4.0,-17.0,
2026-01-07T19:37:44,529f2b80-57ec-48e6-8cc6-8152bcd9be7a_001161b2-4033-45a3-a05f-06a6efa60b18,46476450-a75b-469f-829a-ef548be29d06,529f2b80-57ec-48e6-8cc6-8152bcd9be7a,nycmesh-511-omni,001161b2-4033-45a3-a05f-06a6efa60b18,nycmesh-511-west,40.705214,-73.930897,,24.0,40.70538,-73.930575,,24.0,32.82430790693733,,,,,ap-ptmp-airmax-mixed
2026-01-07T19:37:44,4a6f43ed-ac8b-41c6-867b-e893d9737c31_29db1cf0-02f1-4717-b808-f032c845b88b,4653607d-d1d0-39b6-8df2-8a5a9868d024,4a6f43ed-ac8b-41c6-867b-e893d9737c31,nycmesh-1936-olt-xgs-165,29db1cf0-02f1-4717-b808-f032c845b88b,1936-08A,40.716797,-73.985577,,10.0,40.716797,-73.985577,,5.0,0.0,,,4.0,-17.0,
2026-01-07T19:37:44,b9c2b771-359e-48c3-8f58-f02ed9f66afe_b764197c-f921-46ea-850a-b637d9925f5c,46607f34-44f8-3838-afc2-6993b0826ac1,b9c2b771-359e-48c3-8f58-f02ed9f66afe,nycmesh-2463-northeast,b764197c-f921-46ea-850a-b637d9925f5c,nycmesh-lbe-19,40.719898,-73.988024,11.0,8.0,40.719897625,-73.98805175,,5.0,2.0,5770.0,MHz,-62.0,-46.0,ap-ptmp-airmax-ac
2026-01-07T19:37:44,a57ddde1-6fff-463a-bbee-cbe90258daa6_615dbe62-abe3-46c6-8565-957cccd63157,46dfa05e-b5b7-350d-a5b7-64f0de78f788,a57ddde1-6fff-463a-bbee-cbe90258daa6,nycmesh-1932-olt-410,615dbe62-abe3-46c6-8565-957cccd63157,78:45:58:9a:d2:60,40.716098,-73.985997,14.0,100.32,40.716338,-73.986263,14.0,5.0,34.85361611376818,,,,,
2026-01-07T19:37:44,b55b1d8a-729a-4f6a-a99c-05df3a9284f4_c6e5cad9-95d0-4440-86ce-65437fede532,46e2f599-f91f-4cc8-a2a2-7cc686f42680,b55b1d8a-729a-4f6a-a99c-05df3a9284f4,nycmesh-713-eps16,c6e5cad9-95d0-4440-86ce-65437fede532,nycmesh-sn3-north,40.657782,-74.004848,,45.32,40.6579,-74.0049,,45.32,13.834784489875366,,,,,ap-ptmp-airmax-mixed
2026-01-07T19:37:44,a57ddde1-6fff-463a-bbee-cbe90258daa6_1382dc30-ea84-4261-af29-be417b864323,46f21780-77a5-332d-9738-32ff043c9748,a57ddde1-6fff-463a-bbee-cbe90258daa6,nycmesh-1932-olt-410,1382dc30-ea84-4261-af29-be417b864323,410-08C (unplugs some times),40.716098,-73.985997,14.0,100.32,40.716338,-73.986263,14.0,5.0,34.85361611376818,,,4.0,-15.0,
2026-01-07T19:37:44,875e2e0e-b9fe-4a6b-bb8a-00182497ae1f_0bd5bc7b-b23a-42ce-9b25-5201f0e7465a,46f52415-78da-377b-ab0f-18ec197055ec,875e2e0e-b9fe-4a6b-bb8a-00182497ae1f,nycmesh-5916-waveap-south,0bd5bc7b-b23a-42ce-9b25-5201f0e7465a,nycmesh-155-af60lr,40.696113,-73.939843,,90.0,40.679826,-73.942373,18.0,50.1,1811.0,66960.0,MHz,-59.0,-55.0,ap-ptmp
2026-01-07T19:37:44,601385ad-bf3b-43e9-aef0-dc159eb8c34c_c5a72b7f-7d84-4865-a4e6-5a5acff9cc4b,47188658-d160-3a77-b382-d713551e5430,601385ad-bf3b-43e9-aef0-dc159eb8c34c,nycmesh-898-eps16,c5a72b7f-7d84-4865-a4e6-5a5acff9cc4b,nycmesh-898-af24-2299,40.830454,-73.941171,41.0,10.0,40.830547,-73.941086,41.0,10.0,12.573102863554746,,,-69.0,-66.0,ap-ptp
2026-01-07T19:37:44,bf20021e-d27b-4be8-b467-b98a751c8784_86b239b3-fe86-4308-94da-bfc63a86311e,476727a5-f36d-35ec-8350-032e49a1d725,bf20021e-d27b-4be8-b467-b98a751c8784,nycmesh-3959-eps16-south,86b239b3-fe86-4308-94da-bfc63a86311e,nycmesh-3959-ltulr-641,40.841612,-73.941817,,10.0,40.841612,-73.941817,,10.0,0.0,,,,,sta-ptp
2026-01-07T19:37:44,34c59f51-c645-43ee-b869-bc0b02bb334c_034f0d30-f8ac-4f9e-a42f-e23999f51818,478f78eb-aebf-4e05-ab6b-5089abe19feb,34c59f51-c645-43ee-b869-bc0b02bb334c,nycmesh-2282-core,034f0d30-f8ac-4f9e-a42f-e23999f51818,nycmesh-2282-edgepower,40.682995,-73.993789,13.0,18.29,40.682995,-73.993789,13.0,18.29,0.0,,,,,
2026-01-07T19:37:44,ca7e20a7-1205-48e0-ad90-016e18454dfa_b8f1f092-d745-4b7d-8f89-0ee9b0ee4b86,47bcaa2d-de43-32a5-bb13-7a1a79623395,ca7e20a7-1205-48e0-ad90-016e18454dfa,nycmesh-5712-south,b8f1f092-d745-4b7d-8f89-0ee9b0ee4b86,nycmesh-lbe-337,40.736717,-73.95465,6.0,10.0,40.733605,-73.95764,6.0,5.0,1.0,5510.0,MHz,-55.0,-55.0,ap-ptmp-airmax-mixed
2026-01-07T19:37:44,c6e5cad9-95d0-4440-86ce-65437fede532_e7de5486-c5be-4b93-9137-b6ec33fe944c,47ea9264-f98e-38ce-89c2-61efb4bd5c01,c6e5cad9-95d0-4440-86ce-65437fede532,nycmesh-sn3-north,e7de5486-c5be-4b93-9137-b6ec33fe944c,nycmesh-lbe-282,40.6579,-74.0049,,45.32,40.6578,-74.0048,5.0,5.0,1.0,5560.0,MHz,-58.0,-55.0,ap-ptmp-airmax-mixed
2026-01-07T19:37:44,376fc67d-146a-4018-89ea-d682a0b88d64_a94d2497-4017-4749-9e7d-b3c884ba04fb,47fb8644-0f31-3de0-bcf1-8e06985f2abc,376fc67d-146a-4018-89ea-d682a0b88d64,nycmesh-5916-east1,a94d2497-4017-4749-9e7d-b3c884ba04fb,nycmesh-lbe-875,40.69607,-73.939677,,67.46,40.672531,-73.9641974,,5.0,3327.0,5710.0,MHz,-58.0,-56.0,ap-ptmp-airmax-mixed
2026-01-07T19:37:44,25be4474-71ae-4ae8-9b16-6bf9ad6ab22c_c34bbdd4-02a3-4788-895d-48794a020f95,480eb442-b227-3f5e-9292-889ddf48a13a,25be4474-71ae-4ae8-9b16-6bf9ad6ab22c,nycmesh-231-west,c34bbdd4-02a3-4788-895d-48794a020f95,nycmesh-lbe-866,40.645933,-74.013631,,10.0,40.645835,-74.013376,,5.0,24.11648132617266,5490.0,MHz,-64.0,-69.0,ap-ptmp-airmax-mixed
2026-01-07T19:37:44,4a6f43ed-ac8b-41c6-867b-e893d9737c31_a0ad4525-5c4a-4b00-bea4-185f7c10ae8d,4830c62a-4fe0-3b2b-b8dd-837f39f9f979,4a6f43ed-ac8b-41c6-867b-e893d9737c31,nycmesh-1936-olt-xgs-165,a0ad4525-5c4a-4b00-bea4-185f7c10ae8d,1936-11D,40.716797,-73.985577,,10.0,40.716797,-73.985577,,5.0,0.0,,,4.0,-16.0,
2026-01-07T19:37:44,06617725-87b2-45e8-8962-30497e654509_75d57a01-bb96-4c27-b2fb-608f5f912d6b,4840b4b7-59bd-3661-8650-0d5a6839a739,06617725-87b2-45e8-8962-30497e654509,nycmesh-730-olt-xgs,75d57a01-bb96-4c27-b2fb-608f5f912d6b,730-10J,40.844422,-73.893677,,69.000015,40.844422,-73.893677,,5.0,0.0,,,5.0,-15.0,
2026-01-07T19:37:44,7bfb4d7a-a78e-4620-a084-4d420a9d8c51_4921b04a-1233-4930-8be8-de6c0c9e8267,48798a9d-5fd5-3ff1-bb5e-6a695444bbf5,7bfb4d7a-a78e-4620-a084-4d420a9d8c51,nycmesh-5916-south2,4921b04a-1233-4930-8be8-de6c0c9e8267,nycmesh-lbe-290,40.696048,-73.939788,,67.46,40.696038,-73.939764,23.0,5.0,1.0,5550.0,MHz,-67.0,-60.0,ap-ptmp-airmax-mixed
2026-01-07T19:37:44,33ad0fd7-2502-4632-9698-6013613fccf6_4ebdc47f-2795-4ba9-9312-4dbb00a93412,487a8403-594a-3616-b22e-6381c5f6043c,33ad0fd7-2502-4632-9698-6013613fccf6,nycmesh-7512-southeast,4ebdc47f-2795-4ba9-9312-4dbb00a93412,nycmesh-lbe-500,40.698383,-73.972688,,10.0,40.6983825,-73.9726875,,5.0,1.0,5710.0,MHz,,-55.0,ap-ptmp-airmax-mixed
2026-01-07T19:37:44,3d16530c-356f-44b7-b168-2471e9929c6f_256dfc09-4916-4921-8512-2587f139d3e8,48f1ed42-83d9-46a4-b64b-10dd5a411f14,3d16530c-356f-44b7-b168-2471e9929c6f,nycmesh-436-af60lr,256dfc09-4916-4921-8512-2587f139d3e8,nycmesh-436-omni,40.685986,-73.961279,23.0,41.3,40.685934,-73.961314,,15.0,6.491714847106839,,,-65.0,-70.0,sta-ptmp
2026-01-07T19:37:44,7ee45009-6bc2-4a26-9b83-a3b07c70a3f6_c92c9ae5-a89f-4628-9a09-52ba046057b8,4935413c-2feb-3ced-8896-f81b53c1d388,7ee45009-6bc2-4a26-9b83-a3b07c70a3f6,nycmesh-1934-olt-131-460,c92c9ae5-a89f-4628-9a09-52ba046057b8,460-26H,40.716142,-73.98448,14.0,10.0,40.716364,-73.985193,-3492.0,5.0,64.96443791683336,,,0.0,-23.0,
2026-01-07T19:37:44,57f729bf-1736-4871-bff6-1c20c280b4bc_ad68b9d8-0527-431f-83a7-f951d9e6d84b,49581a6c-a707-4d28-9857-966ddd040551,57f729bf-1736-4871-bff6-1c20c280b4bc,nycmesh-3959-core,ad68b9d8-0527-431f-83a7-f951d9e6d84b,nycmesh-3959-apc-ups,40.841612,-73.941817,,10.0,40.841612,-73.941817,,10.0,0.0,,,,,
2026-01-07T19:37:44,ab004b00-e617-4a51-a9c9-2d7b7a683a6c_2d3747ef-4d5f-43f8-8aaa-12527d6f561d,4961e802-e109-3c9a-89c7-a1ff449119ee,ab004b00-e617-4a51-a9c9-2d7b7a683a6c,nycmesh-835-southeast,2d3747ef-4d5f-43f8-8aaa-12527d6f561d,nycmesh-lbe2-7516,40.685214,-73.954595,,10.0,40.684651,-73.952688,,5.0,128.0,5760.0,MHz,-51.0,-42.0,ap-ptmp
2026-01-07T19:37:44,8b8314b8-d05f-4726-a3ba-a52b14f4fbd2_6957c932-4785-44c1-a592-fc8e715b438c,499f7515-2967-4b55-a11a-2f61a20801b2,8b8314b8-d05f-4726-a3ba-a52b14f4fbd2,nycmesh-219-netpower16p,6957c932-4785-44c1-a592-fc8e715b438c,nycmesh-lbelr-219,40.674366,-73.940284,,10.0,40.696,-73.9398,,10.0,2027.0,,,-68.0,-66.0,sta-ptmp
2026-01-07T19:37:44,7ee45009-6bc2-4a26-9b83-a3b07c70a3f6_77596d57-bb93-4e88-87cb-42df988e5a79,49d830d5-48a0-3437-be2d-2fc48196f1a3,7ee45009-6bc2-4a26-9b83-a3b07c70a3f6,nycmesh-1934-olt-131-460,77596d57-bb93-4e88-87cb-42df988e5a79,131-16D,40.716142,-73.98448,14.0,10.0,40.716098,-73.985997,-3492.0,5.0,127.94677523749921,,,1.0,-13.0,
2026-01-07T19:37:44,6c7c7fb3-55c1-4493-b96d-bd0bd2282db2_9b49571b-b55b-4639-9e68-2dc112b4b3e5,49d8e283-f94d-3d53-92aa-14aa9d6cd66f,6c7c7fb3-55c1-4493-b96d-bd0bd2282db2,nycmesh-1933-east-s2,9b49571b-b55b-4639-9e68-2dc112b4b3e5,nycmesh-lbelr-168,40.715467,-73.984401,,97.0,40.709792,-73.958118,,10.0,2307.0,5560.0,MHz,-67.0,-64.0,ap-ptmp-airmax-mixed
2026-01-07T19:37:44,82094c68-d2cf-4d01-b38b-897ff93940f4_a3a6a9f1-3fe4-4549-af6b-69530f3bf8c1,49f5bf99-eddb-38e3-9f2d-43c05e1db0de,82094c68-d2cf-4d01-b38b-897ff93940f4,nycmesh-584-olt-xgs,a3a6a9f1-3fe4-4549-af6b-69530f3bf8c1,584-West-18P-1G-Bernie,40.79355,-73.965641,,10.0,40.79355,-73.965641,,5.0,0.0,,,4.0,-14.0,
2026-01-07T19:37:44,7ee45009-6bc2-4a26-9b83-a3b07c70a3f6_cc051ef5-a964-4447-a470-ef47b2b77da5,49f7e4e5-6678-3f4d-b484-aaafacb15b3f,7ee45009-6bc2-4a26-9b83-a3b07c70a3f6,nycmesh-1934-olt-131-460,cc051ef5-a964-4447-a470-ef47b2b77da5,460-9B,40.716142,-73.98448,14.0,10.0,40.715645,-73.984543,13.0,5.0,55.51836572683728,,,4.0,-26.0,
2026-01-07T19:37:44,495499c2-8b14-412c-b13f-38ff838d5290_aa7c1982-7e39-467a-89c6-800388a742ab,4a02b605-9119-3b92-9896-fd6f168e8e87,495499c2-8b14-412c-b13f-38ff838d5290,nycmesh-5151-northeast,aa7c1982-7e39-467a-89c6-800388a742ab,nycmesh-lbe-7825,40.67543,-73.98058,,22.0,40.66755755,-73.982386782639,33.0,5.0,888.0,5710.0,MHz,-50.0,-50.0,ap-ptmp-airmax-mixed
2026-01-07T19:37:44,aab8ff3f-3834-4560-b507-2cd0fd7896c0_2baf95dd-09a2-4ad5-a389-157bcbad7cb0,4a199b24-db1b-42bd-bfa9-b3626f41aac0,aab8ff3f-3834-4560-b507-2cd0fd7896c0,nycmesh-1934-core,2baf95dd-09a2-4ad5-a389-157bcbad7cb0,nycmesh-1934-esw24,40.716142,-73.98448,,10.0,40.716142,-73.98448,10.0,10.0,0.0,,,,,
2026-01-07T19:37:44,12010c8c-9f46-4e45-81e4-62d7090fbcd5_590e054b-6a4e-4b69-ad6b-88e98a0dc5b3,4a20737d-fa0c-39d2-a899-3f72af06e85d,12010c8c-9f46-4e45-81e4-62d7090fbcd5,nycmesh-1340-east,590e054b-6a4e-4b69-ad6b-88e98a0dc5b3,nycmesh-lbe-603,40.686016,-73.917493,,53.3,40.6858,-73.9173,,25.01,1.0,5560.0,MHz,-73.0,-72.0,ap-ptmp-airmax-mixed
2026-01-07T19:37:44,0118dd9b-2ef4-4f53-a10f-bf0e83356c2a_0e9df4cb-8a61-4ae4-b0ac-74695ee5e621,4a209a5b-78e1-48c8-a151-9119752a5dfd,0118dd9b-2ef4-4f53-a10f-bf0e83356c2a,nycmesh-sn11-prodvms1,0e9df4cb-8a61-4ae4-b0ac-74695ee5e621,nycmesh-11-edge-prod-vpp-1,40.726847,-74.007579,,10.0,40.726847,-74.007579,,10.0,0.0,,,,,
2026-01-07T19:37:44,dcbb98b2-f147-4123-96e7-16a91875ad00_24148d9a-d324-4633-8c90-86699d7692b8,4a241e8a-a7d5-4c9e-9648-ee3d070d71a9,dcbb98b2-f147-4123-96e7-16a91875ad00,nycmesh-7800-omni,24148d9a-d324-4633-8c90-86699d7692b8,nycmesh-7800-east,40.815629,-73.950228,,10.0,40.815336,-73.950302,,10.0,33.16993519730551,,,,,ap-ptmp-airmax-ac
2026-01-07T19:37:44,a57ddde1-6fff-463a-bbee-cbe90258daa6_c63f18ba-5f3b-4d2c-8ed0-c1113030856a,4a47f37b-62f9-311f-92d4-6c9a89d04e31,a57ddde1-6fff-463a-bbee-cbe90258daa6,nycmesh-1932-olt-410,c63f18ba-5f3b-4d2c-8ed0-c1113030856a,410-26F,40.716098,-73.985997,14.0,100.32,40.716338,-73.986263,14.0,5.0,34.85361611376818,,,,,
2026-01-07T19:37:44,24148d9a-d324-4633-8c90-86699d7692b8_0db8e512-0336-4146-8a47-0aaf0eff16d7,4a4d7d9a-55bd-3e8f-97a7-c999820a02e8,24148d9a-d324-4633-8c90-86699d7692b8,nycmesh-7800-east,0db8e512-0336-4146-8a47-0aaf0eff16d7,nycmesh-lbe-423,40.815336,-73.950302,,10.0,40.8156,-73.95,35.0,5.0,38.82842124852781,5520.0,MHz,-54.0,-54.0,ap-ptmp-airmax-ac
2026-01-07T19:37:44,94802f4b-dd73-4924-88b4-553ea777fd89_f987416e-d381-4807-9b7c-8455f4ddf218,4a6a5790-a98e-3dea-8874-ddf0b665d9d8,94802f4b-dd73-4924-88b4-553ea777fd89,nycmesh-162-north,f987416e-d381-4807-9b7c-8455f4ddf218,nycmesh-lbe-870,40.664997,-73.990543,,40.0,40.665,-73.9906,,5.0,3.0,5810.0,MHz,-49.0,-46.0,ap-ptmp
2026-01-07T19:37:44,7b044371-6cb5-46cb-992b-f6cba37500e7_4c25a662-a5f8-445c-8926-1f849dafd912,4a7ee98a-2ba0-3154-b531-09771d441b31,7b044371-6cb5-46cb-992b-f6cba37500e7,nycmesh-227-ps5ac-northeast1,4c25a662-a5f8-445c-8926-1f849dafd912,nycmesh-lbe-451,40.710886,-74.001202,,161.544,40.713418,-73.995217,10.0,8.0,1.0,5305.0,MHz,-64.0,-58.0,ap-ptmp-airmax-mixed
2026-01-07T19:37:44,478a956d-2111-4834-b7d4-ee723da569cf_e9886bc5-f29e-40a6-842f-dcda08cf55cb,4a864bc4-04c3-38de-8978-9e7c55d8ee10,478a956d-2111-4834-b7d4-ee723da569cf,nycmesh-632-gbep-1084,e9886bc5-f29e-40a6-842f-dcda08cf55cb,nycmesh-1084-gbep-632,40.734646,-73.95053,,37.0,40.729552,-73.945949,4.0,8.0,685.0,62640.0,MHz,,,ap-ptp
2026-01-07T19:37:44,06617725-87b2-45e8-8962-30497e654509_18c6baf9-77f9-4449-a29e-1eec8cb98ba2,4ad6f8f3-b750-3565-bbe8-8e5f2949c701,06617725-87b2-45e8-8962-30497e654509,nycmesh-730-olt-xgs,18c6baf9-77f9-4449-a29e-1eec8cb98ba2,730-07L,40.844422,-73.893677,,69.000015,40.844422,-73.893677,,5.0,0.0,,,5.0,-16.0,
2026-01-07T19:37:44,c6e5cad9-95d0-4440-86ce-65437fede532_ae892819-817b-4aa1-b6dd-3d048af93673,4b00127a-3674-3c67-b6bd-9870b068fb53,c6e5cad9-95d0-4440-86ce-65437fede532,nycmesh-sn3-north,ae892819-817b-4aa1-b6dd-3d048af93673,nycmesh-lbe-392,40.6579,-74.0049,,45.32,40.6579,-74.0049,5.0,5.0,1.0,5560.0,MHz,-55.0,-51.0,ap-ptmp-airmax-mixed
2026-01-07T19:37:44,4a6f43ed-ac8b-41c6-867b-e893d9737c31_e1f6d613-0d9f-41a3-8159-85e21994f2b5,4b069dd8-b965-3579-92e1-2bd9507dd4dc,4a6f43ed-ac8b-41c6-867b-e893d9737c31,nycmesh-1936-olt-xgs-165,e1f6d613-0d9f-41a3-8159-85e21994f2b5,1936-03A,40.716797,-73.985577,,10.0,40.716797,-73.985577,,5.0,0.0,,,5.0,-17.0,
2026-01-07T19:37:44,ddcb391e-dea9-4638-91ff-a60c5a653e7b_3b441eb3-c392-4025-abc3-d23c5994c602,4b1b9203-d42e-40c4-9e91-f7bcf2b33a28,ddcb391e-dea9-4638-91ff-a60c5a653e7b,nycmesh-1971-omni,3b441eb3-c392-4025-abc3-d23c5994c602,nycmesh-1971-northwest,40.712811,-73.994744,10.0,30.0,40.712811,-73.994744,10.0,30.0,0.0,,,,,ap-ptmp-airmax-mixed
2026-01-07T19:37:44,2630b421-546f-4bc0-8ae2-f92c038f2eed_45f5991c-7cab-45a4-8bc1-f6eae9fbf564,4b67975c-4b53-38a4-ab13-cbd291a3935c,2630b421-546f-4bc0-8ae2-f92c038f2eed,nycmesh-2274-west,45f5991c-7cab-45a4-8bc1-f6eae9fbf564,nycmesh-lbe-160,40.725681,-73.983591,,8.0,40.7257,-73.9837,7.0,8.0,9.425071809574145,5570.0,MHz,-58.0,-72.0,ap-ptmp
2026-01-07T19:37:44,7ee45009-6bc2-4a26-9b83-a3b07c70a3f6_0d789a7d-0b9b-420d-ac7c-7d49ae75f87d,4b684a2c-4a94-3c56-a814-9f0e8a1b67e8,7ee45009-6bc2-4a26-9b83-a3b07c70a3f6,nycmesh-1934-olt-131-460,0d789a7d-0b9b-420d-ac7c-7d49ae75f87d,460-12G,40.716142,-73.98448,14.0,10.0,40.716338,-73.986263,14.0,5.0,151.84368914883981,,,4.0,-25.0,
2026-01-07T19:37:44,4a6f43ed-ac8b-41c6-867b-e893d9737c31_e276976a-109d-4101-acaf-3217f835c18e,4b694d60-7ac1-3179-86ff-0b1c77922416,4a6f43ed-ac8b-41c6-867b-e893d9737c31,nycmesh-1936-olt-xgs-165,e276976a-109d-4101-acaf-3217f835c18e,1936-03E,40.716797,-73.985577,,10.0,40.716797,-73.985577,,5.0,0.0,,,3.0,-16.0,
2026-01-07T19:37:44,4fb5de28-719b-4d4c-8efd-9246e4d99758_6e8eaa11-1fb7-48a0-80f4-f46f42d3f743,4b6d3433-602b-3f75-a2d6-763f61b297ee,4fb5de28-719b-4d4c-8efd-9246e4d99758,nycmesh-2274-northwest,6e8eaa11-1fb7-48a0-80f4-f46f42d3f743,nycmesh-lbe-3578,40.72579,-73.98355,,8.0,40.7256814,-73.9835909,7.0,8.0,12.557986063617026,5710.0,MHz,-53.0,-57.0,ap-ptmp-airmax-mixed
2026-01-07T19:37:44,c64ac7ee-a6dd-4be2-9322-64ec0df6f330_25cd218c-d5bb-4e4e-9371-3c215befa33d,4b7aa7bc-e1f8-3f18-9a62-e1f1a6d0cce7,c64ac7ee-a6dd-4be2-9322-64ec0df6f330,nycmesh-5916-west2,25cd218c-d5bb-4e4e-9371-3c215befa33d,nycmesh-lbe-362,40.696,-73.9398,23.0,67.46,40.696,-73.9398,23.0,5.0,1.0,5770.0,MHz,-61.0,-46.0,ap-ptmp-airmax-mixed
2026-01-07T19:37:44,0b67e309-6e94-4c8f-8075-60fa4072d6f9_050d1b4d-c862-4951-9dac-34284f9e0037,4b8af3fd-0189-4b2b-a70b-881e5ce0929b,0b67e309-6e94-4c8f-8075-60fa4072d6f9,nycmesh-162-core,050d1b4d-c862-4951-9dac-34284f9e0037,nycmesh-162-eh8010-5916,40.664997,-73.990543,,40.0,40.664997,-73.990543,,40.0,0.0,,,,,
2026-01-07T19:37:44,25a60c05-a427-4949-8429-622866062481_f7e5c073-c90b-4dc5-b61d-c81570034652,4badd4ce-4109-3c32-b929-448b6b049640,25a60c05-a427-4949-8429-622866062481,nycmesh-407-north,f7e5c073-c90b-4dc5-b61d-c81570034652,nycmesh-534-lbe,40.713242,-73.990392,,11.42,40.713722,-73.991498,10.0,8.0,951.0,5505.0,MHz,-52.0,-50.0,ap-ptmp-airmax-mixed
2026-01-07T19:37:44,cbfbd763-1102-4767-8473-fd6795b96c7e_0f39c1b4-9f35-4c08-a2f8-4d2e72a213d7,4bd78098-2ba0-4d79-be39-56b640563b48,cbfbd763-1102-4767-8473-fd6795b96c7e,nycmesh-3461-core,0f39c1b4-9f35-4c08-a2f8-4d2e72a213d7,nycmesh-3461-edgepower,40.672531,-73.964197,,60.95,40.672531,-73.964197,,60.95,0.0,,,,,
2026-01-07T19:37:44,7ee45009-6bc2-4a26-9b83-a3b07c70a3f6_e4c9ec35-f373-40e8-ae35-a1748e7b98a4,4c5e1677-90e0-3f54-a239-6798c36f37c0,7ee45009-6bc2-4a26-9b83-a3b07c70a3f6,nycmesh-1934-olt-131-460,e4c9ec35-f373-40e8-ae35-a1748e7b98a4,460-22D,40.716142,-73.98448,14.0,10.0,40.715645,-73.984543,13.0,5.0,55.51836572683728,,,4.0,-23.0,
2026-01-07T19:37:44,cd815a56-612a-46a9-ae87-b80aab35730b_48004049-a407-4dca-91d1-c56aaad47037,4c7bda7c-7d4c-3c22-a2b8-afce645f727c,cd815a56-612a-46a9-ae87-b80aab35730b,nycmesh-3461-olt,48004049-a407-4dca-91d1-c56aaad47037,3461-11B,40.672531,-73.964197,,60.95,40.672531,-73.964197,,5.0,0.0,,,2.0,-30.0,
2026-01-07T19:37:44,82094c68-d2cf-4d01-b38b-897ff93940f4_71f08dac-084c-4c66-b102-eedc6fcf37c5,4c81a908-ba62-3069-a0b2-bff5faafcc81,82094c68-d2cf-4d01-b38b-897ff93940f4,nycmesh-584-olt-xgs,71f08dac-084c-4c66-b102-eedc6fcf37c5,584-West-14P-1G-Paul,40.79355,-73.965641,,10.0,40.79355,-73.965641,,10.0,0.0,,,3.0,-14.0,
2026-01-07T19:37:44,7bfb4d7a-a78e-4620-a084-4d420a9d8c51_41d319c7-d3cf-4c35-8086-18e218fe1e47,4c9a9b3b-6180-3627-adab-7198abab63f3,7bfb4d7a-a78e-4620-a084-4d420a9d8c51,nycmesh-5916-south2,41d319c7-d3cf-4c35-8086-18e218fe1e47,nycmesh-lbe-247,40.696048,-73.939788,,67.46,40.696038,-73.939764,23.0,5.0,1.0,5550.0,MHz,-64.0,-56.0,ap-ptmp-airmax-mixed
2026-01-07T19:37:44,1e8495a2-af31-41f9-b5c3-1fa80d31a72c_8a8a562f-0bb1-4178-ae54-65b712f1aa6c,4cf0d017-eeee-436d-b9fe-ca01bf9fa47f,1e8495a2-af31-41f9-b5c3-1fa80d31a72c,nycmesh-2463-lhg60-407,8a8a562f-0bb1-4178-ae54-65b712f1aa6c,nycmesh-407-lhg60-2463,40.719898,-73.988024,11.0,8.0,40.713282,-73.99037,,11.42,761.7723987925111,,,,,
2026-01-07T19:37:44,a68ca131-0721-4a0d-9884-be31564e36a3_2fb57934-d476-4718-a8d0-bc854206c70b,4d0f8a79-0c40-304d-8a00-ab0ae637931a,a68ca131-0721-4a0d-9884-be31564e36a3,nycmesh-3461-waveap-south,2fb57934-d476-4718-a8d0-bc854206c70b,nycmesh-527-wavelr,40.672552,-73.964442,,98.2,40.635243,-73.950465,,36.4,4335.0,68040.0,MHz,-56.0,-62.0,ap-ptmp
2026-01-07T19:37:44,a1d9f474-7fbf-4a50-b1a6-aa188a8456ed_a68ca131-0721-4a0d-9884-be31564e36a3,4d14bab1-e909-42b2-9a4b-180a346f187d,a1d9f474-7fbf-4a50-b1a6-aa188a8456ed,nycmesh-3461-eps16,a68ca131-0721-4a0d-9884-be31564e36a3,nycmesh-3461-waveap-south,40.672531,-73.964197,,60.95,40.672552,-73.964442,,98.2,20.793710075876938,,,-56.0,-54.0,ap-ptmp
2026-01-07T19:37:44,4a6f43ed-ac8b-41c6-867b-e893d9737c31_0beafbc8-a28e-45f1-8d0d-29bf9efc1b39,4d3949cb-8bab-3478-b7ff-54520aa1e1b5,4a6f43ed-ac8b-41c6-867b-e893d9737c31,nycmesh-1936-olt-xgs-165,0beafbc8-a28e-45f1-8d0d-29bf9efc1b39,1936-04Q,40.716797,-73.985577,,10.0,40.716797,-73.985577,,5.0,0.0,,,2.0,-16.0,
2026-01-07T19:37:44,7b044371-6cb5-46cb-992b-f6cba37500e7_2b4ff5fb-639e-4d64-8c1c-cfa3f963d442,4d9a04ce-b404-3343-a026-dd9b4bd03d79,7b044371-6cb5-46cb-992b-f6cba37500e7,nycmesh-227-ps5ac-northeast1,2b4ff5fb-639e-4d64-8c1c-cfa3f963d442,nycmesh-lbe-6677,40.710886,-74.001202,,161.544,40.715667,-73.991789,10.0,8.0,1.0,5305.0,MHz,-86.0,-78.0,ap-ptmp-airmax-mixed
2026-01-07T19:37:44,c6e5cad9-95d0-4440-86ce-65437fede532_8946b7a6-d94d-48a5-a91f-12cddae5a4c3,4dc87e2a-6c54-3c30-aa37-a980a9d3e325,c6e5cad9-95d0-4440-86ce-65437fede532,nycmesh-sn3-north,8946b7a6-d94d-48a5-a91f-12cddae5a4c3,nycmesh-nbe-5420,40.6579,-74.0049,,45.32,40.65964,-73.99854,5.0,5.0,570.3064047954518,5560.0,MHz,,,ap-ptmp-airmax-mixed
2026-01-07T19:37:44,5949ca17-7037-406c-a276-8db9228d762c_eece186d-0315-4bf4-b1c6-cc299006f9b4,4dc94941-0828-3ff1-a123-103b39b080bb,5949ca17-7037-406c-a276-8db9228d762c,nycmesh-1340-west1,eece186d-0315-4bf4-b1c6-cc299006f9b4,nycmesh-lbe-5276,40.686117,-73.917818,,12.93,40.685823,-73.917272,,25.01,1.0,5710.0,MHz,-68.0,-65.0,ap-ptmp-airmax-mixed
2026-01-07T19:37:44,ca7e20a7-1205-48e0-ad90-016e18454dfa_fc226f8a-5d08-41ed-b291-aff4002ae139,4dd984ea-5258-39de-a099-f434c2bd8618,ca7e20a7-1205-48e0-ad90-016e18454dfa,nycmesh-5712-south,fc226f8a-5d08-41ed-b291-aff4002ae139,nycmesh-lbe-156,40.736717,-73.95465,6.0,10.0,40.734404,-73.956988,6.0,5.0,1.0,5510.0,MHz,-55.0,-75.0,ap-ptmp-airmax-mixed
2026-01-07T19:37:44,7212f969-078e-4ef9-a328-ad943429c1df_64bd08e0-9c3f-4d2c-b955-23f45f5a0cb4,4dde461d-922d-4674-a2af-e8f580341af0,7212f969-078e-4ef9-a328-ad943429c1df,nycmesh-1167-netpower16p,64bd08e0-9c3f-4d2c-b955-23f45f5a0cb4,nycmesh-1167-omni,40.727553,-73.946045,4.0,10.0,40.727553,-73.946045,4.0,10.0,0.0,,,,,
2026-01-07T19:37:44,9e2a74d5-e888-4817-9c41-e8dfb830e11d_0a3abe08-d225-4636-9c20-15638338ad6b,4dde71cc-5747-343d-8bc1-ada2903d1297,9e2a74d5-e888-4817-9c41-e8dfb830e11d,nycmesh-5916-waveap-west,0a3abe08-d225-4636-9c20-15638338ad6b,nycmesh-4126-af60lr,40.696153,-73.939618,,95.1,40.692256,-73.954504,,51.3,1310.0,66960.0,MHz,-60.0,-52.0,ap-ptmp
2026-01-07T19:37:44,2683fda0-1178-4506-b535-fbf376ac871a_47fe4735-0c2e-4adc-a4e2-6117b6a1b3a9,4e246687-7cb9-352e-a061-39576c30de8d,2683fda0-1178-4506-b535-fbf376ac871a,nycmesh-648-west,47fe4735-0c2e-4adc-a4e2-6117b6a1b3a9,nycmesh-lbe-737,40.639504,-73.996299,,25.0,40.641546,-73.999453,,5.0,349.82422143932763,5490.0,MHz,-56.0,-55.0,ap-ptmp-airmax-mixed
2026-01-07T19:37:44,ab12c2bf-2fc9-40ce-9ef7-b8b1b4d9e324_7789001f-9d00-4101-bec8-4d1b4680be31,4e381182-b8cd-4225-8bf2-42936e383692,ab12c2bf-2fc9-40ce-9ef7-b8b1b4d9e324,nycmesh-1635-eps16,7789001f-9d00-4101-bec8-4d1b4680be31,nycmesh-1635-core-sxt,40.667569,-73.98239,33.0,10.0,40.667569,-73.98239,33.0,10.0,0.0,,,,,
2026-01-07T19:37:44,58b882fe-41d0-41ab-bbac-0759a4cbd8bd_fffb01c1-245a-4fa5-8394-cc09e3dc411e,4e8568f2-6233-3b73-b1cb-f2e904d16ee5,58b882fe-41d0-41ab-bbac-0759a4cbd8bd,nycmesh-7800-south,fffb01c1-245a-4fa5-8394-cc09e3dc411e,nycmesh-lbe-688,40.815324,-73.950354,,10.0,40.8156,-73.9502,35.0,5.0,33.31395565183301,5710.0,MHz,-63.0,-68.0,ap-ptmp-airmax-mixed
2026-01-07T19:37:44,4a6f43ed-ac8b-41c6-867b-e893d9737c31_60b3a42b-4cd7-430d-a652-07c1b1e156c0,4e8dbcbd-4f7a-3cb6-83b7-aa7c166c9406,4a6f43ed-ac8b-41c6-867b-e893d9737c31,nycmesh-1936-olt-xgs-165,60b3a42b-4cd7-430d-a652-07c1b1e156c0,1936-12P,40.716797,-73.985577,,10.0,40.716797,-73.985577,,5.0,0.0,,,4.0,-15.0,
2026-01-07T19:37:44,3b05b7fb-0b4b-4fb6-a925-66be1cec9aa3_0a4826cf-66e1-4142-b020-06a7b5955438,4ea7645d-4d23-4f7d-86be-1a9ea9321bc4,3b05b7fb-0b4b-4fb6-a925-66be1cec9aa3,nycmesh-2463-eps16,0a4826cf-66e1-4142-b020-06a7b5955438,nycmesh-2463-core1,40.719898,-73.988024,11.0,8.0,40.719898,-73.988024,11.0,8.0,0.0,,,,,
2026-01-07T19:37:44,3e851429-ccde-4c56-a1b7-019e49194141_17f495c8-6ffc-4eb7-a3d9-172f30036836,4edcf996-0c8e-36d3-b61f-e6825737b66a,3e851429-ccde-4c56-a1b7-019e49194141,nycmesh-227-ps5ac-northeast2,17f495c8-6ffc-4eb7-a3d9-172f30036836,nycmesh-lbe-7941,40.711065,-74.001308,,158.0,40.711954,-73.996137,10.0,8.0,1.0,5820.0,MHz,-59.0,-41.0,ap-ptmp-airmax-mixed
2026-01-07T19:37:44,371df153-99dc-43a3-8ea1-dad940690be8_e3b5c71f-b49b-4302-8f0b-c8779e56cb5c,4eef2a35-d89d-3afe-8321-43d058981318,371df153-99dc-43a3-8ea1-dad940690be8,nycmesh-sn3-south,e3b5c71f-b49b-4302-8f0b-c8779e56cb5c,nycmesh-lbe-503,40.657782,-74.004848,,45.32,40.6577,-74.0051,,5.0,1.0,5490.0,MHz,-57.0,-63.0,ap-ptmp-airmax-mixed
2026-01-07T19:37:44,3f472124-70e0-4c52-9fe1-32ce4ed735c6_b93f2b2b-6944-48f5-b8a0-bcf7983e6a0d,4eff177c-d775-3956-9b67-71ed33d17345,3f472124-70e0-4c52-9fe1-32ce4ed735c6,nycmesh-162-af60lr-1635,b93f2b2b-6944-48f5-b8a0-bcf7983e6a0d,nycmesh-1635-af60lr-162,40.665054,-73.990438,,61.1,40.667634,-73.982433,33.0,54.0,745.0,66960.0,MHz,-31.0,-33.0,ap-ptp
2026-01-07T19:37:44,c82bb62b-ddf2-4011-8556-12b170f43ef2_2f887408-c84e-41e2-8d6a-884aee20885e,4f1c72b4-3cf7-3b1b-b07c-c66f666793d0,c82bb62b-ddf2-4011-8556-12b170f43ef2,nycmesh-1340-west,2f887408-c84e-41e2-8d6a-884aee20885e,nycmesh-lbe-422,40.686016,-73.917493,,53.3,40.6858,-73.9173,,25.01,1.0,5560.0,MHz,-59.0,-53.0,ap-ptmp-airmax-mixed
2026-01-07T19:37:44,4a6f43ed-ac8b-41c6-867b-e893d9737c31_d8d192b2-53a3-49ce-b1a3-9727dc56a0a3,4f1e6ec0-39ad-3f35-ac75-d8a286ad5776,4a6f43ed-ac8b-41c6-867b-e893d9737c31,nycmesh-1936-olt-xgs-165,d8d192b2-53a3-49ce-b1a3-9727dc56a0a3,1936-15F,40.716797,-73.985577,,10.0,40.716797,-73.985577,,5.0,0.0,,,4.0,-16.0,
2026-01-07T19:37:44,7ee45009-6bc2-4a26-9b83-a3b07c70a3f6_5d850626-4f87-4d92-86be-8d11ff5905aa,4f90ced8-f223-3268-bf57-c69266cc1482,7ee45009-6bc2-4a26-9b83-a3b07c70a3f6,nycmesh-1934-olt-131-460,5d850626-4f87-4d92-86be-8d11ff5905aa,460-FireAlarm,40.716142,-73.98448,14.0,10.0,40.715645,-73.984543,13.0,5.0,55.51836572683728,,,3.0,-14.0,
2026-01-07T19:37:44,bb8a942c-fc9a-42c4-82cd-40d698db33c3_0715d663-ccef-476c-abc5-8c5253c74abe,4fa6dde3-ebb3-4904-9a7f-bdc291c7f5b5,bb8a942c-fc9a-42c4-82cd-40d698db33c3,nycmesh-552-wavenano,0715d663-ccef-476c-abc5-8c5253c74abe,nycmesh-552-omni,40.649556,-74.003561,,76.5,40.649506,-74.003566,,30.0,5.575725389467367,,,-66.0,-57.0,sta-ptmp
2026-01-07T19:37:44,82094c68-d2cf-4d01-b38b-897ff93940f4_f3bcc7c0-c7ec-428d-bc66-04221ba8efb6,4fd47f12-85f9-3459-bbea-d7bbe6b67802,82094c68-d2cf-4d01-b38b-897ff93940f4,nycmesh-584-olt-xgs,f3bcc7c0-c7ec-428d-bc66-04221ba8efb6,584-West-01M-1G-Tony,40.79355,-73.965641,,10.0,40.672531,-73.964197,,5.0,13457.248859221692,,,3.0,-16.0,
2026-01-07T19:37:44,3e851429-ccde-4c56-a1b7-019e49194141_3e091281-0472-412c-be47-5774d20157e9,4fe6ca3e-6c3e-3869-a7fa-0c05bebaac3e,3e851429-ccde-4c56-a1b7-019e49194141,nycmesh-227-ps5ac-northeast2,3e091281-0472-412c-be47-5774d20157e9,nycmesh-lbe-6346,40.711065,-74.001308,,158.0,40.713311,-73.993112,10.0,8.0,1.0,5820.0,MHz,-58.0,-47.0,ap-ptmp-airmax-mixed
2026-01-07T19:37:44,d58653c2-3737-4371-9909-9e9044c8bbfd_62bc0c2d-3458-4451-acba-2f31f50c0ce4,500c4f2d-b2a0-4fb1-b563-127339ae838f,d58653c2-3737-4371-9909-9e9044c8bbfd,nycmesh-5916-netpower16p,62bc0c2d-3458-4451-acba-2f31f50c0ce4,nycmesh-5916-ltulr-1417,40.696038,-73.939764,,67.46,40.696038,-73.939764,,67.46,0.0,,,-47.0,-47.0,ap-ptp
2026-01-07T19:37:44,8acc7c7d-f64d-4023-9736-2695f9ade451_7dda936a-fbc5-48eb-9030-dd6d3dd32a20,5042b261-41dc-4ebe-b8c5-14821fdf3594,8acc7c7d-f64d-4023-9736-2695f9ade451,nycmesh-407-eps16,7dda936a-fbc5-48eb-9030-dd6d3dd32a20,nycmesh-407-south,40.713282,-73.99037,,11.42,40.713282,-73.99037,,11.42,0.0,,,,,ap-ptmp-airmax-mixed
2026-01-07T19:37:44,7ee45009-6bc2-4a26-9b83-a3b07c70a3f6_fc25be33-1377-4c39-8148-42ba4533c55f,50607aea-8261-39e0-99d6-09b31b014d37,7ee45009-6bc2-4a26-9b83-a3b07c70a3f6,nycmesh-1934-olt-131-460,fc25be33-1377-4c39-8148-42ba4533c55f,131-12D,40.716142,-73.98448,14.0,10.0,40.716098,-73.985997,-3492.0,5.0,127.94677523749921,,,1.0,-26.0,
2026-01-07T19:37:44,06617725-87b2-45e8-8962-30497e654509_10b9c40f-3b37-43a3-9666-4376c02e61de,507a8c1a-0649-3384-96f2-312e6809e3f6,06617725-87b2-45e8-8962-30497e654509,nycmesh-730-olt-xgs,10b9c40f-3b37-43a3-9666-4376c02e61de,730-08D 70:a7:41:3e:9d:11,40.844422,-73.893677,,69.000015,40.844422,-73.893677,,5.0,0.0,,,4.0,-17.0,
2026-01-07T19:37:44,db9968fa-dd1f-458a-8f1f-bea3e6db6e7c_2338c307-d976-413a-bff7-111d6c6dc6f9,50baf9d0-69f9-4819-b34d-51135540202f,db9968fa-dd1f-458a-8f1f-bea3e6db6e7c,nycmesh-5151-eps16,2338c307-d976-413a-bff7-111d6c6dc6f9,nycmesh-5151-core,40.67543,-73.98058,,22.0,40.67543,-73.98058,,22.0,0.0,,,,,
2026-01-07T19:37:44,61aa7934-6276-4792-bce6-ca1f9e071578_f5e24caa-4946-4e91-90fc-de74be469d36,50bef2e3-07f9-4608-afae-3ad450347ee4,61aa7934-6276-4792-bce6-ca1f9e071578,nycmesh-2090-wavelr,f5e24caa-4946-4e91-90fc-de74be469d36,nycmesh-2090-omni,40.72561,-73.954176,,23.6,40.725618,-73.954074,,8.0,8.641272288471079,,,-60.0,-60.0,sta-ptmp
2026-01-07T19:37:44,2630b421-546f-4bc0-8ae2-f92c038f2eed_76ef2af0-1ee3-4958-9397-b9fae3c259c9,50c2e341-328b-36f9-b95b-01d5f05052bd,2630b421-546f-4bc0-8ae2-f92c038f2eed,nycmesh-2274-west,76ef2af0-1ee3-4958-9397-b9fae3c259c9,nycmesh-nsl-6891,40.725681,-73.983591,,8.0,40.7256814,-73.9835909,7.0,8.0,0.04526920728262734,5570.0,MHz,-58.0,-56.0,ap-ptmp
2026-01-07T19:37:44,d447836e-951d-4b74-97ce-453e9449b82b_0cdc9014-5d25-4b4e-b756-7424b46367b0,50f6f707-8848-4cc9-88b5-3d5a8678f60b,d447836e-951d-4b74-97ce-453e9449b82b,nycmesh-7489-lbelr-1340,0cdc9014-5d25-4b4e-b756-7424b46367b0,nycmesh-7489-omni,40.659676,-73.913529,10.0,31.1,40.659676,-73.913529,,31.1,0.0,,,,,sta-ptmp
2026-01-07T19:37:44,7ee45009-6bc2-4a26-9b83-a3b07c70a3f6_a985c00e-ecff-4c0a-bea4-bbc3a8290a72,51057cd3-b482-3c96-a297-69c2353b931f,7ee45009-6bc2-4a26-9b83-a3b07c70a3f6,nycmesh-1934-olt-131-460,a985c00e-ecff-4c0a-bea4-bbc3a8290a72,131-22H,40.716142,-73.98448,14.0,10.0,40.716364,-73.985193,-3492.0,5.0,64.96443791683336,,,1.0,-15.0,
2026-01-07T19:37:44,04b4e343-7e14-4512-a8bc-250c1048f378_b3c301b0-7024-4813-aef3-f274d8a4a4cb,51182649-76c5-4fc7-a67d-398e6a74e9a9,04b4e343-7e14-4512-a8bc-250c1048f378,nycmesh-4801-omni,b3c301b0-7024-4813-aef3-f274d8a4a4cb,nycmesh-4801-hexs,40.696038,-73.939764,23.0,5.0,40.696038,-73.939764,23.0,5.0,0.0,,,,,
2026-01-07T19:37:44,7ee45009-6bc2-4a26-9b83-a3b07c70a3f6_f45b356a-a2e9-4936-af47-95754a56e879,511d1732-2779-3da6-9784-3de66924b6b2,7ee45009-6bc2-4a26-9b83-a3b07c70a3f6,nycmesh-1934-olt-131-460,f45b356a-a2e9-4936-af47-95754a56e879,460-19E,40.716142,-73.98448,14.0,10.0,40.715645,-73.984543,13.0,5.0,55.51836572683728,,,4.0,-26.0,
2026-01-07T19:37:44,58b882fe-41d0-41ab-bbac-0759a4cbd8bd_805be807-d0cb-4e08-bd93-72789aac812f,5122e777-2872-3973-8841-4f4e10e87311,58b882fe-41d0-41ab-bbac-0759a4cbd8bd,nycmesh-7800-south,805be807-d0cb-4e08-bd93-72789aac812f,nycmesh-nbe-280,40.815324,-73.950354,,10.0,40.8156286,-73.9502282,35.0,5.0,35.48593707737955,5710.0,MHz,-61.0,-64.0,ap-ptmp-airmax-mixed
2026-01-07T19:37:44,7ee45009-6bc2-4a26-9b83-a3b07c70a3f6_be8e5bfe-dbff-495e-a53e-43a58f6f3ec6,5143506e-99cd-3532-9d53-58c85b07e1cd,7ee45009-6bc2-4a26-9b83-a3b07c70a3f6,nycmesh-1934-olt-131-460,be8e5bfe-dbff-495e-a53e-43a58f6f3ec6,131-03G,40.716142,-73.98448,14.0,10.0,40.716364,-73.985193,-3492.0,5.0,64.96443791683336,,,3.0,-18.0,
2026-01-07T19:37:44,7c3ac40a-a0de-4c12-969a-258e391debe3_e0acc8ec-6f21-46b9-aba4-db74c19cdd66,51992b90-f15a-3f08-b472-dda4db59ec5d,7c3ac40a-a0de-4c12-969a-258e391debe3,nycmesh-2299-ltulr-898,e0acc8ec-6f21-46b9-aba4-db74c19cdd66,nycmesh-898-ltulr-2299,40.861367,-73.907738,,10.0,40.830454,-73.941171,41.0,10.0,4441.194677912252,5510.0,MHz,-70.0,-70.0,sta-ptp
2026-01-07T19:37:44,4a6f43ed-ac8b-41c6-867b-e893d9737c31_23b48d75-3f48-49fe-b250-8adc396fdc3d,51cc0652-2e97-34a5-8df1-1c9895db02d1,4a6f43ed-ac8b-41c6-867b-e893d9737c31,nycmesh-1936-olt-xgs-165,23b48d75-3f48-49fe-b250-8adc396fdc3d,1936-03Q,40.716797,-73.985577,,10.0,40.716797,-73.985577,,5.0,0.0,,,4.0,-17.0,
2026-01-07T19:37:44,5b8114e6-2a29-4200-a88c-9fe098796fcd_1b18fb32-0c79-4944-8e45-e408a42ec210,52332cff-4f41-3097-95a8-cd3e0a9dee12,5b8114e6-2a29-4200-a88c-9fe098796fcd,nycmesh-231-south,1b18fb32-0c79-4944-8e45-e408a42ec210,nycmesh-lbelr-6747,40.645835,-74.013376,,10.0,40.645834959184,-74.013376102041,5.0,5.0,0.009732172397780112,5745.0,MHz,-46.0,-66.0,ap-ptmp-airmax-ac
2026-01-07T19:37:44,c64ac7ee-a6dd-4be2-9322-64ec0df6f330_cc6ff533-938e-4342-bb5d-b04eb59f2d59,526942f5-5098-3573-85b3-f618f97b0d42,c64ac7ee-a6dd-4be2-9322-64ec0df6f330,nycmesh-5916-west2,cc6ff533-938e-4342-bb5d-b04eb59f2d59,nycmesh-lbe-5425,40.696,-73.9398,23.0,67.46,40.696,-73.9398,23.0,5.0,1.0,5770.0,MHz,-62.0,-45.0,ap-ptmp-airmax-mixed
2026-01-07T19:37:44,38a3014f-1ded-43c2-80f8-815442951fe7_6117edc4-a25b-49ce-8e2f-6c5d81d9728e,529885b5-76f5-3800-a3dd-2444bf724666,38a3014f-1ded-43c2-80f8-815442951fe7,nycmesh-231-north,6117edc4-a25b-49ce-8e2f-6c5d81d9728e,nycmesh-lbe-575,40.645933,-74.013631,,10.0,40.6458,-74.0134,,5.0,24.465163153067557,5810.0,MHz,-53.0,-53.0,ap-ptmp-airmax-mixed
2026-01-07T19:37:44,4a6f43ed-ac8b-41c6-867b-e893d9737c31_120bd696-8e2e-431c-aa33-d5a4583181f6,52a5f29d-1880-3626-bfe3-eee587c1b387,4a6f43ed-ac8b-41c6-867b-e893d9737c31,nycmesh-1936-olt-xgs-165,120bd696-8e2e-431c-aa33-d5a4583181f6,1936-07I,40.716797,-73.985577,,10.0,40.716797,-73.985577,,5.0,0.0,,,3.0,-17.0,
2026-01-07T19:37:44,7ee45009-6bc2-4a26-9b83-a3b07c70a3f6_31cba74b-72f9-48df-9009-25b607c5b5a0,52ae9ed7-eb2d-39d2-8fb1-4dd6f483c47e,7ee45009-6bc2-4a26-9b83-a3b07c70a3f6,nycmesh-1934-olt-131-460,31cba74b-72f9-48df-9009-25b607c5b5a0,131-09C,40.716142,-73.98448,14.0,10.0,40.716364,-73.985193,-3492.0,5.0,64.96443791683336,,,3.0,-26.0,
2026-01-07T19:37:44,4a6f43ed-ac8b-41c6-867b-e893d9737c31_ce863af7-04e2-4208-a647-253d348f2ea7,52af33df-0b6c-3218-9926-6b8f4511ed27,4a6f43ed-ac8b-41c6-867b-e893d9737c31,nycmesh-1936-olt-xgs-165,ce863af7-04e2-4208-a647-253d348f2ea7,1936-14F,40.716797,-73.985577,,10.0,40.716797,-73.985577,,5.0,0.0,,,4.0,-15.0,
2026-01-07T19:37:44,4a6f43ed-ac8b-41c6-867b-e893d9737c31_f3bc5df0-ac97-4fd7-8b63-f16a724c7122,52bfdd6f-82ac-30a9-abeb-40df1bcdef33,4a6f43ed-ac8b-41c6-867b-e893d9737c31,nycmesh-1936-olt-xgs-165,f3bc5df0-ac97-4fd7-8b63-f16a724c7122,1936-10L,40.716797,-73.985577,,10.0,40.716797,-73.985577,,5.0,0.0,,,3.0,-17.0,
2026-01-07T19:37:44,06617725-87b2-45e8-8962-30497e654509_588465da-eac9-4121-add2-825711621c3b,52c3cbd7-1861-34a4-a57f-58c15061d33c,06617725-87b2-45e8-8962-30497e654509,nycmesh-730-olt-xgs,588465da-eac9-4121-add2-825711621c3b,730-04M,40.844422,-73.893677,,69.000015,40.844422,-73.893677,,5.0,0.0,,,5.0,-19.0,
2026-01-07T19:37:44,4a6f43ed-ac8b-41c6-867b-e893d9737c31_0a507e98-bd62-4ffa-83b8-b119dde7f43a,52c68496-d73f-3255-bb23-990f304a99cd,4a6f43ed-ac8b-41c6-867b-e893d9737c31,nycmesh-1936-olt-xgs-165,0a507e98-bd62-4ffa-83b8-b119dde7f43a,1936-09Q,40.716797,-73.985577,,10.0,40.716797,-73.985577,,5.0,0.0,,,4.0,-16.0,
2026-01-07T19:37:44,7ee45009-6bc2-4a26-9b83-a3b07c70a3f6_38740003-66d0-43f4-9e4a-211636215178,52e7dab6-385f-3959-a16b-97e9adebe176,7ee45009-6bc2-4a26-9b83-a3b07c70a3f6,nycmesh-1934-olt-131-460,38740003-66d0-43f4-9e4a-211636215178,131-20F,40.716142,-73.98448,14.0,10.0,40.716364,-73.985193,-3492.0,5.0,64.96443791683336,,,1.0,-14.0,
2026-01-07T19:37:44,06617725-87b2-45e8-8962-30497e654509_9fd1ac9b-afbf-499a-b63f-66c6f1526663,52f634ba-f09d-3f84-a09b-c9c2c64b197b,06617725-87b2-45e8-8962-30497e654509,nycmesh-730-olt-xgs,9fd1ac9b-afbf-499a-b63f-66c6f1526663,730-07M,40.844422,-73.893677,,69.000015,40.844422,-73.893677,,5.0,0.0,,,3.0,-16.0,
2026-01-07T19:37:44,ed2ba00d-f21e-4da1-96b5-890bb6510dab_6f2c0e86-7123-4864-a83c-9b5251de383e,530ca18a-9aa0-3d4b-bdef-bc36781e0283,ed2ba00d-f21e-4da1-96b5-890bb6510dab,nycmesh-5916-northeast,6f2c0e86-7123-4864-a83c-9b5251de383e,nycmesh-lbe-787,40.696038,-73.939764,,67.46,40.696,-73.9398,23.0,5.0,1.0,5550.0,MHz,-60.0,-60.0,ap-ptmp-airmax-mixed
2026-01-07T19:37:44,875e2e0e-b9fe-4a6b-bb8a-00182497ae1f_0b4dd06c-6e0e-4354-a594-62a96d40e4d7,5324de28-8fd8-32df-af3e-5482faf4b2c7,875e2e0e-b9fe-4a6b-bb8a-00182497ae1f,nycmesh-5916-waveap-south,0b4dd06c-6e0e-4354-a594-62a96d40e4d7,nycmesh-219-af60lr,40.696113,-73.939843,,90.0,40.674366,-73.940325,23.0,48.6,2410.0,66960.0,MHz,-59.0,-56.0,ap-ptmp
2026-01-07T19:37:44,4a6f43ed-ac8b-41c6-867b-e893d9737c31_4a1119a5-96cc-44d4-ae6d-df7c547a6fd5,533db556-ea90-34de-83cd-075bf2c02451,4a6f43ed-ac8b-41c6-867b-e893d9737c31,nycmesh-1936-olt-xgs-165,4a1119a5-96cc-44d4-ae6d-df7c547a6fd5,1936-03L,40.716797,-73.985577,,10.0,40.716797,-73.985577,,5.0,0.0,,,2.0,-16.0,
2026-01-07T19:37:44,06617725-87b2-45e8-8962-30497e654509_fa2719af-d596-4402-aa45-7889c8f5d6fc,535e795e-406d-377d-9e6c-1055d06c1482,06617725-87b2-45e8-8962-30497e654509,nycmesh-730-olt-xgs,fa2719af-d596-4402-aa45-7889c8f5d6fc,730-11M,40.844422,-73.893677,,69.000015,40.844422,-73.893677,,5.0,0.0,,,4.0,-17.0,
2026-01-07T19:37:44,0c855b7b-0b41-4444-a745-3d36962799ad_99625c67-f1b3-46d8-b0e8-175774246422,5361d1d2-b30c-48c5-a8fe-35bbcd0fcc09,0c855b7b-0b41-4444-a745-3d36962799ad,nycmesh-1932-eps16,99625c67-f1b3-46d8-b0e8-175774246422,nycmesh-1932-gbelr-731,40.716098,-73.985997,14.0,100.32,40.716098,-73.985997,14.0,0.0,1052.0,,,-59.0,-57.0,sta-ptp
2026-01-07T19:37:44,5a501874-8f07-4bb4-8f73-fcebdac0ac2d_43f3f9a6-b67a-4d75-8b29-af9db35e20d8,536bec77-1378-4a44-ac0d-e4ddd2ac5140,5a501874-8f07-4bb4-8f73-fcebdac0ac2d,nycmesh-731-wap60-north,43f3f9a6-b67a-4d75-8b29-af9db35e20d8,nycmesh-338-cube60g,40.724676,-73.98073,,8.0,40.724676,-73.98073,6.0,8.0,0.0,,,,,
2026-01-07T19:37:44,7ff31813-0a6d-4bfd-81df-7386cde7bd4c_1d6b3ed5-7856-41f6-b05e-e4f181415e30,5370be2c-9c3d-30e6-b300-36ada9a47042,7ff31813-0a6d-4bfd-81df-7386cde7bd4c,nycmesh-1340-north,1d6b3ed5-7856-41f6-b05e-e4f181415e30,nycmesh-lbe-5020,40.686016,-73.917493,,12.93,40.685823,-73.917272,,25.01,1.0,5490.0,MHz,-63.0,-66.0,ap-ptmp-airmax-mixed
2026-01-07T19:37:44,0b4dd06c-6e0e-4354-a594-62a96d40e4d7_8b8314b8-d05f-4726-a3ba-a52b14f4fbd2,53c3c0fe-2327-4aae-ac04-ff5b558e6a3b,0b4dd06c-6e0e-4354-a594-62a96d40e4d7,nycmesh-219-af60lr,8b8314b8-d05f-4726-a3ba-a52b14f4fbd2,nycmesh-219-netpower16p,40.674366,-73.940325,23.0,48.6,40.674366,-73.940284,,10.0,3.45765809533111,,,-53.0,-56.0,sta-ptmp
2026-01-07T19:37:44,ef47c82e-ec64-492e-ab2a-93e6a45d6cbc_f306903e-11e8-4f6e-8d6b-beed84c22b08,53d0fe53-6a4d-386e-bb55-51ad1435cc88,ef47c82e-ec64-492e-ab2a-93e6a45d6cbc,nycmesh-2299-eps16,f306903e-11e8-4f6e-8d6b-beed84c22b08,nycmesh-2299-northwest,40.861367,-73.907738,,10.0,40.861367,-73.907738,,10.0,0.0,,,,,ap-ptmp-airmax-mixed
2026-01-07T19:37:44,bd940043-fefd-42eb-8f9a-0f63cd428035_91a2c449-12f3-4f6d-86b6-5fe5ffbd43b7,53e48def-3a0d-35b3-a5b4-05f81e5124f8,bd940043-fefd-42eb-8f9a-0f63cd428035,nycmesh-731-north,91a2c449-12f3-4f6d-86b6-5fe5ffbd43b7,nycmesh-lbe-556,40.724676,-73.98073,,8.0,40.724676,-73.98073,6.0,8.0,1.0,5770.0,MHz,-43.0,-55.0,ap-ptmp
2026-01-07T19:37:44,dc4f1b69-7c03-44ac-923c-0dbaa87655df_a7143b0f-0d65-48f4-8cd8-91bf56f48d29,53f13d7f-4544-3b29-84a3-63cd8e5b78a2,dc4f1b69-7c03-44ac-923c-0dbaa87655df,nycmesh-1933-waveap-east,a7143b0f-0d65-48f4-8cd8-91bf56f48d29,nycmesh-255-af60lr,40.715592,-73.984405,,98.3,40.717822,-73.943667,,30.7,3457.0,66960.0,MHz,-63.0,-64.0,ap-ptmp
2026-01-07T19:37:44,a9f54d81-3413-41ec-bf67-6ddf0666fa84_92b866b5-c096-40b9-a712-4fba0a804905,53f150d7-fda0-4509-b5a1-929555bc268f,a9f54d81-3413-41ec-bf67-6ddf0666fa84,nycmesh-730-eps16,92b866b5-c096-40b9-a712-4fba0a804905,nycmesh-730-east,40.844422,-73.893677,,69.000015,40.844422,-73.893677,,69.000015,0.0,,,,,ap-ptmp-airmax-mixed
2026-01-07T19:37:44,7ee45009-6bc2-4a26-9b83-a3b07c70a3f6_c9ef2f87-a6d3-41e0-ba39-45ec8fba0587,53fdb480-1efa-324b-949e-4750bdeda642,7ee45009-6bc2-4a26-9b83-a3b07c70a3f6,nycmesh-1934-olt-131-460,c9ef2f87-a6d3-41e0-ba39-45ec8fba0587,131-26D,40.716142,-73.98448,14.0,10.0,40.716364,-73.985193,-3492.0,5.0,64.96443791683336,,,4.0,-20.0,
2026-01-07T19:37:44,30f47d54-0ee9-4d2c-a8a8-2524173ed7a6_7602045c-1eb2-4edd-a982-3bfd2000cd2e,546de389-3355-4979-92bb-18cebe6de781,30f47d54-0ee9-4d2c-a8a8-2524173ed7a6,nycmesh-2090-epr6,7602045c-1eb2-4edd-a982-3bfd2000cd2e,nycmesh-2090-west,40.725627,-73.954098,,8.0,40.725618,-73.954074,,8.0,2.256494053107705,,,,,ap-ptmp
2026-01-07T19:37:44,7ee45009-6bc2-4a26-9b83-a3b07c70a3f6_b302d9e3-441a-4a12-a29e-0e0fbbdf05c5,5474a69c-530d-398b-8f5a-9e048ab504f3,7ee45009-6bc2-4a26-9b83-a3b07c70a3f6,nycmesh-1934-olt-131-460,b302d9e3-441a-4a12-a29e-0e0fbbdf05c5,131-06A,40.716142,-73.98448,14.0,10.0,40.716797,-73.985577,-3492.0,5.0,117.69674646334691,,,4.0,-16.0,
2026-01-07T19:37:44,06617725-87b2-45e8-8962-30497e654509_6d1d5c78-eef5-4f15-9f81-75975a1a1555,54754381-5eec-350a-8518-4eed5dfa030e,06617725-87b2-45e8-8962-30497e654509,nycmesh-730-olt-xgs,6d1d5c78-eef5-4f15-9f81-75975a1a1555,730-05L,40.844422,-73.893677,,69.000015,40.844422,-73.893677,,5.0,0.0,,,4.0,-15.0,
2026-01-07T19:37:44,54250cd8-ddcf-43de-8daa-7e9659f18b78_7dc16fdb-ef71-4507-bafc-f735aae50fec,548b7afb-d27c-4459-8f87-28bb34778f21,54250cd8-ddcf-43de-8daa-7e9659f18b78,nycmesh-lbe-3085,7dc16fdb-ef71-4507-bafc-f735aae50fec,nycmesh-3085-omni,40.696038,-73.939764,23.0,5.0,40.696038,-73.939764,23.0,5.0,0.0,,,,,sta-ptmp
2026-01-07T19:37:44,a57ddde1-6fff-463a-bbee-cbe90258daa6_ff2edcaa-9735-4601-a090-2bba5fdb652a,549cb50d-e295-3002-b64b-93cf773b307a,a57ddde1-6fff-463a-bbee-cbe90258daa6,nycmesh-1932-olt-410,ff2edcaa-9735-4601-a090-2bba5fdb652a,410-22A,40.716098,-73.985997,14.0,100.32,40.716338,-73.986263,14.0,5.0,34.85361611376818,,,4.0,-28.0,
2026-01-07T19:37:44,7ff31813-0a6d-4bfd-81df-7386cde7bd4c_c677de23-2a68-41ed-8895-a30f1c942b29,54a2e6a5-28a8-3188-9cb5-97350378219b,7ff31813-0a6d-4bfd-81df-7386cde7bd4c,nycmesh-1340-north,c677de23-2a68-41ed-8895-a30f1c942b29,nycmesh-lbe-203,40.686016,-73.917493,,12.93,40.6858,-73.9173,,25.01,1.0,5490.0,MHz,-71.0,-73.0,ap-ptmp-airmax-mixed
2026-01-07T19:37:44,5949ca17-7037-406c-a276-8db9228d762c_695b8e30-ed38-4e96-ae73-91c529413721,54b2c2af-898f-3b55-840d-484f033f555f,5949ca17-7037-406c-a276-8db9228d762c,nycmesh-1340-west1,695b8e30-ed38-4e96-ae73-91c529413721,nycmesh-lbe-6901,40.686117,-73.917818,,12.93,40.685823,-73.917272,,25.01,1.0,5710.0,MHz,-61.0,-60.0,ap-ptmp-airmax-mixed
2026-01-07T19:37:44,c4095443-47b1-44f2-bc54-bc1a9b041ea2_4e3630af-d77a-4cea-b8e2-319950bd7f07,54b69b05-560b-31d8-a3ca-c13d58aef252,c4095443-47b1-44f2-bc54-bc1a9b041ea2,nycmesh-3461-north,4e3630af-d77a-4cea-b8e2-319950bd7f07,nycmesh-lbe-3424,40.672531,-73.964197,,60.95,40.6725,-73.9642,,5.0,3.4563153488510543,5310.0,MHz,-61.0,-61.0,ap-ptmp-airmax-mixed
2026-01-07T19:37:44,68b3fc90-93e0-49a4-900f-e9df98fb9361_3d20a9bf-9804-4818-a28f-22fd23b3e258,54d6b16d-b0f0-3d12-9e68-324e3c18abc1,68b3fc90-93e0-49a4-900f-e9df98fb9361,nycmesh-5916-west1,3d20a9bf-9804-4818-a28f-22fd23b3e258,nycmesh-lbe-6732,40.696017,-73.939873,,67.46,40.696038,-73.939764,23.0,5.0,1.0,5710.0,MHz,-58.0,-57.0,ap-ptmp-airmax-mixed
2026-01-07T19:37:44,bd940043-fefd-42eb-8f9a-0f63cd428035_c249a851-a646-473f-9a52-5806ef149522,54dcba49-6113-3ae9-b374-b8e35bb5e863,bd940043-fefd-42eb-8f9a-0f63cd428035,nycmesh-731-north,c249a851-a646-473f-9a52-5806ef149522,nycmesh-lbe-579,40.724676,-73.98073,,8.0,40.724676,-73.98073,6.0,8.0,1.0,5770.0,MHz,-43.0,-37.0,ap-ptmp
2026-01-07T19:37:44,7bfb4d7a-a78e-4620-a084-4d420a9d8c51_96e19086-d70f-4b2f-88d8-b9580e606028,550834b9-3023-3834-8ebd-132f83d6cc30,7bfb4d7a-a78e-4620-a084-4d420a9d8c51,nycmesh-5916-south2,96e19086-d70f-4b2f-88d8-b9580e606028,nycmesh-lbe-436,40.696048,-73.939788,,67.46,40.696,-73.9398,23.0,15.0,2136.0,5550.0,MHz,-73.0,-65.0,ap-ptmp-airmax-mixed
2026-01-07T19:37:44,22f8a4e5-891d-48b9-a3b2-9808f9c3b977_5f2e1fcd-1c91-4876-a2cc-fead1cc1a442,551b37d5-91e5-3564-922b-28bfd008b8a6,22f8a4e5-891d-48b9-a3b2-9808f9c3b977,nycmesh-3461-northeast,5f2e1fcd-1c91-4876-a2cc-fead1cc1a442,nycmesh-lbe-334,40.672685,-73.96386,,60.95,40.6725,-73.9642,,5.0,35.28977579122606,5560.0,MHz,,,ap-ptmp-airmax-mixed
2026-01-07T19:37:44,4a6f43ed-ac8b-41c6-867b-e893d9737c31_78aacbf8-3af7-4357-b60f-edd6bbfca9ed,5541e77a-d6a2-3b5b-bd6b-2bd40c0883d0,4a6f43ed-ac8b-41c6-867b-e893d9737c31,nycmesh-1936-olt-xgs-165,78aacbf8-3af7-4357-b60f-edd6bbfca9ed,1936-07G,40.716797,-73.985577,,10.0,40.716797,-73.985577,,5.0,0.0,,,3.0,-22.0,
2026-01-07T19:37:44,7ee45009-6bc2-4a26-9b83-a3b07c70a3f6_be262569-ac8f-4a9a-a899-934c8839820b,55450f03-0986-3953-9bf5-5c6866287999,7ee45009-6bc2-4a26-9b83-a3b07c70a3f6,nycmesh-1934-olt-131-460,be262569-ac8f-4a9a-a899-934c8839820b,131-20C,40.716142,-73.98448,14.0,10.0,40.716364,-73.985193,-3492.0,5.0,64.96443791683336,,,3.0,-20.0,
2026-01-07T19:37:44,7ee45009-6bc2-4a26-9b83-a3b07c70a3f6_511b6322-f2dd-48e9-a39f-ab3de92f42f8,55811c54-81fa-3890-aa51-73450ac1452d,7ee45009-6bc2-4a26-9b83-a3b07c70a3f6,nycmesh-1934-olt-131-460,511b6322-f2dd-48e9-a39f-ab3de92f42f8,131-17B,40.716142,-73.98448,14.0,10.0,40.716797,-73.985577,-3492.0,5.0,117.69674646334691,,,4.0,-14.0,
2026-01-07T19:37:44,7ee45009-6bc2-4a26-9b83-a3b07c70a3f6_5ef4d863-5aba-4de0-8637-a624a03b8bd9,55911c5e-2650-3879-91c7-1e0133c3480c,7ee45009-6bc2-4a26-9b83-a3b07c70a3f6,nycmesh-1934-olt-131-460,5ef4d863-5aba-4de0-8637-a624a03b8bd9,460-24C,40.716142,-73.98448,14.0,10.0,40.715645,-73.984543,13.0,5.0,55.51836572683728,,,3.0,-25.0,
2026-01-07T19:37:44,4a6f43ed-ac8b-41c6-867b-e893d9737c31_8705739f-38df-44e5-b0ef-8963ab098570,55bb056e-cd4d-3256-8547-01f440fb2c8f,4a6f43ed-ac8b-41c6-867b-e893d9737c31,nycmesh-1936-olt-xgs-165,8705739f-38df-44e5-b0ef-8963ab098570,1936-06N,40.716797,-73.985577,,10.0,40.716797,-73.985577,,5.0,0.0,,,4.0,-21.0,
2026-01-07T19:37:44,8a69e161-5fb1-4838-82a0-00ac5fe3874f_4e69fb2f-1520-4ddd-b01d-c91cbd9920e8,55d4a664-9e55-34c5-bd2a-d2a273bceb15,8a69e161-5fb1-4838-82a0-00ac5fe3874f,nycmesh-664-north,4e69fb2f-1520-4ddd-b01d-c91cbd9920e8,nycmesh-lbe-928,40.705693,-73.915192,,8.0,40.7056,-73.9152,22.0,8.0,10.36309209206543,5810.0,MHz,-50.0,-69.0,ap-ptmp
2026-01-07T19:37:44,4ec70dea-528c-4426-a240-722295c916b1_a303fd5a-19e9-464a-a1db-648cb47588a6,560cf044-ad5a-3b42-be76-510aa20b20ad,4ec70dea-528c-4426-a240-722295c916b1,nycmesh-1340-north2,a303fd5a-19e9-464a-a1db-648cb47588a6,nycmesh-lbe-677,40.685988,-73.917573,,12.93,40.6858,-73.9173,,25.01,1.0,5745.0,MHz,-44.0,-53.0,ap-ptmp-airmax-mixed
2026-01-07T19:37:44,4ec70dea-528c-4426-a240-722295c916b1_d7b5de08-94aa-42ba-80bf-5517c168f6f6,56490e08-ea4a-3f1d-846f-959f1baf27b5,4ec70dea-528c-4426-a240-722295c916b1,nycmesh-1340-north2,d7b5de08-94aa-42ba-80bf-5517c168f6f6,nycmesh-lbe-3233,40.685988,-73.917573,,12.93,40.685823,-73.917272,,25.01,1.0,5745.0,MHz,-44.0,-48.0,ap-ptmp-airmax-mixed
2026-01-07T19:37:44,a57ddde1-6fff-463a-bbee-cbe90258daa6_13683a15-3117-4932-9e40-3b8968f6aef7,5657abfc-c810-3601-a5f7-aebc62630a9b,a57ddde1-6fff-463a-bbee-cbe90258daa6,nycmesh-1932-olt-410,13683a15-3117-4932-9e40-3b8968f6aef7,410-23A,40.716098,-73.985997,14.0,100.32,40.716338,-73.986263,14.0,5.0,34.85361611376818,,,4.0,-19.0,
2026-01-07T19:37:44,06617725-87b2-45e8-8962-30497e654509_5577e60d-1794-469d-baae-fbd13c1f994e,5678fe93-f3c2-345b-ab7e-67e0a6207a08,06617725-87b2-45e8-8962-30497e654509,nycmesh-730-olt-xgs,5577e60d-1794-469d-baae-fbd13c1f994e,730-04G,40.844422,-73.893677,,69.000015,40.844422,-73.893677,,5.0,0.0,,,4.0,-16.0,
2026-01-07T19:37:44,06617725-87b2-45e8-8962-30497e654509_e3f3690a-e369-4bae-b5c6-a614adc368c8,569c026e-d3b8-315f-a62a-bfd5e400ab28,06617725-87b2-45e8-8962-30497e654509,nycmesh-730-olt-xgs,e3f3690a-e369-4bae-b5c6-a614adc368c8,730-10N,40.844422,-73.893677,,69.000015,40.844422,-73.893677,,5.0,0.0,,,4.0,-14.0,
2026-01-07T19:37:44,a57ddde1-6fff-463a-bbee-cbe90258daa6_b30c1aee-00b7-492e-a910-5d7c2b521551,56bfb4f1-ac29-325a-8450-afba98157468,a57ddde1-6fff-463a-bbee-cbe90258daa6,nycmesh-1932-olt-410,b30c1aee-00b7-492e-a910-5d7c2b521551,410-14A,40.716098,-73.985997,14.0,100.32,40.716338,-73.986263,14.0,5.0,34.85361611376818,,,5.0,-18.0,
2026-01-07T19:37:44,a57ddde1-6fff-463a-bbee-cbe90258daa6_f17893a9-36b2-443b-8831-28d76e99743a,56f7895c-7c0b-3e84-9404-b372c9f5d0bc,a57ddde1-6fff-463a-bbee-cbe90258daa6,nycmesh-1932-olt-410,f17893a9-36b2-443b-8831-28d76e99743a,410-4H,40.716098,-73.985997,14.0,100.32,40.716338,-73.986263,14.0,5.0,34.85361611376818,,,4.0,-19.0,
2026-01-07T19:37:44,7ee45009-6bc2-4a26-9b83-a3b07c70a3f6_a168a83f-d635-4e84-ae59-2587d626c1d1,56fa77b3-47bf-3460-917e-863a0832e6f3,7ee45009-6bc2-4a26-9b83-a3b07c70a3f6,nycmesh-1934-olt-131-460,a168a83f-d635-4e84-ae59-2587d626c1d1,460-12D,40.716142,-73.98448,14.0,10.0,40.715526,-73.984399,13.0,5.0,68.8354308742578,,,2.0,-25.0,
2026-01-07T19:37:44,5c6cfee8-b4fe-4747-9972-e23f7f258c14_0b2f1247-d69d-4a80-9b7e-b4eec0e1ab21,56fd9392-a832-4efa-905d-6780a1bb9515,5c6cfee8-b4fe-4747-9972-e23f7f258c14,nycmesh-5916-tns100,0b2f1247-d69d-4a80-9b7e-b4eec0e1ab21,nycmesh-5916-wavepro-3461,40.696038,-73.939764,,67.46,40.696031,-73.939812,,97.8,4.1208521526042725,,,-43.0,-38.0,ap-ptp
2026-01-07T19:37:44,a57ddde1-6fff-463a-bbee-cbe90258daa6_0b8903ec-9ac1-44e3-bc3a-bff3c711d2ce,572beb12-0dce-30b0-af10-6b9575b9cc7a,a57ddde1-6fff-463a-bbee-cbe90258daa6,nycmesh-1932-olt-410,0b8903ec-9ac1-44e3-bc3a-bff3c711d2ce,410-10B,40.716098,-73.985997,14.0,100.32,40.716338,-73.986263,14.0,5.0,34.85361611376818,,,2.0,-13.0,
2026-01-07T19:37:44,b6ed7b18-8c1e-497a-b8b7-3bab229980c4_eac64196-73d4-4d92-8753-d97e74b34b36,5731373a-3eb4-344c-9a06-61de2ddbcb28,b6ed7b18-8c1e-497a-b8b7-3bab229980c4,nycmesh-5916-south1,eac64196-73d4-4d92-8753-d97e74b34b36,nycmesh-lbe-415,40.696042,-73.939797,,67.46,40.696,-73.9398,23.0,5.0,1.0,5490.0,MHz,-69.0,-65.0,ap-ptmp-airmax-mixed
2026-01-07T19:37:44,7ee45009-6bc2-4a26-9b83-a3b07c70a3f6_f134ce95-16c0-48f1-8c4b-6bc740ed7a20,5736e3af-e2be-3363-b74e-ce998bde0993,7ee45009-6bc2-4a26-9b83-a3b07c70a3f6,nycmesh-1934-olt-131-460,f134ce95-16c0-48f1-8c4b-6bc740ed7a20,d0:21:f9:a0:96:a4,40.716142,-73.98448,14.0,10.0,40.716797,-73.985577,,5.0,117.69674646334691,,,3.0,-24.0,
2026-01-07T19:37:44,4a6f43ed-ac8b-41c6-867b-e893d9737c31_d6b900e1-d5ce-4a50-a9e6-c1c7bcaa4b45,57501a1a-2b64-3cb4-b3e7-68eeaa8b2245,4a6f43ed-ac8b-41c6-867b-e893d9737c31,nycmesh-1936-olt-xgs-165,d6b900e1-d5ce-4a50-a9e6-c1c7bcaa4b45,1936-09E,40.716797,-73.985577,,10.0,40.716797,-73.985577,,5.0,0.0,,,3.0,-16.0,
2026-01-07T19:37:44,54942615-95be-4e77-9316-0f4789213aff_7e909d93-404a-47bd-a544-efdf6ff3f120,575bb81a-02f9-373c-811d-c31e8f56ad82,54942615-95be-4e77-9316-0f4789213aff,nycmesh-1933-wavenano,7e909d93-404a-47bd-a544-efdf6ff3f120,nycmesh-227-waveapmicro-north,40.71555,-73.984461,,110.2,40.711199,-74.001357,10.0,189.9,1503.9992649047647,69120.0,MHz,-63.0,-61.0,sta-ptmp
2026-01-07T19:37:44,7ee45009-6bc2-4a26-9b83-a3b07c70a3f6_9433d1e0-fcdf-4034-add1-16919bc17edd,5766abfd-4e44-3aa7-ae10-f9f8be785789,7ee45009-6bc2-4a26-9b83-a3b07c70a3f6,nycmesh-1934-olt-131-460,9433d1e0-fcdf-4034-add1-16919bc17edd,460-17B,40.716142,-73.98448,14.0,10.0,40.715564,-73.984569,13.0,5.0,64.70690342261612,,,2.0,-26.0,
2026-01-07T19:37:44,4a6f43ed-ac8b-41c6-867b-e893d9737c31_095e4552-9335-4df0-8c39-1e2f0d9fe2c9,578031c4-b60a-3c01-a0cb-9af03222f2ed,4a6f43ed-ac8b-41c6-867b-e893d9737c31,nycmesh-1936-olt-xgs-165,095e4552-9335-4df0-8c39-1e2f0d9fe2c9,1936-10Q,40.716797,-73.985577,,10.0,40.716797,-73.985577,,5.0,0.0,,,3.0,-15.0,
2026-01-07T19:37:44,2f157d40-1c46-42e6-a03e-dadf11a6b48a_e5a5e7df-3ed5-4654-a297-ff901c3a0488,578ab0e9-17d3-3b48-8600-7f46453df15a,2f157d40-1c46-42e6-a03e-dadf11a6b48a,nycmesh-3606-south,e5a5e7df-3ed5-4654-a297-ff901c3a0488,nycmesh-lbe-221,40.708452,-73.921893,8.0,30.0,40.70173,-73.924412,8.0,5.0,1.0,5785.0,MHz,-54.0,-56.0,ap-ptmp
2026-01-07T19:37:44,7ee45009-6bc2-4a26-9b83-a3b07c70a3f6_4a7ceb86-f39b-4a01-bb8e-e624b77bd0fa,57a34662-ea4c-3ed3-9927-500c4d9549c1,7ee45009-6bc2-4a26-9b83-a3b07c70a3f6,nycmesh-1934-olt-131-460,4a7ceb86-f39b-4a01-bb8e-e624b77bd0fa,131-14A,40.716142,-73.98448,14.0,10.0,40.716364,-73.985193,-3492.0,5.0,64.96443791683336,,,4.0,-14.0,
2026-01-07T19:37:44,7ee45009-6bc2-4a26-9b83-a3b07c70a3f6_9c5d31b3-c8bf-44c5-80fb-c4fc80e67c76,57b19973-15d6-30f5-bf9b-cfe356c88443,7ee45009-6bc2-4a26-9b83-a3b07c70a3f6,nycmesh-1934-olt-131-460,9c5d31b3-c8bf-44c5-80fb-c4fc80e67c76,131-18A,40.716142,-73.98448,14.0,10.0,40.716364,-73.985193,-3492.0,5.0,64.96443791683336,,,5.0,-24.0,
2026-01-07T19:37:44,935e28a2-6929-42df-a743-c3466da486b2_9b3f3f6d-31a1-49f9-912a-e79e3fdfeea5,57b29ed6-28f5-3f33-b749-334387acd6cd,935e28a2-6929-42df-a743-c3466da486b2,nycmesh-5916-gbe1,9b3f3f6d-31a1-49f9-912a-e79e3fdfeea5,nycmesh-5916-gbe2,40.696038,-73.939764,23.0,67.46,40.696038,-73.939764,23.0,67.46,1.0,64800.0,MHz,-57.0,-58.0,ap-ptp
2026-01-07T19:37:44,d58653c2-3737-4371-9909-9e9044c8bbfd_9e2a74d5-e888-4817-9c41-e8dfb830e11d,57b4cf5e-190d-48f0-82f7-53c22322d121,d58653c2-3737-4371-9909-9e9044c8bbfd,nycmesh-5916-netpower16p,9e2a74d5-e888-4817-9c41-e8dfb830e11d,nycmesh-5916-waveap-west,40.696038,-73.939764,,67.46,40.696153,-73.939618,,95.1,17.74880864229498,,,-60.0,-56.0,ap-ptmp
2026-01-07T19:37:44,376fc67d-146a-4018-89ea-d682a0b88d64_e29b3871-f59e-4962-89bb-cda8666fa857,57c25bec-78ac-33fb-9a17-06584a13e055,376fc67d-146a-4018-89ea-d682a0b88d64,nycmesh-5916-east1,e29b3871-f59e-4962-89bb-cda8666fa857,nycmesh-lbe-917,40.69607,-73.939677,,67.46,40.696,-73.9398,23.0,5.0,1.0,5710.0,MHz,-70.0,-71.0,ap-ptmp-airmax-mixed
2026-01-07T19:37:44,4a6f43ed-ac8b-41c6-867b-e893d9737c31_980feda9-851a-4bc8-9cdb-5e0cfb18c31c,57cdefaa-18ea-3405-8c14-ab03c9eb6df1,4a6f43ed-ac8b-41c6-867b-e893d9737c31,nycmesh-1936-olt-xgs-165,980feda9-851a-4bc8-9cdb-5e0cfb18c31c,1936-08C,40.716797,-73.985577,,10.0,40.716797,-73.985577,,5.0,0.0,,,5.0,-16.0,
2026-01-07T19:37:44,5949ca17-7037-406c-a276-8db9228d762c_0b32eae8-51aa-436b-af3b-80c06865e95e,57f2744c-e38b-3095-b2bf-06668b3cafac,5949ca17-7037-406c-a276-8db9228d762c,nycmesh-1340-west1,0b32eae8-51aa-436b-af3b-80c06865e95e,nycmesh-lbe-881,40.686117,-73.917818,,12.93,40.6858,-73.9173,,25.01,1.0,5710.0,MHz,-58.0,-59.0,ap-ptmp-airmax-mixed
2026-01-07T19:37:44,22f8a4e5-891d-48b9-a3b2-9808f9c3b977_30260b7d-872b-47cf-b632-5f5b54b306b7,58012908-3552-3fea-97e2-a351c1aaaffe,22f8a4e5-891d-48b9-a3b2-9808f9c3b977,nycmesh-3461-northeast,30260b7d-872b-47cf-b632-5f5b54b306b7,nycmesh-lbe-792,40.672685,-73.96386,,60.95,40.6725,-73.9642,,5.0,35.28977579122606,5560.0,MHz,-56.0,-55.0,ap-ptmp-airmax-mixed
2026-01-07T19:37:44,2630b421-546f-4bc0-8ae2-f92c038f2eed_7792debf-ee97-46b6-9a5e-6957c15319b4,581c6a24-5842-3702-ae80-fb29ab56d773,2630b421-546f-4bc0-8ae2-f92c038f2eed,nycmesh-2274-west,7792debf-ee97-46b6-9a5e-6957c15319b4,nycmesh-lbe-269,40.725681,-73.983591,,8.0,40.7256814,-73.9835909,7.0,8.0,0.04526920728262734,5570.0,MHz,-58.0,-53.0,ap-ptmp
2026-01-07T19:37:44,a57ddde1-6fff-463a-bbee-cbe90258daa6_0042be77-5f8b-44aa-9be3-f18a49f97313,58278e04-cb00-3595-ae51-f54dc9e53ad1,a57ddde1-6fff-463a-bbee-cbe90258daa6,nycmesh-1932-olt-410,0042be77-5f8b-44aa-9be3-f18a49f97313,410-11F,40.716098,-73.985997,14.0,100.32,40.716338,-73.986263,14.0,5.0,34.85361611376818,,,3.0,-15.0,
2026-01-07T19:37:44,d14a79df-ca26-408f-8dc8-4a73585d167a_fba07d74-36ca-417b-8a37-477cbb911e79,58609622-3f87-350e-83d4-2f1667174078,d14a79df-ca26-408f-8dc8-4a73585d167a,nycmesh-3461-southeast,fba07d74-36ca-417b-8a37-477cbb911e79,nycmesh-lbe-649,40.672531,-73.964197,,60.95,40.6602,-73.9401,,10.0,2456.0,5710.0,MHz,-71.0,-75.0,ap-ptmp-airmax-mixed
2026-01-07T19:37:44,f8d3507f-2ce2-4219-a4ac-06888b67d2cb_ccdcf4a9-fecb-45c4-bc49-88c841dd6687,589f4909-3a43-4807-84ff-7f7c9fd3ebfa,f8d3507f-2ce2-4219-a4ac-06888b67d2cb,nycmesh-5916-hex-rack,ccdcf4a9-fecb-45c4-bc49-88c841dd6687,nycmesh-5916-apc-ats,40.696038,-73.939764,,67.46,40.696038,-73.939764,,67.46,0.0,,,,,
2026-01-07T19:37:44,06617725-87b2-45e8-8962-30497e654509_36279faa-5ce8-4d97-9928-306d43e94973,58d25e43-2925-3d1d-9d98-5d34167f0708,06617725-87b2-45e8-8962-30497e654509,nycmesh-730-olt-xgs,36279faa-5ce8-4d97-9928-306d43e94973,730-08N 70:a7:41:3e:9b:a9,40.844422,-73.893677,,69.000015,40.844422,-73.893677,,5.0,0.0,,,3.0,-17.0,
2026-01-07T19:37:44,a57ddde1-6fff-463a-bbee-cbe90258daa6_9c04f609-93c8-4891-bee3-346d4407affe,58e45f59-3fe2-3288-ae8b-4cbfddbe0b53,a57ddde1-6fff-463a-bbee-cbe90258daa6,nycmesh-1932-olt-410,9c04f609-93c8-4891-bee3-346d4407affe,410-18D,40.716098,-73.985997,14.0,100.32,40.716338,-73.986263,14.0,5.0,34.85361611376818,,,3.0,-18.0,
2026-01-07T19:37:44,b6ed7b18-8c1e-497a-b8b7-3bab229980c4_e2d544d6-6461-4980-9404-2ea1f0ce90f9,58f744d6-ff27-3d24-9160-b287fe325514,b6ed7b18-8c1e-497a-b8b7-3bab229980c4,nycmesh-5916-south1,e2d544d6-6461-4980-9404-2ea1f0ce90f9,nycmesh-lbe-901,40.696042,-73.939797,,67.46,40.696,-73.9398,23.0,5.0,1.0,5490.0,MHz,-62.0,-59.0,ap-ptmp-airmax-mixed
2026-01-07T19:37:44,4a6f43ed-ac8b-41c6-867b-e893d9737c31_eab12a32-6f1c-462d-8ea4-a1a0be73272b,59050401-dfd4-3d10-ba46-067309562bce,4a6f43ed-ac8b-41c6-867b-e893d9737c31,nycmesh-1936-olt-xgs-165,eab12a32-6f1c-462d-8ea4-a1a0be73272b,1936-08Q,40.716797,-73.985577,,10.0,40.716797,-73.985577,,5.0,0.0,,,3.0,-16.0,
2026-01-07T19:37:44,7ee45009-6bc2-4a26-9b83-a3b07c70a3f6_41fc0a4a-3229-486e-b66b-436e0573d646,59492799-e6dc-3d99-9d69-82149243103d,7ee45009-6bc2-4a26-9b83-a3b07c70a3f6,nycmesh-1934-olt-131-460,41fc0a4a-3229-486e-b66b-436e0573d646,460-03A,40.716142,-73.98448,14.0,10.0,40.715645,-73.984543,13.0,5.0,55.51836572683728,,,4.0,-17.0,
2026-01-07T19:37:44,06617725-87b2-45e8-8962-30497e654509_6c8fa998-d59c-42db-8747-4c27d8df611c,598533c5-3bf4-3c2e-a214-db55f0ab65c2,06617725-87b2-45e8-8962-30497e654509,nycmesh-730-olt-xgs,6c8fa998-d59c-42db-8747-4c27d8df611c,730-05J,40.844422,-73.893677,,69.000015,40.844422,-73.893677,,5.0,0.0,,,4.0,-16.0,
2026-01-07T19:37:44,ffda2b6d-852e-4b26-bb15-ca1b228129a1_7ca4cf74-d1b4-45a1-8a08-797d51351865,599d20d2-e31a-4794-b399-70dd0866920d,ffda2b6d-852e-4b26-bb15-ca1b228129a1,nycmesh-731-omni,7ca4cf74-d1b4-45a1-8a08-797d51351865,nycmesh-731-east,40.724676,-73.98073,,8.0,40.724676,-73.98073,,8.0,0.0,,,,,ap-ptmp-airmax-mixed
2026-01-07T19:37:44,c6e5cad9-95d0-4440-86ce-65437fede532_53af1ae8-b7d7-47e7-8bad-34dbb39bf6e2,59dd6efc-8e14-34a6-8d08-8b10adf73fc8,c6e5cad9-95d0-4440-86ce-65437fede532,nycmesh-sn3-north,53af1ae8-b7d7-47e7-8bad-34dbb39bf6e2,nycmesh-lbe-611,40.6579,-74.0049,,45.32,40.6958,-73.9931,5.0,5.0,1.0,5560.0,MHz,-79.0,-78.0,ap-ptmp-airmax-mixed
2026-01-07T19:37:44,7959b596-fed7-4a98-b080-075200d80aee_5a3caeaf-eab1-49c6-a632-c6743860bd0c,59fcd7ed-7b6e-4ad1-96e0-0c07fa1627a8,7959b596-fed7-4a98-b080-075200d80aee,nycmesh-162-vpn,5a3caeaf-eab1-49c6-a632-c6743860bd0c,nycmesh-162-edgepower,40.664997,-73.990543,,40.0,40.664997,-73.990543,,40.0,0.0,,,,,
2026-01-07T19:37:44,ed2ba00d-f21e-4da1-96b5-890bb6510dab_17312114-86a0-4ea8-91a8-26ef696195bb,5a2208da-39a7-3dcd-9b92-1284b98517f0,ed2ba00d-f21e-4da1-96b5-890bb6510dab,nycmesh-5916-northeast,17312114-86a0-4ea8-91a8-26ef696195bb,nycmesh-lbe-416,40.696038,-73.939764,,67.46,40.696038,-73.939764,23.0,5.0,1.0,5550.0,MHz,-62.0,-63.0,ap-ptmp-airmax-mixed
2026-01-07T19:37:44,98568ac8-05aa-4fe8-8573-b637127eba18_646bb2dc-419c-4c5f-be57-200b5cdfbfa6,5a376cea-09f4-4550-a508-5a3cdd83b8b7,98568ac8-05aa-4fe8-8573-b637127eba18,nycmesh-1340-core,646bb2dc-419c-4c5f-be57-200b5cdfbfa6,nycmesh-1340-edgepower,40.685823,-73.917272,,12.93,40.685823,-73.917272,,12.93,0.0,,,,,
2026-01-07T19:37:44,0a45a9c2-11ce-43ad-9f9a-6e3852f80d6f_2ac888c3-7954-40ff-a066-a60bce57e6d6,5a3f1fb1-c002-39bf-8b66-e3fdc418d6fa,0a45a9c2-11ce-43ad-9f9a-6e3852f80d6f,nycmesh-3959-eps16-east,2ac888c3-7954-40ff-a066-a60bce57e6d6,nycmesh-3959-north,40.841612,-73.941817,,10.0,40.841612,-73.941817,,10.0,0.0,,,,,ap-ptmp-airmax-mixed
2026-01-07T19:37:44,5d3f50e7-31cd-45dc-8bb6-35eef8b03fe4_e9a0af57-33e9-42dc-92ea-8eff30da1651,5a49d77b-3c70-3cd9-b5a1-cc2a05476f5d,5d3f50e7-31cd-45dc-8bb6-35eef8b03fe4,nycmesh-5916-south3,e9a0af57-33e9-42dc-92ea-8eff30da1651,nycmesh-lbe-147,40.696038,-73.939764,,67.46,40.696038,-73.939764,23.0,5.0,1.0,5290.0,MHz,-61.0,-62.0,ap-ptmp-airmax-mixed
2026-01-07T19:37:44,4a6f43ed-ac8b-41c6-867b-e893d9737c31_b63581f7-c444-4462-938e-78aa53270306,5a969489-b743-3684-85d4-15d3e35d0783,4a6f43ed-ac8b-41c6-867b-e893d9737c31,nycmesh-1936-olt-xgs-165,b63581f7-c444-4462-938e-78aa53270306,1936-12C,40.716797,-73.985577,,10.0,40.716797,-73.985577,,5.0,0.0,,,4.0,-16.0,
2026-01-07T19:37:44,4ec70dea-528c-4426-a240-722295c916b1_b8a8149e-f1bc-4da1-9c4b-ec938598e6b9,5ac30482-2d4e-34fa-9b5a-e9ea9d6f3f13,4ec70dea-528c-4426-a240-722295c916b1,nycmesh-1340-north2,b8a8149e-f1bc-4da1-9c4b-ec938598e6b9,nycmesh-lbe-351,40.685988,-73.917573,,12.93,40.685823,-73.9173,,25.01,1.0,5745.0,MHz,-44.0,-54.0,ap-ptmp-airmax-mixed
2026-01-07T19:37:44,d2007ff3-64bd-4fba-833d-a61263794b52_04b0f9cf-9755-4370-9cfd-ef114cb301ca,5b0f6e32-e3c7-4c17-bbfb-b2bad8de03fa,d2007ff3-64bd-4fba-833d-a61263794b52,nycmesh-lbe-1447,04b0f9cf-9755-4370-9cfd-ef114cb301ca,nycmesh-1447-omni (switch),40.6578,-74.0048,5.0,10.0,40.659665,-73.997303,,10.0,665.5280590096355,,,-58.0,-57.0,sta-ptmp
2026-01-07T19:37:44,4a6f43ed-ac8b-41c6-867b-e893d9737c31_2f3764ed-4cd3-40b9-a89d-cbf30adbf0f9,5b72fada-b370-38e6-89d7-cbecc2f2c5f9,4a6f43ed-ac8b-41c6-867b-e893d9737c31,nycmesh-1936-olt-xgs-165,2f3764ed-4cd3-40b9-a89d-cbf30adbf0f9,1936-14Q,40.716797,-73.985577,,10.0,40.716797,-73.985577,,5.0,0.0,,,4.0,-17.0,
2026-01-07T19:37:44,94802f4b-dd73-4924-88b4-553ea777fd89_25986233-fa40-4445-a53e-fa2d5d4f7685,5bacf484-5e88-3a7b-b7ec-dee380364535,94802f4b-dd73-4924-88b4-553ea777fd89,nycmesh-162-north,25986233-fa40-4445-a53e-fa2d5d4f7685,nycmesh-lbe-4356,40.664997,-73.990543,,40.0,40.665,-73.9906,,5.0,3.0,5810.0,MHz,-49.0,-53.0,ap-ptmp
2026-01-07T19:37:44,98ddde37-1641-4354-ba0b-31688ca774e1_c23e468e-08e1-4b64-9bde-7490fb250563,5bc045a8-9d5c-3376-b392-0200fff85254,98ddde37-1641-4354-ba0b-31688ca774e1,nycmesh-7489-west,c23e468e-08e1-4b64-9bde-7490fb250563,nycmesh-lbe-190,40.659676,-73.913529,,31.1,40.65967565,-73.913529345429,,5.0,0.048617111387043006,5310.0,MHz,,,ap-ptmp-airmax-mixed
2026-01-07T19:37:44,4a6f43ed-ac8b-41c6-867b-e893d9737c31_ea922ad2-8cb6-4e01-a7fc-1c90a2516cfa,5c326008-50dd-3824-ae6c-783e39f8ebf2,4a6f43ed-ac8b-41c6-867b-e893d9737c31,nycmesh-1936-olt-xgs-165,ea922ad2-8cb6-4e01-a7fc-1c90a2516cfa,1936-05I,40.716797,-73.985577,,10.0,40.716797,-73.985577,,5.0,0.0,,,4.0,-17.0,
2026-01-07T19:37:44,a1d9f474-7fbf-4a50-b1a6-aa188a8456ed_cbfbd763-1102-4767-8473-fd6795b96c7e,5c393433-c3e1-4451-8769-c288cec9697e,a1d9f474-7fbf-4a50-b1a6-aa188a8456ed,nycmesh-3461-eps16,cbfbd763-1102-4767-8473-fd6795b96c7e,nycmesh-3461-core,40.672531,-73.964197,,60.95,40.672531,-73.964197,,60.95,0.0,,,,,
2026-01-07T19:37:44,4a6f43ed-ac8b-41c6-867b-e893d9737c31_48e24f18-8514-41c4-9878-48402729b2b6,5c3f7e28-baf3-32b4-8b29-0fcba58c013f,4a6f43ed-ac8b-41c6-867b-e893d9737c31,nycmesh-1936-olt-xgs-165,48e24f18-8514-41c4-9878-48402729b2b6,1936-06I,40.716797,-73.985577,,10.0,40.716797,-73.985577,,5.0,0.0,,,4.0,-18.0,
2026-01-07T19:37:44,7ee45009-6bc2-4a26-9b83-a3b07c70a3f6_4cc89ac4-04e3-4ca0-875b-88580a9d415a,5c67a966-188a-3c3e-ac7d-50b5d860c44b,7ee45009-6bc2-4a26-9b83-a3b07c70a3f6,nycmesh-1934-olt-131-460,4cc89ac4-04e3-4ca0-875b-88580a9d415a,460-24D,40.716142,-73.98448,14.0,10.0,40.715645,-73.984543,13.0,5.0,55.51836572683728,,,3.0,-24.0,
2026-01-07T19:37:44,4a6f43ed-ac8b-41c6-867b-e893d9737c31_a7a4c35e-6c06-4b04-8ada-85a7bbb8b590,5c894b93-12a4-3a45-b73f-a3b136160bdc,4a6f43ed-ac8b-41c6-867b-e893d9737c31,nycmesh-1936-olt-xgs-165,a7a4c35e-6c06-4b04-8ada-85a7bbb8b590,1936-10I,40.716797,-73.985577,,10.0,40.716797,-73.985577,,5.0,0.0,,,4.0,-16.0,
2026-01-07T19:37:44,6e1b70af-ea3a-4564-a1fe-af590d68a56d_06593603-aac3-4bd6-a78d-c10f586aba80,5c955e14-0abc-30a6-8bde-3016223cd39f,6e1b70af-ea3a-4564-a1fe-af590d68a56d,nycmesh-2701-wavenano-648,06593603-aac3-4bd6-a78d-c10f586aba80,nycmesh-648-wavenano-2701,40.647762,-74.000685,45.0,73.1,40.639672,-73.996487,,56.9,966.7851345316915,68040.0,MHz,-35.0,-35.0,sta-ptp
2026-01-07T19:37:44,e9886bc5-f29e-40a6-842f-dcda08cf55cb_1df75f1a-67d4-4bd4-911a-64d762508829,5c9ceb07-536b-409d-92c1-0679d895b891,e9886bc5-f29e-40a6-842f-dcda08cf55cb,nycmesh-1084-gbep-632,1df75f1a-67d4-4bd4-911a-64d762508829,nycmesh-1084-omni,40.729552,-73.945949,4.0,8.0,40.729552,-73.945949,4.0,8.0,0.0,,,,,sta-ptp
2026-01-07T19:37:44,7e909d93-404a-47bd-a544-efdf6ff3f120_bdbfec3c-fa33-46cc-80ad-92f781cba7c0,5cb7cc93-9b42-332b-8550-f370fcc06795,7e909d93-404a-47bd-a544-efdf6ff3f120,nycmesh-227-waveapmicro-north,bdbfec3c-fa33-46cc-80ad-92f781cba7c0,nycmesh-544-af60lr,40.711199,-74.001357,10.0,189.9,40.718492,-73.996155,,37.5,955.0,69120.0,MHz,-59.0,-57.0,ap-ptmp
2026-01-07T19:37:44,7dda936a-fbc5-48eb-9030-dd6d3dd32a20_7cbd13d9-9e28-4291-9e80-ab9dfff2b548,5cbb9884-6155-3733-8619-e0ee537b51d3,7dda936a-fbc5-48eb-9030-dd6d3dd32a20,nycmesh-407-south,7cbd13d9-9e28-4291-9e80-ab9dfff2b548,nycmesh-lbe-5639,40.713282,-73.99037,,11.42,40.7132633,-73.9903429,10.0,8.0,3.0,5560.0,MHz,-56.0,-61.0,ap-ptmp-airmax-mixed
2026-01-07T19:37:44,db9968fa-dd1f-458a-8f1f-bea3e6db6e7c_c0930822-0409-401d-84ec-95cadc029f6a,5cd18c6a-15ff-48f2-9505-c49957239558,db9968fa-dd1f-458a-8f1f-bea3e6db6e7c,nycmesh-5151-eps16,c0930822-0409-401d-84ec-95cadc029f6a,nycmesh-5151-omni,40.67543,-73.98058,,22.0,40.67543,-73.98058,,22.0,0.0,,,,,
2026-01-07T19:37:44,7ff31813-0a6d-4bfd-81df-7386cde7bd4c_e9d1e3cb-290b-46ce-99f5-35a22e523503,5cd67f21-ec62-30ee-b1f5-046eaed9f080,7ff31813-0a6d-4bfd-81df-7386cde7bd4c,nycmesh-1340-north,e9d1e3cb-290b-46ce-99f5-35a22e523503,nycmesh-lbe-2961,40.686016,-73.917493,,12.93,40.6858,-73.9173,,25.01,1.0,5490.0,MHz,,,ap-ptmp-airmax-mixed
2026-01-07T19:37:44,825234ea-5150-4872-ac6e-02c6d0e75665_c5a72b7f-7d84-4865-a4e6-5a5acff9cc4b,5d35232b-6671-392a-b9d9-cee615312e38,825234ea-5150-4872-ac6e-02c6d0e75665,nycmesh-2299-af24-898,c5a72b7f-7d84-4865-a4e6-5a5acff9cc4b,nycmesh-898-af24-2299,40.861412,-73.907829,,10.0,40.830547,-73.941086,41.0,10.0,4427.69484467096,24100.0,MHz,-66.0,-66.0,sta-ptp
2026-01-07T19:37:44,669b697f-8fdc-4937-980d-e8c46eb0a5ed_050d1b4d-c862-4951-9dac-34284f9e0037,5d5238d0-8454-4aab-8172-090505727e3e,669b697f-8fdc-4937-980d-e8c46eb0a5ed,nycmesh-5916-eh8010-162,050d1b4d-c862-4951-9dac-34284f9e0037,nycmesh-162-eh8010-5916,40.696038,-73.939764,,67.46,40.664997,-73.990543,,40.0,5499.882241945767,,,,,
2026-01-07T19:37:44,06617725-87b2-45e8-8962-30497e654509_3d409275-f4fd-4904-9f9f-9ba040a87dc9,5d80730d-ee5e-3cbf-855b-5b19093529f2,06617725-87b2-45e8-8962-30497e654509,nycmesh-730-olt-xgs,3d409275-f4fd-4904-9f9f-9ba040a87dc9,730-02G,40.844422,-73.893677,,69.000015,40.844422,-73.893677,,5.0,0.0,,,4.0,-15.0,
2026-01-07T19:37:44,ef47c82e-ec64-492e-ab2a-93e6a45d6cbc_825234ea-5150-4872-ac6e-02c6d0e75665,5d90c3d8-380a-49c9-9687-90697ed15415,ef47c82e-ec64-492e-ab2a-93e6a45d6cbc,nycmesh-2299-eps16,825234ea-5150-4872-ac6e-02c6d0e75665,nycmesh-2299-af24-898,40.861367,-73.907738,,10.0,40.861412,-73.907829,,10.0,4440.0,,,-66.0,-70.0,sta-ptp
2026-01-07T19:37:44,12010c8c-9f46-4e45-81e4-62d7090fbcd5_24750b73-b73c-4f95-a66e-81f96928f2b3,5d90eaff-dd15-3084-afe8-99ea50ca6d1c,12010c8c-9f46-4e45-81e4-62d7090fbcd5,nycmesh-1340-east,24750b73-b73c-4f95-a66e-81f96928f2b3,nycmesh-lbe-176,40.686016,-73.917493,,53.3,40.685823,-73.917272,,25.01,1.0,5560.0,MHz,-60.0,-54.0,ap-ptmp-airmax-mixed
2026-01-07T19:37:44,8acc7c7d-f64d-4023-9736-2695f9ade451_882c4808-3ed2-488b-8c1c-c38c156f67a1,5da9b654-9d0e-4a19-b06a-d388e36f3327,8acc7c7d-f64d-4023-9736-2695f9ade451,nycmesh-407-eps16,882c4808-3ed2-488b-8c1c-c38c156f67a1,nycmesh-407-east,40.713282,-73.99037,,11.42,40.713282,-73.99037,,11.42,0.0,,,,,ap-ptmp-airmax-mixed
2026-01-07T19:37:44,bdcc73d9-a78e-4f46-99a7-cc35947b0d35_03d2c7ea-a3ed-4ce3-8c95-3d20027be634,5dcf6ec0-79e9-3355-9b42-df9951f32df5,bdcc73d9-a78e-4f46-99a7-cc35947b0d35,nycmesh-7800-north,03d2c7ea-a3ed-4ce3-8c95-3d20027be634,nycmesh-pbe-898,40.815412,-73.950239,,10.0,40.830454,-73.941171,41.0,10.0,1816.0,5560.0,MHz,-64.0,-67.0,ap-ptmp-airmax-mixed
2026-01-07T19:37:44,64bd08e0-9c3f-4d2c-b955-23f45f5a0cb4_337cfd66-2f68-40c1-93e1-c90d7a8c9fb0,5dd01915-c719-4b8e-96e4-d7a0adc4ed03,64bd08e0-9c3f-4d2c-b955-23f45f5a0cb4,nycmesh-1167-omni,337cfd66-2f68-40c1-93e1-c90d7a8c9fb0,nycmesh-1167-gbep-295,40.727553,-73.946045,4.0,10.0,40.727553,-73.946045,4.0,10.0,0.0,,,-52.0,-50.0,ap-ptp
2026-01-07T19:37:44,7ee45009-6bc2-4a26-9b83-a3b07c70a3f6_9ef97eee-5432-4d4d-b3c9-ddcaa7a1b988,5e1da0a1-9b65-36f2-9578-5bc2df351952,7ee45009-6bc2-4a26-9b83-a3b07c70a3f6,nycmesh-1934-olt-131-460,9ef97eee-5432-4d4d-b3c9-ddcaa7a1b988,131-15F,40.716142,-73.98448,14.0,10.0,40.716364,-73.985193,-3492.0,5.0,64.96443791683336,,,,,
2026-01-07T19:37:44,e1d61dc7-4e5e-4138-a210-456c817acb34_18daa645-2eb1-4110-8b77-789e2fee28df,5e389887-0f3e-4dc4-ae3f-042dfc1d4a84,e1d61dc7-4e5e-4138-a210-456c817acb34,nycmesh-265-omni,18daa645-2eb1-4110-8b77-789e2fee28df,nycmesh-lbe-265,40.705214,-73.930897,,24.0,40.70538,-73.930575,8.0,24.0,838.0,,,-63.0,-62.0,sta-ptmp
2026-01-07T19:37:44,06617725-87b2-45e8-8962-30497e654509_19223d63-49c7-45f0-afeb-43605f4c6c2f,5e393836-b5fa-3258-9134-857fe787d9fb,06617725-87b2-45e8-8962-30497e654509,nycmesh-730-olt-xgs,19223d63-49c7-45f0-afeb-43605f4c6c2f,730-09F,40.844422,-73.893677,,69.000015,40.844422,-73.893677,,5.0,0.0,,,5.0,-15.0,
2026-01-07T19:37:44,7ee45009-6bc2-4a26-9b83-a3b07c70a3f6_52198912-d2d2-4b6d-a481-90ac84c84034,5e50e43a-a63a-355f-9a9e-aa204a5d1df4,7ee45009-6bc2-4a26-9b83-a3b07c70a3f6,nycmesh-1934-olt-131-460,52198912-d2d2-4b6d-a481-90ac84c84034,460-21H,40.716142,-73.98448,14.0,10.0,40.715645,-73.984543,13.0,5.0,55.51836572683728,,,2.0,-22.0,
2026-01-07T19:37:44,4a6f43ed-ac8b-41c6-867b-e893d9737c31_38a6c259-1371-48f6-9362-086d092aec14,5e6d0ab9-faac-3ea9-9d58-4d8594de454f,4a6f43ed-ac8b-41c6-867b-e893d9737c31,nycmesh-1936-olt-xgs-165,38a6c259-1371-48f6-9362-086d092aec14,1936-09J,40.716797,-73.985577,,10.0,40.716797,-73.985577,,5.0,0.0,,,3.0,-17.0,
2026-01-07T19:37:44,4a6f43ed-ac8b-41c6-867b-e893d9737c31_69f46cbf-bdc0-4851-b4f2-4fcf6b050c76,5e763ca4-3017-3574-82e0-17b26b176b74,4a6f43ed-ac8b-41c6-867b-e893d9737c31,nycmesh-1936-olt-xgs-165,69f46cbf-bdc0-4851-b4f2-4fcf6b050c76,1936-14P,40.716797,-73.985577,,10.0,40.716797,-73.985577,,5.0,0.0,,,,,
2026-01-07T19:37:44,9ec55494-cdd1-4b62-be3a-0ce25031aeba_caa53685-8578-4b8b-b617-96ad3ebb38b3,5e7675c3-b9e3-35bc-91f3-02ab6395ac23,9ec55494-cdd1-4b62-be3a-0ce25031aeba,nycmesh-227-ps5ac-north1,caa53685-8578-4b8b-b617-96ad3ebb38b3,nycmesh-lbe2-544,40.711095,-74.001382,,161.544,40.718504,-73.995954,10.0,25.0,955.0,5490.0,MHz,-62.0,-58.0,ap-ptmp-airmax-mixed
2026-01-07T19:37:44,a03f429f-0051-4bd1-8d7f-661e9bcd11ba_f2232508-4485-440f-8e76-6ad36c49b26a,5ea38f48-fadf-48b6-9570-e9f5c8a83b9d,a03f429f-0051-4bd1-8d7f-661e9bcd11ba,nycmesh-sn3-n3k,f2232508-4485-440f-8e76-6ad36c49b26a,nycmesh-sn3-n5k,40.657782,-74.004848,,45.32,40.657782,-74.004848,,45.32,0.0,,,,,
2026-01-07T19:37:44,6f3a0d1b-b72c-445b-91fe-dcb9ed28f2ac_df087499-a1e2-4cfa-b9bf-6f350329776b,5eadf4f4-8329-4b0a-8844-54e005a13280,6f3a0d1b-b72c-445b-91fe-dcb9ed28f2ac,nycmesh-632-eps16,df087499-a1e2-4cfa-b9bf-6f350329776b,nycmesh-lbelr-632,40.734646,-73.95053,,37.0,40.7346,-73.9505,6.0,37.0,420.0,,,-58.0,-62.0,sta-ptmp
2026-01-07T19:37:44,4a6f43ed-ac8b-41c6-867b-e893d9737c31_ec8e15e1-eeb9-4b0f-9cec-cbe3f6a63476,5ebf15de-93c3-384d-898c-2d5666162e82,4a6f43ed-ac8b-41c6-867b-e893d9737c31,nycmesh-1936-olt-xgs-165,ec8e15e1-eeb9-4b0f-9cec-cbe3f6a63476,1936-05E,40.716797,-73.985577,,10.0,40.716797,-73.985577,,5.0,0.0,,,3.0,-16.0,
2026-01-07T19:37:44,a57ddde1-6fff-463a-bbee-cbe90258daa6_f6bfe3bb-0097-40b7-9765-eac7fb26598c,5ede8067-4709-3f6e-88d7-4142f54a23b1,a57ddde1-6fff-463a-bbee-cbe90258daa6,nycmesh-1932-olt-410,f6bfe3bb-0097-40b7-9765-eac7fb26598c,410-21A,40.716098,-73.985997,14.0,100.32,40.716338,-73.986263,14.0,5.0,34.85361611376818,,,3.0,-19.0,
2026-01-07T19:37:44,4fb5de28-719b-4d4c-8efd-9246e4d99758_11862036-2bcf-4646-8a11-1c10ad34849f,5ee9797d-2b55-3652-b277-c52342694de7,4fb5de28-719b-4d4c-8efd-9246e4d99758,nycmesh-2274-northwest,11862036-2bcf-4646-8a11-1c10ad34849f,nycmesh-lbe-3016,40.72579,-73.98355,,8.0,40.724676,-73.98073,6.0,8.0,266.0,5710.0,MHz,-48.0,-54.0,ap-ptmp-airmax-mixed
2026-01-07T19:37:44,06617725-87b2-45e8-8962-30497e654509_6e15472b-893d-4f92-a69e-6f46622204c4,5eed73a2-536b-3e48-a876-c2b43cec48ab,06617725-87b2-45e8-8962-30497e654509,nycmesh-730-olt-xgs,6e15472b-893d-4f92-a69e-6f46622204c4,730-7G,40.844422,-73.893677,,69.000015,40.844422,-73.893677,,5.0,0.0,,,3.0,-15.0,
2026-01-07T19:37:44,ed2ba00d-f21e-4da1-96b5-890bb6510dab_22c541eb-6420-4517-8e1d-62bb9c531afa,5f3b679f-8cef-379c-adbe-e23bbd1402ac,ed2ba00d-f21e-4da1-96b5-890bb6510dab,nycmesh-5916-northeast,22c541eb-6420-4517-8e1d-62bb9c531afa,nycmesh-lbe-284,40.696038,-73.939764,,67.46,40.696,-73.9398,23.0,5.0,1.0,5550.0,MHz,-72.0,-73.0,ap-ptmp-airmax-mixed
2026-01-07T19:37:44,4a6f43ed-ac8b-41c6-867b-e893d9737c31_83958e08-5ea7-45c4-bb32-9fa99d6c011a,5f40f4d0-f6a2-389a-9ebe-91694d45ab43,4a6f43ed-ac8b-41c6-867b-e893d9737c31,nycmesh-1936-olt-xgs-165,83958e08-5ea7-45c4-bb32-9fa99d6c011a,1936-05B,40.716797,-73.985577,,10.0,40.716797,-73.985577,,5.0,0.0,,,4.0,-16.0,
2026-01-07T19:37:44,9794bbca-6eb6-4a25-8f5c-d85d24707e39_4a389652-fcf5-409d-a9c4-8739566f996a,5f4815c7-821f-4779-bdf2-e03abe304f89,9794bbca-6eb6-4a25-8f5c-d85d24707e39,nycmesh-4126-7r-1,4a389652-fcf5-409d-a9c4-8739566f996a,nycmesh-4126-7r-2,40.692245,-73.954483,,10.0,40.692245,-73.954483,,10.0,0.0,,,,,
2026-01-07T19:37:44,53a59f95-a0a1-41a5-89d8-ad48607fd039_53a59f95-a0a1-41a5-89d8-ad48607fd039,5f53d244-b544-4f47-b2fb-80a50ad6cf39,53a59f95-a0a1-41a5-89d8-ad48607fd039,nycmesh-10-core1,53a59f95-a0a1-41a5-89d8-ad48607fd039,nycmesh-10-core1,40.741102,-74.002444,,10.0,40.741102,-74.002444,,10.0,0.0,,,,,
2026-01-07T19:37:44,4a6f43ed-ac8b-41c6-867b-e893d9737c31_e771c459-f617-4ca1-8056-1fdd2322fd1e,5f6d9acd-d2e7-35db-a901-c6234f5b5df7,4a6f43ed-ac8b-41c6-867b-e893d9737c31,nycmesh-1936-olt-xgs-165,e771c459-f617-4ca1-8056-1fdd2322fd1e,1936-05A,40.716797,-73.985577,,10.0,40.716797,-73.985577,,5.0,0.0,,,2.0,-16.0,
2026-01-07T19:37:44,e7762f31-e91a-4719-9540-e8827c1ce0d8_e5dc4586-6ef4-4bf8-a3d0-b03c474edab2,5fa8f374-416d-4fee-bd67-fd1f1f895faf,e7762f31-e91a-4719-9540-e8827c1ce0d8,nycmesh-1933-hexs,e5dc4586-6ef4-4bf8-a3d0-b03c474edab2,nycmesh-1933-apc-roof,40.715467,-73.984401,,97.0,40.715467,-73.984401,,97.0,0.0,,,,,
2026-01-07T19:37:44,68b3fc90-93e0-49a4-900f-e9df98fb9361_b32e0d08-e837-4de3-94e2-ddc3c7c6576d,5fb27557-9188-3b2c-b181-da0c413b37c7,68b3fc90-93e0-49a4-900f-e9df98fb9361,nycmesh-5916-west1,b32e0d08-e837-4de3-94e2-ddc3c7c6576d,nycmesh-lbe-569,40.696017,-73.939873,,67.46,40.696,-73.9398,23.0,5.0,1.0,5710.0,MHz,-62.0,-58.0,ap-ptmp-airmax-mixed
2026-01-07T19:37:44,4a6f43ed-ac8b-41c6-867b-e893d9737c31_03159e8d-d74f-41af-b061-ac63eb4166de,5fc323b3-791b-33d7-ba47-204c6f46bcb8,4a6f43ed-ac8b-41c6-867b-e893d9737c31,nycmesh-1936-olt-xgs-165,03159e8d-d74f-41af-b061-ac63eb4166de,1936-05R,40.716797,-73.985577,,10.0,40.716797,-73.985577,,5.0,0.0,,,5.0,-16.0,
2026-01-07T19:37:44,24148d9a-d324-4633-8c90-86699d7692b8_c81384a5-863f-4074-b889-cd900af270e1,5fc69fe7-b030-3666-ab54-9871b2ce7ab4,24148d9a-d324-4633-8c90-86699d7692b8,nycmesh-7800-east,c81384a5-863f-4074-b889-cd900af270e1,nycmesh-lbe-525,40.815336,-73.950302,,10.0,40.8156,-73.95,35.0,5.0,38.82842124852781,5520.0,MHz,-57.0,-61.0,ap-ptmp-airmax-ac
2026-01-07T19:37:44,152f92e3-ae69-4875-9bff-51ce135ed453_38a3014f-1ded-43c2-80f8-815442951fe7,5fe7f461-9eeb-49e1-9825-91d7df15f1ad,152f92e3-ae69-4875-9bff-51ce135ed453,nycmesh-231-netpower16p,38a3014f-1ded-43c2-80f8-815442951fe7,nycmesh-231-north,40.645835,-74.013376,,10.0,40.645933,-74.013631,,10.0,24.11648132617266,,,-53.0,-59.0,ap-ptmp-airmax-mixed
2026-01-07T19:37:44,ecd5e611-dd00-4520-994b-ee5e72f9ae32_154c26fb-cfeb-494c-979a-dccbe0e53da0,603c941b-321f-4624-bbac-a5be19f198b0,ecd5e611-dd00-4520-994b-ee5e72f9ae32,nycmesh-lbe-4126,154c26fb-cfeb-494c-979a-dccbe0e53da0,nycmesh-4126-np16,40.696,-73.9398,23.0,10.0,40.692245,-73.954483,,10.0,1306.41657551388,,,-67.0,-60.0,sta-ptmp
2026-01-07T19:37:44,5f280691-5063-4c95-b3ca-ce28466a4bca_d9f8e12b-10d0-4f76-9401-ad0e73c6bedc,609185bb-28dc-3059-86bb-1ce130afcaf0,5f280691-5063-4c95-b3ca-ce28466a4bca,nycmesh-691-southwest,d9f8e12b-10d0-4f76-9401-ad0e73c6bedc,nycmesh-lbe-821,40.7029,-73.9192,,20.0,40.7029,-73.9192,,5.0,0.0,5760.0,MHz,-46.0,-63.0,ap-ptmp
2026-01-07T19:37:44,3b441eb3-c392-4025-abc3-d23c5994c602_7d579384-d74a-43d4-a546-26beebbf51c8,6110b0a2-3493-3563-a00b-347334a2cce3,3b441eb3-c392-4025-abc3-d23c5994c602,nycmesh-1971-northwest,7d579384-d74a-43d4-a546-26beebbf51c8,nycmesh-lbe-7347,40.712811,-73.994744,10.0,30.0,40.712811,-73.994744,,5.0,1.0,5520.0,MHz,-60.0,-62.0,ap-ptmp-airmax-mixed
2026-01-07T19:37:44,22f8a4e5-891d-48b9-a3b2-9808f9c3b977_ec9de709-5f59-46dc-811f-1e6a5d6ce2ef,6146e185-5cbf-37bb-8323-fa7ab8a359ee,22f8a4e5-891d-48b9-a3b2-9808f9c3b977,nycmesh-3461-northeast,ec9de709-5f59-46dc-811f-1e6a5d6ce2ef,nycmesh-lbe-7954,40.672685,-73.96386,,60.95,40.6725,-73.9642,,5.0,35.28977579122606,5560.0,MHz,-64.0,-63.0,ap-ptmp-airmax-mixed
2026-01-07T19:37:44,dcbb98b2-f147-4123-96e7-16a91875ad00_e720553d-5aff-4a28-8689-ccd1dc4ed3a0,618d7eab-4132-4573-9a63-5cd8d06ca097,dcbb98b2-f147-4123-96e7-16a91875ad00,nycmesh-7800-omni,e720553d-5aff-4a28-8689-ccd1dc4ed3a0,nycmesh-7800-west,40.815629,-73.950228,,10.0,40.815332,-73.950381,35.0,90.0,35.44608792067056,,,,,ap-ptmp
2026-01-07T19:37:44,7ee45009-6bc2-4a26-9b83-a3b07c70a3f6_c08f522c-77a2-4f4e-b9d3-be67b1957980,61a9f77c-0e6c-3931-a950-ab2e42c0c042,7ee45009-6bc2-4a26-9b83-a3b07c70a3f6,nycmesh-1934-olt-131-460,c08f522c-77a2-4f4e-b9d3-be67b1957980,131-19D,40.716142,-73.98448,14.0,10.0,40.716364,-73.985193,-3492.0,5.0,64.96443791683336,,,4.0,-16.0,
2026-01-07T19:37:44,1f9f3b98-050c-4b95-95d5-b76e636677c1_45d745de-301d-4c84-abb3-b07d8542a5d1,61f282d5-05a8-3b33-8fdc-8fc03cb8e773,1f9f3b98-050c-4b95-95d5-b76e636677c1,nycmesh-511-northeast,45d745de-301d-4c84-abb3-b07d8542a5d1,nycmesh-lbe-817,40.70538,-73.930575,,24.0,40.70221,-73.925874,,5.0,1.0,5555.0,MHz,-59.0,-66.0,ap-ptmp
2026-01-07T19:37:44,b6ed7b18-8c1e-497a-b8b7-3bab229980c4_2c2b5c96-8cf0-450f-bc12-b7b8e1a55166,621d37df-4df1-326d-99ca-6375f555c8c2,b6ed7b18-8c1e-497a-b8b7-3bab229980c4,nycmesh-5916-south1,2c2b5c96-8cf0-450f-bc12-b7b8e1a55166,nycmesh-lbe-205,40.696042,-73.939797,,67.46,40.696038,-73.939764,23.0,5.0,1.0,5490.0,MHz,-62.0,-59.0,ap-ptmp-airmax-mixed
2026-01-07T19:37:44,06617725-87b2-45e8-8962-30497e654509_3c5fa4e9-c88b-4a1c-a7ee-d54828784976,625e3399-e557-3df7-9b80-af53e35e60de,06617725-87b2-45e8-8962-30497e654509,nycmesh-730-olt-xgs,3c5fa4e9-c88b-4a1c-a7ee-d54828784976,730-02Q,40.844422,-73.893677,,69.000015,40.844422,-73.893677,,5.0,0.0,,,4.0,-15.0,
2026-01-07T19:37:44,7ee45009-6bc2-4a26-9b83-a3b07c70a3f6_ffc9f841-2d96-463a-8c9b-781409a6fe8c,62704f56-c54e-34e2-b2c2-ddb98d2cee37,7ee45009-6bc2-4a26-9b83-a3b07c70a3f6,nycmesh-1934-olt-131-460,ffc9f841-2d96-463a-8c9b-781409a6fe8c,460-17E,40.716142,-73.98448,14.0,10.0,40.715526,-73.984399,13.0,5.0,68.8354308742578,,,1.0,-25.0,
2026-01-07T19:37:44,cbfbd763-1102-4767-8473-fd6795b96c7e_a4952ad1-1fb2-4447-9fb8-6504bd038897,62990ec7-dacb-4ea3-88da-d321abf26449,cbfbd763-1102-4767-8473-fd6795b96c7e,nycmesh-3461-core,a4952ad1-1fb2-4447-9fb8-6504bd038897,nycmesh-3461-tns100,40.672531,-73.964197,,60.95,40.672531,-73.964197,,60.95,0.0,,,,,
2026-01-07T19:37:44,4a6f43ed-ac8b-41c6-867b-e893d9737c31_dfa1dc18-7305-4f2d-86bc-e7e174ab84b9,62a58ff8-8a1a-3a63-87e0-a706e248449b,4a6f43ed-ac8b-41c6-867b-e893d9737c31,nycmesh-1936-olt-xgs-165,dfa1dc18-7305-4f2d-86bc-e7e174ab84b9,1936-05M,40.716797,-73.985577,,10.0,40.716797,-73.985577,,5.0,0.0,,,5.0,-16.0,
2026-01-07T19:37:44,22f334b8-3d19-4194-8106-fb82b7fca976_b8a2a779-d77b-48bd-8baf-2d73117e49e5,62b24c5c-afba-30dc-928b-bc44b47feaa4,22f334b8-3d19-4194-8106-fb82b7fca976,nycmesh-1932-north,b8a2a779-d77b-48bd-8baf-2d73117e49e5,nycmesh-lbe-3065,40.716098,-73.985997,14.0,100.32,40.7189,-73.9859,14.0,25.0,313.0,5490.0,MHz,-55.0,-56.0,ap-ptmp-airmax-mixed
2026-01-07T19:37:44,154c26fb-cfeb-494c-979a-dccbe0e53da0_0276ad72-b4a5-4e07-b444-9058f9faae00,62f3de89-8c9b-4ecc-b6a8-ae28b51bc68c,154c26fb-cfeb-494c-979a-dccbe0e53da0,nycmesh-4126-np16,0276ad72-b4a5-4e07-b444-9058f9faae00,nycmesh-4126-south,40.692245,-73.954483,,10.0,40.692245,-73.954483,,10.0,0.0,,,,,ap-ptmp-airmax-ac
2026-01-07T19:37:44,06617725-87b2-45e8-8962-30497e654509_34da4b91-8809-4234-9ffd-2406adb07e50,63415a70-8ed6-3aa6-b352-2f26b3a98e03,06617725-87b2-45e8-8962-30497e654509,nycmesh-730-olt-xgs,34da4b91-8809-4234-9ffd-2406adb07e50,730-10M,40.844422,-73.893677,,69.000015,40.844422,-73.893677,,5.0,0.0,,,4.0,-15.0,
2026-01-07T19:37:44,4a6f43ed-ac8b-41c6-867b-e893d9737c31_0494118b-0885-4635-b925-f8affad9ec67,636b6d2a-4e74-3b21-ad57-2a9baf25395b,4a6f43ed-ac8b-41c6-867b-e893d9737c31,nycmesh-1936-olt-xgs-165,0494118b-0885-4635-b925-f8affad9ec67,1936-07O,40.716797,-73.985577,,10.0,40.716797,-73.985577,,5.0,0.0,,,,,
2026-01-07T19:37:44,22f8a4e5-891d-48b9-a3b2-9808f9c3b977_1f729518-45cc-4afb-a76a-f3ee8cef0cdb,6381b70a-3125-3e90-9fab-f225596c04ba,22f8a4e5-891d-48b9-a3b2-9808f9c3b977,nycmesh-3461-northeast,1f729518-45cc-4afb-a76a-f3ee8cef0cdb,nycmesh-lbe-458,40.672685,-73.96386,,60.95,40.6725,-73.9642,,5.0,35.28977579122606,5560.0,MHz,-67.0,-66.0,ap-ptmp-airmax-mixed
2026-01-07T19:37:44,95236977-7ce0-4b20-8ba5-6e0118d0b3ef_e70c1391-f298-4e97-91a1-3f7a701d1752,638c360b-1333-3919-ba31-09b787df6ebb,95236977-7ce0-4b20-8ba5-6e0118d0b3ef,nycmesh-2090-southeast,e70c1391-f298-4e97-91a1-3f7a701d1752,nycmesh-lbe-7909,40.725618,-73.954074,,8.0,40.7296,-73.9459,6.0,8.0,1.0,5500.0,MHz,-72.0,-64.0,ap-ptmp
2026-01-07T19:37:44,2f919777-61b9-4697-91f1-15523adc46a5_77814236-1bda-4781-9a9c-5c126c4834d5,639be35b-e501-301a-9226-9b4c7217ae41,2f919777-61b9-4697-91f1-15523adc46a5,nycmesh-713-waveap-south,77814236-1bda-4781-9a9c-5c126c4834d5,nycmesh-2701-wavenano,40.657601,-74.005171,,76.3,40.647886,-74.000754,45.0,72.4,1164.0,68040.0,MHz,-56.0,-55.0,ap-ptmp
2026-01-07T19:37:44,0c855b7b-0b41-4444-a745-3d36962799ad_e998a178-484d-45d5-92ff-c6e8092afda0,639ef97f-b3cb-48da-b830-033638214a36,0c855b7b-0b41-4444-a745-3d36962799ad,nycmesh-1932-eps16,e998a178-484d-45d5-92ff-c6e8092afda0,nycmesh-1932-cubepro-1933,40.716098,-73.985997,14.0,100.32,40.716098,-73.985997,14.0,100.32,0.0,,,,,
2026-01-07T19:37:44,1f9f3b98-050c-4b95-95d5-b76e636677c1_0296881d-3755-484a-8409-8f7018e415f6,63b4a07a-5deb-3c49-a5cc-e7dc0e201061,1f9f3b98-050c-4b95-95d5-b76e636677c1,nycmesh-511-northeast,0296881d-3755-484a-8409-8f7018e415f6,nycmesh-lbe-7625,40.70538,-73.930575,,24.0,40.703612,-73.925097,,5.0,1.0,5555.0,MHz,-59.0,-57.0,ap-ptmp
2026-01-07T19:37:44,6bdaa816-ebe8-4ca7-bd84-412859705b80_a11c8b73-c718-4eef-ae58-ff85ca0a8ec0,63d96978-bbd4-3cd6-8672-3aa19838e8fd,6bdaa816-ebe8-4ca7-bd84-412859705b80,nycmesh-1971-southwest,a11c8b73-c718-4eef-ae58-ff85ca0a8ec0,nycmesh-lbelr-136,40.712811,-73.994744,10.0,30.0,40.712811,-73.994744,,5.0,1.0,5560.0,MHz,-57.0,-71.0,ap-ptmp-airmax-ac
2026-01-07T19:37:44,4ec70dea-528c-4426-a240-722295c916b1_9a29cd98-823b-47e2-bbba-6e7f1182aa56,63e347b4-d323-376e-a1b1-2739c9a80c3a,4ec70dea-528c-4426-a240-722295c916b1,nycmesh-1340-north2,9a29cd98-823b-47e2-bbba-6e7f1182aa56,nycmesh-lbe-254,40.685988,-73.917573,,12.93,40.696,-73.9398,23.0,5.0,2210.0,5745.0,MHz,-44.0,-61.0,ap-ptmp-airmax-mixed
2026-01-07T19:37:44,5949ca17-7037-406c-a276-8db9228d762c_f4b77ab9-bc6c-4d11-87b4-ba6efe5720e7,63e8156d-22d6-370b-8e47-bf62d675ab9a,5949ca17-7037-406c-a276-8db9228d762c,nycmesh-1340-west1,f4b77ab9-bc6c-4d11-87b4-ba6efe5720e7,nycmesh-lbe-1893,40.686117,-73.917818,,12.93,40.685823,-73.917272,,25.01,1.0,5710.0,MHz,-62.0,-63.0,ap-ptmp-airmax-mixed
2026-01-07T19:37:44,7ee45009-6bc2-4a26-9b83-a3b07c70a3f6_dc80c209-8c65-4ebc-985b-8e326f75afd9,63ecb84a-f88e-3030-af6f-d80ce4c8893c,7ee45009-6bc2-4a26-9b83-a3b07c70a3f6,nycmesh-1934-olt-131-460,dc80c209-8c65-4ebc-985b-8e326f75afd9,131-23F,40.716142,-73.98448,14.0,10.0,40.716364,-73.985193,-3492.0,5.0,64.96443791683336,,,4.0,-15.0,
2026-01-07T19:37:44,bd940043-fefd-42eb-8f9a-0f63cd428035_b54ceb39-c146-4cd4-8a65-3352c8c50b00,640ae9f7-3c65-3bef-a45e-37108cee2ef7,bd940043-fefd-42eb-8f9a-0f63cd428035,nycmesh-731-north,b54ceb39-c146-4cd4-8a65-3352c8c50b00,nycmesh-lbe-141,40.724676,-73.98073,,8.0,40.724676,-73.98073,6.0,8.0,1.0,5770.0,MHz,-43.0,-50.0,ap-ptmp
2026-01-07T19:37:44,b57493cd-83d8-4d49-9ede-c9392cc16f47_209bbffa-f339-46e8-9190-c25927adefdc,6426d8d9-cb43-31c8-a78e-a33149fdaa9b,b57493cd-83d8-4d49-9ede-c9392cc16f47,nycmesh-5014-north,209bbffa-f339-46e8-9190-c25927adefdc,nycmesh-lbe-446,40.693819,-73.906361,,8.0,40.6938,-73.9064,,8.0,3.9082827774909727,5560.0,MHz,-57.0,-58.0,ap-ptmp-airmax-mixed
2026-01-07T19:37:44,7ee45009-6bc2-4a26-9b83-a3b07c70a3f6_cb2c8eaf-0b86-49ed-b4ba-a77a9c4d7bdf,64297700-33ce-3f55-a88e-8f085818b15b,7ee45009-6bc2-4a26-9b83-a3b07c70a3f6,nycmesh-1934-olt-131-460,cb2c8eaf-0b86-49ed-b4ba-a77a9c4d7bdf,131-16A,40.716142,-73.98448,14.0,10.0,40.716364,-73.985193,-3492.0,5.0,64.96443791683336,,,4.0,-14.0,
2026-01-07T19:37:44,32fc0d5a-0857-44c4-b376-e13617ebeeca_05f2db66-0296-46cf-b88b-e72efd9c32bd,6440aaa5-ad39-3590-9bab-731fa26afea3,32fc0d5a-0857-44c4-b376-e13617ebeeca,nycmesh-5151-south,05f2db66-0296-46cf-b88b-e72efd9c32bd,nycmesh-lbe-857,40.67543,-73.98058,,22.0,40.6754,-73.9806,20.0,5.0,2.0,5490.0,MHz,-58.0,-58.0,ap-ptmp-airmax-mixed
2026-01-07T19:37:44,7bb038a4-609b-4094-a25d-7f4acea6d50e_ed6780df-4974-4de3-847c-49dbeec8a4c0,645867cb-7d5f-3cdf-a8d1-b175cc609724,7bb038a4-609b-4094-a25d-7f4acea6d50e,nycmesh-2090-lbe-2463,ed6780df-4974-4de3-847c-49dbeec8a4c0,nycmesh-2463-lbe-2090,40.725618,-73.954074,,8.0,40.719898,-73.988024,11.0,8.0,2930.876268069924,5560.0,MHz,-61.0,-60.0,sta-ptp
2026-01-07T19:37:44,4a73f309-0e18-4806-b23a-ca38a07f3fca_6b1f1127-7c3f-4fb7-a101-0160106fbb8b,6468771f-896a-4b51-8041-852b056eee8e,4a73f309-0e18-4806-b23a-ca38a07f3fca,nycmesh-5712-gbep-632,6b1f1127-7c3f-4fb7-a101-0160106fbb8b,nycmesh-5712-core,40.73676,-73.95441,6.0,0.0,40.736737,-73.954676,6.0,20.0,22.557059290721895,,,-62.0,-55.0,sta-ptp
2026-01-07T19:37:44,a57ddde1-6fff-463a-bbee-cbe90258daa6_399d56e7-4174-4884-a8b8-ad1c325ede54,64c063a9-1e80-3f75-bfa4-57306c311019,a57ddde1-6fff-463a-bbee-cbe90258daa6,nycmesh-1932-olt-410,399d56e7-4174-4884-a8b8-ad1c325ede54,410-07C,40.716098,-73.985997,14.0,100.32,40.716338,-73.986263,14.0,5.0,34.85361611376818,,,3.0,-20.0,
2026-01-07T19:37:44,21aa5ef7-4d64-44c5-943b-75634b193905_8a5ff7a3-68f8-410c-82e9-e4f931eeaf1a,64fa8687-6eaa-4d63-9726-0d71dd691d4d,21aa5ef7-4d64-44c5-943b-75634b193905,nycmesh-lbe-6872,8a5ff7a3-68f8-410c-82e9-e4f931eeaf1a,nycmesh-6872-omni,40.6458,-74.0134,5.0,5.0,40.645834959184,-74.013376102041,,5.0,4.379069457361453,,,,,sta-ptmp
2026-01-07T19:37:44,b93f2b2b-6944-48f5-b8a0-bcf7983e6a0d_ab12c2bf-2fc9-40ce-9ef7-b8b1b4d9e324,654b6638-44c6-4d51-af31-21eb63933026,b93f2b2b-6944-48f5-b8a0-bcf7983e6a0d,nycmesh-1635-af60lr-162,ab12c2bf-2fc9-40ce-9ef7-b8b1b4d9e324,nycmesh-1635-eps16,40.667634,-73.982433,33.0,54.0,40.667569,-73.98239,33.0,10.0,8.086539035997674,,,-32.0,-33.0,sta-ptp
2026-01-07T19:37:44,e4b7cad6-938a-4cd1-bafa-d684d6a08471_3d8aa828-0fd2-49c4-bcc3-ac31fe45e2c4,655b5f44-a920-3e1d-b09d-ad5914337ff0,e4b7cad6-938a-4cd1-bafa-d684d6a08471,nycmesh-3461-waveapmicro-north,3d8aa828-0fd2-49c4-bcc3-ac31fe45e2c4,nycmesh-7986-wavepico,40.672686,-73.963954,,96.5,40.672777,-73.952881,,5.0,933.8983966464816,64800.0,MHz,-63.0,-65.0,ap-ptmp
2026-01-07T19:37:44,64bd08e0-9c3f-4d2c-b955-23f45f5a0cb4_bddea42f-7f66-47b1-be0c-38aaae7de9e0,657c51a3-7679-460a-aba0-d6077eddc36a,64bd08e0-9c3f-4d2c-b955-23f45f5a0cb4,nycmesh-1167-omni,bddea42f-7f66-47b1-be0c-38aaae7de9e0,nycmesh-1167-gbep-1084,40.727553,-73.946045,4.0,10.0,40.727553,-73.946045,4.0,0.0,222.0,,,-60.0,-62.0,sta-ptp
2026-01-07T19:37:44,7ee45009-6bc2-4a26-9b83-a3b07c70a3f6_085bb077-2799-4ea7-8a31-4449c1d8356a,65c8ada7-0db4-3c9b-9860-95f81fff4ea0,7ee45009-6bc2-4a26-9b83-a3b07c70a3f6,nycmesh-1934-olt-131-460,085bb077-2799-4ea7-8a31-4449c1d8356a,131-08H,40.716142,-73.98448,14.0,10.0,40.716364,-73.985193,-3492.0,5.0,64.96443791683336,,,1.0,-25.0,
2026-01-07T19:37:44,4fb5de28-719b-4d4c-8efd-9246e4d99758_b29ab384-7349-482f-be1d-c31848d85c53,65c99169-8572-304e-9025-91bc7b2ea3b5,4fb5de28-719b-4d4c-8efd-9246e4d99758,nycmesh-2274-northwest,b29ab384-7349-482f-be1d-c31848d85c53,nycmesh-lbe-797,40.72579,-73.98355,,8.0,40.7257,-73.9836,7.0,8.0,10.858347362317243,5710.0,MHz,-55.0,-59.0,ap-ptmp-airmax-mixed
2026-01-07T19:37:44,8b8314b8-d05f-4726-a3ba-a52b14f4fbd2_c661fb92-4219-45d3-989f-8ce9f4d2f0b7,65f479dd-e100-4baa-8216-9db401d2fa76,8b8314b8-d05f-4726-a3ba-a52b14f4fbd2,nycmesh-219-netpower16p,c661fb92-4219-45d3-989f-8ce9f4d2f0b7,nycmesh-219-west,40.674366,-73.940284,,10.0,40.67441,-73.94024,,10.0,6.140543725105119,,,,,ap-ptmp-airmax-mixed
2026-01-07T19:37:44,22f8a4e5-891d-48b9-a3b2-9808f9c3b977_ed327575-05f2-468d-882b-42fdc52649d1,6680e599-b077-3c9e-a5a1-7df708b98e38,22f8a4e5-891d-48b9-a3b2-9808f9c3b977,nycmesh-3461-northeast,ed327575-05f2-468d-882b-42fdc52649d1,nycmesh-lbe-3301,40.672685,-73.96386,,60.95,40.6725,-73.9642,,5.0,35.28977579122606,5560.0,MHz,-65.0,-65.0,ap-ptmp-airmax-mixed
2026-01-07T19:37:44,892ab773-a541-4d70-a7d3-5db85e0b87b2_47f1fd50-2cb2-4d1c-8007-8bad28abaa73,668e1f86-e0bf-4769-a69e-fa4fb756be8b,892ab773-a541-4d70-a7d3-5db85e0b87b2,nycmesh-552-core,47f1fd50-2cb2-4d1c-8007-8bad28abaa73,nycmesh-552-7r-561-DE,40.649506,-74.003566,,30.0,40.649506,-74.003566,,30.0,0.0,,,,,
2026-01-07T19:37:44,3e851429-ccde-4c56-a1b7-019e49194141_c06413ed-e659-4081-b30d-d3b153f68924,66ec6fb0-78c6-3c8d-a8d5-2bcdcecfedd5,3e851429-ccde-4c56-a1b7-019e49194141,nycmesh-227-ps5ac-northeast2,c06413ed-e659-4081-b30d-d3b153f68924,nycmesh-lbe-249,40.711065,-74.001308,,158.0,40.712006,-73.996345,10.0,8.0,1.0,5820.0,MHz,-58.0,-41.0,ap-ptmp-airmax-mixed
2026-01-07T19:37:44,18daa645-2eb1-4110-8b77-789e2fee28df_2f157d40-1c46-42e6-a03e-dadf11a6b48a,66f6ee81-c79a-3a45-bd86-32c142661fce,18daa645-2eb1-4110-8b77-789e2fee28df,nycmesh-lbe-265,2f157d40-1c46-42e6-a03e-dadf11a6b48a,nycmesh-3606-south,40.70538,-73.930575,8.0,24.0,40.708452,-73.921893,8.0,30.0,807.6191060502712,5785.0,MHz,-63.0,-61.0,sta-ptmp
2026-01-07T19:37:44,7ee45009-6bc2-4a26-9b83-a3b07c70a3f6_29d48b83-e049-4041-812d-5236e8a2cfb3,67356e3f-3c11-3688-af29-8b72d9686003,7ee45009-6bc2-4a26-9b83-a3b07c70a3f6,nycmesh-1934-olt-131-460,29d48b83-e049-4041-812d-5236e8a2cfb3,131-21H,40.716142,-73.98448,14.0,10.0,40.716364,-73.985193,-3492.0,5.0,64.96443791683336,,,4.0,-19.0,
2026-01-07T19:37:44,b57493cd-83d8-4d49-9ede-c9392cc16f47_9ef1bbc4-3d4f-4079-8240-089be8bc5c3e,6798b070-00d9-397e-9923-79dd7d019fbf,b57493cd-83d8-4d49-9ede-c9392cc16f47,nycmesh-5014-north,9ef1bbc4-3d4f-4079-8240-089be8bc5c3e,nycmesh-lbe-186,40.693819,-73.906361,,8.0,40.6938191,-73.9063608,,8.0,0.020198023307997186,5560.0,MHz,-74.0,-76.0,ap-ptmp-airmax-mixed
2026-01-07T19:37:44,7ee45009-6bc2-4a26-9b83-a3b07c70a3f6_462a9bab-49e4-4d43-bcbf-ee833b789103,67a70741-b212-3fc8-8125-33c28961cada,7ee45009-6bc2-4a26-9b83-a3b07c70a3f6,nycmesh-1934-olt-131-460,462a9bab-49e4-4d43-bcbf-ee833b789103,131-09A,40.716142,-73.98448,14.0,10.0,40.716364,-73.985193,-3492.0,5.0,64.96443791683336,,,,,
2026-01-07T19:37:44,4a6f43ed-ac8b-41c6-867b-e893d9737c31_3d33817c-00f2-4683-b57b-18ffb1e5d362,67b6e8c4-19d3-3d8d-a0b4-9d1a67e4acfe,4a6f43ed-ac8b-41c6-867b-e893d9737c31,nycmesh-1936-olt-xgs-165,3d33817c-00f2-4683-b57b-18ffb1e5d362,1936-11N,40.716797,-73.985577,,10.0,40.716797,-73.985577,,5.0,0.0,,,4.0,-16.0,
2026-01-07T19:37:44,875e2e0e-b9fe-4a6b-bb8a-00182497ae1f_578dbe55-1857-4d2f-ba63-ed622981a100,67ba853c-35da-38ea-94a7-68dda5a65b40,875e2e0e-b9fe-4a6b-bb8a-00182497ae1f,nycmesh-5916-waveap-south,578dbe55-1857-4d2f-ba63-ed622981a100,nycmesh-3607-af60lr,40.696113,-73.939843,,90.0,40.682834,-73.945901,,33.2,1563.0,66960.0,MHz,-59.0,-53.0,ap-ptmp
2026-01-07T19:37:44,36ab65ef-c7bc-489b-b728-3cc865ab5a23_05b5d18e-beff-4b24-a54f-08a94bc24d55,67e1f05c-8bab-333f-82e7-5c8be09fa826,36ab65ef-c7bc-489b-b728-3cc865ab5a23,nycmesh-lbe-158,05b5d18e-beff-4b24-a54f-08a94bc24d55,nycmesh-158-epr6,40.691635,-73.924396,23.0,10.0,40.691659,-73.924413,,10.0,3.0292190317466003,,,-63.0,-59.0,sta-ptmp
2026-01-07T19:37:44,c82bb62b-ddf2-4011-8556-12b170f43ef2_282f689f-4ad3-4111-a529-dcb3e6084c82,67e9face-512d-390c-aeff-47eb208ea627,c82bb62b-ddf2-4011-8556-12b170f43ef2,nycmesh-1340-west,282f689f-4ad3-4111-a529-dcb3e6084c82,nycmesh-lbe-165,40.686016,-73.917493,,53.3,40.685823,-73.917272,,25.01,1.0,5560.0,MHz,-63.0,-64.0,ap-ptmp-airmax-mixed
2026-01-07T19:37:44,162669d1-3320-4119-81eb-7f8aed0c1664_a3e126fb-591f-44b0-9c89-e75bdcf7aa91,67ee739e-95b6-43ec-b31e-dbff9afd6b27,162669d1-3320-4119-81eb-7f8aed0c1664,nycmesh-640-omni,a3e126fb-591f-44b0-9c89-e75bdcf7aa91,nycmesh-640-lbe-641,40.798844,-73.938739,,10.0,40.798844,-73.938739,,10.0,0.0,,,-52.0,-44.0,ap-ptp
2026-01-07T19:37:44,72a884e4-54cb-460d-a754-69797cc2ac7b_1841032a-5f1d-42fb-ae92-8c6ed6012d80,67fdc6f1-39b3-4fe2-a840-6b729bbb6c1e,72a884e4-54cb-460d-a754-69797cc2ac7b,nycmesh-333-core,1841032a-5f1d-42fb-ae92-8c6ed6012d80,nycmesh-333-sw02,40.647385,-74.013668,,10.0,40.647385,-74.013668,,10.0,0.0,,,,,
2026-01-07T19:37:44,c4095443-47b1-44f2-bc54-bc1a9b041ea2_ffe7f58b-605b-4974-9786-d8dd72f66034,681a7f9e-1414-3d47-8407-4ea63752f029,c4095443-47b1-44f2-bc54-bc1a9b041ea2,nycmesh-3461-north,ffe7f58b-605b-4974-9786-d8dd72f66034,nycmesh-lbe-732,40.672531,-73.964197,,60.95,40.672531,-73.964197,,5.0,0.0,5310.0,MHz,-69.0,-69.0,ap-ptmp-airmax-mixed
2026-01-07T19:37:44,57f729bf-1736-4871-bff6-1c20c280b4bc_bf20021e-d27b-4be8-b467-b98a751c8784,6840b060-91e5-4c41-83ac-ed3b06719129,57f729bf-1736-4871-bff6-1c20c280b4bc,nycmesh-3959-core,bf20021e-d27b-4be8-b467-b98a751c8784,nycmesh-3959-eps16-south,40.841612,-73.941817,,10.0,40.841612,-73.941817,,10.0,0.0,,,,,
2026-01-07T19:37:44,6b1f1127-7c3f-4fb7-a101-0160106fbb8b_81d53085-8fff-425a-922c-e19beda99166,6846bcb3-a7e0-4078-90ae-c4be81693b80,6b1f1127-7c3f-4fb7-a101-0160106fbb8b,nycmesh-5712-core,81d53085-8fff-425a-922c-e19beda99166,nycmesh-5712-gbep-115,40.736737,-73.954676,6.0,20.0,40.73676,-73.95441,4.0,0.0,22.557059290721895,,,-57.0,-58.0,ap-ptp
2026-01-07T19:37:44,06617725-87b2-45e8-8962-30497e654509_8216ad90-c988-4689-b0b0-b818220e75ec,684ab45a-7287-3744-b8a8-1a4c4d6213d9,06617725-87b2-45e8-8962-30497e654509,nycmesh-730-olt-xgs,8216ad90-c988-4689-b0b0-b818220e75ec,730-05B,40.844422,-73.893677,,69.000015,40.844422,-73.893677,,5.0,0.0,,,5.0,-16.0,
2026-01-07T19:37:44,12010c8c-9f46-4e45-81e4-62d7090fbcd5_0d5b61cd-7b10-4c93-8a23-0ed7be478b99,684d6441-13e4-3124-8bf7-74bb4f30886c,12010c8c-9f46-4e45-81e4-62d7090fbcd5,nycmesh-1340-east,0d5b61cd-7b10-4c93-8a23-0ed7be478b99,nycmesh-lbe-313,40.686016,-73.917493,,53.3,40.685823,-73.917272,,25.01,1.0,5560.0,MHz,-60.0,-60.0,ap-ptmp-airmax-mixed
2026-01-07T19:37:44,7ee45009-6bc2-4a26-9b83-a3b07c70a3f6_72f57cbf-e5d3-41cd-8575-3a6679b1cc9b,6873f8f4-002a-3f7c-964d-b25c7475a639,7ee45009-6bc2-4a26-9b83-a3b07c70a3f6,nycmesh-1934-olt-131-460,72f57cbf-e5d3-41cd-8575-3a6679b1cc9b,131-18A,40.716142,-73.98448,14.0,10.0,40.716364,-73.985193,-3492.0,5.0,64.96443791683336,,,,,
2026-01-07T19:37:44,3c96b24f-f092-4c9b-871e-ff0da4fc8df0_7212f969-078e-4ef9-a328-ad943429c1df,6883e81a-7ca9-42b9-8514-dcd88e12b035,3c96b24f-f092-4c9b-871e-ff0da4fc8df0,nycmesh-1167-wavelr ,7212f969-078e-4ef9-a328-ad943429c1df,nycmesh-1167-netpower16p,40.727485,-73.946144,4.0,24.6,40.727553,-73.946045,4.0,10.0,11.259079703307995,,,-65.0,-65.0,sta-ptmp
2026-01-07T19:37:44,3eca7ce2-adfe-475a-bc35-aea56658ef4d_bd8a0e3b-3ce6-4bc0-8245-2acb4436c65a,6894aac5-47a5-4d64-bbe2-a9e02a0b93a9,3eca7ce2-adfe-475a-bc35-aea56658ef4d,nycmesh-4126-core-60gx3,bd8a0e3b-3ce6-4bc0-8245-2acb4436c65a,nycmesh-7325-lhg60-core,40.692245,-73.954483,,10.0,40.692244,-73.954483,,5.0,0.11119492636381853,,,,,
2026-01-07T19:37:44,2f157d40-1c46-42e6-a03e-dadf11a6b48a_379ac842-82f3-4e94-ab64-bda396adb7c1,68b56459-56c1-3645-8698-08af1ce484c7,2f157d40-1c46-42e6-a03e-dadf11a6b48a,nycmesh-3606-south,379ac842-82f3-4e94-ab64-bda396adb7c1,nycmesh-lbe-696,40.708452,-73.921893,8.0,30.0,40.704762,-73.923978,8.0,5.0,1.0,5785.0,MHz,-54.0,-54.0,ap-ptmp
2026-01-07T19:37:44,7bfb4d7a-a78e-4620-a084-4d420a9d8c51_83c3f3c7-d69b-4306-a952-a64f3cf79347,68e5b356-f5af-3ae5-8ba8-ea45cec4db69,7bfb4d7a-a78e-4620-a084-4d420a9d8c51,nycmesh-5916-south2,83c3f3c7-d69b-4306-a952-a64f3cf79347,nycmesh-lbe-512,40.696048,-73.939788,,67.46,40.696,-73.9398,23.0,5.0,1.0,5550.0,MHz,-72.0,-66.0,ap-ptmp-airmax-mixed
2026-01-07T19:37:44,7ee45009-6bc2-4a26-9b83-a3b07c70a3f6_75d28cae-22ed-4b23-97ec-7077615622b6,68ffb636-2470-3a43-938c-11f75f6a6f10,7ee45009-6bc2-4a26-9b83-a3b07c70a3f6,nycmesh-1934-olt-131-460,75d28cae-22ed-4b23-97ec-7077615622b6,460-04E,40.716142,-73.98448,14.0,10.0,40.715645,-73.984543,13.0,5.0,55.51836572683728,,,2.0,-17.0,
2026-01-07T19:37:44,c6e5cad9-95d0-4440-86ce-65437fede532_6a547d1e-ca62-4b45-8082-4d690cded66a,6959fcf8-a349-30f9-b1a6-4b11aff9605c,c6e5cad9-95d0-4440-86ce-65437fede532,nycmesh-sn3-north,6a547d1e-ca62-4b45-8082-4d690cded66a,nycmesh-lbe-7925,40.6579,-74.0049,,45.32,40.6566,-73.9993,5.0,5.0,1.0,5560.0,MHz,-58.0,-58.0,ap-ptmp-airmax-mixed
2026-01-07T19:37:44,c2375c5f-f25d-4c98-ba5a-efb0e1afe191_6ff7b194-f3d4-4e15-95cc-98f504c20c00,69747b8d-a8cc-3f32-8ff0-9705c53357c2,c2375c5f-f25d-4c98-ba5a-efb0e1afe191,nycmesh-1417-east,6ff7b194-f3d4-4e15-95cc-98f504c20c00,nycmesh-lbe-644,40.713698,-73.935514,7.0,14.0,40.7136,-73.9356,7.0,8.0,2.0,5570.0,MHz,-60.0,-61.0,ap-ptmp
2026-01-07T19:37:44,7ee45009-6bc2-4a26-9b83-a3b07c70a3f6_38062124-597e-4883-9e1b-2b893540028a,697499e8-0fd5-37ac-bdb8-9d37ab509fa7,7ee45009-6bc2-4a26-9b83-a3b07c70a3f6,nycmesh-1934-olt-131-460,38062124-597e-4883-9e1b-2b893540028a,131-22A,40.716142,-73.98448,14.0,10.0,40.716098,-73.985997,-3492.0,5.0,127.94677523749921,,,1.0,-15.0,
2026-01-07T19:37:44,22f334b8-3d19-4194-8106-fb82b7fca976_9b0fa4e6-eba2-45b5-b31c-1d0973500371,697ec75c-6f5f-33c2-a450-82d1a1adfb0b,22f334b8-3d19-4194-8106-fb82b7fca976,nycmesh-1932-north,9b0fa4e6-eba2-45b5-b31c-1d0973500371,nycmesh-lbe-6004,40.716098,-73.985997,14.0,100.32,40.7211,-73.9835,,10.0,591.0,5490.0,MHz,-57.0,-59.0,ap-ptmp-airmax-mixed
2026-01-07T19:37:44,82094c68-d2cf-4d01-b38b-897ff93940f4_0740f971-94d8-4a8f-b5bc-0c612854bbad,69be5acc-9dba-34b0-8a90-1d81dc9067e4,82094c68-d2cf-4d01-b38b-897ff93940f4,nycmesh-584-olt-xgs,0740f971-94d8-4a8f-b5bc-0c612854bbad,584-East-15F-1G-JoEllen,40.79355,-73.965641,,10.0,40.79355,-73.965641,,10.0,0.0,,,4.0,-16.0,
2026-01-07T19:37:44,06617725-87b2-45e8-8962-30497e654509_ef023b3c-d9c0-4d96-8973-5ef5eb29097b,69fe0fc4-2b5c-36c4-9207-9dd757a88c3a,06617725-87b2-45e8-8962-30497e654509,nycmesh-730-olt-xgs,ef023b3c-d9c0-4d96-8973-5ef5eb29097b,730-04P,40.844422,-73.893677,,69.000015,40.844422,-73.893677,,5.0,0.0,,,4.0,-16.0,
2026-01-07T19:37:44,570d9956-6b04-47c7-a961-8988160d5ffc_67c600e1-20de-4d70-88c4-04948195d890,69ffd555-e9bd-4392-b5cf-98d576f94a29,570d9956-6b04-47c7-a961-8988160d5ffc,nycmesh-649-omni,67c600e1-20de-4d70-88c4-04948195d890,nycmesh-649-west,40.660151,-73.940068,,10.0,40.660151,-73.940068,,10.0,0.0,,,-54.0,-46.0,ap-ptmp-airmax-mixed
2026-01-07T19:37:44,b37a362b-665e-4c32-bfac-ea334365c602_06617725-87b2-45e8-8962-30497e654509,6a1c8c87-fc28-4cd3-81ca-d18095da7c6e,b37a362b-665e-4c32-bfac-ea334365c602,nycmesh-730-core,06617725-87b2-45e8-8962-30497e654509,nycmesh-730-olt-xgs,40.844422,-73.893677,,69.000015,40.844422,-73.893677,,69.000015,0.0,,,,,
2026-01-07T19:37:44,82094c68-d2cf-4d01-b38b-897ff93940f4_1c3ef32e-7505-4b04-8240-c967ef202a44,6a3566a9-15f4-33d3-848b-7fdf8ada670a,82094c68-d2cf-4d01-b38b-897ff93940f4,nycmesh-584-olt-xgs,1c3ef32e-7505-4b04-8240-c967ef202a44,584-East-12D-1G-Carol,40.79355,-73.965641,,10.0,40.79355,-73.965641,,5.0,0.0,,,4.0,-13.0,
2026-01-07T19:37:44,ddcb391e-dea9-4638-91ff-a60c5a653e7b_6bdaa816-ebe8-4ca7-bd84-412859705b80,6a4f0473-01da-409a-8bfd-0fff4adb3a5e,ddcb391e-dea9-4638-91ff-a60c5a653e7b,nycmesh-1971-omni,6bdaa816-ebe8-4ca7-bd84-412859705b80,nycmesh-1971-southwest,40.712811,-73.994744,10.0,30.0,40.712811,-73.994744,10.0,30.0,0.0,,,,,ap-ptmp-airmax-ac
2026-01-07T19:37:44,5949ca17-7037-406c-a276-8db9228d762c_ea81e31b-ae78-46b3-9e25-a1b766f80039,6a85e930-196b-375c-b013-461cf7306283,5949ca17-7037-406c-a276-8db9228d762c,nycmesh-1340-west1,ea81e31b-ae78-46b3-9e25-a1b766f80039,nycmesh-lbe-357,40.686117,-73.917818,,12.93,40.696,-73.9398,23.0,25.01,1.0,5710.0,MHz,-62.0,-64.0,ap-ptmp-airmax-mixed
2026-01-07T19:37:44,601385ad-bf3b-43e9-aef0-dc159eb8c34c_f1f58278-a89d-4406-9c39-180368c3a677,6ae75574-38a8-3555-8692-f05d8129da8d,601385ad-bf3b-43e9-aef0-dc159eb8c34c,nycmesh-898-eps16,f1f58278-a89d-4406-9c39-180368c3a677,nycmesh-898-east,40.830454,-73.941171,41.0,10.0,40.830366,-73.940694,,10.0,41.308292191596145,,,,,ap-ptmp-airmax-mixed
2026-01-07T19:37:44,3e851429-ccde-4c56-a1b7-019e49194141_2c47ff14-3c26-44db-899a-840d82580286,6b10d7f7-7ba7-31d2-92be-7387de9e3152,3e851429-ccde-4c56-a1b7-019e49194141,nycmesh-227-ps5ac-northeast2,2c47ff14-3c26-44db-899a-840d82580286,nycmesh-lbe-283,40.711065,-74.001308,,158.0,40.712543,-73.994269,10.0,8.0,1.0,5820.0,MHz,-58.0,-42.0,ap-ptmp-airmax-mixed
2026-01-07T19:37:44,892ab773-a541-4d70-a7d3-5db85e0b87b2_ad2eb9af-4430-461d-93ae-96b040216b49,6bb00072-c6ef-4a31-be1d-ece23c6fcf99,892ab773-a541-4d70-a7d3-5db85e0b87b2,nycmesh-552-core,ad2eb9af-4430-461d-93ae-96b040216b49,nycmesh-552-7r-549-C,40.649506,-74.003566,,30.0,40.649506,-74.003566,,30.0,0.0,,,,,
2026-01-07T19:37:44,82094c68-d2cf-4d01-b38b-897ff93940f4_55ac4517-195a-44ac-8ebe-bdc75b78927a,6bd2e1ed-aa4f-3921-a0b6-fb86d2a24936,82094c68-d2cf-4d01-b38b-897ff93940f4,nycmesh-584-olt-xgs,55ac4517-195a-44ac-8ebe-bdc75b78927a,584-East-17J-10G-Russell,40.79355,-73.965641,,10.0,40.79355,-73.965641,,5.0,0.0,,,5.0,-18.0,
2026-01-07T19:37:44,e5745307-6609-4044-8256-fcf0adfa43e7_217a03ec-2570-474c-b7b9-a76b3e1e7ae3,6bd660d7-32bb-400f-8bb3-30197b8778ee,e5745307-6609-4044-8256-fcf0adfa43e7,nycmesh-sn3-vpn1 (WG),217a03ec-2570-474c-b7b9-a76b3e1e7ae3,nycmesh-640-vpn,40.657782,-74.004848,,45.32,40.798844,-73.938739,,10.0,16645.220418574332,,,,,
2026-01-07T19:37:44,d14a79df-ca26-408f-8dc8-4a73585d167a_3ca4c4bd-47da-4edd-8aa6-a1ea9fdc73bb,6c1e22f9-cf13-3e36-bd09-57d2c024a895,d14a79df-ca26-408f-8dc8-4a73585d167a,nycmesh-3461-southeast,3ca4c4bd-47da-4edd-8aa6-a1ea9fdc73bb,nycmesh-lbe-4730,40.672531,-73.964197,,60.95,40.6725,-73.9642,,5.0,3.4563153488510543,5710.0,MHz,-65.0,-67.0,ap-ptmp-airmax-mixed
2026-01-07T19:37:44,f0fd1504-684f-467e-8115-ac44b46fc24a_7ff31813-0a6d-4bfd-81df-7386cde7bd4c,6c2e29f3-baf0-437d-9e37-f088d7d77ccc,f0fd1504-684f-467e-8115-ac44b46fc24a,nycmesh-1340-eps16,7ff31813-0a6d-4bfd-81df-7386cde7bd4c,nycmesh-1340-north,40.685823,-73.917272,,12.93,40.686016,-73.917493,,12.93,28.421800681481212,,,,,ap-ptmp-airmax-mixed
2026-01-07T19:37:44,f63b59b2-108b-4ea4-986c-e99cee692d7e_0c2e41b9-9aa1-47c5-af1e-2c9462063ec7,6c4286ff-2dfa-3e6f-adcb-f475e49d2e63,f63b59b2-108b-4ea4-986c-e99cee692d7e,nycmesh-231-east,0c2e41b9-9aa1-47c5-af1e-2c9462063ec7,nycmesh-lbe-557,40.645933,-74.013631,,10.0,40.6458,-74.0134,,5.0,24.465163153067557,5540.0,MHz,0.0,-49.0,ap-ptmp-airmax-mixed
2026-01-07T19:37:44,b9c2b771-359e-48c3-8f58-f02ed9f66afe_01e49540-17f2-410f-a685-44eec4a359d6,6c45612d-dda4-3776-a937-561185753142,b9c2b771-359e-48c3-8f58-f02ed9f66afe,nycmesh-2463-northeast,01e49540-17f2-410f-a685-44eec4a359d6,nycmesh-nbe-2590,40.719898,-73.988024,11.0,8.0,40.7207,-73.986,,5.0,2.0,5770.0,MHz,-74.0,-50.0,ap-ptmp-airmax-ac
2026-01-07T19:37:44,06617725-87b2-45e8-8962-30497e654509_a74e64fc-aeeb-4486-87f3-1fe35f9a203e,6c616dd0-3823-33e6-97bd-d72173faa130,06617725-87b2-45e8-8962-30497e654509,nycmesh-730-olt-xgs,a74e64fc-aeeb-4486-87f3-1fe35f9a203e,730-02E,40.844422,-73.893677,,69.000015,40.844422,-73.893677,,5.0,0.0,,,4.0,-15.0,
2026-01-07T19:37:44,4a6f43ed-ac8b-41c6-867b-e893d9737c31_00fb4332-0409-4adc-921e-550246bf2d94,6c9cf0b9-808a-384b-ad28-e3f4867e7e72,4a6f43ed-ac8b-41c6-867b-e893d9737c31,nycmesh-1936-olt-xgs-165,00fb4332-0409-4adc-921e-550246bf2d94,1936-06O,40.716797,-73.985577,,10.0,40.716797,-73.985577,,5.0,0.0,,,0.0,0.0,
2026-01-07T19:37:44,7bfb4d7a-a78e-4620-a084-4d420a9d8c51_ec5afc30-6da1-4ac6-bc37-c20dac53d46d,6cbbe296-c2ee-350e-99e6-f72b8e1c5bf4,7bfb4d7a-a78e-4620-a084-4d420a9d8c51,nycmesh-5916-south2,ec5afc30-6da1-4ac6-bc37-c20dac53d46d,nycmesh-lbe-7325,40.696048,-73.939788,,67.46,40.689,-73.952,23.0,5.0,1310.0,5550.0,MHz,-63.0,-56.0,ap-ptmp-airmax-mixed
2026-01-07T19:37:44,3e851429-ccde-4c56-a1b7-019e49194141_87466a5c-721f-4a9d-832b-7e3178500cb9,6d4d6fba-d7ba-3c11-a5ca-25d6e97079fd,3e851429-ccde-4c56-a1b7-019e49194141,nycmesh-227-ps5ac-northeast2,87466a5c-721f-4a9d-832b-7e3178500cb9,nycmesh-lbe-2350,40.711065,-74.001308,,158.0,40.712503,-73.996819,10.0,8.0,1.0,5820.0,MHz,-57.0,-41.0,ap-ptmp-airmax-mixed
2026-01-07T19:37:44,7ee45009-6bc2-4a26-9b83-a3b07c70a3f6_b32ee0e0-5f1b-47ee-82b2-6ad1289078c1,6d69fc74-59e2-3362-b593-878926fbc66a,7ee45009-6bc2-4a26-9b83-a3b07c70a3f6,nycmesh-1934-olt-131-460,b32ee0e0-5f1b-47ee-82b2-6ad1289078c1,460-13E,40.716142,-73.98448,14.0,10.0,40.715526,-73.984399,13.0,5.0,68.8354308742578,,,2.0,-26.0,
2026-01-07T19:37:44,7ee45009-6bc2-4a26-9b83-a3b07c70a3f6_ffb83f9a-d8d6-4154-80b5-db06e3812c1c,6d8c6ad7-f7de-3741-ade9-3e8f16a6aaec,7ee45009-6bc2-4a26-9b83-a3b07c70a3f6,nycmesh-1934-olt-131-460,ffb83f9a-d8d6-4154-80b5-db06e3812c1c,131-26E,40.716142,-73.98448,14.0,10.0,40.716364,-73.985193,-3492.0,5.0,64.96443791683336,,,4.0,-26.0,
2026-01-07T19:37:44,7ee45009-6bc2-4a26-9b83-a3b07c70a3f6_12a0e74a-6ac1-41a7-a32b-8143bc8b4af4,6dec80de-8558-3586-b0b7-eb947ee0093a,7ee45009-6bc2-4a26-9b83-a3b07c70a3f6,nycmesh-1934-olt-131-460,12a0e74a-6ac1-41a7-a32b-8143bc8b4af4,131-22F,40.716142,-73.98448,14.0,10.0,40.716364,-73.985193,-3492.0,5.0,64.96443791683336,,,3.0,-16.0,
2026-01-07T19:37:44,6b1f1127-7c3f-4fb7-a101-0160106fbb8b_c5fcf332-2915-4797-a4fb-aba6ad6e5993,6df8526e-16bc-498a-a26f-4e7f3d9dd832,6b1f1127-7c3f-4fb7-a101-0160106fbb8b,nycmesh-5712-core,c5fcf332-2915-4797-a4fb-aba6ad6e5993,nycmesh-5712-omni,40.736737,-73.954676,6.0,20.0,40.736737,-73.954676,6.0,20.0,0.0,,,,,
2026-01-07T19:37:44,5ee9679b-5d5a-4277-adee-00475a81b427_4e1a7456-7e5e-45fb-add4-d0dbee8d36b8,6e3341b2-6c51-4fd9-8773-8044b36ad54c,5ee9679b-5d5a-4277-adee-00475a81b427,nycmesh-944-omni,4e1a7456-7e5e-45fb-add4-d0dbee8d36b8,nycmesh-lbe2-944,40.680215,-73.954799,,8.0,40.680283,73.954819,,8.0,3225.0,,,-69.0,-84.0,sta-ptmp
2026-01-07T19:37:44,7ee45009-6bc2-4a26-9b83-a3b07c70a3f6_b5cb1432-c31d-4658-97e0-fc0e3bdf742a,6e42a86d-62f5-368a-9fa3-93444774c72e,7ee45009-6bc2-4a26-9b83-a3b07c70a3f6,nycmesh-1934-olt-131-460,b5cb1432-c31d-4658-97e0-fc0e3bdf742a,460-09D,40.716142,-73.98448,14.0,10.0,40.715645,-73.984543,13.0,5.0,55.51836572683728,,,4.0,-30.0,
2026-01-07T19:37:44,dbb22bae-728b-4976-b11c-1945cfd36614_8b7726a8-1b93-4ecd-8504-4952f1080212,6e48a7a4-047c-484b-8213-f690a59ae6a0,dbb22bae-728b-4976-b11c-1945cfd36614,nycmesh-lbe-1350,8b7726a8-1b93-4ecd-8504-4952f1080212,nycmesh-1350-core,40.687437,-73.947464,,30.0,40.687437,-73.947464,,30.0,0.0,,,-62.0,-56.0,sta-ptmp
2026-01-07T19:37:44,3e851429-ccde-4c56-a1b7-019e49194141_256e82e6-22f5-4c2b-ab7e-79af29032232,6e715c5f-8128-35ba-959e-128e17a5fa90,3e851429-ccde-4c56-a1b7-019e49194141,nycmesh-227-ps5ac-northeast2,256e82e6-22f5-4c2b-ab7e-79af29032232,nycmesh-lbe-4334,40.711065,-74.001308,,158.0,40.712412,-73.995476,10.0,8.0,1.0,5820.0,MHz,-80.0,-62.0,ap-ptmp-airmax-mixed
2026-01-07T19:37:44,b6ed7b18-8c1e-497a-b8b7-3bab229980c4_36ab65ef-c7bc-489b-b728-3cc865ab5a23,6e94cf03-3087-3bf7-b3ac-15a7dca452ba,b6ed7b18-8c1e-497a-b8b7-3bab229980c4,nycmesh-5916-south1,36ab65ef-c7bc-489b-b728-3cc865ab5a23,nycmesh-lbe-158,40.696042,-73.939797,,67.46,40.691635,-73.924396,23.0,10.0,1382.0,5490.0,MHz,-63.0,-59.0,ap-ptmp-airmax-mixed
2026-01-07T19:37:44,8098999b-3a3c-4a40-8402-2f6d1653258c_e8f0155b-d4c3-402a-b93e-3c0d10de676b,6efd4236-b1f5-3b1c-bc33-b712cbed44bf,8098999b-3a3c-4a40-8402-2f6d1653258c,nycmesh-854-lbelr-329,e8f0155b-d4c3-402a-b93e-3c0d10de676b,nycmesh-329-lbe-854,40.7175,-73.9418,,10.0,40.7175,-73.9418,11.0,8.0,0.0,5550.0,MHz,-52.0,-53.0,sta-ptp
2026-01-07T19:37:44,c6e5cad9-95d0-4440-86ce-65437fede532_6b8748f9-2ae6-4cf8-8e95-2fc89b1d728a,6f1660f6-a119-3181-8e7a-ccf9edba965b,c6e5cad9-95d0-4440-86ce-65437fede532,nycmesh-sn3-north,6b8748f9-2ae6-4cf8-8e95-2fc89b1d728a,nycmesh-lbe-3354,40.6579,-74.0049,,45.32,40.6578,-74.0048,5.0,5.0,1.0,5560.0,MHz,-58.0,-59.0,ap-ptmp-airmax-mixed
2026-01-07T19:37:44,9239b6cd-66b2-409f-9ac1-4062154a37b2_0a45a9c2-11ce-43ad-9f9a-6e3852f80d6f,6f5f9c13-eb8c-36cb-8c0c-57ebcfdd67ef,9239b6cd-66b2-409f-9ac1-4062154a37b2,nycmesh-3959-af24-730,0a45a9c2-11ce-43ad-9f9a-6e3852f80d6f,nycmesh-3959-eps16-east,40.841663,-73.941864,,10.0,40.841612,-73.941817,,10.0,6.913124116825293,,,-68.0,-69.0,sta-ptp
2026-01-07T19:37:44,029b9158-d691-4968-a7b3-7ffbe1ae03d3_1edc7d98-d562-46f0-9226-3c58dff9230a,6f7d19d9-95be-310b-8cad-3662de116b21,029b9158-d691-4968-a7b3-7ffbe1ae03d3,nycmesh-3461-northwest,1edc7d98-d562-46f0-9226-3c58dff9230a,nycmesh-lbe-4666,40.672685,-73.96386,,60.95,40.6725,-73.9642,,5.0,35.28977579122606,5510.0,MHz,-67.0,-70.0,ap-ptmp
2026-01-07T19:37:44,217a03ec-2570-474c-b7b9-a76b3e1e7ae3_162669d1-3320-4119-81eb-7f8aed0c1664,6f9149bc-9ed4-4621-9de8-f06c67dc011b,217a03ec-2570-474c-b7b9-a76b3e1e7ae3,nycmesh-640-vpn,162669d1-3320-4119-81eb-7f8aed0c1664,nycmesh-640-omni,40.798844,-73.938739,,10.0,40.798844,-73.938739,,10.0,0.0,,,,,
2026-01-07T19:37:44,3b05b7fb-0b4b-4fb6-a925-66be1cec9aa3_b9c2b771-359e-48c3-8f58-f02ed9f66afe,6fc4a8fb-3e2b-4e7f-8da2-e5e83db22af4,3b05b7fb-0b4b-4fb6-a925-66be1cec9aa3,nycmesh-2463-eps16,b9c2b771-359e-48c3-8f58-f02ed9f66afe,nycmesh-2463-northeast,40.719898,-73.988024,11.0,8.0,40.719898,-73.988024,11.0,8.0,0.0,,,,,ap-ptmp-airmax-ac
2026-01-07T19:37:44,d1f3edec-127b-4a72-a7cb-f7b5b77e0d73_f1435367-5451-4292-b961-0ab59aab417b,6fe91435-6102-4c47-9366-c26c85992798,d1f3edec-127b-4a72-a7cb-f7b5b77e0d73,nycmesh-217-omni,f1435367-5451-4292-b961-0ab59aab417b,nycmesh-217-np7r-1,40.649808,-74.004296,,10.0,40.649808,-74.004296,,10.0,0.0,,,,,
2026-01-07T19:37:44,154c26fb-cfeb-494c-979a-dccbe0e53da0_5181ef34-f456-41d2-b3d7-971653d358a1,6ff5d79f-1f6b-479d-974a-9c7c999cda09,154c26fb-cfeb-494c-979a-dccbe0e53da0,nycmesh-4126-np16,5181ef34-f456-41d2-b3d7-971653d358a1,nycmesh-4126-wap60-northeast,40.692245,-73.954483,,10.0,40.692245,-73.954483,,10.0,0.0,,,,,
2026-01-07T19:37:44,c56f2fb9-ae2e-4632-b57b-0d50176bd320_fba883f4-b818-411e-b272-9421d46257cd,706ef780-ca30-45af-969f-7606e48a7318,c56f2fb9-ae2e-4632-b57b-0d50176bd320,nycmesh-2701-core,fba883f4-b818-411e-b272-9421d46257cd,nycmesh-2701-edgepower,40.647781,-74.000767,45.0,10.0,40.647781,-74.000767,45.0,10.0,0.0,,,,,
2026-01-07T19:37:44,7ca4cf74-d1b4-45a1-8a08-797d51351865_65dfa2e0-11b9-4406-9f5a-be7f7af187e0,70cea53d-36b9-3fe9-a64f-26f767299130,7ca4cf74-d1b4-45a1-8a08-797d51351865,nycmesh-731-east,65dfa2e0-11b9-4406-9f5a-be7f7af187e0,nycmesh-lbe-138,40.724676,-73.98073,,8.0,40.724676,-73.98073,6.0,8.0,1.0,5545.0,MHz,-56.0,-60.0,ap-ptmp-airmax-mixed
2026-01-07T19:37:44,f7e5c073-c90b-4dc5-b61d-c81570034652_752f7bd0-5a1a-4e16-965f-76205bf04cac,70dae728-c4c1-36d0-a688-0a39eca2a720,f7e5c073-c90b-4dc5-b61d-c81570034652,nycmesh-534-lbe,752f7bd0-5a1a-4e16-965f-76205bf04cac,nycmesh-534-epr6,40.713722,-73.991498,10.0,8.0,40.71088,-74.0012,10.0,8.0,876.6729253212515,,,-52.0,-50.0,sta-ptmp
2026-01-07T19:37:44,7ee45009-6bc2-4a26-9b83-a3b07c70a3f6_4f9ab8b3-5d3b-4f18-a18f-b04d0733ad53,70e66211-1a48-303d-9c96-cb8df0a6fd4a,7ee45009-6bc2-4a26-9b83-a3b07c70a3f6,nycmesh-1934-olt-131-460,4f9ab8b3-5d3b-4f18-a18f-b04d0733ad53,460-25H,40.716142,-73.98448,14.0,10.0,40.715564,-73.984569,13.0,5.0,64.70690342261612,,,,,
2026-01-07T19:37:44,96e19086-d70f-4b2f-88d8-b9580e606028_256dfc09-4916-4921-8512-2587f139d3e8,7120ed6d-28bd-46cf-9a37-b9c1c81ae41b,96e19086-d70f-4b2f-88d8-b9580e606028,nycmesh-lbe-436,256dfc09-4916-4921-8512-2587f139d3e8,nycmesh-436-omni,40.696,-73.9398,23.0,15.0,40.685934,-73.961314,,15.0,2131.4329563904553,,,-73.0,-65.0,sta-ptmp
2026-01-07T19:37:44,a57ddde1-6fff-463a-bbee-cbe90258daa6_0ce30066-b318-426d-8b25-240597c8d807,7131f5b8-976c-39f9-a55c-0c84d03bcbaf,a57ddde1-6fff-463a-bbee-cbe90258daa6,nycmesh-1932-olt-410,0ce30066-b318-426d-8b25-240597c8d807,410-07F,40.716098,-73.985997,14.0,100.32,40.716338,-73.986263,14.0,5.0,34.85361611376818,,,4.0,-21.0,
2026-01-07T19:37:44,06617725-87b2-45e8-8962-30497e654509_cfa5a817-fa1a-4cc1-a975-3a6d1f929a43,71446319-dd6b-3bff-a78c-827d201f00cc,06617725-87b2-45e8-8962-30497e654509,nycmesh-730-olt-xgs,cfa5a817-fa1a-4cc1-a975-3a6d1f929a43,730-07Q,40.844422,-73.893677,,69.000015,40.844422,-73.893677,,5.0,0.0,,,3.0,-16.0,
2026-01-07T19:37:44,c82bb62b-ddf2-4011-8556-12b170f43ef2_7a2c80bd-f196-4741-8029-26a6c4a3be5c,7147c862-1afd-3e9a-ba33-109bc449c78e,c82bb62b-ddf2-4011-8556-12b170f43ef2,nycmesh-1340-west,7a2c80bd-f196-4741-8029-26a6c4a3be5c,nycmesh-lbe-213,40.686016,-73.917493,,53.3,40.685823,-73.917272,,25.01,1.0,5560.0,MHz,-67.0,-65.0,ap-ptmp-airmax-mixed
2026-01-07T19:37:44,7ff31813-0a6d-4bfd-81df-7386cde7bd4c_3b393c1b-a2af-47b6-86a9-45e90e265969,71513b91-b52d-39d9-997e-5a4dfc689b22,7ff31813-0a6d-4bfd-81df-7386cde7bd4c,nycmesh-1340-north,3b393c1b-a2af-47b6-86a9-45e90e265969,nycmesh-lbe-4232,40.686016,-73.917493,,12.93,40.685823,-73.917272,,25.01,1.0,5490.0,MHz,-61.0,-66.0,ap-ptmp-airmax-mixed
2026-01-07T19:37:44,3ed61b69-6d26-4ffc-a321-f3a1a7a9c643_98ddde37-1641-4354-ba0b-31688ca774e1,7154b0fb-473e-4d36-9b58-6d3ed2203363,3ed61b69-6d26-4ffc-a321-f3a1a7a9c643,nycmesh-7489-epr6,98ddde37-1641-4354-ba0b-31688ca774e1,nycmesh-7489-west,40.660014,-73.913606,10.0,31.1,40.659676,-73.913529,,31.1,38.1409791683109,,,,,ap-ptmp-airmax-mixed
2026-01-07T19:37:44,04b0f9cf-9755-4370-9cfd-ef114cb301ca_3ebb2629-20a9-4f16-bdaa-4fa6413a6e88,7168beb9-2cfa-485e-b10e-873e26ecd184,04b0f9cf-9755-4370-9cfd-ef114cb301ca,nycmesh-1447-omni (switch),3ebb2629-20a9-4f16-bdaa-4fa6413a6e88,nycmesh-1447-wAP60 (core),40.659665,-73.997303,,10.0,40.659665,-73.997303,,10.0,0.0,,,,,
2026-01-07T19:37:44,cfb13d60-abb9-4d75-973b-60fa775575f0_9a293f55-02b4-4201-baaa-9ecedb334bd4,71ab258b-b03f-457a-8a0a-bc234883708e,cfb13d60-abb9-4d75-973b-60fa775575f0,nycmesh-295-netpower16p,9a293f55-02b4-4201-baaa-9ecedb334bd4,nycmesh-295-south,40.725616,-73.947094,5.0,10.0,40.72578,-73.94702,5.0,10.0,19.272682160902367,,,,,ap-ptmp
2026-01-07T19:37:44,cd86486e-7b0a-48a8-a513-87857696d900_67bcd939-6734-41e7-8845-aba2dfe120f9,71debc15-915f-4294-b5ba-1dab99031fbb,cd86486e-7b0a-48a8-a513-87857696d900,nycmesh-2701-np16-2,67bcd939-6734-41e7-8845-aba2dfe120f9,nycmesh-2701-southeast,40.647781,-74.000767,45.0,10.0,40.6478,-74.0007,45.0,10.0,6.034490405251738,,,,,ap-ptmp-airmax-mixed
2026-01-07T19:37:44,f4efb67c-1414-4abb-a8ab-1d8f06884bcf_7fbf54a9-7877-4ab5-87e9-8bf1e7bdc00c,71e671cb-3b77-4c74-be27-43059637d256,f4efb67c-1414-4abb-a8ab-1d8f06884bcf,nycmesh-1933-netpower16p,7fbf54a9-7877-4ab5-87e9-8bf1e7bdc00c,nycmesh-1933-af60lr-6925,40.715467,-73.984401,,97.0,40.715632,-73.984391,,91.0,18.36651069817564,,,-67.0,-64.0,ap-ptp
2026-01-07T19:37:44,6dfcfc62-6607-4238-a6e8-11e59af236df_b6ed7b18-8c1e-497a-b8b7-3bab229980c4,72153689-dd16-4c23-82e9-999e2577fcc5,6dfcfc62-6607-4238-a6e8-11e59af236df,nycmesh-5916-eps16,b6ed7b18-8c1e-497a-b8b7-3bab229980c4,nycmesh-5916-south1,40.696038,-73.939764,23.0,67.46,40.696042,-73.939797,,67.46,2.817417927418218,,,,,ap-ptmp-airmax-mixed
2026-01-07T19:37:44,029b9158-d691-4968-a7b3-7ffbe1ae03d3_758af3e5-c3b8-4c2d-b971-72007d585e99,72430c53-a23b-3e28-b4ea-2aa6df338930,029b9158-d691-4968-a7b3-7ffbe1ae03d3,nycmesh-3461-northwest,758af3e5-c3b8-4c2d-b971-72007d585e99,nycmesh-lbe-582,40.672685,-73.96386,,60.95,40.6725,-73.9642,,5.0,35.28977579122606,5510.0,MHz,-67.0,-85.0,ap-ptmp
2026-01-07T19:37:44,154c26fb-cfeb-494c-979a-dccbe0e53da0_9794bbca-6eb6-4a25-8f5c-d85d24707e39,72b0033c-6725-4547-b23f-129bc3d04db6,154c26fb-cfeb-494c-979a-dccbe0e53da0,nycmesh-4126-np16,9794bbca-6eb6-4a25-8f5c-d85d24707e39,nycmesh-4126-7r-1,40.692245,-73.954483,,10.0,40.692245,-73.954483,,10.0,0.0,,,,,
2026-01-07T19:37:44,a9f54d81-3413-41ec-bf67-6ddf0666fa84_a0741117-481d-4aa7-a7e3-f87661040c7f,72ebf8fb-a4ff-429a-8a9e-9a331e212f47,a9f54d81-3413-41ec-bf67-6ddf0666fa84,nycmesh-730-eps16,a0741117-481d-4aa7-a7e3-f87661040c7f,nycmesh-730-west,40.844422,-73.893677,,69.000015,40.844422,-73.893677,,69.000015,0.0,,,,,ap-ptmp-airmax-mixed
2026-01-07T19:37:44,7ee45009-6bc2-4a26-9b83-a3b07c70a3f6_7c444c71-cf1e-4d4b-b648-e08aa23599c9,72f7ca78-4523-313f-a5a7-81d58b8aa32a,7ee45009-6bc2-4a26-9b83-a3b07c70a3f6,nycmesh-1934-olt-131-460,7c444c71-cf1e-4d4b-b648-e08aa23599c9,460-24E,40.716142,-73.98448,14.0,10.0,40.715645,-73.984543,13.0,5.0,55.51836572683728,,,3.0,-24.0,
2026-01-07T19:37:44,06617725-87b2-45e8-8962-30497e654509_93cf5ff6-5624-4b09-8a47-dd8911978d9e,72fa398c-f228-3caa-b387-1a1e4abbcc0a,06617725-87b2-45e8-8962-30497e654509,nycmesh-730-olt-xgs,93cf5ff6-5624-4b09-8a47-dd8911978d9e,730-06D,40.844422,-73.893677,,69.000015,40.844422,-73.893677,,5.0,0.0,,,5.0,-16.0,
2026-01-07T19:37:44,67bcd939-6734-41e7-8845-aba2dfe120f9_b595556d-1f79-4ed7-afcf-858d2cfe3460,73169fdc-b3cb-36d9-9410-68b6537fd947,67bcd939-6734-41e7-8845-aba2dfe120f9,nycmesh-2701-southeast,b595556d-1f79-4ed7-afcf-858d2cfe3460,nycmesh-pbe-527,40.6478,-74.0007,45.0,10.0,40.635,-73.9504,,10.0,4495.0,5760.0,MHz,-76.0,-70.0,ap-ptmp-airmax-mixed
2026-01-07T19:37:44,06617725-87b2-45e8-8962-30497e654509_1a82c442-b855-4ad3-9814-218226160db4,738076d7-b8df-38bf-b6ff-0f1cf674c709,06617725-87b2-45e8-8962-30497e654509,nycmesh-730-olt-xgs,1a82c442-b855-4ad3-9814-218226160db4,730-08M 70:a7:41:3e:9c:75,40.844422,-73.893677,,69.000015,40.844422,-73.893677,,5.0,0.0,,,5.0,-18.0,
2026-01-07T19:37:44,4a6f43ed-ac8b-41c6-867b-e893d9737c31_cb90ac3e-f73f-49dd-bde8-f98e37136b4f,738fcadb-dd7d-3ec9-a72b-e0a45a700536,4a6f43ed-ac8b-41c6-867b-e893d9737c31,nycmesh-1936-olt-xgs-165,cb90ac3e-f73f-49dd-bde8-f98e37136b4f,1936-09H,40.716797,-73.985577,,10.0,40.716797,-73.985577,,5.0,0.0,,,2.0,-16.0,
2026-01-07T19:37:44,b55b1d8a-729a-4f6a-a99c-05df3a9284f4_02dab8c6-b7bd-41f6-a0f4-9f6dcbdda7d0,73b1323f-ed19-472f-a08e-4d0f04525a3b,b55b1d8a-729a-4f6a-a99c-05df3a9284f4,nycmesh-713-eps16,02dab8c6-b7bd-41f6-a0f4-9f6dcbdda7d0,nycmesh-713-waveapmicro-north,40.657782,-74.004848,,45.32,40.658103,-74.004768,,59.3,36.3258964384574,,,-57.0,-64.0,ap-ptmp
2026-01-07T19:37:44,4a6f43ed-ac8b-41c6-867b-e893d9737c31_9b9a4ed0-9e03-4776-bbf2-5e96199bd0b4,73b3fada-1afc-3316-8ae2-0ef6cd3eb54d,4a6f43ed-ac8b-41c6-867b-e893d9737c31,nycmesh-1936-olt-xgs-165,9b9a4ed0-9e03-4776-bbf2-5e96199bd0b4,1936-13K,40.716797,-73.985577,,10.0,40.716797,-73.985577,,5.0,0.0,,,2.0,-15.0,
2026-01-07T19:37:44,22f8a4e5-891d-48b9-a3b2-9808f9c3b977_3fbd34e0-9029-4db6-8e9c-f094ceec2be5,73d9b45e-8e58-3017-b4f2-95c24e59db73,22f8a4e5-891d-48b9-a3b2-9808f9c3b977,nycmesh-3461-northeast,3fbd34e0-9029-4db6-8e9c-f094ceec2be5,nycmesh-lbe-655,40.672685,-73.96386,,60.95,40.6725,-73.9642,,5.0,35.28977579122606,5560.0,MHz,-57.0,-56.0,ap-ptmp-airmax-mixed
2026-01-07T19:37:44,4ec70dea-528c-4426-a240-722295c916b1_230c8d49-e488-48d9-b276-f4b90e024aa6,73e2efa2-9ffc-33cb-baac-291c40083c95,4ec70dea-528c-4426-a240-722295c916b1,nycmesh-1340-north2,230c8d49-e488-48d9-b276-f4b90e024aa6,nycmesh-lbe-829,40.685988,-73.917573,,12.93,40.6858,-73.9173,,25.01,1.0,5745.0,MHz,-44.0,-45.0,ap-ptmp-airmax-mixed
2026-01-07T19:37:44,06617725-87b2-45e8-8962-30497e654509_87c4b7a6-45f2-4017-826f-99488d489c51,73e395d5-c79c-3302-8997-56f008bc66d6,06617725-87b2-45e8-8962-30497e654509,nycmesh-730-olt-xgs,87c4b7a6-45f2-4017-826f-99488d489c51,730-05D,40.844422,-73.893677,,69.000015,40.844422,-73.893677,,5.0,0.0,,,4.0,-16.0,
2026-01-07T19:37:44,06617725-87b2-45e8-8962-30497e654509_adb3267a-c8e6-4bc3-987e-6526e90e763e,743a2d2e-65e1-359a-96ea-8429624d4c01,06617725-87b2-45e8-8962-30497e654509,nycmesh-730-olt-xgs,adb3267a-c8e6-4bc3-987e-6526e90e763e,730-03F,40.844422,-73.893677,,69.000015,40.844422,-73.893677,,5.0,0.0,,,4.0,-15.0,
2026-01-07T19:37:44,7ee45009-6bc2-4a26-9b83-a3b07c70a3f6_23d45b30-5475-4074-aa4c-5ac756c872fc,745b763a-6c78-3e87-b018-8d0ef74f9ff6,7ee45009-6bc2-4a26-9b83-a3b07c70a3f6,nycmesh-1934-olt-131-460,23d45b30-5475-4074-aa4c-5ac756c872fc,460-15D,40.716142,-73.98448,14.0,10.0,40.715645,-73.984543,13.0,5.0,55.51836572683728,,,3.0,-27.0,
2026-01-07T19:37:44,3e851429-ccde-4c56-a1b7-019e49194141_d198bc60-11dd-4a36-8274-bd8f8271d1bc,74a2792a-714d-3389-a026-bbcec603260a,3e851429-ccde-4c56-a1b7-019e49194141,nycmesh-227-ps5ac-northeast2,d198bc60-11dd-4a36-8274-bd8f8271d1bc,nycmesh-lbe-1971,40.711065,-74.001308,,158.0,40.712809,-73.994793,10.0,30.0,585.0,5820.0,MHz,-57.0,-47.0,ap-ptmp-airmax-mixed
2026-01-07T19:37:44,4a6f43ed-ac8b-41c6-867b-e893d9737c31_949dce97-26a0-40fe-ac76-fab8f2277215,74cb3b0d-4ea2-3f6b-9d82-dc61a6180d4c,4a6f43ed-ac8b-41c6-867b-e893d9737c31,nycmesh-1936-olt-xgs-165,949dce97-26a0-40fe-ac76-fab8f2277215,1936-12L,40.716797,-73.985577,,10.0,40.716797,-73.985577,,5.0,0.0,,,4.0,-17.0,
2026-01-07T19:37:44,b6ed7b18-8c1e-497a-b8b7-3bab229980c4_c377d603-854c-48b7-b6d6-f1a3b5f4ab0e,74cc422d-81be-3e4d-9b25-8c181ab19c52,b6ed7b18-8c1e-497a-b8b7-3bab229980c4,nycmesh-5916-south1,c377d603-854c-48b7-b6d6-f1a3b5f4ab0e,nycmesh-lbe-728,40.696042,-73.939797,,67.46,40.69499,-73.934315,23.0,5.0,1.0,5490.0,MHz,-56.0,-51.0,ap-ptmp-airmax-mixed
2026-01-07T19:37:44,cd86486e-7b0a-48a8-a513-87857696d900_6945652e-d98e-4040-81df-f3f69b19a635,74e186dc-d724-4218-bfac-202f1d598b86,cd86486e-7b0a-48a8-a513-87857696d900,nycmesh-2701-np16-2,6945652e-d98e-4040-81df-f3f69b19a635,nycmesh-2701-wap60g-east,40.647781,-74.000767,45.0,10.0,40.647781,-74.000767,45.0,10.0,0.0,,,,,
2026-01-07T19:37:44,06b12b4b-364b-4cbb-9046-bba58850decb_4f9ddbf1-00f5-4cb5-80c4-e768b6c58109,7509e284-4b1b-4d5a-b66d-b911c8feb85c,06b12b4b-364b-4cbb-9046-bba58850decb,nycmesh-115-omni,4f9ddbf1-00f5-4cb5-80c4-e768b6c58109,nycmesh-115-northwest,40.73391,-73.950594,,8.0,40.73391,-73.950594,,8.0,0.0,,,-48.0,-51.0,ap-ptmp-airmax-mixed
2026-01-07T19:37:44,06617725-87b2-45e8-8962-30497e654509_3c0d75ca-82ad-4f96-9bf7-a8d22393ac47,7561e924-0304-3fe6-9558-82a8b6290184,06617725-87b2-45e8-8962-30497e654509,nycmesh-730-olt-xgs,3c0d75ca-82ad-4f96-9bf7-a8d22393ac47,730-01B,40.844422,-73.893677,,69.000015,40.844422,-73.893677,,5.0,0.0,,,4.0,-15.0,
2026-01-07T19:37:44,7e909d93-404a-47bd-a544-efdf6ff3f120_2dd722be-1425-4e1c-b356-2b626ab7e864,758bb060-5462-405b-84df-8baf565a20fe,7e909d93-404a-47bd-a544-efdf6ff3f120,nycmesh-227-waveapmicro-north,2dd722be-1425-4e1c-b356-2b626ab7e864,nycmesh-227-eps16,40.711199,-74.001357,10.0,189.9,40.710886,-74.001202,10.0,161.544,37.17524540096388,,,-59.0,-61.0,ap-ptmp
2026-01-07T19:37:44,8a69e161-5fb1-4838-82a0-00ac5fe3874f_8f2607ee-5f99-4a58-a1b0-bb5f34738115,75b4500f-90ee-35ee-a7fa-00736e981c48,8a69e161-5fb1-4838-82a0-00ac5fe3874f,nycmesh-664-north,8f2607ee-5f99-4a58-a1b0-bb5f34738115,nycmesh-lbe-612,40.705693,-73.915192,,8.0,40.7056,-73.9152,22.0,8.0,10.36309209206543,5810.0,MHz,-50.0,-39.0,ap-ptmp
2026-01-07T19:37:44,2630b421-546f-4bc0-8ae2-f92c038f2eed_141cf687-8a13-40a7-bcea-7e4cbe821cec,75f9002b-8ed2-3123-b06f-e179b98fae06,2630b421-546f-4bc0-8ae2-f92c038f2eed,nycmesh-2274-west,141cf687-8a13-40a7-bcea-7e4cbe821cec,nycmesh-lbe-715,40.725681,-73.983591,,8.0,40.7257,-73.9836,7.0,8.0,2.244706578846107,5570.0,MHz,-58.0,-49.0,ap-ptmp
2026-01-07T19:37:44,cd86486e-7b0a-48a8-a513-87857696d900_5f992194-4b4a-4e00-b4b3-bbaf6dca134e,760b5679-8dda-47c3-836c-366894de8496,cd86486e-7b0a-48a8-a513-87857696d900,nycmesh-2701-np16-2,5f992194-4b4a-4e00-b4b3-bbaf6dca134e,nycmesh-2701-LoRaWan,40.647781,-74.000767,45.0,10.0,40.647781,-74.000767,45.0,10.0,0.0,,,,,
2026-01-07T19:37:44,4a6f43ed-ac8b-41c6-867b-e893d9737c31_6ff00b22-56a2-4ffc-96b2-3a385e8ff7c2,76234f34-4c78-367a-b2c0-e49b674e08b3,4a6f43ed-ac8b-41c6-867b-e893d9737c31,nycmesh-1936-olt-xgs-165,6ff00b22-56a2-4ffc-96b2-3a385e8ff7c2,1936-07K,40.716797,-73.985577,,10.0,40.716797,-73.985577,,5.0,0.0,,,3.0,-16.0,
2026-01-07T19:37:44,c82bb62b-ddf2-4011-8556-12b170f43ef2_3639a98b-1ad5-49e3-aeed-cf9ec553e933,763b962b-36a8-3a52-9737-4d8850c842f5,c82bb62b-ddf2-4011-8556-12b170f43ef2,nycmesh-1340-west,3639a98b-1ad5-49e3-aeed-cf9ec553e933,nycmesh-lbe-309,40.686016,-73.917493,,53.3,40.6858,-73.9173,,25.01,1.0,5560.0,MHz,-62.0,-61.0,ap-ptmp-airmax-mixed
2026-01-07T19:37:44,a57ddde1-6fff-463a-bbee-cbe90258daa6_165a8052-71fc-429e-a261-683e8ebce1bc,7679f9a6-fcc7-30d9-8bd1-58a4a36c2ccc,a57ddde1-6fff-463a-bbee-cbe90258daa6,nycmesh-1932-olt-410,165a8052-71fc-429e-a261-683e8ebce1bc,410-17G,40.716098,-73.985997,14.0,100.32,40.716338,-73.986263,14.0,5.0,34.85361611376818,,,5.0,-19.0,
2026-01-07T19:37:44,6a79600f-2f2a-454e-8573-9cca40860eb3_08881cb0-cb50-491e-9b5e-48d74be34245,76b2c793-5137-4f8e-b3d6-614d960d7af0,6a79600f-2f2a-454e-8573-9cca40860eb3,nycmesh-lbe-659,08881cb0-cb50-491e-9b5e-48d74be34245,nycmesh-659-omni,40.715779,-73.989839,10.0,8.0,40.7132633,-73.9903429,10.0,8.0,282.93865607949857,,,-65.0,-69.0,sta-ptmp
2026-01-07T19:37:44,5b8114e6-2a29-4200-a88c-9fe098796fcd_21aa5ef7-4d64-44c5-943b-75634b193905,76ff8d94-b85e-31dc-b261-529f490ef4a1,5b8114e6-2a29-4200-a88c-9fe098796fcd,nycmesh-231-south,21aa5ef7-4d64-44c5-943b-75634b193905,nycmesh-lbe-6872,40.645835,-74.013376,,10.0,40.6458,-74.0134,5.0,5.0,4.387065700916344,5745.0,MHz,-46.0,-58.0,ap-ptmp-airmax-ac
2026-01-07T19:37:44,dcbb98b2-f147-4123-96e7-16a91875ad00_c516d468-61ec-49fa-9531-8199495d5f1e,77368f69-323b-40c2-abce-cae07947adbe,dcbb98b2-f147-4123-96e7-16a91875ad00,nycmesh-7800-omni,c516d468-61ec-49fa-9531-8199495d5f1e,nycmesh-426-sxt1,40.815629,-73.950228,,10.0,40.819192,-73.951899,,10.0,420.40211636700775,,,,,
2026-01-07T19:37:44,4a6f43ed-ac8b-41c6-867b-e893d9737c31_13039881-815c-4d81-bf82-1a2ebce5ef18,7784f025-c700-32b6-b3b0-8aedec30254c,4a6f43ed-ac8b-41c6-867b-e893d9737c31,nycmesh-1936-olt-xgs-165,13039881-815c-4d81-bf82-1a2ebce5ef18,1936-08E,40.716797,-73.985577,,10.0,40.716797,-73.985577,,5.0,0.0,,,4.0,-17.0,
2026-01-07T19:37:44,5371a07d-fe35-4cb0-93ac-85481bd58b32_230b8bbe-9811-4824-8b3a-60ab4b71443d,77af129f-e575-32ec-a9ab-399dfc7bd90b,5371a07d-fe35-4cb0-93ac-85481bd58b32,nycmesh-5151-wavenano-899,230b8bbe-9811-4824-8b3a-60ab4b71443d,nycmesh-899-wavenano-5151,40.675433,-73.980575,,41.1,40.677328,-73.987509,20.0,29.7,2.0,64800.0,MHz,-60.0,-60.0,ap-ptp
2026-01-07T19:37:44,aab8ff3f-3834-4560-b507-2cd0fd7896c0_a57ddde1-6fff-463a-bbee-cbe90258daa6,77b8bacc-198f-42cd-adfd-5ca6b406a33d,aab8ff3f-3834-4560-b507-2cd0fd7896c0,nycmesh-1934-core,a57ddde1-6fff-463a-bbee-cbe90258daa6,nycmesh-1932-olt-410,40.716142,-73.98448,,10.0,40.716098,-73.985997,14.0,100.32,127.94677523749921,,,,,
2026-01-07T19:37:44,c4095443-47b1-44f2-bc54-bc1a9b041ea2_f672ff9b-8f5d-4f37-b580-dd6c062abc52,77ff0896-98f2-3ef5-8f09-5ec1ec7f42d5,c4095443-47b1-44f2-bc54-bc1a9b041ea2,nycmesh-3461-north,f672ff9b-8f5d-4f37-b580-dd6c062abc52,nycmesh-lbe-291,40.672531,-73.964197,,60.95,40.6725,-73.9642,23.0,5.0,3.4563153488510543,5310.0,MHz,-60.0,-61.0,ap-ptmp-airmax-mixed
2026-01-07T19:37:44,a57ddde1-6fff-463a-bbee-cbe90258daa6_af330a69-7bbf-4c19-9faf-9d1f54a294c5,77ff1cc8-a640-38ef-93a4-486fa93346c3,a57ddde1-6fff-463a-bbee-cbe90258daa6,nycmesh-1932-olt-410,af330a69-7bbf-4c19-9faf-9d1f54a294c5,410-15E,40.716098,-73.985997,14.0,100.32,40.716338,-73.986263,14.0,5.0,34.85361611376818,,,2.0,-20.0,
2026-01-07T19:37:44,ff7a71c5-e64a-4928-bd82-2e295817db21_763c1cb4-558a-4cb1-88d8-d3e5dae7bad7,785b8684-b495-4cec-9e87-46d737b50986,ff7a71c5-e64a-4928-bd82-2e295817db21,nycmesh-544-eps16,763c1cb4-558a-4cb1-88d8-d3e5dae7bad7,nycmesh-544-lhg60-1932,40.718504,-73.995954,,25.0,40.718504,-73.995954,,25.0,0.0,,,,,
2026-01-07T19:37:44,029b9158-d691-4968-a7b3-7ffbe1ae03d3_026ffa75-350f-474c-bed3-f72b60dbdf4e,785df8bd-e666-3ca1-b1d3-b3457a95f527,029b9158-d691-4968-a7b3-7ffbe1ae03d3,nycmesh-3461-northwest,026ffa75-350f-474c-bed3-f72b60dbdf4e,nycmesh-lbe-779,40.672685,-73.96386,,60.95,40.6725,-73.9642,,5.0,35.28977579122606,5510.0,MHz,-67.0,-62.0,ap-ptmp
2026-01-07T19:37:44,22f8a4e5-891d-48b9-a3b2-9808f9c3b977_bdcc55e1-917a-4b33-976b-ff3c9fdab8d8,785fa360-fb67-39ea-a564-a14540f4c20c,22f8a4e5-891d-48b9-a3b2-9808f9c3b977,nycmesh-3461-northeast,bdcc55e1-917a-4b33-976b-ff3c9fdab8d8,nycmesh-lbe-471,40.672685,-73.96386,,60.95,40.696038,-73.939764,23.0,5.0,3327.0,5560.0,MHz,-69.0,-68.0,ap-ptmp-airmax-mixed
2026-01-07T19:37:44,2e7f84d3-0014-4810-908d-7f39bcc7b8ca_48837ee6-c39b-4c69-a84a-f2c0cd0af384,7867c7da-5f1a-4f39-9d6c-20c727907106,2e7f84d3-0014-4810-908d-7f39bcc7b8ca,nycmesh-730-roof,48837ee6-c39b-4c69-a84a-f2c0cd0af384,nycmesh-730-edgepower,40.844422,-73.893677,,69.000015,40.844422,-73.893677,,69.000015,0.0,,,,,
2026-01-07T19:37:44,b1d00aa0-4684-4436-83c0-43ddb299e9da_9239b6cd-66b2-409f-9ac1-4062154a37b2,786e6c3b-9cf3-3195-926a-57da2cb561d3,b1d00aa0-4684-4436-83c0-43ddb299e9da,nycmesh-730-af24-3959,9239b6cd-66b2-409f-9ac1-4062154a37b2,nycmesh-3959-af24-730,40.843857,-73.893051,,69.0,40.841663,-73.941864,,10.0,4061.0,24100.0,MHz,-69.0,-69.0,ap-ptp
2026-01-07T19:37:44,82094c68-d2cf-4d01-b38b-897ff93940f4_1364c850-5339-4eb4-87ca-3326901c2cb4,78708fdb-faaa-3f58-a92c-86ec81862ea8,82094c68-d2cf-4d01-b38b-897ff93940f4,nycmesh-584-olt-xgs,1364c850-5339-4eb4-87ca-3326901c2cb4,584-East-04J-1G-Jana,40.79355,-73.965641,,10.0,40.79355,-73.965641,,5.0,0.0,,,4.0,-15.0,
2026-01-07T19:37:44,113bc113-7a71-44d5-a5b8-40830a6715be_7464933a-695a-4d70-ae24-ebb916f8d6f0,7881edf7-f96b-4f61-be68-e94529d4bc63,113bc113-7a71-44d5-a5b8-40830a6715be,nycmesh-648-wap60-north,7464933a-695a-4d70-ae24-ebb916f8d6f0,nycmesh-851-core-lhg60,40.639719,-73.995809,,25.0,40.6397191,-73.9958092,,5.0,0.0202094482933133,,,,,
2026-01-07T19:37:44,364be131-f66e-4fd3-bcb2-1671f961e31c_f8d3507f-2ce2-4219-a4ac-06888b67d2cb,78c7be3f-ca50-48cd-92f8-5c853db4854e,364be131-f66e-4fd3-bcb2-1671f961e31c,nycmesh-5916-core,f8d3507f-2ce2-4219-a4ac-06888b67d2cb,nycmesh-5916-hex-rack,40.696038,-73.939764,,67.46,40.696038,-73.939764,,67.46,0.0,,,,,
2026-01-07T19:37:44,2f157d40-1c46-42e6-a03e-dadf11a6b48a_7f272a55-b08b-4042-8197-db150f974185,78e227d8-0618-35c2-8c30-2d39b8afa7f7,2f157d40-1c46-42e6-a03e-dadf11a6b48a,nycmesh-3606-south,7f272a55-b08b-4042-8197-db150f974185,nycmesh-lbe-153,40.708452,-73.921893,8.0,30.0,40.706868,-73.928185,8.0,5.0,1.0,5785.0,MHz,-54.0,-49.0,ap-ptmp
2026-01-07T19:37:44,22f8a4e5-891d-48b9-a3b2-9808f9c3b977_ac268a22-a2bb-423d-91c3-1a4a0b2be7f2,78fde35e-2d5f-3fdb-8ceb-b4a27001db26,22f8a4e5-891d-48b9-a3b2-9808f9c3b977,nycmesh-3461-northeast,ac268a22-a2bb-423d-91c3-1a4a0b2be7f2,nycmesh-lbe-6219,40.672685,-73.96386,,60.95,40.6725,-73.9642,,5.0,35.28977579122606,5560.0,MHz,-70.0,-70.0,ap-ptmp-airmax-mixed
2026-01-07T19:37:44,4a6f43ed-ac8b-41c6-867b-e893d9737c31_1d90d9bc-4f21-479b-b286-b02052d004b3,79e7f484-8bca-3748-b22b-fd8d6f6d1552,4a6f43ed-ac8b-41c6-867b-e893d9737c31,nycmesh-1936-olt-xgs-165,1d90d9bc-4f21-479b-b286-b02052d004b3,1936-05N,40.716797,-73.985577,,10.0,40.716797,-73.985577,,5.0,0.0,,,3.0,-16.0,
2026-01-07T19:37:44,a57ddde1-6fff-463a-bbee-cbe90258daa6_eb928efe-0f24-46f8-9d8a-348569027e2d,7a23b244-6ac6-3175-9789-2d62710f298f,a57ddde1-6fff-463a-bbee-cbe90258daa6,nycmesh-1932-olt-410,eb928efe-0f24-46f8-9d8a-348569027e2d,410-02B,40.716098,-73.985997,14.0,100.32,40.716338,-73.986263,14.0,5.0,34.85361611376818,,,,,
2026-01-07T19:37:44,06617725-87b2-45e8-8962-30497e654509_efe39fdb-451f-4e3c-8752-769330c69da3,7a3360b8-f82d-358b-a7b0-7c5a4fb6a2db,06617725-87b2-45e8-8962-30497e654509,nycmesh-730-olt-xgs,efe39fdb-451f-4e3c-8752-769330c69da3,730-04A 70:a7:41:3e:da:31,40.844422,-73.893677,,69.000015,40.844422,-73.893677,,5.0,0.0,,,4.0,-16.0,
2026-01-07T19:37:44,4a6f43ed-ac8b-41c6-867b-e893d9737c31_ec4b1130-36d2-42a1-a877-8789e80d86f0,7a4a78b3-2aa2-372c-90a7-6593dfb4a7a4,4a6f43ed-ac8b-41c6-867b-e893d9737c31,nycmesh-1936-olt-xgs-165,ec4b1130-36d2-42a1-a877-8789e80d86f0,1936-15C,40.716797,-73.985577,,10.0,40.716797,-73.985577,,5.0,0.0,,,4.0,-15.0,
2026-01-07T19:37:44,06617725-87b2-45e8-8962-30497e654509_c3f0aa95-b805-4f79-9f9a-f7c7e76d884c,7b268d4b-5b66-366c-bce8-aa05f5edb422,06617725-87b2-45e8-8962-30497e654509,nycmesh-730-olt-xgs,c3f0aa95-b805-4f79-9f9a-f7c7e76d884c,730-04F,40.844422,-73.893677,,69.000015,40.844422,-73.893677,,5.0,0.0,,,3.0,-15.0,
2026-01-07T19:37:44,ebc35b50-0ca9-4313-9868-243da1c3058e_c56adf3d-90c9-4ddc-9e36-15a614b8cd17,7b721fa1-3ebd-34d7-9c71-3683a272ff1d,ebc35b50-0ca9-4313-9868-243da1c3058e,nycmesh-1340-wavelr-5014,c56adf3d-90c9-4ddc-9e36-15a614b8cd17,nycmesh-5014-wavenano-1340,40.68627,-73.917572,,64.0,40.694276,-73.90607,,41.6,1316.4169527509425,68040.0,MHz,-34.0,-34.0,sta-ptp
2026-01-07T19:37:44,0c8208b4-8cd9-4318-af60-5ac040d3f69a_a4b508b2-62b6-4bb2-ae6a-c593d8191759,7b80aee4-21d6-4901-8290-982f03f5235e,0c8208b4-8cd9-4318-af60-5ac040d3f69a,nycmesh-835-omni,a4b508b2-62b6-4bb2-ae6a-c593d8191759,nycmesh-835-northwest,40.685214,-73.954595,,10.0,40.685214,-73.954595,,10.0,0.0,,,-71.0,-70.0,ap-ptmp-airmax-mixed
2026-01-07T19:37:44,06617725-87b2-45e8-8962-30497e654509_79b527ac-4b5d-4cd3-9021-d8bbeed58cc3,7b9b050c-031d-32ae-b916-7c32e77d19a5,06617725-87b2-45e8-8962-30497e654509,nycmesh-730-olt-xgs,79b527ac-4b5d-4cd3-9021-d8bbeed58cc3,730-10D,40.844422,-73.893677,,69.000015,40.844422,-73.893677,,5.0,0.0,,,4.0,-15.0,
2026-01-07T19:37:44,06617725-87b2-45e8-8962-30497e654509_b7c9724d-ca23-44fb-9ecb-9deffb80adc9,7c25a0d1-06f3-3cc1-881a-28b9cc222c72,06617725-87b2-45e8-8962-30497e654509,nycmesh-730-olt-xgs,b7c9724d-ca23-44fb-9ecb-9deffb80adc9,730-09D,40.844422,-73.893677,,69.000015,40.844422,-73.893677,,5.0,0.0,,,,,
2026-01-07T19:37:44,49f69aa1-9dde-4ec6-aa29-72553104d50e_805b9cb4-894c-4ec4-9d9d-e0d37ae339af,7c3f6ed9-13dd-45d6-a9a4-e35fe7d8e183,49f69aa1-9dde-4ec6-aa29-72553104d50e,nycmesh-228-lite7r-1,805b9cb4-894c-4ec4-9d9d-e0d37ae339af,nycmesh-228-lite7r-2,40.660799,-73.960338,,18.0,40.660799,-73.960338,,18.0,0.0,,,,,
2026-01-07T19:37:44,06617725-87b2-45e8-8962-30497e654509_528f9916-4da7-4ca7-ba49-1c161a1f4dd8,7c746fe8-c9ac-3ff5-8315-06592bda6272,06617725-87b2-45e8-8962-30497e654509,nycmesh-730-olt-xgs,528f9916-4da7-4ca7-ba49-1c161a1f4dd8,730-11E,40.844422,-73.893677,,69.000015,40.844422,-73.893677,,5.0,0.0,,,5.0,-18.0,
2026-01-07T19:37:44,62a74494-aef0-45ad-ae4e-45f50fb5d591_c56f2fb9-ae2e-4632-b57b-0d50176bd320,7c93a810-d422-4281-b292-61927b2e731d,62a74494-aef0-45ad-ae4e-45f50fb5d591,nycmesh-2701-np16-1,c56f2fb9-ae2e-4632-b57b-0d50176bd320,nycmesh-2701-core,40.647781,-74.000767,45.0,10.0,40.647781,-74.000767,45.0,10.0,0.0,,,,,
2026-01-07T19:37:44,4a6f43ed-ac8b-41c6-867b-e893d9737c31_3fd793e4-e5a7-4577-a8aa-c77db04e2631,7cb534e7-3f4e-380e-a9c7-53f6784563ec,4a6f43ed-ac8b-41c6-867b-e893d9737c31,nycmesh-1936-olt-xgs-165,3fd793e4-e5a7-4577-a8aa-c77db04e2631,1936-04O,40.716797,-73.985577,,10.0,40.716797,-73.985577,,5.0,0.0,,,,,
2026-01-07T19:37:44,a57ddde1-6fff-463a-bbee-cbe90258daa6_310b61fa-17a7-467b-8ef1-37b347b36003,7cbdee61-5c99-3047-9156-f80a312f8bdb,a57ddde1-6fff-463a-bbee-cbe90258daa6,nycmesh-1932-olt-410,310b61fa-17a7-467b-8ef1-37b347b36003,410-25E,40.716098,-73.985997,14.0,100.32,40.716338,-73.986263,14.0,5.0,34.85361611376818,,,1.0,-19.0,
2026-01-07T19:37:44,7ee45009-6bc2-4a26-9b83-a3b07c70a3f6_df92f2cf-9d4d-4fa0-a250-88c054a6f40a,7cfb96b0-036f-391a-84ae-4221685b310e,7ee45009-6bc2-4a26-9b83-a3b07c70a3f6,nycmesh-1934-olt-131-460,df92f2cf-9d4d-4fa0-a250-88c054a6f40a,460-13C,40.716142,-73.98448,14.0,10.0,40.715645,-73.984543,13.0,5.0,55.51836572683728,,,4.0,-24.0,
2026-01-07T19:37:44,12010c8c-9f46-4e45-81e4-62d7090fbcd5_4d734e8e-31af-49df-9086-9569b49bb5bd,7cfb96c2-321a-362b-9c99-4b6c48ffd8d6,12010c8c-9f46-4e45-81e4-62d7090fbcd5,nycmesh-1340-east,4d734e8e-31af-49df-9086-9569b49bb5bd,nycmesh-lbe-767,40.686016,-73.917493,,53.3,40.6858,-73.9173,,25.01,1.0,5560.0,MHz,-61.0,-59.0,ap-ptmp-airmax-mixed
2026-01-07T19:37:44,029b9158-d691-4968-a7b3-7ffbe1ae03d3_adc2c9a4-7dca-45fa-8683-f98a66b6f633,7d03db36-6014-35cb-9195-4f8a91eec92c,029b9158-d691-4968-a7b3-7ffbe1ae03d3,nycmesh-3461-northwest,adc2c9a4-7dca-45fa-8683-f98a66b6f633,nycmesh-lbelr-835,40.672685,-73.96386,,60.95,40.685214,-73.954595,,10.0,1626.0,5510.0,MHz,-67.0,-63.0,ap-ptmp
2026-01-07T19:37:44,3ed61b69-6d26-4ffc-a321-f3a1a7a9c643_0ffbb186-db12-49c7-8ddb-76b5156eae40,7d321f1a-c5fc-4ae2-8b81-252b0f576710,3ed61b69-6d26-4ffc-a321-f3a1a7a9c643,nycmesh-7489-epr6,0ffbb186-db12-49c7-8ddb-76b5156eae40,nycmesh-7489-south,40.660014,-73.913606,10.0,31.1,40.659676,-73.913529,,31.1,38.1409791683109,,,,,ap-ptmp-airmax-mixed
2026-01-07T19:37:44,a57ddde1-6fff-463a-bbee-cbe90258daa6_6e1d0258-f87b-444c-b0ef-9b19232e5dac,7d451f17-1aad-390b-819f-ef1d406ba1c9,a57ddde1-6fff-463a-bbee-cbe90258daa6,nycmesh-1932-olt-410,6e1d0258-f87b-444c-b0ef-9b19232e5dac,410-09C,40.716098,-73.985997,14.0,100.32,40.716338,-73.986263,14.0,5.0,34.85361611376818,,,,,
2026-01-07T19:37:44,ed2ba00d-f21e-4da1-96b5-890bb6510dab_3c9de799-7024-4d61-9bc2-f7e126eed62e,7d62567e-98e7-3aff-a742-5b3aa471af8b,ed2ba00d-f21e-4da1-96b5-890bb6510dab,nycmesh-5916-northeast,3c9de799-7024-4d61-9bc2-f7e126eed62e,nycmesh-lbe-859,40.696038,-73.939764,,67.46,40.696,-73.9398,23.0,5.0,1.0,5550.0,MHz,-70.0,-71.0,ap-ptmp-airmax-mixed
2026-01-07T19:37:44,12010c8c-9f46-4e45-81e4-62d7090fbcd5_ab916029-2c8d-4a80-a7f6-cb49e2a2edc2,7d807ae1-fd2c-3b24-bd4f-3197530fb241,12010c8c-9f46-4e45-81e4-62d7090fbcd5,nycmesh-1340-east,ab916029-2c8d-4a80-a7f6-cb49e2a2edc2,nycmesh-lbe-768,40.686016,-73.917493,,53.3,40.6858,-73.9173,,25.01,1.0,5560.0,MHz,-61.0,-61.0,ap-ptmp-airmax-mixed
2026-01-07T19:37:44,7bfb4d7a-a78e-4620-a084-4d420a9d8c51_5b937066-ace3-48b2-99ce-e61ce57efed2,7d873b29-a003-3592-87de-8e253b9b4a9d,7bfb4d7a-a78e-4620-a084-4d420a9d8c51,nycmesh-5916-south2,5b937066-ace3-48b2-99ce-e61ce57efed2,nycmesh-lbe-417,40.696048,-73.939788,,67.46,40.685837,-73.95558,23.0,5.0,1.0,5550.0,MHz,-66.0,-58.0,ap-ptmp-airmax-mixed
2026-01-07T19:37:44,c64ac7ee-a6dd-4be2-9322-64ec0df6f330_89f83226-6b92-443f-aace-ec71faaba3b8,7d8b7de1-e558-3301-b253-e323baabb2c7,c64ac7ee-a6dd-4be2-9322-64ec0df6f330,nycmesh-5916-west2,89f83226-6b92-443f-aace-ec71faaba3b8,nycmesh-lbe-508,40.696,-73.9398,23.0,67.46,40.696,-73.9398,23.0,5.0,1.0,5770.0,MHz,-57.0,-41.0,ap-ptmp-airmax-mixed
2026-01-07T19:37:44,011c26e8-ce49-45f7-a204-a503f2b817c5_5029d015-28ff-4dd7-8f33-8846812c5913,7daa0cb9-c9d8-397c-8aea-3e9021e6178d,011c26e8-ce49-45f7-a204-a503f2b817c5,nycmesh-1933-east-s3,5029d015-28ff-4dd7-8f33-8846812c5913,nycmesh-lbelr-7359,40.715592,-73.984427,,97.0,40.690744,-73.970097,,8.0,3015.494435263662,5330.0,MHz,-75.0,-75.0,ap-ptmp-airmax-mixed
2026-01-07T19:37:44,06617725-87b2-45e8-8962-30497e654509_cb85ac17-83bd-44d2-920c-87ae117194fe,7dc349dc-e0f5-3327-9049-eea43a1a1dd5,06617725-87b2-45e8-8962-30497e654509,nycmesh-730-olt-xgs,cb85ac17-83bd-44d2-920c-87ae117194fe,730-11H,40.844422,-73.893677,,69.000015,40.844422,-73.893677,,5.0,0.0,,,4.0,-18.0,
2026-01-07T19:37:44,7ee45009-6bc2-4a26-9b83-a3b07c70a3f6_731bf946-5774-403d-9082-a6e054a67e8e,7dd3cf8a-ca8a-36b3-bc24-5d2bc32a84de,7ee45009-6bc2-4a26-9b83-a3b07c70a3f6,nycmesh-1934-olt-131-460,731bf946-5774-403d-9082-a6e054a67e8e,131-3D,40.716142,-73.98448,14.0,10.0,40.716364,-73.985193,-3492.0,5.0,64.96443791683336,,,4.0,-14.0,
2026-01-07T19:37:44,06617725-87b2-45e8-8962-30497e654509_5ac6572a-7ea9-4aae-829c-e2980405af97,7e09c883-dc3a-3fb6-90f5-6b0f1eb17b8b,06617725-87b2-45e8-8962-30497e654509,nycmesh-730-olt-xgs,5ac6572a-7ea9-4aae-829c-e2980405af97,730-03G,40.844422,-73.893677,,69.000015,40.844422,-73.893677,,5.0,0.0,,,4.0,-16.0,
2026-01-07T19:37:44,db447f7d-fe98-4e0f-bb3c-6b944e1c8c91_ffda2b6d-852e-4b26-bb15-ca1b228129a1,7e45e136-b8ee-401c-b5d4-be091a1950f2,db447f7d-fe98-4e0f-bb3c-6b944e1c8c91,nycmesh-731-gbelr-1932,ffda2b6d-852e-4b26-bb15-ca1b228129a1,nycmesh-731-omni,40.724676,-73.98073,,8.0,40.724676,-73.98073,,8.0,0.0,,,-58.0,-58.0,ap-ptp
2026-01-07T19:37:44,3b05b7fb-0b4b-4fb6-a925-66be1cec9aa3_6f6fc142-0052-4dd3-ae95-63851ad54e1b,7e4a9391-562e-42b4-b4eb-f2b8ad2b1a00,3b05b7fb-0b4b-4fb6-a925-66be1cec9aa3,nycmesh-2463-eps16,6f6fc142-0052-4dd3-ae95-63851ad54e1b,nycmesh-2463-gbep-2274,40.719898,-73.988024,11.0,8.0,40.720668,-73.988049,11.0,0.0,85.6460118039812,,,-61.0,-56.0,ap-ptp
2026-01-07T19:37:44,d14a79df-ca26-408f-8dc8-4a73585d167a_19029d5e-275e-496e-b252-6f56aa5c4461,7eab848b-2c73-3cd2-85a1-0247b776ba11,d14a79df-ca26-408f-8dc8-4a73585d167a,nycmesh-3461-southeast,19029d5e-275e-496e-b252-6f56aa5c4461,nycmesh-lbe-759,40.672531,-73.964197,,60.95,40.6725,-73.9642,,5.0,3.4563153488510543,5710.0,MHz,-82.0,-86.0,ap-ptmp-airmax-mixed
2026-01-07T19:37:44,4a6f43ed-ac8b-41c6-867b-e893d9737c31_d9b03086-e924-49e1-b1a9-f60dcd219684,7eb2499e-0644-3e09-8c12-c0b6ebd42776,4a6f43ed-ac8b-41c6-867b-e893d9737c31,nycmesh-1936-olt-xgs-165,d9b03086-e924-49e1-b1a9-f60dcd219684,1936-14E,40.716797,-73.985577,,10.0,40.716797,-73.985577,,5.0,0.0,,,5.0,-17.0,
2026-01-07T19:37:44,376fc67d-146a-4018-89ea-d682a0b88d64_6bdf35fb-b330-4e0b-bf34-27a1a2d05387,7edaa973-ed7c-316e-ba17-6b940c642c50,376fc67d-146a-4018-89ea-d682a0b88d64,nycmesh-5916-east1,6bdf35fb-b330-4e0b-bf34-27a1a2d05387,nycmesh-lbe-206,40.69607,-73.939677,,67.46,40.696038,-73.939764,23.0,5.0,1.0,5710.0,MHz,-69.0,-73.0,ap-ptmp-airmax-mixed
2026-01-07T19:37:44,7ee45009-6bc2-4a26-9b83-a3b07c70a3f6_8680e57d-97b2-4638-bb84-1997554c1c01,7edbc66b-fb80-31f3-96f1-e08557fd89ec,7ee45009-6bc2-4a26-9b83-a3b07c70a3f6,nycmesh-1934-olt-131-460,8680e57d-97b2-4638-bb84-1997554c1c01,131-21H,40.716142,-73.98448,14.0,10.0,40.716364,-73.985193,-3492.0,5.0,64.96443791683336,,,,,
2026-01-07T19:37:44,0a45a9c2-11ce-43ad-9f9a-6e3852f80d6f_36b35cc5-f9dd-4d6a-9948-3fd2a500238c,7efdb551-317b-38be-b509-5527d70f77c3,0a45a9c2-11ce-43ad-9f9a-6e3852f80d6f,nycmesh-3959-eps16-east,36b35cc5-f9dd-4d6a-9948-3fd2a500238c,nycmesh-3959-af60xr-730,40.841612,-73.941817,,10.0,40.841736,-73.941847,,139.3,14.01721750247444,,,,,sta-ptp
2026-01-07T19:37:44,4a6f43ed-ac8b-41c6-867b-e893d9737c31_05b8c741-997f-4995-9843-a476ca895bfe,7f018509-0de7-37f3-84dc-3a2a186ed134,4a6f43ed-ac8b-41c6-867b-e893d9737c31,nycmesh-1936-olt-xgs-165,05b8c741-997f-4995-9843-a476ca895bfe,1936-10J,40.716797,-73.985577,,10.0,40.716797,-73.985577,,5.0,0.0,,,,,
2026-01-07T19:37:44,c661fb92-4219-45d3-989f-8ce9f4d2f0b7_94f4f4ac-d3f9-4829-bba3-0f46198fd9cd,7f101dad-734c-3d73-9cac-569bad53e4a9,c661fb92-4219-45d3-989f-8ce9f4d2f0b7,nycmesh-219-west,94f4f4ac-d3f9-4829-bba3-0f46198fd9cd,nycmesh-lbe-207,40.67441,-73.94024,,10.0,40.67436585,-73.9402839,23.0,5.0,6.1487599782203715,5510.0,MHz,-45.0,-48.0,ap-ptmp-airmax-mixed
2026-01-07T19:37:44,3b441eb3-c392-4025-abc3-d23c5994c602_58af147b-e799-4889-8b89-0332a50a7002,7f19a238-e9a2-3cbe-9907-f43b8c35fa93,3b441eb3-c392-4025-abc3-d23c5994c602,nycmesh-1971-northwest,58af147b-e799-4889-8b89-0332a50a7002,nycmesh-lbe-4922,40.712811,-73.994744,10.0,30.0,40.712811,-73.994744,,5.0,1.0,5520.0,MHz,-62.0,-63.0,ap-ptmp-airmax-mixed
2026-01-07T19:37:44,4c3f2950-d6de-4da8-9677-44df47b59252_2ebb04ae-b235-4368-88fc-57c18ca85562,7f399e8e-fe72-36d4-b513-58c9fe25dda7,4c3f2950-d6de-4da8-9677-44df47b59252,nycmesh-1932-af24-227,2ebb04ae-b235-4368-88fc-57c18ca85562,nycmesh-227-af24-1932,40.716087,-73.986046,14.0,100.32,40.711098,-74.001289,,161.544,1406.0,24200.0,MHz,-54.0,-54.0,ap-ptp
2026-01-07T19:37:44,4a6f43ed-ac8b-41c6-867b-e893d9737c31_8d6ca615-58b9-4372-b95d-e203d5278a8c,7f3d2c0f-f81c-3a76-be3a-5476e1a5f797,4a6f43ed-ac8b-41c6-867b-e893d9737c31,nycmesh-1936-olt-xgs-165,8d6ca615-58b9-4372-b95d-e203d5278a8c,1936-14A,40.716797,-73.985577,,10.0,40.716797,-73.985577,,5.0,0.0,,,4.0,-16.0,
2026-01-07T19:37:44,ed30f3c1-7042-42af-b8c5-035d1c329559_4fc345e6-8b1c-42d2-a2d5-eaeac36f9ea9,7f3ee580-3d64-4a08-b30c-764820418840,ed30f3c1-7042-42af-b8c5-035d1c329559,nycmesh-2282-eps16,4fc345e6-8b1c-42d2-a2d5-eaeac36f9ea9,nycmesh-2282-southwest,40.682995,-73.993789,13.0,18.29,40.682956,-73.993999,13.0,18.29,18.230953337581365,,,-51.0,-47.0,ap-ptmp-airmax-mixed
2026-01-07T19:37:44,1cfcab94-f68c-403f-8734-49fda8a87d91_410e7a1a-6871-4503-af61-948085e2b584,7f8faf44-79bb-348f-b5b5-a3ea3151f46e,1cfcab94-f68c-403f-8734-49fda8a87d91,nycmesh-641-lbe-642,410e7a1a-6871-4503-af61-948085e2b584,nycmesh-642-lbe-641,40.7988,-73.9387,,10.0,40.798004,-73.934684,,10.0,216.0,5770.0,MHz,-55.0,-54.0,ap-ptp
2026-01-07T19:37:44,ed2ba00d-f21e-4da1-96b5-890bb6510dab_b64f6129-0765-49a5-a819-686660264532,7fbe0644-1116-3ccb-9434-87f5901e26df,ed2ba00d-f21e-4da1-96b5-890bb6510dab,nycmesh-5916-northeast,b64f6129-0765-49a5-a819-686660264532,nycmesh-lbe-385,40.696038,-73.939764,,67.46,40.696038,-73.939764,23.0,5.0,1.0,5550.0,MHz,-66.0,-67.0,ap-ptmp-airmax-mixed
2026-01-07T19:37:44,a7143b0f-0d65-48f4-8cd8-91bf56f48d29_f216b7a5-c725-4698-9f2a-9ef63baa545a,7fe34b13-577f-4020-a3e2-c4d950a7b8b2,a7143b0f-0d65-48f4-8cd8-91bf56f48d29,nycmesh-255-af60lr,f216b7a5-c725-4698-9f2a-9ef63baa545a,nycmesh-255-core,40.717822,-73.943667,,30.7,40.71781,-73.943489,,10.0,15.060734910278294,,,-64.0,-64.0,sta-ptmp
2026-01-07T19:37:44,a57ddde1-6fff-463a-bbee-cbe90258daa6_9d18cb93-4a6d-43ff-a3e7-a7afbaab5cd2,8019bd9a-b4ea-3c85-80b0-4b076208aa80,a57ddde1-6fff-463a-bbee-cbe90258daa6,nycmesh-1932-olt-410,9d18cb93-4a6d-43ff-a3e7-a7afbaab5cd2,410-26F,40.716098,-73.985997,14.0,100.32,40.716338,-73.986263,14.0,5.0,34.85361611376818,,,3.0,-20.0,
2026-01-07T19:37:44,4a6f43ed-ac8b-41c6-867b-e893d9737c31_f3eff64a-a19e-482e-8f47-1d29d12076fd,80c165f0-5899-31a2-842d-16e7e3a83cc8,4a6f43ed-ac8b-41c6-867b-e893d9737c31,nycmesh-1936-olt-xgs-165,f3eff64a-a19e-482e-8f47-1d29d12076fd,1936-07E,40.716797,-73.985577,,10.0,40.716797,-73.985577,,5.0,0.0,,,4.0,-17.0,
2026-01-07T19:37:44,2f096d72-117b-4eb4-9091-a35f938dd0ff_9af92dc6-0d44-4981-b7ca-84dbf58cceb7,80c8d98b-43b3-3000-bc53-637bcd7ab277,2f096d72-117b-4eb4-9091-a35f938dd0ff,nycmesh-713-af24hd-3461,9af92dc6-0d44-4981-b7ca-84dbf58cceb7,nycmesh-3461-af24hd-713,40.658005,-74.004715,,45.32,40.672501,-73.964409,,60.95,3800.0,24100.0,MHz,-57.0,-57.0,ap-ptp
2026-01-07T19:37:44,3e851429-ccde-4c56-a1b7-019e49194141_d5c98172-944c-480f-8155-af97740808fa,80cd936f-18fb-373c-b202-ff576d5ff294,3e851429-ccde-4c56-a1b7-019e49194141,nycmesh-227-ps5ac-northeast2,d5c98172-944c-480f-8155-af97740808fa,nycmesh-lbe-1275,40.711065,-74.001308,,158.0,40.711455,-73.994489,10.0,8.0,1.0,5820.0,MHz,-75.0,-58.0,ap-ptmp-airmax-mixed
2026-01-07T19:37:44,cfb13d60-abb9-4d75-973b-60fa775575f0_0cba9d45-9bb6-4cb0-99e1-3b59fad7b7ef,80e216a6-132e-4b1b-8df0-97733bb0ae87,cfb13d60-abb9-4d75-973b-60fa775575f0,nycmesh-295-netpower16p,0cba9d45-9bb6-4cb0-99e1-3b59fad7b7ef,nycmesh-295-east,40.725616,-73.947094,5.0,10.0,40.725616,-73.947094,5.0,10.0,0.0,,,,,ap-ptmp-airmax-mixed
2026-01-07T19:37:44,4a6f43ed-ac8b-41c6-867b-e893d9737c31_daee8d92-dba1-443e-9ebd-32ad7d944900,80ed2b75-ef90-30be-a0a5-71d1504bd038,4a6f43ed-ac8b-41c6-867b-e893d9737c31,nycmesh-1936-olt-xgs-165,daee8d92-dba1-443e-9ebd-32ad7d944900,1936-06D,40.716797,-73.985577,,10.0,40.716797,-73.985577,,5.0,0.0,,,4.0,-18.0,
2026-01-07T19:37:44,5a501874-8f07-4bb4-8f73-fcebdac0ac2d_fcb7024e-d9db-417b-89e4-f4b2a8469846,80ee35fc-b7f4-44eb-bfe5-caa8f2561809,5a501874-8f07-4bb4-8f73-fcebdac0ac2d,nycmesh-731-wap60-north,fcb7024e-d9db-417b-89e4-f4b2a8469846,nycmesh-141-cube,40.724676,-73.98073,,8.0,40.724676,-73.98073,6.0,8.0,0.0,,,,,
2026-01-07T19:37:44,06617725-87b2-45e8-8962-30497e654509_b047c2f4-60f6-40be-a272-0720134f545a,80f12c88-dba5-3083-a371-85ffeba53061,06617725-87b2-45e8-8962-30497e654509,nycmesh-730-olt-xgs,b047c2f4-60f6-40be-a272-0720134f545a,730-06C,40.844422,-73.893677,,69.000015,40.844422,-73.893677,,5.0,0.0,,,5.0,-17.0,
2026-01-07T19:37:44,7bfb4d7a-a78e-4620-a084-4d420a9d8c51_ebc0357e-e575-45ae-a24f-22704504cedd,80f811c4-deb2-3a80-b7c9-6b8e9f6b8419,7bfb4d7a-a78e-4620-a084-4d420a9d8c51,nycmesh-5916-south2,ebc0357e-e575-45ae-a24f-22704504cedd,nycmesh-lbe-199,40.696048,-73.939788,,67.46,40.696038,-73.939764,23.0,5.0,1.0,5550.0,MHz,-62.0,-56.0,ap-ptmp-airmax-mixed
2026-01-07T19:37:44,9ec55494-cdd1-4b62-be3a-0ce25031aeba_f1fa8266-33bf-4303-99c8-6c695e852a96,811093c2-50ef-3164-b017-74cba6c24745,9ec55494-cdd1-4b62-be3a-0ce25031aeba,nycmesh-227-ps5ac-north1,f1fa8266-33bf-4303-99c8-6c695e852a96,nycmesh-lbe-270,40.711095,-74.001382,,161.544,40.71088,-74.0012,10.0,8.0,1.0,5490.0,MHz,-58.0,-55.0,ap-ptmp-airmax-mixed
2026-01-07T19:37:44,7ee45009-6bc2-4a26-9b83-a3b07c70a3f6_aa462ee5-8c5e-4bfe-98fb-eebeba95abc9,81224a6d-a201-30d0-800a-ee4b0cf4ce5d,7ee45009-6bc2-4a26-9b83-a3b07c70a3f6,nycmesh-1934-olt-131-460,aa462ee5-8c5e-4bfe-98fb-eebeba95abc9,460-10B,40.716142,-73.98448,14.0,10.0,40.715645,-73.984543,13.0,5.0,55.51836572683728,,,,,
2026-01-07T19:37:44,82094c68-d2cf-4d01-b38b-897ff93940f4_c4d7e808-91b1-4eef-951c-9076cbdf6b54,81295c08-4c7f-3a95-b710-57dc6384619e,82094c68-d2cf-4d01-b38b-897ff93940f4,nycmesh-584-olt-xgs,c4d7e808-91b1-4eef-951c-9076cbdf6b54,584-West-06U-1G-Thao,40.79355,-73.965641,,10.0,40.79355,-73.965641,,5.0,0.0,,,5.0,-16.0,
2026-01-07T19:37:44,7ee45009-6bc2-4a26-9b83-a3b07c70a3f6_a884f0b4-f7ea-4f88-93f6-d95014eb6fc7,81360734-476f-3280-8acb-01822049f300,7ee45009-6bc2-4a26-9b83-a3b07c70a3f6,nycmesh-1934-olt-131-460,a884f0b4-f7ea-4f88-93f6-d95014eb6fc7,131-24A,40.716142,-73.98448,14.0,10.0,40.716364,-73.985193,-3492.0,5.0,64.96443791683336,,,5.0,-15.0,
2026-01-07T19:37:44,c462dbf2-1357-494c-a6af-ea3b02c96c03_94802f4b-dd73-4924-88b4-553ea777fd89,813cdd3d-1a41-4fba-b9b7-0f98309f538c,c462dbf2-1357-494c-a6af-ea3b02c96c03,nycmesh-162-eps16,94802f4b-dd73-4924-88b4-553ea777fd89,nycmesh-162-north,40.664997,-73.990543,,40.0,40.664997,-73.990543,,40.0,0.0,,,-49.0,-60.0,ap-ptmp
2026-01-07T19:37:44,7ee45009-6bc2-4a26-9b83-a3b07c70a3f6_43b0a15b-db32-4f10-8cba-a18394c9d4dd,8143591f-8e7b-3092-b4f0-8de4255ce3d9,7ee45009-6bc2-4a26-9b83-a3b07c70a3f6,nycmesh-1934-olt-131-460,43b0a15b-db32-4f10-8cba-a18394c9d4dd,460-05F,40.716142,-73.98448,14.0,10.0,40.716364,-73.985193,-3492.0,5.0,64.96443791683336,,,1.0,-22.0,
2026-01-07T19:37:44,029b9158-d691-4968-a7b3-7ffbe1ae03d3_1b49c3a1-579a-43ba-94d9-e03e40ab9191,81e9ebe9-46cb-3069-8e80-ff9118bbe87c,029b9158-d691-4968-a7b3-7ffbe1ae03d3,nycmesh-3461-northwest,1b49c3a1-579a-43ba-94d9-e03e40ab9191,nycmesh-lbe-633,40.672685,-73.96386,,60.95,40.6725,-73.9642,,5.0,35.28977579122606,5510.0,MHz,-67.0,-63.0,ap-ptmp
2026-01-07T19:37:44,ed2ba00d-f21e-4da1-96b5-890bb6510dab_991627d4-18d3-4dfc-8932-c04ef175528a,820f2c95-36eb-3bb0-8c97-c472d0b9a07c,ed2ba00d-f21e-4da1-96b5-890bb6510dab,nycmesh-5916-northeast,991627d4-18d3-4dfc-8932-c04ef175528a,nycmesh-lbe-167,40.696038,-73.939764,,67.46,40.696,-73.9398,23.0,5.0,1.0,5550.0,MHz,-62.0,-62.0,ap-ptmp-airmax-mixed
2026-01-07T19:37:44,7ee45009-6bc2-4a26-9b83-a3b07c70a3f6_4ae83546-7ef2-4a82-b60b-8957c836f6a4,82217e33-c8e6-312f-945a-79b23b26fba1,7ee45009-6bc2-4a26-9b83-a3b07c70a3f6,nycmesh-1934-olt-131-460,4ae83546-7ef2-4a82-b60b-8957c836f6a4,131-09F,40.716142,-73.98448,14.0,10.0,40.716364,-73.985193,-3492.0,5.0,64.96443791683336,,,,,
2026-01-07T19:37:44,c56adf3d-90c9-4ddc-9e36-15a614b8cd17_ea829777-fdb9-4791-96a0-8027d0430ae3,8251a683-55fe-4284-84de-369b5471a7b7,c56adf3d-90c9-4ddc-9e36-15a614b8cd17,nycmesh-5014-wavenano-1340,ea829777-fdb9-4791-96a0-8027d0430ae3,nycmesh-5014-np7,40.694276,-73.90607,,41.6,40.693819,-73.906361,,8.0,56.428505615564006,,,-33.0,-34.0,ap-ptp
2026-01-07T19:37:44,0c855b7b-0b41-4444-a745-3d36962799ad_bde5341c-fc24-489c-a6cf-f5434ad45e92,82aef393-f78c-46e5-a9d8-d31da75814ab,0c855b7b-0b41-4444-a745-3d36962799ad,nycmesh-1932-eps16,bde5341c-fc24-489c-a6cf-f5434ad45e92,nycmesh-1932-cube-3065,40.716098,-73.985997,14.0,100.32,40.716098,-73.985997,14.0,100.32,0.0,,,,,
2026-01-07T19:37:44,f4efb67c-1414-4abb-a8ab-1d8f06884bcf_dc4f1b69-7c03-44ac-923c-0dbaa87655df,82af9e41-8afa-47ff-8da1-6126ca7c7568,f4efb67c-1414-4abb-a8ab-1d8f06884bcf,nycmesh-1933-netpower16p,dc4f1b69-7c03-44ac-923c-0dbaa87655df,nycmesh-1933-waveap-east,40.715467,-73.984401,,97.0,40.715592,-73.984405,,98.3,13.903453642591975,,,-63.0,-63.0,ap-ptmp
2026-01-07T19:37:44,22f8a4e5-891d-48b9-a3b2-9808f9c3b977_c5e98eb7-bd68-4b4a-a671-10fdcabbfa72,82c445ab-a8d4-3349-909a-7d7a5cc724d2,22f8a4e5-891d-48b9-a3b2-9808f9c3b977,nycmesh-3461-northeast,c5e98eb7-bd68-4b4a-a671-10fdcabbfa72,nycmesh-lbe-6283,40.672685,-73.96386,,60.95,40.6725,-73.9642,,5.0,35.28977579122606,5560.0,MHz,-69.0,-67.0,ap-ptmp-airmax-mixed
2026-01-07T19:37:44,09e53032-ef9d-4449-acaa-147a45b1deb9_140e2101-06ea-4934-888e-88bb4a208918,82c9328a-889b-36d3-bdc9-26d88257c5c3,09e53032-ef9d-4449-acaa-147a45b1deb9,nycmesh-486-south,140e2101-06ea-4934-888e-88bb4a208918,nycmesh-lbe-414,40.658948,-73.96112,,10.0,40.6725,-73.9642,,5.0,1532.0,5490.0,MHz,-59.0,-69.0,ap-ptmp-airmax-mixed
2026-01-07T19:37:44,87db6884-346a-4699-a113-4c0d03d278c6_d447836e-951d-4b74-97ce-453e9449b82b,82d3ebd6-85e1-31de-97a9-9a4b53332a92,87db6884-346a-4699-a113-4c0d03d278c6,nycmesh-1340-lbelr-7489,d447836e-951d-4b74-97ce-453e9449b82b,nycmesh-7489-lbelr-1340,40.685823,-73.917272,,12.93,40.659676,-73.913529,10.0,31.1,2924.0,5505.0,MHz,-62.0,-60.0,ap-ptmp
2026-01-07T19:37:44,8c83ed05-bc0a-4ee0-b42e-3f83e2d89b34_0619f700-ea61-4e50-bfc8-5258fdd948cd,82d5a4ac-ef13-33ac-b5a4-b0b059010929,8c83ed05-bc0a-4ee0-b42e-3f83e2d89b34,nycmesh-898-south,0619f700-ea61-4e50-bfc8-5258fdd948cd,nycmesh-lbe-264,40.830461,-73.94109,,10.0,40.8305,-73.9412,,5.0,10.220521987101378,5710.0,MHz,-53.0,-58.0,ap-ptmp-airmax-mixed
2026-01-07T19:37:44,06617725-87b2-45e8-8962-30497e654509_fa46dbe8-a9fa-4c18-91f7-786b50e9012b,82e97c5d-8f7f-3b91-903e-c9ad47bc6f72,06617725-87b2-45e8-8962-30497e654509,nycmesh-730-olt-xgs,fa46dbe8-a9fa-4c18-91f7-786b50e9012b,730-07E,40.844422,-73.893677,,69.000015,40.844422,-73.893677,,5.0,0.0,,,4.0,-16.0,
2026-01-07T19:37:44,6f3a0d1b-b72c-445b-91fe-dcb9ed28f2ac_a36faad5-a556-4902-932b-b5423869e34e,82fa6e7b-35ad-4a55-b6e2-8405f36963fe,6f3a0d1b-b72c-445b-91fe-dcb9ed28f2ac,nycmesh-632-eps16,a36faad5-a556-4902-932b-b5423869e34e,nycmesh-632-wap,40.734646,-73.95053,,37.0,40.734646,-73.95053,,37.0,0.0,,,,,
2026-01-07T19:37:44,4a6f43ed-ac8b-41c6-867b-e893d9737c31_2234f685-f624-4b27-8f49-a25c5be5231f,830b4e62-8ad0-309b-8aec-aa83b300ef9d,4a6f43ed-ac8b-41c6-867b-e893d9737c31,nycmesh-1936-olt-xgs-165,2234f685-f624-4b27-8f49-a25c5be5231f,1936-14L,40.716797,-73.985577,,10.0,40.716797,-73.985577,,5.0,0.0,,,4.0,-17.0,
2026-01-07T19:37:44,06617725-87b2-45e8-8962-30497e654509_a86341f1-044e-4dc1-86f2-6b7b16db8f02,833a1e89-6d93-31ee-9c13-52c2139328bb,06617725-87b2-45e8-8962-30497e654509,nycmesh-730-olt-xgs,a86341f1-044e-4dc1-86f2-6b7b16db8f02,730-10A,40.844422,-73.893677,,69.000015,40.844422,-73.893677,,5.0,0.0,,,5.0,-15.0,
2026-01-07T19:37:44,06617725-87b2-45e8-8962-30497e654509_46e15266-3bc9-4eee-b260-358307a749d4,83474f21-162d-32a3-840d-656d0fff1652,06617725-87b2-45e8-8962-30497e654509,nycmesh-730-olt-xgs,46e15266-3bc9-4eee-b260-358307a749d4,730-02K,40.844422,-73.893677,,69.000015,40.844422,-73.893677,,5.0,0.0,,,4.0,-15.0,
2026-01-07T19:37:44,154c26fb-cfeb-494c-979a-dccbe0e53da0_9ddf4eb9-707b-455e-9457-28d12238597b,8352880e-a87f-4061-8106-2a54d9edba92,154c26fb-cfeb-494c-979a-dccbe0e53da0,nycmesh-4126-np16,9ddf4eb9-707b-455e-9457-28d12238597b,nycmesh-4126-north,40.692245,-73.954483,,10.0,40.692245,-73.954483,,10.0,0.0,,,,,ap-ptmp-airmax-ac
2026-01-07T19:37:44,62a74494-aef0-45ad-ae4e-45f50fb5d591_cd86486e-7b0a-48a8-a513-87857696d900,8373ad16-41b1-444d-8c45-2c2411b9194b,62a74494-aef0-45ad-ae4e-45f50fb5d591,nycmesh-2701-np16-1,cd86486e-7b0a-48a8-a513-87857696d900,nycmesh-2701-np16-2,40.647781,-74.000767,45.0,10.0,40.647781,-74.000767,45.0,10.0,0.0,,,,,
2026-01-07T19:37:44,7ee45009-6bc2-4a26-9b83-a3b07c70a3f6_31c36cb6-c60f-4a44-851c-2be9b622c75d,83ab87b2-94ef-3b9a-a9f8-b06f778af86c,7ee45009-6bc2-4a26-9b83-a3b07c70a3f6,nycmesh-1934-olt-131-460,31c36cb6-c60f-4a44-851c-2be9b622c75d,460-21D,40.716142,-73.98448,14.0,10.0,40.716797,-73.985577,13.0,5.0,117.69674646334691,,,4.0,-22.0,
2026-01-07T19:37:44,d14a79df-ca26-408f-8dc8-4a73585d167a_1f2ae6bc-0cf3-43ad-ac37-14a67291c769,83e774f2-2df2-34af-a285-f75dd4fd55f2,d14a79df-ca26-408f-8dc8-4a73585d167a,nycmesh-3461-southeast,1f2ae6bc-0cf3-43ad-ac37-14a67291c769,nycmesh-lbelr-4507,40.672531,-73.964197,,60.95,40.6555,-73.9592,,10.0,1944.0,5710.0,MHz,-66.0,-68.0,ap-ptmp-airmax-mixed
2026-01-07T19:37:44,c6e5cad9-95d0-4440-86ce-65437fede532_23a1d601-dcb6-4bf9-ba65-91b29e5b5e66,8456d5a6-a344-37a1-9872-40e5c3c6bcab,c6e5cad9-95d0-4440-86ce-65437fede532,nycmesh-sn3-north,23a1d601-dcb6-4bf9-ba65-91b29e5b5e66,nycmesh-lbe-6450,40.6579,-74.0049,,45.32,40.6578,-74.0048,5.0,5.0,1.0,5560.0,MHz,-57.0,-59.0,ap-ptmp-airmax-mixed
2026-01-07T19:37:44,152f92e3-ae69-4875-9bff-51ce135ed453_5b8114e6-2a29-4200-a88c-9fe098796fcd,845c91fa-fc77-4d2f-94c7-ec3ec896301a,152f92e3-ae69-4875-9bff-51ce135ed453,nycmesh-231-netpower16p,5b8114e6-2a29-4200-a88c-9fe098796fcd,nycmesh-231-south,40.645835,-74.013376,,10.0,40.645835,-74.013376,,10.0,0.0,,,-46.0,-58.0,ap-ptmp-airmax-ac
2026-01-07T19:37:44,a57ddde1-6fff-463a-bbee-cbe90258daa6_eee1f4c7-12f1-4ff4-b55d-eabf55a4be5e,84727c5f-567d-36cc-b20a-b45b20ae682b,a57ddde1-6fff-463a-bbee-cbe90258daa6,nycmesh-1932-olt-410,eee1f4c7-12f1-4ff4-b55d-eabf55a4be5e,410-08F,40.716098,-73.985997,14.0,100.32,40.716338,-73.986263,14.0,5.0,34.85361611376818,,,2.0,-15.0,
2026-01-07T19:37:44,7ee45009-6bc2-4a26-9b83-a3b07c70a3f6_68a78ea1-29b6-477c-b724-d868059cf986,84b2b111-1bc2-3287-97c4-69a5446db523,7ee45009-6bc2-4a26-9b83-a3b07c70a3f6,nycmesh-1934-olt-131-460,68a78ea1-29b6-477c-b724-d868059cf986,460-06A,40.716142,-73.98448,14.0,10.0,40.715645,-73.984543,13.0,5.0,55.51836572683728,,,4.0,-17.0,
2026-01-07T19:37:44,ed6ab163-85a9-4f40-a713-cdaf229cc56a_5a501874-8f07-4bb4-8f73-fcebdac0ac2d,84d383c7-0a37-4648-aac4-1baf07fd4763,ed6ab163-85a9-4f40-a713-cdaf229cc56a,nycmesh-731-epr6,5a501874-8f07-4bb4-8f73-fcebdac0ac2d,nycmesh-731-wap60-north,40.724676,-73.98073,,8.0,40.724676,-73.98073,,8.0,0.0,,,,,
2026-01-07T19:37:44,9a293f55-02b4-4201-baaa-9ecedb334bd4_36309bd5-e6c2-42df-8d5d-947ee950b809,84f39384-30a2-384b-8e5e-5531ba3ba0bc,9a293f55-02b4-4201-baaa-9ecedb334bd4,nycmesh-295-south,36309bd5-e6c2-42df-8d5d-947ee950b809,nycmesh-lbe-6794,40.72578,-73.94702,5.0,10.0,40.725616,-73.947094,5.0,5.0,1.0,5570.0,MHz,,,ap-ptmp
2026-01-07T19:37:44,9ec55494-cdd1-4b62-be3a-0ce25031aeba_cf9cfa9d-0b2e-4fcc-90db-c1fe18e21503,8505154e-6b8b-3c89-8105-c765b884db1c,9ec55494-cdd1-4b62-be3a-0ce25031aeba,nycmesh-227-ps5ac-north1,cf9cfa9d-0b2e-4fcc-90db-c1fe18e21503,nycmesh-lbe-7869,40.711095,-74.001382,,161.544,40.715394,-73.999422,10.0,8.0,1.0,5490.0,MHz,-62.0,-61.0,ap-ptmp-airmax-mixed
2026-01-07T19:37:44,7ff31813-0a6d-4bfd-81df-7386cde7bd4c_33ca23fc-7bf1-43b5-b945-266cbf539403,85101bc0-1395-3756-bfad-a87012e0544c,7ff31813-0a6d-4bfd-81df-7386cde7bd4c,nycmesh-1340-north,33ca23fc-7bf1-43b5-b945-266cbf539403,nycmesh-lbe-4462,40.686016,-73.917493,,12.93,40.685823,-73.917272,,25.01,1.0,5490.0,MHz,-56.0,-56.0,ap-ptmp-airmax-mixed
2026-01-07T19:37:44,d21f8692-db31-4714-bffa-aea4293073e7_407dc81f-a0f0-4c14-93ef-28ac9c763f4a,854078bd-34a2-3e7d-8c27-2169ea7a9dbe,d21f8692-db31-4714-bffa-aea4293073e7,nycmesh-584-lap120-south,407dc81f-a0f0-4c14-93ef-28ac9c763f4a,nycmesh-lbe-904,40.793603,-73.965872,,10.0,40.790066,-73.967034,,5.0,5.0,5710.0,MHz,-54.0,-54.0,ap-ptmp-airmax-ac
2026-01-07T19:37:44,57f729bf-1736-4871-bff6-1c20c280b4bc_bf20021e-d27b-4be8-b467-b98a751c8784,85538e90-b44f-4c32-8e80-b8cea5bee953,57f729bf-1736-4871-bff6-1c20c280b4bc,nycmesh-3959-core,bf20021e-d27b-4be8-b467-b98a751c8784,nycmesh-3959-eps16-south,40.841612,-73.941817,,10.0,40.841612,-73.941817,,10.0,0.0,,,,,
2026-01-07T19:37:44,ed2ba00d-f21e-4da1-96b5-890bb6510dab_89c420d1-9c3f-42d4-b39d-2694c250d5b3,857958e2-f5bd-3ec2-9ec6-64fdd21bc941,ed2ba00d-f21e-4da1-96b5-890bb6510dab,nycmesh-5916-northeast,89c420d1-9c3f-42d4-b39d-2694c250d5b3,nycmesh-lbe-869,40.696038,-73.939764,,67.46,40.696,-73.9398,23.0,5.0,1.0,5550.0,MHz,-74.0,-74.0,ap-ptmp-airmax-mixed
2026-01-07T19:37:44,2dd722be-1425-4e1c-b356-2b626ab7e864_9ec55494-cdd1-4b62-be3a-0ce25031aeba,85c1b407-4a9f-4025-a096-3302391dcb95,2dd722be-1425-4e1c-b356-2b626ab7e864,nycmesh-227-eps16,9ec55494-cdd1-4b62-be3a-0ce25031aeba,nycmesh-227-ps5ac-north1,40.710886,-74.001202,10.0,161.544,40.711095,-74.001382,,161.544,27.75362270609966,,,,,ap-ptmp-airmax-mixed
2026-01-07T19:37:44,06617725-87b2-45e8-8962-30497e654509_7bdf362c-8590-4747-889e-7d5829b47e87,85d45e3c-2ade-30b8-8fd3-2efa44d54549,06617725-87b2-45e8-8962-30497e654509,nycmesh-730-olt-xgs,7bdf362c-8590-4747-889e-7d5829b47e87,730-03J,40.844422,-73.893677,,69.000015,40.844422,-73.893677,,5.0,0.0,,,4.0,-16.0,
2026-01-07T19:37:44,df637196-b300-4ef8-9542-10cefcf702f1_7b138769-c50f-412f-b660-c4b243412359,85f16d7e-e490-39d4-b99f-bc74102654c3,df637196-b300-4ef8-9542-10cefcf702f1,nycmesh-544-south,7b138769-c50f-412f-b660-c4b243412359,nycmesh-lbe-645,40.718504,-73.995954,14.0,100.32,40.71748,-73.99756,,5.0,1.0,5550.0,MHz,-49.0,-55.0,ap-ptmp-airmax-mixed
2026-01-07T19:37:44,7ee45009-6bc2-4a26-9b83-a3b07c70a3f6_d5e2b289-fa52-4138-a9d4-dcd1e4b29821,85f2ff26-ad33-3db6-bea4-55bdd8bb33d9,7ee45009-6bc2-4a26-9b83-a3b07c70a3f6,nycmesh-1934-olt-131-460,d5e2b289-fa52-4138-a9d4-dcd1e4b29821,131-25C,40.716142,-73.98448,14.0,10.0,40.716364,-73.985193,-3492.0,5.0,64.96443791683336,,,2.0,-18.0,
2026-01-07T19:37:44,b9c2b771-359e-48c3-8f58-f02ed9f66afe_5c9057ec-9154-4ea0-b584-e9c5ad7da527,860b5823-64b5-3c8b-a93a-71992232aab3,b9c2b771-359e-48c3-8f58-f02ed9f66afe,nycmesh-2463-northeast,5c9057ec-9154-4ea0-b584-e9c5ad7da527,nycmesh-lbe-4745,40.719898,-73.988024,11.0,8.0,40.719897625,-73.98805175,,5.0,2.0,5770.0,MHz,-74.0,-59.0,ap-ptmp-airmax-ac
2026-01-07T19:37:44,7b044371-6cb5-46cb-992b-f6cba37500e7_21a3af60-b696-45e5-ad9d-e27a4072c7f3,8612f8ef-0a6b-37fe-a740-f9ecf6d63aab,7b044371-6cb5-46cb-992b-f6cba37500e7,nycmesh-227-ps5ac-northeast1,21a3af60-b696-45e5-ad9d-e27a4072c7f3,nycmesh-lbe-150,40.710886,-74.001202,,161.544,40.713143,-73.995973,10.0,8.0,1.0,5305.0,MHz,-67.0,-56.0,ap-ptmp-airmax-mixed
2026-01-07T19:37:44,ff7a71c5-e64a-4928-bd82-2e295817db21_e8562380-6cd1-42de-bddd-dac96878eeff,861a9dde-4027-408d-900b-9810774f9a44,ff7a71c5-e64a-4928-bd82-2e295817db21,nycmesh-544-eps16,e8562380-6cd1-42de-bddd-dac96878eeff,nycmesh-544-core,40.718504,-73.995954,,25.0,40.718504,-73.995954,,25.0,0.0,,,,,
2026-01-07T19:37:44,a3e126fb-591f-44b0-9c89-e75bdcf7aa91_ac1267c9-b110-4f41-a4fd-21761d4fbaec,861d0bb6-c2b8-3d12-ab46-0c0d62eea079,a3e126fb-591f-44b0-9c89-e75bdcf7aa91,nycmesh-640-lbe-641,ac1267c9-b110-4f41-a4fd-21761d4fbaec,nycmesh-641-lbe-640,40.798844,-73.938739,,10.0,40.7988,-73.9387,,10.0,175.0,5520.0,MHz,-52.0,-52.0,ap-ptp
2026-01-07T19:37:44,3f0a8dfb-c789-42a7-8351-8233ee097b11_d3a01ddc-ab14-4d99-a6a3-a882c4b7f708,862e5662-2ba5-3ba9-9fb4-f4a40251217d,3f0a8dfb-c789-42a7-8351-8233ee097b11,nycmesh-5916-lbe-west,d3a01ddc-ab14-4d99-a6a3-a882c4b7f708,nycmesh-lbe-681,40.696,-73.9398,,67.46,40.6959,-73.9397,23.0,5.0,1.0,5490.0,MHz,-63.0,-67.0,ap-ptmp-airmax-mixed
2026-01-07T19:37:44,b55b1d8a-729a-4f6a-a99c-05df3a9284f4_e3b3e014-cf7d-49da-b8b3-5bf8eeea8016,863ba00f-b383-460c-bc83-ecec8a6303b1,b55b1d8a-729a-4f6a-a99c-05df3a9284f4,nycmesh-713-eps16,e3b3e014-cf7d-49da-b8b3-5bf8eeea8016,nycmesh-713-af24-231,40.657782,-74.004848,,45.32,40.657631,-74.005173,,45.32,32.14820487944096,,,-57.0,-58.0,ap-ptp
2026-01-07T19:37:44,7b044371-6cb5-46cb-992b-f6cba37500e7_0a174838-e193-429c-8165-a457db517678,86b06bde-a2ba-33e9-90b8-b8cf6d8a9294,7b044371-6cb5-46cb-992b-f6cba37500e7,nycmesh-227-ps5ac-northeast1,0a174838-e193-429c-8165-a457db517678,nycmesh-lbe-1625,40.710886,-74.001202,,161.544,40.71231,-73.998069,10.0,8.0,1.0,5305.0,MHz,-64.0,-57.0,ap-ptmp-airmax-mixed
2026-01-07T19:37:44,4a6f43ed-ac8b-41c6-867b-e893d9737c31_7c2a6124-80e4-41bd-98d0-2414d5431607,86bc23d2-17de-3c46-af22-aaeacaeb6b35,4a6f43ed-ac8b-41c6-867b-e893d9737c31,nycmesh-1936-olt-xgs-165,7c2a6124-80e4-41bd-98d0-2414d5431607,1936-13E,40.716797,-73.985577,,10.0,40.716797,-73.985577,,5.0,0.0,,,4.0,-17.0,
2026-01-07T19:37:44,d58653c2-3737-4371-9909-9e9044c8bbfd_5d3f50e7-31cd-45dc-8bb6-35eef8b03fe4,86d39166-ba94-4d6e-bb62-f6a814d63cda,d58653c2-3737-4371-9909-9e9044c8bbfd,nycmesh-5916-netpower16p,5d3f50e7-31cd-45dc-8bb6-35eef8b03fe4,nycmesh-5916-south3,40.696038,-73.939764,,67.46,40.696038,-73.939764,,67.46,0.0,,,,,ap-ptmp-airmax-mixed
2026-01-07T19:37:44,83ebb66c-9b0d-4a71-af68-50dd94dd36da_d648e07b-d5a7-441b-9155-ace2f2dd93d8,8716e9b2-490f-4972-93e6-8fad2de08424,83ebb66c-9b0d-4a71-af68-50dd94dd36da,nycmesh-584-ICX6610,d648e07b-d5a7-441b-9155-ace2f2dd93d8,nycmesh-584-netpower16p-roof,40.79355,-73.965641,,10.0,40.79355,-73.965641,,10.0,0.0,,,,,
2026-01-07T19:37:44,5949ca17-7037-406c-a276-8db9228d762c_ca59bb13-74a6-4098-8a45-a67aae761b6a,871b2460-68f8-342e-853a-2ee205253dfe,5949ca17-7037-406c-a276-8db9228d762c,nycmesh-1340-west1,ca59bb13-74a6-4098-8a45-a67aae761b6a,nycmesh-lbe-307,40.686117,-73.917818,,12.93,40.685823,-73.9173,,25.01,1.0,5710.0,MHz,-60.0,-61.0,ap-ptmp-airmax-mixed
2026-01-07T19:37:44,6dfcfc62-6607-4238-a6e8-11e59af236df_68b3fc90-93e0-49a4-900f-e9df98fb9361,871e86cf-f33a-4727-b9ec-6831cf2f8e5c,6dfcfc62-6607-4238-a6e8-11e59af236df,nycmesh-5916-eps16,68b3fc90-93e0-49a4-900f-e9df98fb9361,nycmesh-5916-west1,40.696038,-73.939764,23.0,67.46,40.696017,-73.939873,,67.46,9.481367285309355,,,,,ap-ptmp-airmax-mixed
2026-01-07T19:37:44,22f8a4e5-891d-48b9-a3b2-9808f9c3b977_9d078075-5f17-48a4-99c8-0a4c033259ad,872a3618-a51c-3e93-848e-bf6d7eea1dd0,22f8a4e5-891d-48b9-a3b2-9808f9c3b977,nycmesh-3461-northeast,9d078075-5f17-48a4-99c8-0a4c033259ad,nycmesh-lbe-5327,40.672685,-73.96386,,60.95,40.6725,-73.9642,,5.0,35.28977579122606,5560.0,MHz,-66.0,-66.0,ap-ptmp-airmax-mixed
2026-01-07T19:37:44,82094c68-d2cf-4d01-b38b-897ff93940f4_844dce08-1e12-444d-8fa4-a261413cf03f,873ae12f-4027-3e78-bf76-db4930481675,82094c68-d2cf-4d01-b38b-897ff93940f4,nycmesh-584-olt-xgs,844dce08-1e12-444d-8fa4-a261413cf03f,584-spare-1G-1,40.79355,-73.965641,,10.0,40.79355,-73.965641,,5.0,0.0,,,,,
2026-01-07T19:37:44,c516d468-61ec-49fa-9531-8199495d5f1e_3b8c9267-3518-4415-a850-5fdf47bcc66e,873b91f0-9f61-430b-a139-b796d5e674d1,c516d468-61ec-49fa-9531-8199495d5f1e,nycmesh-426-sxt1,3b8c9267-3518-4415-a850-5fdf47bcc66e,nycmesh-426-omni,40.819192,-73.951899,,10.0,40.819192,-73.951899,,10.0,0.0,,,,,
2026-01-07T19:37:44,f4efb67c-1414-4abb-a8ab-1d8f06884bcf_011c26e8-ce49-45f7-a204-a503f2b817c5,87412f6d-112a-4f2b-8aba-c90588b98fb2,f4efb67c-1414-4abb-a8ab-1d8f06884bcf,nycmesh-1933-netpower16p,011c26e8-ce49-45f7-a204-a503f2b817c5,nycmesh-1933-east-s3,40.715467,-73.984401,,97.0,40.715592,-73.984427,,97.0,14.071041061196686,,,-75.0,-74.0,ap-ptmp-airmax-mixed
2026-01-07T19:37:44,7ee45009-6bc2-4a26-9b83-a3b07c70a3f6_5b8b1872-d65b-4629-9933-cc89ad9200a0,87478df9-2357-3c68-ad63-3651dd525222,7ee45009-6bc2-4a26-9b83-a3b07c70a3f6,nycmesh-1934-olt-131-460,5b8b1872-d65b-4629-9933-cc89ad9200a0,460-03C,40.716142,-73.98448,14.0,10.0,40.715645,-73.984543,13.0,5.0,55.51836572683728,,,5.0,-16.0,
2026-01-07T19:37:44,6049013c-8494-48fb-8509-d62ffbbd6e26_b8f53172-e4dc-40a6-be29-a2d484a947c6,876a657a-a844-4ce1-909d-dba59ac12301,6049013c-8494-48fb-8509-d62ffbbd6e26,nycmesh-158-omni,b8f53172-e4dc-40a6-be29-a2d484a947c6,nycmesh-158-NP7-rear,40.691659,-73.924413,,10.0,40.691659,-73.924413,,10.0,0.0,,,,,
2026-01-07T19:37:44,601385ad-bf3b-43e9-aef0-dc159eb8c34c_fc8978dd-81f7-4400-a405-2bd7b4210e6c,8776fce9-30bc-4478-b40b-471f5ae6c0ad,601385ad-bf3b-43e9-aef0-dc159eb8c34c,nycmesh-898-eps16,fc8978dd-81f7-4400-a405-2bd7b4210e6c,nycmesh-898-core,40.830454,-73.941171,41.0,10.0,40.830454,-73.941171,,10.0,0.0,,,,,
2026-01-07T19:37:44,302d0e27-bb14-4835-a7e8-a12ef8b201cf_eef13765-2253-4461-a176-fc590c1a37f6,87add6e6-f6f8-3b57-bf79-20b0bd2d4186,302d0e27-bb14-4835-a7e8-a12ef8b201cf, nycmesh-5916-gbep1-roof (Rob's Test GBE+),eef13765-2253-4461-a176-fc590c1a37f6,nycmesh-5916-gbep2-ground,40.696038,-73.939764,23.0,0.0,40.696038,-73.939764,23.0,67.46,1.0,58320.0,MHz,-57.0,-56.0,ap-ptp
2026-01-07T19:37:44,badd001c-f979-49ed-8483-a4fa38c8f23f_7bd945cc-0bd2-4da0-ac7e-b01c322d0854,87c14063-b631-4b00-9bd8-9b6668ce2a1d,badd001c-f979-49ed-8483-a4fa38c8f23f,nycmesh-430-omni,7bd945cc-0bd2-4da0-ac7e-b01c322d0854,nycmesh-430-lite7r,40.694876,-73.94938,,16.0,40.694876,-73.94938,,16.0,0.0,,,,,
2026-01-07T19:37:44,06617725-87b2-45e8-8962-30497e654509_ea02870f-6cd2-4b8d-a40b-5a8627e98d5e,87cb7d63-e4df-30cb-9ac4-ca30885b7670,06617725-87b2-45e8-8962-30497e654509,nycmesh-730-olt-xgs,ea02870f-6cd2-4b8d-a40b-5a8627e98d5e,730-07P,40.844422,-73.893677,,69.000015,40.844422,-73.893677,,5.0,0.0,,,3.0,-16.0,
2026-01-07T19:37:44,39e3a0f6-45c3-4347-b425-5702123c0854_1df75f1a-67d4-4bd4-911a-64d762508829,87eaa9d8-16bd-4847-b1f5-6d95d2a8012a,39e3a0f6-45c3-4347-b425-5702123c0854,nycmesh-1084-gbep-1167,1df75f1a-67d4-4bd4-911a-64d762508829,nycmesh-1084-omni,40.729552,-73.945949,4.0,0.0,40.729552,-73.945949,4.0,8.0,0.0,,,-62.0,-61.0,ap-ptp
2026-01-07T19:37:44,bd496c6c-7b62-4b77-8020-6d86bbbc7694_521e1d3c-62cd-4e17-a245-e1b7cf8da686,87efae67-91df-4d67-a74e-2ba9905f4946,bd496c6c-7b62-4b77-8020-6d86bbbc7694,nycmesh-648-eps16,521e1d3c-62cd-4e17-a245-e1b7cf8da686,nycmesh-648-south,40.639719,-73.995809,,25.0,40.639719,-73.995809,,25.0,0.0,,,,,ap-ptmp-airmax-ac
2026-01-07T19:37:44,06617725-87b2-45e8-8962-30497e654509_721d5733-c32b-42d7-9957-f227c0b1e303,8801160a-22be-3054-87cc-b68dacaecb76,06617725-87b2-45e8-8962-30497e654509,nycmesh-730-olt-xgs,721d5733-c32b-42d7-9957-f227c0b1e303,730-05P,40.844422,-73.893677,,69.000015,40.844422,-73.893677,,5.0,0.0,,,4.0,-16.0,
2026-01-07T19:37:44,49d5a794-8892-4930-a26f-3f843d6eb110_254bba31-8111-42c4-9d69-c9ba7be50e14,880e68a6-33d5-32e7-9243-b1228d7253d3,49d5a794-8892-4930-a26f-3f843d6eb110,nycmesh-407-lbe-1971,254bba31-8111-42c4-9d69-c9ba7be50e14,nycmesh-1971-lbe-407,40.713282,-73.99037,,11.42,40.712811,-73.994744,10.0,30.0,372.0,5795.0,MHz,-67.0,-66.0,ap-ptp
2026-01-07T19:37:44,06617725-87b2-45e8-8962-30497e654509_dcecda4e-0989-46aa-8dc6-36cdd3718bff,88252014-4cac-3e72-bf95-896fdf9b875a,06617725-87b2-45e8-8962-30497e654509,nycmesh-730-olt-xgs,dcecda4e-0989-46aa-8dc6-36cdd3718bff,730-03N 70:a7:41:3e:d9:f1,40.844422,-73.893677,,69.000015,40.844422,-73.893677,,5.0,0.0,,,4.0,-16.0,
2026-01-07T19:37:44,24148d9a-d324-4633-8c90-86699d7692b8_9a19274c-a05f-474b-b9fc-ae1483d0e992,883eea00-dccd-3427-a37d-919c22cd2a14,24148d9a-d324-4633-8c90-86699d7692b8,nycmesh-7800-east,9a19274c-a05f-474b-b9fc-ae1483d0e992,nycmesh-lbe-148,40.815336,-73.950302,,10.0,40.8156286,-73.9502282,35.0,5.0,33.12308925991758,5520.0,MHz,-59.0,-61.0,ap-ptmp-airmax-ac
2026-01-07T19:37:44,7ee45009-6bc2-4a26-9b83-a3b07c70a3f6_4d79ebbb-9763-4dab-8c6d-34b890036ae2,88479762-eff6-384f-a88a-4b2f86b18262,7ee45009-6bc2-4a26-9b83-a3b07c70a3f6,nycmesh-1934-olt-131-460,4d79ebbb-9763-4dab-8c6d-34b890036ae2,131-06E,40.716142,-73.98448,14.0,10.0,40.716364,-73.985193,-3492.0,5.0,64.96443791683336,,,3.0,-19.0,
2026-01-07T19:37:44,db9968fa-dd1f-458a-8f1f-bea3e6db6e7c_b9d74e79-958d-43da-807c-67f08b368138,8854d3ac-11e5-45dc-8bda-03782a356615,db9968fa-dd1f-458a-8f1f-bea3e6db6e7c,nycmesh-5151-eps16,b9d74e79-958d-43da-807c-67f08b368138,nycmesh-5151-gbelr-1635,40.67543,-73.98058,,22.0,40.67545,-73.98061,,0.0,3.368439806659801,,,-58.0,-59.0,ap-ptp
2026-01-07T19:37:44,06617725-87b2-45e8-8962-30497e654509_05dcda32-b9a4-454a-93be-610ecdd8fb18,8877eaa9-5202-3336-9fad-3186f2c4fe53,06617725-87b2-45e8-8962-30497e654509,nycmesh-730-olt-xgs,05dcda32-b9a4-454a-93be-610ecdd8fb18,730-03R,40.844422,-73.893677,,69.000015,40.844422,-73.893677,,5.0,0.0,,,4.0,-15.0,
2026-01-07T19:37:44,7bfb4d7a-a78e-4620-a084-4d420a9d8c51_338f28ee-7689-4a63-a7ae-ea0d463432e3,887f1e3e-3e49-3cbd-97ee-dc3aa672454a,7bfb4d7a-a78e-4620-a084-4d420a9d8c51,nycmesh-5916-south2,338f28ee-7689-4a63-a7ae-ea0d463432e3,nycmesh-lbe-448,40.696048,-73.939788,,67.46,40.696038,-73.939764,23.0,5.0,1.0,5550.0,MHz,-67.0,-58.0,ap-ptmp-airmax-mixed
2026-01-07T19:37:44,9adb5597-618b-4244-bf8a-3a725f99be43_256dd605-20d7-4899-a362-0d0be0608c51,888ee411-d7bf-4b6b-ba1e-8c1243d62820,9adb5597-618b-4244-bf8a-3a725f99be43,nycmesh-1933-force6g-632,256dd605-20d7-4899-a362-0d0be0608c51,nycmesh-632-force6g-1933,40.715467,-73.984401,,97.0,40.734646,-73.95053,,37.0,3562.989871473743,,,,,
2026-01-07T19:37:44,06617725-87b2-45e8-8962-30497e654509_351a6113-454b-4583-a20f-e388fcd0fb72,88c0f0da-7704-3061-a5f4-9bd6c567182c,06617725-87b2-45e8-8962-30497e654509,nycmesh-730-olt-xgs,351a6113-454b-4583-a20f-e388fcd0fb72,730-06Q,40.844422,-73.893677,,69.000015,40.844422,-73.893677,,5.0,0.0,,,5.0,-16.0,
2026-01-07T19:37:44,a57ddde1-6fff-463a-bbee-cbe90258daa6_adf39a75-10e9-498a-912b-4468e324367f,88c2b247-52cf-3a2b-af4e-714f8f62883d,a57ddde1-6fff-463a-bbee-cbe90258daa6,nycmesh-1932-olt-410,adf39a75-10e9-498a-912b-4468e324367f,410-20C,40.716098,-73.985997,14.0,100.32,40.716338,-73.986263,14.0,5.0,34.85361611376818,,,2.0,-16.0,
2026-01-07T19:37:44,892ab773-a541-4d70-a7d3-5db85e0b87b2_7816e9c2-f30d-4e63-a98e-6cc05a07f879,88fbe7f8-049c-4cc9-8806-e88ca3def8e6,892ab773-a541-4d70-a7d3-5db85e0b87b2,nycmesh-552-core,7816e9c2-f30d-4e63-a98e-6cc05a07f879,nycmesh-552-7r-549-DE,40.649506,-74.003566,,30.0,40.649506,-74.003566,,30.0,0.0,,,,,
2026-01-07T19:37:44,c82bb62b-ddf2-4011-8556-12b170f43ef2_7ef8be57-5847-4258-8f58-79d78adfafad,88fd344c-686a-37cb-badb-cf7c5b1bd106,c82bb62b-ddf2-4011-8556-12b170f43ef2,nycmesh-1340-west,7ef8be57-5847-4258-8f58-79d78adfafad,nycmesh-lbe-2874,40.686016,-73.917493,,53.3,40.685823,-73.917272,,25.01,1.0,5560.0,MHz,-60.0,-60.0,ap-ptmp-airmax-mixed
2026-01-07T19:37:44,152f92e3-ae69-4875-9bff-51ce135ed453_25be4474-71ae-4ae8-9b16-6bf9ad6ab22c,890eb899-39e4-46cb-8de0-7a7105b2136b,152f92e3-ae69-4875-9bff-51ce135ed453,nycmesh-231-netpower16p,25be4474-71ae-4ae8-9b16-6bf9ad6ab22c,nycmesh-231-west,40.645835,-74.013376,,10.0,40.645933,-74.013631,,10.0,24.11648132617266,,,,,ap-ptmp-airmax-mixed
2026-01-07T19:37:44,154c26fb-cfeb-494c-979a-dccbe0e53da0_cdd72494-b979-42ce-b9a2-eef5b2be0b99,8910f7b2-6d9c-42ea-9bc7-b1500c8e5a45,154c26fb-cfeb-494c-979a-dccbe0e53da0,nycmesh-4126-np16,cdd72494-b979-42ce-b9a2-eef5b2be0b99,nycmesh-4126-omni,40.692245,-73.954483,,10.0,40.692245,-73.954483,,10.0,0.0,,,,,
2026-01-07T19:37:44,22f8a4e5-891d-48b9-a3b2-9808f9c3b977_96a18618-c3cc-41f1-8115-7f9fa7717458,8936f55d-6a32-3b59-a5c5-39efbfc3465d,22f8a4e5-891d-48b9-a3b2-9808f9c3b977,nycmesh-3461-northeast,96a18618-c3cc-41f1-8115-7f9fa7717458,nycmesh-lbe-585,40.672685,-73.96386,,60.95,40.6725,-73.9642,,5.0,35.28977579122606,5560.0,MHz,-73.0,-73.0,ap-ptmp-airmax-mixed
2026-01-07T19:37:44,7ee45009-6bc2-4a26-9b83-a3b07c70a3f6_025065be-a993-4641-af6c-11f2e4dab45f,893d4d4e-9260-319a-b56c-da11a4fffa2b,7ee45009-6bc2-4a26-9b83-a3b07c70a3f6,nycmesh-1934-olt-131-460,025065be-a993-4641-af6c-11f2e4dab45f,131-08F,40.716142,-73.98448,14.0,10.0,40.716364,-73.985193,-3492.0,5.0,64.96443791683336,,,3.0,-26.0,
2026-01-07T19:37:44,b6ed7b18-8c1e-497a-b8b7-3bab229980c4_c7dbc709-f694-451b-9dd9-12940a419f4a,89d1cb83-603c-3047-b6c4-40a266522d34,b6ed7b18-8c1e-497a-b8b7-3bab229980c4,nycmesh-5916-south1,c7dbc709-f694-451b-9dd9-12940a419f4a,nycmesh-lbe-287,40.696042,-73.939797,,67.46,40.696038,-73.939764,23.0,5.0,1.0,5490.0,MHz,-69.0,-62.0,ap-ptmp-airmax-mixed
2026-01-07T19:37:44,db9968fa-dd1f-458a-8f1f-bea3e6db6e7c_3a75b85a-28a0-4e0f-9b21-11ff5ed74943,89e19f28-23ff-4082-85d9-2da4ece72eb1,db9968fa-dd1f-458a-8f1f-bea3e6db6e7c,nycmesh-5151-eps16,3a75b85a-28a0-4e0f-9b21-11ff5ed74943,nycmesh-5151-wap60-east,40.67543,-73.98058,,22.0,40.67543,-73.98058,,22.0,0.0,,,,,
2026-01-07T19:37:44,eba66502-9fed-47cd-8f99-a502b12b924e_91e7f59b-59bb-49d5-8dc3-cf25bf2ec373,89f93b46-0b87-4ed6-9671-428bb0008250,eba66502-9fed-47cd-8f99-a502b12b924e,nycmesh-1417-force6g-1340,91e7f59b-59bb-49d5-8dc3-cf25bf2ec373,nycmesh-1417-core,40.71363,-73.935641,,14.0,40.71363,-73.935641,,14.0,0.0,,,,,
2026-01-07T19:37:44,823f33a1-7896-44fa-9d9c-dfdd9a2c3c6c_6b468d9b-f25a-468c-8907-dbf56baaf788,8a009c28-7ffa-3efd-bd38-411f64c8609b,823f33a1-7896-44fa-9d9c-dfdd9a2c3c6c,nycmesh-162-east,6b468d9b-f25a-468c-8907-dbf56baaf788,nycmesh-lbe-858,40.664997,-73.990543,,40.0,40.665,-73.9906,,5.0,3.0,5490.0,MHz,-57.0,-63.0,ap-ptmp-airmax-mixed
2026-01-07T19:37:44,7ca4cf74-d1b4-45a1-8a08-797d51351865_64e72aa1-8281-456f-aba5-16662bbd5975,8a13361e-2afc-356c-b27c-d6aa327ffec9,7ca4cf74-d1b4-45a1-8a08-797d51351865,nycmesh-731-east,64e72aa1-8281-456f-aba5-16662bbd5975,nycmesh-nbe-621,40.724676,-73.98073,,8.0,40.724676,-73.98073,6.0,8.0,1.0,5545.0,MHz,-63.0,-63.0,ap-ptmp-airmax-mixed
2026-01-07T19:37:44,a1d9f474-7fbf-4a50-b1a6-aa188a8456ed_cbfbd763-1102-4767-8473-fd6795b96c7e,8a2a8fc3-05d0-4a7e-9967-bc11e91f54f7,a1d9f474-7fbf-4a50-b1a6-aa188a8456ed,nycmesh-3461-eps16,cbfbd763-1102-4767-8473-fd6795b96c7e,nycmesh-3461-core,40.672531,-73.964197,,60.95,40.672531,-73.964197,,60.95,0.0,,,,,
2026-01-07T19:37:44,ffc9508b-83dd-4113-bd55-c6936f0f0d6d_211d2df5-c305-43ac-a08b-0b65bd3d0106,8a63a0bd-ae74-3990-acad-6999a7e3ef3c,ffc9508b-83dd-4113-bd55-c6936f0f0d6d,nycmesh-1932-west-s6,211d2df5-c305-43ac-a08b-0b65bd3d0106,nycmesh-lbe-678,40.716098,-73.985997,14.0,100.32,40.716098,-73.985997,14.0,5.0,8.0,5560.0,MHz,-56.0,-50.0,ap-ptmp-airmax-mixed
2026-01-07T19:37:44,fedaa7a4-daf4-40bc-9ecc-38dda513b9aa_763cf40a-56de-46a9-b95d-9ec01df7815b,8a87cd61-45e3-4752-8f0b-9e1b5984f8b9,fedaa7a4-daf4-40bc-9ecc-38dda513b9aa,nycmesh-4507-af60lr,763cf40a-56de-46a9-b95d-9ec01df7815b,nycmesh-4507-omni,40.65553,-73.959146,,34.3,40.655468,-73.959154,,10.0,6.927037221511477,,,-50.0,-53.0,sta-ptmp
2026-01-07T19:37:44,7ee45009-6bc2-4a26-9b83-a3b07c70a3f6_787e005f-147c-4104-a227-66fb2612fff7,8aa14edc-8001-3e25-95d7-8f9967e41291,7ee45009-6bc2-4a26-9b83-a3b07c70a3f6,nycmesh-1934-olt-131-460,787e005f-147c-4104-a227-66fb2612fff7,131-17F,40.716142,-73.98448,14.0,10.0,40.716364,-73.985193,-3492.0,5.0,64.96443791683336,,,4.0,-16.0,
2026-01-07T19:37:44,a57ddde1-6fff-463a-bbee-cbe90258daa6_20c8e5b4-7a62-4181-a962-a2613bb88a03,8ac3ed7c-5a09-34a5-86f8-6d4b47d70aa5,a57ddde1-6fff-463a-bbee-cbe90258daa6,nycmesh-1932-olt-410,20c8e5b4-7a62-4181-a962-a2613bb88a03,410-17C,40.716098,-73.985997,14.0,100.32,40.716338,-73.986263,14.0,5.0,34.85361611376818,,,2.0,-23.0,
2026-01-07T19:37:44,288a4d6b-9dab-466a-bd38-27ea7f451ee8_8098999b-3a3c-4a40-8402-2f6d1653258c,8b01c3db-4383-4ec4-9f03-36d2c3228e26,288a4d6b-9dab-466a-bd38-27ea7f451ee8,nycmesh-854-omni,8098999b-3a3c-4a40-8402-2f6d1653258c,nycmesh-854-lbelr-329,40.711568,-73.946966,,10.0,40.7175,-73.9418,,10.0,787.0,,,-52.0,-58.0,sta-ptp
2026-01-07T19:37:44,06617725-87b2-45e8-8962-30497e654509_1b8a7017-8449-4c5b-a224-5020ff4632e9,8b0d033d-9edd-318b-b28c-b828c6b57d46,06617725-87b2-45e8-8962-30497e654509,nycmesh-730-olt-xgs,1b8a7017-8449-4c5b-a224-5020ff4632e9,730-06A,40.844422,-73.893677,,69.000015,40.844422,-73.893677,,5.0,0.0,,,4.0,-16.0,
2026-01-07T19:37:44,a57ddde1-6fff-463a-bbee-cbe90258daa6_9aeeec9b-67b6-4c98-af9e-83dbba5b41e6,8b7a636a-7831-3f99-af4b-dfb9813078e3,a57ddde1-6fff-463a-bbee-cbe90258daa6,nycmesh-1932-olt-410,9aeeec9b-67b6-4c98-af9e-83dbba5b41e6,410-14B,40.716098,-73.985997,14.0,100.32,40.716338,-73.986263,14.0,5.0,34.85361611376818,,,5.0,-19.0,
2026-01-07T19:37:44,91e7f59b-59bb-49d5-8dc3-cf25bf2ec373_d9a19b73-bcb9-4512-a56f-4238ad4c4c6c,8b935e06-9d63-4e98-91bc-ac88ce910ab8,91e7f59b-59bb-49d5-8dc3-cf25bf2ec373,nycmesh-1417-core,d9a19b73-bcb9-4512-a56f-4238ad4c4c6c,nycmesh-1417-gbelr-3606,40.71363,-73.935641,,14.0,40.713606,-73.935565,7.0,0.0,6.939223277871876,,,-57.0,-60.0,ap-ptp
2026-01-07T19:37:44,06617725-87b2-45e8-8962-30497e654509_2518a6df-77a4-4422-91e8-6499e9dba2ab,8b972102-a1f5-3a58-b938-27e83f6c4853,06617725-87b2-45e8-8962-30497e654509,nycmesh-730-olt-xgs,2518a6df-77a4-4422-91e8-6499e9dba2ab,730-09G,40.844422,-73.893677,,69.000015,40.844422,-73.893677,,5.0,0.0,,,5.0,-15.0,
2026-01-07T19:37:44,d14a79df-ca26-408f-8dc8-4a73585d167a_14f2fa3b-028c-4389-ab16-6e0341e88a62,8bccb41a-9c2f-37d5-bde2-6c9eb6eb2bcc,d14a79df-ca26-408f-8dc8-4a73585d167a,nycmesh-3461-southeast,14f2fa3b-028c-4389-ab16-6e0341e88a62,nycmesh-nsl-377,40.672531,-73.964197,,60.95,40.6725,-73.9642,,5.0,3.4563153488510543,5710.0,MHz,,,ap-ptmp-airmax-mixed
2026-01-07T19:37:44,c462dbf2-1357-494c-a6af-ea3b02c96c03_3f472124-70e0-4c52-9fe1-32ce4ed735c6,8bcfd991-3e43-4d01-a019-99b214359b77,c462dbf2-1357-494c-a6af-ea3b02c96c03,nycmesh-162-eps16,3f472124-70e0-4c52-9fe1-32ce4ed735c6,nycmesh-162-af60lr-1635,40.664997,-73.990543,,40.0,40.665054,-73.990438,,61.1,10.890558033839435,,,-31.0,-32.0,ap-ptp
2026-01-07T19:37:44,c661fb92-4219-45d3-989f-8ce9f4d2f0b7_33346643-f7a4-4055-aaf9-4f397d4ccd8d,8bd4a4f9-c318-3f38-a86b-ea6f42ac2959,c661fb92-4219-45d3-989f-8ce9f4d2f0b7,nycmesh-219-west,33346643-f7a4-4055-aaf9-4f397d4ccd8d,nycmesh-lbe-7985,40.67441,-73.94024,,10.0,40.67596,-73.94076,23.0,15.0,181.0,5510.0,MHz,-48.0,-48.0,ap-ptmp-airmax-mixed
2026-01-07T19:37:44,7ee45009-6bc2-4a26-9b83-a3b07c70a3f6_e60ca8e6-4f04-441d-ba2b-ef8963c79108,8bdd2614-0ddb-310f-81a2-0dca6fff5bbe,7ee45009-6bc2-4a26-9b83-a3b07c70a3f6,nycmesh-1934-olt-131-460,e60ca8e6-4f04-441d-ba2b-ef8963c79108,131-12F,40.716142,-73.98448,14.0,10.0,40.716364,-73.985193,-3492.0,5.0,64.96443791683336,,,4.0,-25.0,
2026-01-07T19:37:44,6c7c7fb3-55c1-4493-b96d-bd0bd2282db2_5a74a99a-773f-44a8-96e8-d9820565badc,8c40667f-e483-3b2f-b3eb-d38f494d2fff,6c7c7fb3-55c1-4493-b96d-bd0bd2282db2,nycmesh-1933-east-s2,5a74a99a-773f-44a8-96e8-d9820565badc,nycmesh-lbe-863,40.715467,-73.984401,,97.0,40.7155,-73.9844,,8.0,3.670400353959759,5560.0,MHz,-63.0,-63.0,ap-ptmp-airmax-mixed
2026-01-07T19:37:44,bbb7f053-93c3-4ad4-85f6-460aa467abd1_6bfa32b8-85db-403a-9f5c-1cfc00717fa4,8c64e99e-e317-41a1-a38a-3f618ae437b8,bbb7f053-93c3-4ad4-85f6-460aa467abd1,nycmesh-169-af60lr,6bfa32b8-85db-403a-9f5c-1cfc00717fa4,nycmesh-169-omni,40.70858,-73.921552,8.0,24.2,40.708499,-73.921952,,30.0,34.89824885931328,,,-55.0,-58.0,sta-ptmp
2026-01-07T19:37:44,dcbb98b2-f147-4123-96e7-16a91875ad00_58b882fe-41d0-41ab-bbac-0759a4cbd8bd,8c75ae39-6498-4e34-aefa-57011fc777eb,dcbb98b2-f147-4123-96e7-16a91875ad00,nycmesh-7800-omni,58b882fe-41d0-41ab-bbac-0759a4cbd8bd,nycmesh-7800-south,40.815629,-73.950228,,10.0,40.815324,-73.950354,,10.0,35.53341090983211,,,,,ap-ptmp-airmax-mixed
2026-01-07T19:37:44,94802f4b-dd73-4924-88b4-553ea777fd89_698eb556-38cc-422a-b441-b1fea6592714,8c7f2f4c-15d0-3033-8633-d6c060a13a90,94802f4b-dd73-4924-88b4-553ea777fd89,nycmesh-162-north,698eb556-38cc-422a-b441-b1fea6592714,nycmesh-lbe-828,40.664997,-73.990543,,40.0,40.665,-73.9906,,5.0,3.0,5810.0,MHz,-49.0,-52.0,ap-ptmp
2026-01-07T19:37:44,7ee45009-6bc2-4a26-9b83-a3b07c70a3f6_236ebdeb-791e-45d1-8264-97cddf9288d9,8cb088d3-0873-356f-86e1-8ffb4a1db283,7ee45009-6bc2-4a26-9b83-a3b07c70a3f6,nycmesh-1934-olt-131-460,236ebdeb-791e-45d1-8264-97cddf9288d9,131-10D,40.716142,-73.98448,14.0,10.0,40.716364,-73.985193,-3492.0,5.0,64.96443791683336,,,3.0,-27.0,
2026-01-07T19:37:44,d14a79df-ca26-408f-8dc8-4a73585d167a_1fd89957-0c5b-4d5e-802f-50be62d3d09a,8cd997ad-4376-3907-b67e-8a563063ccf0,d14a79df-ca26-408f-8dc8-4a73585d167a,nycmesh-3461-southeast,1fd89957-0c5b-4d5e-802f-50be62d3d09a,nycmesh-lbe-181,40.672531,-73.964197,,60.95,40.6725,-73.9642,,5.0,3.4563153488510543,5710.0,MHz,-67.0,-69.0,ap-ptmp-airmax-mixed
2026-01-07T19:37:44,06617725-87b2-45e8-8962-30497e654509_7e8272f1-796d-451d-98a7-bc7ac0f2aff4,8d0d5c07-5f47-3ce8-a08c-5b637be9de32,06617725-87b2-45e8-8962-30497e654509,nycmesh-730-olt-xgs,7e8272f1-796d-451d-98a7-bc7ac0f2aff4,730-02N,40.844422,-73.893677,,69.000015,40.844422,-73.893677,,5.0,0.0,,,4.0,-14.0,
2026-01-07T19:37:44,882c4808-3ed2-488b-8c1c-c38c156f67a1_891e3b17-a51d-4e0f-9a66-f7301114cfe7,8d41a1c5-2650-30bb-8a3b-5c833a358a37,882c4808-3ed2-488b-8c1c-c38c156f67a1,nycmesh-407-east,891e3b17-a51d-4e0f-9a66-f7301114cfe7,nycmesh-lbe-7016,40.713282,-73.99037,,11.42,40.7132633,-73.9903429,10.0,8.0,3.0,5710.0,MHz,-44.0,-51.0,ap-ptmp-airmax-mixed
2026-01-07T19:37:44,4a6f43ed-ac8b-41c6-867b-e893d9737c31_96d733bd-1eb1-4c3e-925e-0a8d8b580476,8d57b700-2836-3d11-8fc5-980e64ef5865,4a6f43ed-ac8b-41c6-867b-e893d9737c31,nycmesh-1936-olt-xgs-165,96d733bd-1eb1-4c3e-925e-0a8d8b580476,1936-13C,40.716797,-73.985577,,10.0,40.716797,-73.985577,,5.0,0.0,,,5.0,-17.0,
2026-01-07T19:37:44,6f3a0d1b-b72c-445b-91fe-dcb9ed28f2ac_1d484623-1fbd-4bd7-a6bd-d7af8b296e36,8d6b6929-ef64-49e5-92ea-c63cf2fc6dba,6f3a0d1b-b72c-445b-91fe-dcb9ed28f2ac,nycmesh-632-eps16,1d484623-1fbd-4bd7-a6bd-d7af8b296e36,nycmesh-632-gbep-5712,40.734646,-73.95053,,37.0,40.734646,-73.95053,,0.0,0.0,,,-55.0,-61.0,ap-ptp
2026-01-07T19:37:44,0a45a9c2-11ce-43ad-9f9a-6e3852f80d6f_1e3c9f54-7251-482a-8d6d-d5438cc2c2b9,8d96cd4d-cdfd-31da-95e7-3818e495a9f1,0a45a9c2-11ce-43ad-9f9a-6e3852f80d6f,nycmesh-3959-eps16-east,1e3c9f54-7251-482a-8d6d-d5438cc2c2b9,nycmesh-3959-af24-2299,40.841612,-73.941817,,10.0,40.841782,-73.941856,,10.0,19.185717450765093,,,,,sta-ptp
2026-01-07T19:37:44,cbfbd763-1102-4767-8473-fd6795b96c7e_4c495fc0-a1e2-4691-b005-c1fb13769942,8dc8f98f-1fef-445d-9cfe-db40b3040e8a,cbfbd763-1102-4767-8473-fd6795b96c7e,nycmesh-3461-core,4c495fc0-a1e2-4691-b005-c1fb13769942,nycmesh-3461-apc-roof,40.672531,-73.964197,,60.95,40.672531,-73.964197,,60.95,0.0,,,,,
2026-01-07T19:37:44,06617725-87b2-45e8-8962-30497e654509_72040106-97c8-4eb1-a0a9-9008b790c3b0,8dd1e277-9981-328c-9c38-0211ddd1c400,06617725-87b2-45e8-8962-30497e654509,nycmesh-730-olt-xgs,72040106-97c8-4eb1-a0a9-9008b790c3b0,730-01A,40.844422,-73.893677,,69.000015,40.844422,-73.893677,,5.0,0.0,,,4.0,-20.0,
2026-01-07T19:37:44,d14a79df-ca26-408f-8dc8-4a73585d167a_484a15c8-c5bd-414e-8098-37008620a319,8df2aec6-581b-3fa7-8d84-3002db59b192,d14a79df-ca26-408f-8dc8-4a73585d167a,nycmesh-3461-southeast,484a15c8-c5bd-414e-8098-37008620a319,nycmesh-lbe-154,40.672531,-73.964197,,60.95,40.6725,-73.9642,,5.0,3.4563153488510543,5710.0,MHz,,,ap-ptmp-airmax-mixed
2026-01-07T19:37:44,22f8a4e5-891d-48b9-a3b2-9808f9c3b977_0217a1b9-0bdd-4151-9b30-7356908d8841,8df2bc4f-8552-3c92-b140-0c061d163b75,22f8a4e5-891d-48b9-a3b2-9808f9c3b977,nycmesh-3461-northeast,0217a1b9-0bdd-4151-9b30-7356908d8841,nycmesh-lbe-871,40.672685,-73.96386,,60.95,40.6725,-73.9642,,5.0,35.28977579122606,5560.0,MHz,,,ap-ptmp-airmax-mixed
2026-01-07T19:37:44,4a6f43ed-ac8b-41c6-867b-e893d9737c31_b2102c29-dd07-4fbd-9348-dcf7b1e52c8d,8e2c6237-250c-30d3-93c5-1c890acc4cdb,4a6f43ed-ac8b-41c6-867b-e893d9737c31,nycmesh-1936-olt-xgs-165,b2102c29-dd07-4fbd-9348-dcf7b1e52c8d,1936-04P,40.716797,-73.985577,,10.0,40.716797,-73.985577,,5.0,0.0,,,4.0,-16.0,
2026-01-07T19:37:44,6788e188-b081-46f8-956b-30142595fb12_e7762f31-e91a-4719-9540-e8827c1ce0d8,8e88ff6d-89f2-43d6-983c-a396ca4369ff,6788e188-b081-46f8-956b-30142595fb12,HDHomeRun,e7762f31-e91a-4719-9540-e8827c1ce0d8,nycmesh-1933-hexs,40.715467,-73.984401,,97.0,40.715467,-73.984401,,97.0,0.0,,,,,
2026-01-07T19:37:44,83ebb66c-9b0d-4a71-af68-50dd94dd36da_82094c68-d2cf-4d01-b38b-897ff93940f4,8f09a2f1-b1f6-4ced-9e15-3cc198cd36df,83ebb66c-9b0d-4a71-af68-50dd94dd36da,nycmesh-584-ICX6610,82094c68-d2cf-4d01-b38b-897ff93940f4,nycmesh-584-olt-xgs,40.79355,-73.965641,,10.0,40.79355,-73.965641,,10.0,0.0,,,,,
2026-01-07T19:37:44,7bfb4d7a-a78e-4620-a084-4d420a9d8c51_ecd5e611-dd00-4520-994b-ee5e72f9ae32,8f0f43d5-deee-3533-8c86-dc84de5022d8,7bfb4d7a-a78e-4620-a084-4d420a9d8c51,nycmesh-5916-south2,ecd5e611-dd00-4520-994b-ee5e72f9ae32,nycmesh-lbe-4126,40.696048,-73.939788,,67.46,40.696,-73.9398,23.0,10.0,1310.0,5550.0,MHz,-67.0,-60.0,ap-ptmp-airmax-mixed
2026-01-07T19:37:44,7ee45009-6bc2-4a26-9b83-a3b07c70a3f6_03be1c23-3915-49d2-ad07-7de4652485c2,8f1b315d-bebf-3a39-b3bf-503671e63177,7ee45009-6bc2-4a26-9b83-a3b07c70a3f6,nycmesh-1934-olt-131-460,03be1c23-3915-49d2-ad07-7de4652485c2,131-06H,40.716142,-73.98448,14.0,10.0,40.716364,-73.985193,-3492.0,5.0,64.96443791683336,,,3.0,-20.0,
2026-01-07T19:37:44,4a6f43ed-ac8b-41c6-867b-e893d9737c31_0cc0ef61-011e-47a3-a82b-828112d183eb,8f5d68f0-513a-3b05-a4db-c9037f9b1f3c,4a6f43ed-ac8b-41c6-867b-e893d9737c31,nycmesh-1936-olt-xgs-165,0cc0ef61-011e-47a3-a82b-828112d183eb,1936-13F,40.716797,-73.985577,,10.0,40.716797,-73.985577,,5.0,0.0,,,5.0,-17.0,
2026-01-07T19:37:44,7ee45009-6bc2-4a26-9b83-a3b07c70a3f6_5a446947-6fd4-4536-9086-606b44ef50a3,8f7c34f2-aaf4-3055-b276-c09b108999bf,7ee45009-6bc2-4a26-9b83-a3b07c70a3f6,nycmesh-1934-olt-131-460,5a446947-6fd4-4536-9086-606b44ef50a3,460-20C,40.716142,-73.98448,14.0,10.0,40.715645,-73.984543,13.0,5.0,55.51836572683728,,,5.0,-23.0,
2026-01-07T19:37:44,7ee45009-6bc2-4a26-9b83-a3b07c70a3f6_ae85bdc0-0b18-4ae4-8c7b-557c75113fdf,8fff5fc8-883b-3a18-8770-6bcbc9f41b15,7ee45009-6bc2-4a26-9b83-a3b07c70a3f6,nycmesh-1934-olt-131-460,ae85bdc0-0b18-4ae4-8c7b-557c75113fdf,460-25A,40.716142,-73.98448,14.0,10.0,40.715526,-73.984399,13.0,5.0,68.8354308742578,,,,,
2026-01-07T19:37:44,6f3a0d1b-b72c-445b-91fe-dcb9ed28f2ac_0f63bab3-f3aa-4756-84ee-6e00e6664532,900392c9-f3be-4333-90ad-6f3d9aba84c2,6f3a0d1b-b72c-445b-91fe-dcb9ed28f2ac,nycmesh-632-eps16,0f63bab3-f3aa-4756-84ee-6e00e6664532,nycmesh-632-south,40.734646,-73.95053,,37.0,40.734319,-73.950321,,40.0,40.400566287776385,,,-59.0,-58.0,ap-ptmp-airmax-mixed
2026-01-07T19:37:44,67c600e1-20de-4d70-88c4-04948195d890_e5a415f3-f1cb-45a8-9e9e-1f6a9a12a1bf,9048014c-59f0-335e-901c-b4ccf36d0ff0,67c600e1-20de-4d70-88c4-04948195d890,nycmesh-649-west,e5a415f3-f1cb-45a8-9e9e-1f6a9a12a1bf,nycmesh-lbe-651,40.660151,-73.940068,,10.0,40.6602,-73.9401,,5.0,6.080508044460312,5530.0,MHz,-54.0,-66.0,ap-ptmp-airmax-mixed
2026-01-07T19:37:44,b9f960ef-84df-4e74-9e0e-80cb373199b3_e46ce82a-e4d8-490f-b758-313cf70b1d8d,904f0fe9-0ff3-49fc-b140-e79708c4eaf2,b9f960ef-84df-4e74-9e0e-80cb373199b3,nycmesh-4507-mant-south,e46ce82a-e4d8-490f-b758-313cf70b1d8d,nycmesh-4868-sxt,40.655468,-73.959154,,10.0,40.6554684,-73.95915425,,5.0,0.04922445080716141,,,,,
2026-01-07T19:37:44,4a6f43ed-ac8b-41c6-867b-e893d9737c31_7fd0db54-a1e9-4548-9f89-3fd79b82c4d7,905de323-6cce-38ad-8332-5e0a8146ccc3,4a6f43ed-ac8b-41c6-867b-e893d9737c31,nycmesh-1936-olt-xgs-165,7fd0db54-a1e9-4548-9f89-3fd79b82c4d7,1936-03R,40.716797,-73.985577,,10.0,40.716797,-73.985577,,5.0,0.0,,,3.0,-16.0,
2026-01-07T19:37:44,06617725-87b2-45e8-8962-30497e654509_2c21e44d-6212-4e95-bb49-98894113961e,909d370d-8396-332f-b27c-33fe76718e2e,06617725-87b2-45e8-8962-30497e654509,nycmesh-730-olt-xgs,2c21e44d-6212-4e95-bb49-98894113961e,730-04D,40.844422,-73.893677,,69.000015,40.844422,-73.893677,,5.0,0.0,,,4.0,-15.0,
2026-01-07T19:37:44,82094c68-d2cf-4d01-b38b-897ff93940f4_3bf046a9-eb47-4614-ba1c-98c04bd8e9f6,90a86aa9-6fe6-3ee6-982d-40015b90bcc4,82094c68-d2cf-4d01-b38b-897ff93940f4,nycmesh-584-olt-xgs,3bf046a9-eb47-4614-ba1c-98c04bd8e9f6,584-East-01E-1G-Anna,40.79355,-73.965641,,10.0,40.79355,-73.965641,,5.0,0.0,,,3.0,-15.0,
2026-01-07T19:37:44,01a74e3c-7494-4e0a-a380-1d611e988f35_3d4b2605-28fa-4993-814a-094bbc707ebc,90f21371-c2ab-376a-933b-3137ce20d5fe,01a74e3c-7494-4e0a-a380-1d611e988f35,nycmesh-227-ps5ac-north2,3d4b2605-28fa-4993-814a-094bbc707ebc,nycmesh-lbelr-3,40.711166,-74.001244,,161.544,40.72487,-73.987851,,-32.0,1916.0,5710.0,MHz,-68.0,-75.0,ap-ptmp-airmax-mixed
2026-01-07T19:37:44,7ee45009-6bc2-4a26-9b83-a3b07c70a3f6_41e886b7-f74a-4f7e-b108-590bafa602fb,9102cf9d-ac9a-3828-be5c-385c618bc87c,7ee45009-6bc2-4a26-9b83-a3b07c70a3f6,nycmesh-1934-olt-131-460,41e886b7-f74a-4f7e-b108-590bafa602fb,460-19D,40.716142,-73.98448,14.0,10.0,40.715564,-73.984569,13.0,5.0,64.70690342261612,,,1.0,-26.0,
2026-01-07T19:37:44,3e851429-ccde-4c56-a1b7-019e49194141_a81596ae-9569-47e8-b312-b157d020b469,9108689f-6ef3-308f-adf5-7827d380b362,3e851429-ccde-4c56-a1b7-019e49194141,nycmesh-227-ps5ac-northeast2,a81596ae-9569-47e8-b312-b157d020b469,nycmesh-lbe-407,40.711065,-74.001308,,158.0,40.713282,-73.99037,,11.42,951.0,5820.0,MHz,-59.0,-48.0,ap-ptmp-airmax-mixed
2026-01-07T19:37:44,a57ddde1-6fff-463a-bbee-cbe90258daa6_761dba31-04e9-4db6-a6d2-43b0a6363d27,913114fe-99fa-3d8f-84bb-455857e74d48,a57ddde1-6fff-463a-bbee-cbe90258daa6,nycmesh-1932-olt-410,761dba31-04e9-4db6-a6d2-43b0a6363d27,410-14H,40.716098,-73.985997,14.0,100.32,40.716338,-73.986263,14.0,5.0,34.85361611376818,,,3.0,-18.0,
2026-01-07T19:37:44,ffc9508b-83dd-4113-bd55-c6936f0f0d6d_25437a34-3b55-4146-bb42-872056996335,915919c4-ca9f-3c83-a8e4-cae52ab0b9a3,ffc9508b-83dd-4113-bd55-c6936f0f0d6d,nycmesh-1932-west-s6,25437a34-3b55-4146-bb42-872056996335,nycmesh-lbe-252,40.716098,-73.985997,14.0,100.32,40.7184,73.9922,14.0,5.0,8.0,5560.0,MHz,-61.0,-59.0,ap-ptmp-airmax-mixed
2026-01-07T19:37:44,7ee45009-6bc2-4a26-9b83-a3b07c70a3f6_1ac07ce8-ecae-4bbc-b76a-a4273820c6e5,915b5aa5-1b1e-393d-9913-7a5c310ec049,7ee45009-6bc2-4a26-9b83-a3b07c70a3f6,nycmesh-1934-olt-131-460,1ac07ce8-ecae-4bbc-b76a-a4273820c6e5,131-06C,40.716142,-73.98448,14.0,10.0,40.716364,-73.985193,-3492.0,5.0,64.96443791683336,,,3.0,-14.0,
2026-01-07T19:37:44,5949ca17-7037-406c-a276-8db9228d762c_219b434d-5c4d-44f9-b195-73259699d879,916067bf-3597-34f3-84dd-8be63d62dcca,5949ca17-7037-406c-a276-8db9228d762c,nycmesh-1340-west1,219b434d-5c4d-44f9-b195-73259699d879,nycmesh-lbe-5421,40.686117,-73.917818,,12.93,40.685823,-73.917272,,25.01,1.0,5710.0,MHz,-56.0,-58.0,ap-ptmp-airmax-mixed
2026-01-07T19:37:44,c82bb62b-ddf2-4011-8556-12b170f43ef2_0f30e5f8-edda-45c6-ab83-65717d054345,91883cb4-9368-3210-8afc-0a2f21958ae6,c82bb62b-ddf2-4011-8556-12b170f43ef2,nycmesh-1340-west,0f30e5f8-edda-45c6-ab83-65717d054345,nycmesh-lbe-212,40.686016,-73.917493,,53.3,40.685823,-73.917272,,25.01,1.0,5560.0,MHz,-62.0,-63.0,ap-ptmp-airmax-mixed
2026-01-07T19:37:44,c4095443-47b1-44f2-bc54-bc1a9b041ea2_f988c4b6-9aa6-48f6-836f-4074bb819f78,918f0443-d44b-39ff-9615-c1dd4e2c9b77,c4095443-47b1-44f2-bc54-bc1a9b041ea2,nycmesh-3461-north,f988c4b6-9aa6-48f6-836f-4074bb819f78,nycmesh-lbe-516,40.672531,-73.964197,,60.95,40.6725,-73.9642,,5.0,3.4563153488510543,5310.0,MHz,-64.0,-65.0,ap-ptmp-airmax-mixed
2026-01-07T19:37:44,a57ddde1-6fff-463a-bbee-cbe90258daa6_6360276f-3f48-4949-b758-dc3437dc178a,91c3b6ac-9067-3fc1-9267-581570fc5e97,a57ddde1-6fff-463a-bbee-cbe90258daa6,nycmesh-1932-olt-410,6360276f-3f48-4949-b758-dc3437dc178a,410-02A,40.716098,-73.985997,14.0,100.32,40.716338,-73.986263,14.0,5.0,34.85361611376818,,,3.0,-20.0,
2026-01-07T19:37:44,5949ca17-7037-406c-a276-8db9228d762c_f354fcb4-2f50-4784-b966-46ad8d8b3df7,91f6b7ca-a8ec-32aa-b7f8-e92f82dc0441,5949ca17-7037-406c-a276-8db9228d762c,nycmesh-1340-west1,f354fcb4-2f50-4784-b966-46ad8d8b3df7,nycmesh-lbe-6268,40.686117,-73.917818,,12.93,40.685823,-73.917272,,25.01,1.0,5710.0,MHz,-63.0,-63.0,ap-ptmp-airmax-mixed
2026-01-07T19:37:44,06617725-87b2-45e8-8962-30497e654509_42d5b394-c40f-415e-b64e-bf69b3a80f5e,921906ee-6886-38b6-9e05-f4c093da78cb,06617725-87b2-45e8-8962-30497e654509,nycmesh-730-olt-xgs,42d5b394-c40f-415e-b64e-bf69b3a80f5e,730-03B,40.844422,-73.893677,,69.000015,40.844422,-73.893677,,5.0,0.0,,,4.0,-15.0,
2026-01-07T19:37:44,06617725-87b2-45e8-8962-30497e654509_8207d1cb-a65c-4b13-9c47-46921770d0d6,923df701-e559-30e9-b166-5aa3f5cc8366,06617725-87b2-45e8-8962-30497e654509,nycmesh-730-olt-xgs,8207d1cb-a65c-4b13-9c47-46921770d0d6,730-08C 70:a7:41:3d:62:c4,40.844422,-73.893677,,69.000015,40.844422,-73.893677,,5.0,0.0,,,5.0,-18.0,
2026-01-07T19:37:44,1d484623-1fbd-4bd7-a6bd-d7af8b296e36_4a73f309-0e18-4806-b23a-ca38a07f3fca,92b2ff7c-aaf8-3b3e-be16-e84fa79ba849,1d484623-1fbd-4bd7-a6bd-d7af8b296e36,nycmesh-632-gbep-5712,4a73f309-0e18-4806-b23a-ca38a07f3fca,nycmesh-5712-gbep-632,40.734646,-73.95053,,0.0,40.73676,-73.95441,6.0,0.0,420.0,60480.0,MHz,-55.0,-55.0,ap-ptp
2026-01-07T19:37:44,7ee45009-6bc2-4a26-9b83-a3b07c70a3f6_9785207a-2db1-4b46-9ac4-6f736da58e65,92f19f6d-05ec-32be-8fe0-cbdb4be9b576,7ee45009-6bc2-4a26-9b83-a3b07c70a3f6,nycmesh-1934-olt-131-460,9785207a-2db1-4b46-9ac4-6f736da58e65,460-04C,40.716142,-73.98448,14.0,10.0,40.715564,-73.984569,13.0,5.0,64.70690342261612,,,2.0,-23.0,
2026-01-07T19:37:44,c6e5cad9-95d0-4440-86ce-65437fede532_5c63008f-6e81-4076-90d1-46b84c452a62,92fe69ab-6048-32c1-a251-24b3044a0f40,c6e5cad9-95d0-4440-86ce-65437fede532,nycmesh-sn3-north,5c63008f-6e81-4076-90d1-46b84c452a62,nycmesh-lbe-682,40.6579,-74.0049,,45.32,40.6578,-74.0048,,5.0,1.0,5560.0,MHz,-63.0,-68.0,ap-ptmp-airmax-mixed
2026-01-07T19:37:44,06617725-87b2-45e8-8962-30497e654509_f8233eb8-cc56-4030-910d-16cbfcdb7b19,9313d98b-f2c6-3b76-b535-2c08a7a93e8b,06617725-87b2-45e8-8962-30497e654509,nycmesh-730-olt-xgs,f8233eb8-cc56-4030-910d-16cbfcdb7b19,730-11G,40.844422,-73.893677,,69.000015,40.844422,-73.893677,,5.0,0.0,,,4.0,-16.0,
2026-01-07T19:37:44,7ca4cf74-d1b4-45a1-8a08-797d51351865_acf8a5ea-901d-43b1-9e1d-c54fe2712646,93bc3cdf-c3ec-3eba-8a35-a4ac713732ec,7ca4cf74-d1b4-45a1-8a08-797d51351865,nycmesh-731-east,acf8a5ea-901d-43b1-9e1d-c54fe2712646,nycmesh-lbe-771,40.724676,-73.98073,,8.0,40.7247,-73.9807,6.0,8.0,1.0,5545.0,MHz,-53.0,-52.0,ap-ptmp-airmax-mixed
2026-01-07T19:37:44,495499c2-8b14-412c-b13f-38ff838d5290_b8c190df-2928-43f9-b593-cf5186be9436,93d3abe1-399a-3ae2-b2bd-6989829a99f8,495499c2-8b14-412c-b13f-38ff838d5290,nycmesh-5151-northeast,b8c190df-2928-43f9-b593-cf5186be9436,nycmesh-lbe-5108,40.67543,-73.98058,,22.0,40.6754,-73.9806,20.0,5.0,2.0,5710.0,MHz,-64.0,-69.0,ap-ptmp-airmax-mixed
2026-01-07T19:37:44,7ee45009-6bc2-4a26-9b83-a3b07c70a3f6_62f9872f-c8dd-4a49-b03d-e6a309542d99,941cd397-c172-3583-89e0-7f2f69f52494,7ee45009-6bc2-4a26-9b83-a3b07c70a3f6,nycmesh-1934-olt-131-460,62f9872f-c8dd-4a49-b03d-e6a309542d99,460-08D,40.716142,-73.98448,14.0,10.0,40.715645,-73.984543,13.0,5.0,55.51836572683728,,,4.0,-26.0,
2026-01-07T19:37:44,98568ac8-05aa-4fe8-8573-b637127eba18_85076a4f-8089-4b04-8fb1-88b614db935e,9424a9b8-6328-4621-8146-52cc4b8a4124,98568ac8-05aa-4fe8-8573-b637127eba18,nycmesh-1340-core,85076a4f-8089-4b04-8fb1-88b614db935e,nycmesh-1340-ups,40.685823,-73.917272,,12.93,40.685823,-73.917272,,12.93,0.0,,,,,
2026-01-07T19:37:44,a02480b9-09be-4691-87a4-9f99c013c262_4baae161-21a6-4842-9513-98de0f38e43e,942912a1-5372-3989-a34d-9dabb9d057b9,a02480b9-09be-4691-87a4-9f99c013c262,nycmesh-3461-waveap-north,4baae161-21a6-4842-9513-98de0f38e43e,nycmesh-251-af60lr,40.672531,-73.964197,,0.0,40.680173,-73.963217,,47.0,853.7610101146101,66960.0,MHz,-55.0,-51.0,ap-ptmp
2026-01-07T19:37:44,a57ddde1-6fff-463a-bbee-cbe90258daa6_6aa8e7b9-166c-4b02-aeb1-c8edc22f7f24,94621879-b956-38f2-b44d-8b80ca07ac2c,a57ddde1-6fff-463a-bbee-cbe90258daa6,nycmesh-1932-olt-410,6aa8e7b9-166c-4b02-aeb1-c8edc22f7f24,410-07E,40.716098,-73.985997,14.0,100.32,40.716338,-73.986263,14.0,5.0,34.85361611376818,,,1.0,-21.0,
2026-01-07T19:37:44,06617725-87b2-45e8-8962-30497e654509_1f472dc8-1257-40c6-aba9-a84acf7df8fd,947de976-631e-3a37-81e0-621b7965e19b,06617725-87b2-45e8-8962-30497e654509,nycmesh-730-olt-xgs,1f472dc8-1257-40c6-aba9-a84acf7df8fd,730-07K,40.844422,-73.893677,,69.000015,40.844422,-73.893677,,5.0,0.0,,,4.0,-16.0,
2026-01-07T19:37:44,22f8a4e5-891d-48b9-a3b2-9808f9c3b977_14f20094-9799-4348-acd6-60d2e1a9a30b,948cc0df-a7f7-3118-ab7a-00e623a6884a,22f8a4e5-891d-48b9-a3b2-9808f9c3b977,nycmesh-3461-northeast,14f20094-9799-4348-acd6-60d2e1a9a30b,nycmesh-lbe-916,40.672685,-73.96386,,60.95,40.6725,-73.9642,,5.0,35.28977579122606,5560.0,MHz,-71.0,-68.0,ap-ptmp-airmax-mixed
2026-01-07T19:37:44,6a7b2cf7-6d09-41df-801b-3a6e3fd792ce_ef47c82e-ec64-492e-ab2a-93e6a45d6cbc,9497e3e7-cf3f-4f69-81e0-1b2debfaa082,6a7b2cf7-6d09-41df-801b-3a6e3fd792ce,nycmesh-2299-wavepro-730,ef47c82e-ec64-492e-ab2a-93e6a45d6cbc,nycmesh-2299-eps16,40.861363,-73.907873,,80.4,40.861367,-73.907738,,10.0,11.36168876812664,,,-41.0,-42.0,sta-ptp
2026-01-07T19:37:44,0c855b7b-0b41-4444-a745-3d36962799ad_687abebd-7979-4dad-8c73-74e82c72852c,94a8adf0-a377-4204-a329-43c78f4d9880,0c855b7b-0b41-4444-a745-3d36962799ad,nycmesh-1932-eps16,687abebd-7979-4dad-8c73-74e82c72852c,nycmesh-1932-lhg60-2463,40.716098,-73.985997,14.0,100.32,40.716098,-73.985997,14.0,100.32,0.0,,,,,
2026-01-07T19:37:44,4a6f43ed-ac8b-41c6-867b-e893d9737c31_e418a4c1-dd3a-425c-afff-1d796c52428e,94b4e740-5346-3b29-84e7-f7211592d74b,4a6f43ed-ac8b-41c6-867b-e893d9737c31,nycmesh-1936-olt-xgs-165,e418a4c1-dd3a-425c-afff-1d796c52428e,1936-04K,40.716797,-73.985577,,10.0,40.716797,-73.985577,,5.0,0.0,,,4.0,-16.0,
2026-01-07T19:37:44,7ca4cf74-d1b4-45a1-8a08-797d51351865_62a1d8ca-ce9b-484e-bd5c-b7c2a240d527,9509ebc6-e9d1-3145-9916-9e747d4bbb2a,7ca4cf74-d1b4-45a1-8a08-797d51351865,nycmesh-731-east,62a1d8ca-ce9b-484e-bd5c-b7c2a240d527,nycmesh-lbe-1930,40.724676,-73.98073,,8.0,40.724676,-73.98073,6.0,8.0,1.0,5545.0,MHz,-52.0,-51.0,ap-ptmp-airmax-mixed
2026-01-07T19:37:44,6c0254eb-876a-499e-8d22-ac3e317703a0_da133605-2c12-47c9-8031-8141333db7f6,953e9d67-1ef4-4bbf-bbb0-83f25cd4bbfb,6c0254eb-876a-499e-8d22-ac3e317703a0,nycmesh-2299-core,da133605-2c12-47c9-8031-8141333db7f6,nycmesh-2299-edgepower,40.861367,-73.907738,,10.0,40.861367,-73.907738,,10.0,0.0,,,,,
2026-01-07T19:37:44,e226fa7d-c1b4-454b-9eed-7e966fdf0b88_fa8b6920-01e5-4d27-ae8e-487a4d35cfe9,954d455c-93a0-467f-845a-ac7752072518,e226fa7d-c1b4-454b-9eed-7e966fdf0b88,nycmesh-3606-lite7r,fa8b6920-01e5-4d27-ae8e-487a4d35cfe9,nycmesh-3606-gbelr-1417,40.708499,-73.921952,,30.0,40.708571,-73.921886,8.0,0.0,1287.0,,,-60.0,-57.0,sta-ptp
2026-01-07T19:37:44,a81596ae-9569-47e8-b312-b157d020b469_8acc7c7d-f64d-4023-9736-2695f9ade451,958a7b15-f259-4422-9442-9924b80cbff0,a81596ae-9569-47e8-b312-b157d020b469,nycmesh-lbe-407,8acc7c7d-f64d-4023-9736-2695f9ade451,nycmesh-407-eps16,40.713282,-73.99037,,11.42,40.713282,-73.99037,,11.42,0.0,,,-59.0,-48.0,sta-ptmp
2026-01-07T19:37:44,029b9158-d691-4968-a7b3-7ffbe1ae03d3_55d5429e-c495-4e67-95d3-8159cec98717,95d18666-a0ba-3a50-83ab-e8d15ae96b17,029b9158-d691-4968-a7b3-7ffbe1ae03d3,nycmesh-3461-northwest,55d5429e-c495-4e67-95d3-8159cec98717,nycmesh-lbe-3682,40.672685,-73.96386,,60.95,40.6725,-73.9642,,5.0,35.28977579122606,5510.0,MHz,-67.0,-67.0,ap-ptmp
2026-01-07T19:37:44,fa8b6920-01e5-4d27-ae8e-487a4d35cfe9_d9a19b73-bcb9-4512-a56f-4238ad4c4c6c,95d8ac0a-a890-383f-95c5-1bf78ed98672,fa8b6920-01e5-4d27-ae8e-487a4d35cfe9,nycmesh-3606-gbelr-1417,d9a19b73-bcb9-4512-a56f-4238ad4c4c6c,nycmesh-1417-gbelr-3606,40.708571,-73.921886,8.0,0.0,40.713606,-73.935565,7.0,0.0,1281.7022730013011,64800.0,MHz,-60.0,-60.0,sta-ptp
2026-01-07T19:37:44,4a6f43ed-ac8b-41c6-867b-e893d9737c31_fbb80861-45e9-4a7a-b03e-4e1f61fd3188,95d8cae0-5c3d-3fb8-9812-98eddee5e99d,4a6f43ed-ac8b-41c6-867b-e893d9737c31,nycmesh-1936-olt-xgs-165,fbb80861-45e9-4a7a-b03e-4e1f61fd3188,1936-15I,40.716797,-73.985577,,10.0,40.716797,-73.985577,,5.0,0.0,,,4.0,-15.0,
2026-01-07T19:37:44,a57ddde1-6fff-463a-bbee-cbe90258daa6_6212ccfd-310d-44b3-be93-0df177ec3686,95f1c816-e780-3dec-88c9-4879a1942457,a57ddde1-6fff-463a-bbee-cbe90258daa6,nycmesh-1932-olt-410,6212ccfd-310d-44b3-be93-0df177ec3686,410-04A,40.716098,-73.985997,14.0,100.32,40.716338,-73.986263,14.0,5.0,34.85361611376818,,,4.0,-20.0,
2026-01-07T19:37:44,4a6f43ed-ac8b-41c6-867b-e893d9737c31_df01ecb7-6c29-47e4-93c9-fc5a107886a6,95f86ef2-b866-3289-923d-486e089dab8c,4a6f43ed-ac8b-41c6-867b-e893d9737c31,nycmesh-1936-olt-xgs-165,df01ecb7-6c29-47e4-93c9-fc5a107886a6,1936-08N,40.716797,-73.985577,,10.0,40.716797,-73.985577,,5.0,0.0,,,4.0,-17.0,
2026-01-07T19:37:44,4a6f43ed-ac8b-41c6-867b-e893d9737c31_23868011-0a33-4dc8-b9ed-e6bfec21f502,960a0088-03c9-3433-93e0-4f9dfcef737c,4a6f43ed-ac8b-41c6-867b-e893d9737c31,nycmesh-1936-olt-xgs-165,23868011-0a33-4dc8-b9ed-e6bfec21f502,1936-12Q,40.716797,-73.985577,,10.0,40.716797,-73.985577,,5.0,0.0,,,5.0,-18.0,
2026-01-07T19:37:44,4a6f43ed-ac8b-41c6-867b-e893d9737c31_f000c4cf-2d93-49c1-8760-b9fc6f308344,961ae6fe-3606-3117-8487-29d23324c1ae,4a6f43ed-ac8b-41c6-867b-e893d9737c31,nycmesh-1936-olt-xgs-165,f000c4cf-2d93-49c1-8760-b9fc6f308344,1936-12B,40.716797,-73.985577,,10.0,40.716797,-73.985577,,5.0,0.0,,,4.0,-15.0,
2026-01-07T19:37:44,d648e07b-d5a7-441b-9155-ace2f2dd93d8_d21f8692-db31-4714-bffa-aea4293073e7,9655d3a3-f979-4d38-923f-4a9a0dda890a,d648e07b-d5a7-441b-9155-ace2f2dd93d8,nycmesh-584-netpower16p-roof,d21f8692-db31-4714-bffa-aea4293073e7,nycmesh-584-lap120-south,40.79355,-73.965641,,10.0,40.793603,-73.965872,,10.0,20.319480604155853,,,-54.0,-48.0,ap-ptmp-airmax-ac
2026-01-07T19:37:44,08b58c11-0517-48cd-a34f-9828dfdcc28f_48036018-f142-4ed5-99cf-84ffc7f1bc71,967e6dbe-64f0-4774-a7f2-88a2ecf0aa2e,08b58c11-0517-48cd-a34f-9828dfdcc28f,nycmesh-648-core,48036018-f142-4ed5-99cf-84ffc7f1bc71,nycmesh-648-hex,40.639719,-73.995809,,25.0,40.639719,-73.995809,,25.0,0.0,,,,,
2026-01-07T19:37:44,57f729bf-1736-4871-bff6-1c20c280b4bc_e61d7785-99e5-4343-8784-e99da93b9fe3,9695164b-e359-448e-ae3e-d89cc9bb79a1,57f729bf-1736-4871-bff6-1c20c280b4bc,nycmesh-3959-core,e61d7785-99e5-4343-8784-e99da93b9fe3,nycmesh-3959-edgepower2,40.841612,-73.941817,,10.0,40.841612,-73.941817,,10.0,0.0,,,,,
2026-01-07T19:37:44,82094c68-d2cf-4d01-b38b-897ff93940f4_27478e04-4147-4627-9f2a-a6b17e3ce147,96b3c52d-614b-3f38-b833-5fe24a487f0f,82094c68-d2cf-4d01-b38b-897ff93940f4,nycmesh-584-olt-xgs,27478e04-4147-4627-9f2a-a6b17e3ce147,584-East-10C-1G-Caroline,40.79355,-73.965641,,10.0,40.79355,-73.965641,,5.0,0.0,,,3.0,-18.0,
2026-01-07T19:37:44,ab12c2bf-2fc9-40ce-9ef7-b8b1b4d9e324_e3220e71-2e1e-4f70-8c11-819c8700cde9,96ec47ab-48d3-4df5-a8b4-8edeea82f1bd,ab12c2bf-2fc9-40ce-9ef7-b8b1b4d9e324,nycmesh-1635-eps16,e3220e71-2e1e-4f70-8c11-819c8700cde9,nycmesh-1635-omni,40.667569,-73.98239,33.0,10.0,40.667569,-73.98239,33.0,10.0,0.0,,,,,
2026-01-07T19:37:44,06617725-87b2-45e8-8962-30497e654509_4e29081a-e59e-4783-956f-4ceb4ff42213,96f6ea7a-6f9c-3e79-a121-86edce56a1c7,06617725-87b2-45e8-8962-30497e654509,nycmesh-730-olt-xgs,4e29081a-e59e-4783-956f-4ceb4ff42213,730-04Q,40.844422,-73.893677,,69.000015,40.844422,-73.893677,,5.0,0.0,,,5.0,-16.0,
2026-01-07T19:37:44,27b0f5ac-b0cf-4504-973b-bfa51a23d1e7_6f9cf2c2-31de-49ee-86a5-80298eaffbff,970caa94-4844-304f-b92e-a2e1beacda61,27b0f5ac-b0cf-4504-973b-bfa51a23d1e7,nycmesh-584-wavenano-908,6f9cf2c2-31de-49ee-86a5-80298eaffbff,nycmesh-908-wavenano-584,40.793632,-73.965878,,98.1,40.80355,-73.995274,,89.7,5.0,65880.0,MHz,-56.0,-58.0,ap-ptp
2026-01-07T19:37:44,4a6f43ed-ac8b-41c6-867b-e893d9737c31_7c349658-ff4f-485b-9484-c41dcee189f7,97219bb9-9f69-3e27-a31b-36516ce22f91,4a6f43ed-ac8b-41c6-867b-e893d9737c31,nycmesh-1936-olt-xgs-165,7c349658-ff4f-485b-9484-c41dcee189f7,1936-12G,40.716797,-73.985577,,10.0,40.716797,-73.985577,,5.0,0.0,,,4.0,-17.0,
2026-01-07T19:37:44,06617725-87b2-45e8-8962-30497e654509_6b8410fe-7c05-4e81-ad61-b8c3a7221d8f,975d82ef-8571-36c2-aa29-b290a1bccb52,06617725-87b2-45e8-8962-30497e654509,nycmesh-730-olt-xgs,6b8410fe-7c05-4e81-ad61-b8c3a7221d8f,730-09M,40.844422,-73.893677,,69.000015,40.844422,-73.893677,,5.0,0.0,,,3.0,-19.0,
2026-01-07T19:37:44,badd001c-f979-49ed-8483-a4fa38c8f23f_9e5ea2bf-4398-43a4-b1c9-f2f69a1d6d8b,977174b4-ae63-4538-b932-64b1da27d9fe,badd001c-f979-49ed-8483-a4fa38c8f23f,nycmesh-430-omni,9e5ea2bf-4398-43a4-b1c9-f2f69a1d6d8b,nycmesh-430-sxt-517,40.694876,-73.94938,,16.0,40.694876,-73.94938,,16.0,0.0,,,,,
2026-01-07T19:37:44,1af5b87e-d1f4-422e-8718-49e9cf980227_6a56e8a7-2e08-40ae-aa6f-85be7064b753,977a0783-30a3-3d77-8625-dd7473b66dfd,1af5b87e-d1f4-422e-8718-49e9cf980227,nycmesh-1340-south,6a56e8a7-2e08-40ae-aa6f-85be7064b753,nycmesh-lbe-878,40.686016,-73.917493,,53.3,40.685823,-73.917272,,25.01,1.0,5750.0,MHz,-82.0,-73.0,ap-ptmp-airmax-mixed
2026-01-07T19:37:44,25a60c05-a427-4949-8429-622866062481_be96d989-8dc6-4250-87ca-b9c845494cf7,978f6a3a-f8fa-3208-b706-9901f4412954,25a60c05-a427-4949-8429-622866062481,nycmesh-407-north,be96d989-8dc6-4250-87ca-b9c845494cf7,nycmesh-pbe-6978,40.713242,-73.990392,,11.42,40.713757,-73.9919,10.0,8.0,3.0,5505.0,MHz,-53.0,-49.0,ap-ptmp-airmax-mixed
2026-01-07T19:37:44,50e0abe2-d07f-4ccc-a395-0884c89bee43_badd001c-f979-49ed-8483-a4fa38c8f23f,979fe0c4-e494-4652-ae44-73b4eea7db6d,50e0abe2-d07f-4ccc-a395-0884c89bee43,ncymesh-430-af60lr,badd001c-f979-49ed-8483-a4fa38c8f23f,nycmesh-430-omni,40.694918,-73.949413,23.0,33.8,40.694876,-73.94938,,16.0,5.436076363822645,,,-53.0,-55.0,sta-ptmp
2026-01-07T19:37:44,03d2c7ea-a3ed-4ce3-8c95-3d20027be634_601385ad-bf3b-43e9-aef0-dc159eb8c34c,97bae54d-cea0-3cfa-b299-d648c7ef098d,03d2c7ea-a3ed-4ce3-8c95-3d20027be634,nycmesh-pbe-898,601385ad-bf3b-43e9-aef0-dc159eb8c34c,nycmesh-898-eps16,40.830454,-73.941171,41.0,10.0,40.830454,-73.941171,41.0,10.0,0.0,,,-64.0,-67.0,sta-ptmp
2026-01-07T19:37:44,7ee45009-6bc2-4a26-9b83-a3b07c70a3f6_3b530742-c7b6-4830-bbcc-3c42bb2438a2,97f06881-81b9-3741-b8db-d0d109be2c39,7ee45009-6bc2-4a26-9b83-a3b07c70a3f6,nycmesh-1934-olt-131-460,3b530742-c7b6-4830-bbcc-3c42bb2438a2,460-26G new,40.716142,-73.98448,14.0,10.0,40.715645,-73.984543,13.0,5.0,55.51836572683728,,,4.0,-24.0,
2026-01-07T19:37:44,7bfb4d7a-a78e-4620-a084-4d420a9d8c51_d95d902f-d0d2-455a-967b-53d156799753,98576354-f223-3c76-a0aa-e973df05744c,7bfb4d7a-a78e-4620-a084-4d420a9d8c51,nycmesh-5916-south2,d95d902f-d0d2-455a-967b-53d156799753,nycmesh-lbe-1159,40.696048,-73.939788,,67.46,40.696038,-73.939764,23.0,5.0,1.0,5550.0,MHz,-64.0,-58.0,ap-ptmp-airmax-mixed
2026-01-07T19:37:44,a57ddde1-6fff-463a-bbee-cbe90258daa6_d035e1d6-bbcf-41e2-b423-02cb4ed6fea5,9863fa67-80ec-32c5-901f-4f7e379d1598,a57ddde1-6fff-463a-bbee-cbe90258daa6,nycmesh-1932-olt-410,d035e1d6-bbcf-41e2-b423-02cb4ed6fea5,410-05C,40.716098,-73.985997,14.0,100.32,40.716338,-73.986263,14.0,5.0,34.85361611376818,,,0.0,-26.0,
2026-01-07T19:37:44,d14a79df-ca26-408f-8dc8-4a73585d167a_25a578c6-d239-45fe-a7ea-e50238088f9e,988e77a5-17e5-37a1-84e0-dbf302831434,d14a79df-ca26-408f-8dc8-4a73585d167a,nycmesh-3461-southeast,25a578c6-d239-45fe-a7ea-e50238088f9e,nycmesh-lbe-772,40.672531,-73.964197,,60.95,40.6725,-73.9642,,5.0,3.4563153488510543,5710.0,MHz,-56.0,-57.0,ap-ptmp-airmax-mixed
2026-01-07T19:37:44,c82bb62b-ddf2-4011-8556-12b170f43ef2_15234ab8-69f6-49a7-8a89-acd1fcdd114e,98a4a38c-4331-30d4-9bf6-c5834773b1f8,c82bb62b-ddf2-4011-8556-12b170f43ef2,nycmesh-1340-west,15234ab8-69f6-49a7-8a89-acd1fcdd114e,nycmesh-lbe-539,40.686016,-73.917493,,53.3,40.6858,-73.9173,,25.01,1.0,5560.0,MHz,-63.0,-63.0,ap-ptmp-airmax-mixed
2026-01-07T19:37:44,4a6f43ed-ac8b-41c6-867b-e893d9737c31_f07eddf1-bf6d-4fd2-b957-d39cc3732926,98b8a1d1-6eda-3279-bfbb-c0c99a229d65,4a6f43ed-ac8b-41c6-867b-e893d9737c31,nycmesh-1936-olt-xgs-165,f07eddf1-bf6d-4fd2-b957-d39cc3732926,1936-13Q,40.716797,-73.985577,,10.0,40.716797,-73.985577,,5.0,0.0,,,4.0,-17.0,
2026-01-07T19:37:44,d648e07b-d5a7-441b-9155-ace2f2dd93d8_d75195ed-7920-4dc9-b1c1-0536ed293e82,98d31582-90a9-4f70-87ce-7e0d9d000f82,d648e07b-d5a7-441b-9155-ace2f2dd93d8,nycmesh-584-netpower16p-roof,d75195ed-7920-4dc9-b1c1-0536ed293e82,nycmesh-584-lap120-north,40.79355,-73.965641,,10.0,40.793633,-73.965766,,10.0,13.996655607547194,,,,,ap-ptmp-airmax-ac
2026-01-07T19:37:44,0cdc9014-5d25-4b4e-b756-7424b46367b0_3ed61b69-6d26-4ffc-a321-f3a1a7a9c643,98f240d2-dfea-4ad4-8848-c128e6ce5222,0cdc9014-5d25-4b4e-b756-7424b46367b0,nycmesh-7489-omni,3ed61b69-6d26-4ffc-a321-f3a1a7a9c643,nycmesh-7489-epr6,40.659676,-73.913529,,31.1,40.660014,-73.913606,10.0,31.1,38.1409791683109,,,,,
2026-01-07T19:37:44,fdaa1e27-1f19-4b18-9aa5-8e0ab1942abe_772e92dd-0a27-4268-b9c7-93f905bccdb5,9900e2a3-85cf-3715-9d88-5835baabcbfe,fdaa1e27-1f19-4b18-9aa5-8e0ab1942abe,nycmesh-5151-west,772e92dd-0a27-4268-b9c7-93f905bccdb5,nycmesh-lbe-6565,40.67543,-73.98058,,8.55,40.67811,-73.98625,13.0,5.0,2.0,5550.0,MHz,-67.0,-68.0,ap-ptmp-airmax-mixed
2026-01-07T19:37:44,6c7c7fb3-55c1-4493-b96d-bd0bd2282db2_145789f8-182e-405c-bba0-a66f022b7b7c,99299ac6-4b0f-3baa-bfc6-7f89f69e7707,6c7c7fb3-55c1-4493-b96d-bd0bd2282db2,nycmesh-1933-east-s2,145789f8-182e-405c-bba0-a66f022b7b7c,nycmesh-lbe-304,40.715467,-73.984401,,97.0,40.7154671,-73.9844008,,8.0,0.02019344889534625,5560.0,MHz,-72.0,-74.0,ap-ptmp-airmax-mixed
2026-01-07T19:37:44,7ee45009-6bc2-4a26-9b83-a3b07c70a3f6_aae97611-d091-431f-a22f-68a9d934905c,9960436d-af29-31ba-a113-85e8779c767c,7ee45009-6bc2-4a26-9b83-a3b07c70a3f6,nycmesh-1934-olt-131-460,aae97611-d091-431f-a22f-68a9d934905c,131-15E,40.716142,-73.98448,14.0,10.0,40.716364,-73.985193,-3492.0,5.0,64.96443791683336,,,5.0,-15.0,
2026-01-07T19:37:44,7ee45009-6bc2-4a26-9b83-a3b07c70a3f6_4b1bb500-0c72-4ca0-b883-ee4c07be1d8e,999a077e-cd99-3fb3-9b74-e3b57fad5656,7ee45009-6bc2-4a26-9b83-a3b07c70a3f6,nycmesh-1934-olt-131-460,4b1bb500-0c72-4ca0-b883-ee4c07be1d8e,460-23E,40.716142,-73.98448,14.0,10.0,40.715645,-73.984543,13.0,5.0,55.51836572683728,,,3.0,-23.0,
2026-01-07T19:37:44,7aeddb2e-9508-476a-907d-e7089c2569bc_9080c01f-13f8-4a8b-b418-0e4187289f32,999a9102-58b5-31ff-802a-262aef3214f3,7aeddb2e-9508-476a-907d-e7089c2569bc,nycmesh-5916-waveap-northeast,9080c01f-13f8-4a8b-b418-0e4187289f32,nycmesh-664-af60lr,40.696036,-73.93963,,99.9,40.705677,-73.915254,,39.2,2326.0,68040.0,MHz,-59.0,-66.0,ap-ptmp
2026-01-07T19:37:44,e733efb4-d12c-47ea-84e6-9309dd66d12b_64a46dc6-4d8d-4116-b134-90498bd174e2,99ad2b46-dd62-3057-8f07-4aaa7ce716f2,e733efb4-d12c-47ea-84e6-9309dd66d12b,nycmesh-2463-northwest,64a46dc6-4d8d-4116-b134-90498bd174e2,nycmesh-lbe-378,40.719898,-73.988024,11.0,8.0,40.719897625,-73.98805175,,5.0,2.0,5710.0,MHz,-55.0,-54.0,ap-ptmp-airmax-ac
2026-01-07T19:37:44,aab8ff3f-3834-4560-b507-2cd0fd7896c0_0c855b7b-0b41-4444-a745-3d36962799ad,99ce9256-c256-4391-8641-27d7dfbcbae4,aab8ff3f-3834-4560-b507-2cd0fd7896c0,nycmesh-1934-core,0c855b7b-0b41-4444-a745-3d36962799ad,nycmesh-1932-eps16,40.716142,-73.98448,,10.0,40.716098,-73.985997,14.0,100.32,127.94677523749921,,,,,
2026-01-07T19:37:44,8914aa03-f119-4062-9de3-abb9e69a116a_2c8d53fe-ad12-4e00-a532-a39ae92340c9,99cf92ce-b389-3ffb-b42f-4d7ddc044e69,8914aa03-f119-4062-9de3-abb9e69a116a,nycmesh-5916-waveapmicro-southeast,2c8d53fe-ad12-4e00-a532-a39ae92340c9,nycmesh-158-af60lr,40.696125,-73.939608,,91.0,40.691716,-73.924483,23.0,38.7,1382.0,64800.0,MHz,-56.0,-56.0,ap-ptmp
2026-01-07T19:37:44,b6ed7b18-8c1e-497a-b8b7-3bab229980c4_3c738017-f2d0-4774-b37d-ffe67c89552e,99e779f9-769c-37aa-a012-a80007bd3891,b6ed7b18-8c1e-497a-b8b7-3bab229980c4,nycmesh-5916-south1,3c738017-f2d0-4774-b37d-ffe67c89552e,nycmesh-lbe-325,40.696042,-73.939797,,67.46,40.696038,-73.939764,23.0,5.0,1.0,5490.0,MHz,-62.0,-58.0,ap-ptmp-airmax-mixed
2026-01-07T19:37:44,a9f54d81-3413-41ec-bf67-6ddf0666fa84_b1d00aa0-4684-4436-83c0-43ddb299e9da,99f15d17-cac2-4efe-99c7-6f0c477c79f4,a9f54d81-3413-41ec-bf67-6ddf0666fa84,nycmesh-730-eps16,b1d00aa0-4684-4436-83c0-43ddb299e9da,nycmesh-730-af24-3959,40.844422,-73.893677,,69.000015,40.843857,-73.893051,,69.0,81.97468637632728,,,-69.0,-68.0,ap-ptp
2026-01-07T19:37:44,a57ddde1-6fff-463a-bbee-cbe90258daa6_b14edd77-043e-40b4-92ff-535a0e844b4b,9a08c805-c711-3182-884f-beefcc9969ac,a57ddde1-6fff-463a-bbee-cbe90258daa6,nycmesh-1932-olt-410,b14edd77-043e-40b4-92ff-535a0e844b4b,410-10F,40.716098,-73.985997,14.0,100.32,40.716338,-73.986263,14.0,5.0,34.85361611376818,,,3.0,-15.0,
2026-01-07T19:37:44,58e28d72-2fc9-47d9-a814-23adb64a01d8_288a4d6b-9dab-466a-bd38-27ea7f451ee8,9a6077bb-c923-4147-9718-a67a9074dec5,58e28d72-2fc9-47d9-a814-23adb64a01d8,nycmesh-lbelr2-854,288a4d6b-9dab-466a-bd38-27ea7f451ee8,nycmesh-854-omni,40.711568,-73.946966,,10.0,40.711568,-73.946966,,10.0,0.0,,,-76.0,-69.0,sta-ptmp
2026-01-07T19:37:44,ab004b00-e617-4a51-a9c9-2d7b7a683a6c_67bb2999-912c-49dc-afc6-1123465c1d13,9a60e5f7-3800-3ef4-b20d-612c28d2671a,ab004b00-e617-4a51-a9c9-2d7b7a683a6c,nycmesh-835-southeast,67bb2999-912c-49dc-afc6-1123465c1d13,nycmesh-lbe-846,40.685214,-73.954595,,10.0,40.680818,-73.954737,,5.0,128.0,5760.0,MHz,-51.0,-60.0,ap-ptmp
2026-01-07T19:37:44,c6e5cad9-95d0-4440-86ce-65437fede532_6238eb7d-ea72-4c62-b1df-754ffa05ef2c,9a7b23ee-00aa-3b22-8cee-a3f794b56fae,c6e5cad9-95d0-4440-86ce-65437fede532,nycmesh-sn3-north,6238eb7d-ea72-4c62-b1df-754ffa05ef2c,nycmesh-lbe-365,40.6579,-74.0049,,45.32,40.668963,-73.990725,5.0,5.0,1.0,5560.0,MHz,-64.0,-68.0,ap-ptmp-airmax-mixed
2026-01-07T19:37:44,d58653c2-3737-4371-9909-9e9044c8bbfd_ed2ba00d-f21e-4da1-96b5-890bb6510dab,9aa7ce9e-a221-4c87-83c4-73751e9433c8,d58653c2-3737-4371-9909-9e9044c8bbfd,nycmesh-5916-netpower16p,ed2ba00d-f21e-4da1-96b5-890bb6510dab,nycmesh-5916-northeast,40.696038,-73.939764,,67.46,40.696038,-73.939764,,67.46,0.0,,,,,ap-ptmp-airmax-mixed
2026-01-07T19:37:44,7e4d23cc-3fa7-435b-849d-bfe45b5da173_a481c499-888f-46e2-80c8-7f6f40a5c269,9abe6f7a-7a55-4076-b108-34f0a03dbb90,7e4d23cc-3fa7-435b-849d-bfe45b5da173,nycmesh-5916-force6g-835,a481c499-888f-46e2-80c8-7f6f40a5c269,nycmesh-835-force6g-5916,40.696038,-73.939764,,67.46,40.685214,-73.954595,,10.0,1735.5658996379968,,,,,
2026-01-07T19:37:44,33ad0fd7-2502-4632-9698-6013613fccf6_4e5347bb-91bf-4523-a03a-2aeb6ec97f36,9ad2a33e-8570-4c72-b602-ae6c453bdb02,33ad0fd7-2502-4632-9698-6013613fccf6,nycmesh-7512-southeast,4e5347bb-91bf-4523-a03a-2aeb6ec97f36,nycmesh-7512-omni,40.698383,-73.972688,,10.0,40.698383,-73.972688,,10.0,0.0,,,,,ap-ptmp-airmax-mixed
2026-01-07T19:37:44,0d1b527e-12c3-4748-b37b-4d02a06e9214_5c032c5e-6ba0-472e-8aca-7eb3b7ed2bf0,9ad48047-2458-4d08-9635-cea5548dbb33,0d1b527e-12c3-4748-b37b-4d02a06e9214,nycmesh-713-core,5c032c5e-6ba0-472e-8aca-7eb3b7ed2bf0,nycmesh-713-eh8010-162,40.657782,-74.004848,,45.32,40.657782,-74.004848,,45.32,0.0,,,,,
2026-01-07T19:37:44,ffda2b6d-852e-4b26-bb15-ca1b228129a1_bd940043-fefd-42eb-8f9a-0f63cd428035,9aed77d1-dc68-4dab-b1a8-942ab03c4664,ffda2b6d-852e-4b26-bb15-ca1b228129a1,nycmesh-731-omni,bd940043-fefd-42eb-8f9a-0f63cd428035,nycmesh-731-north,40.724676,-73.98073,,8.0,40.724676,-73.98073,,8.0,0.0,,,-43.0,-56.0,ap-ptmp
2026-01-07T19:37:44,82094c68-d2cf-4d01-b38b-897ff93940f4_6e200cdf-1848-4b2c-8a7b-406718dfd2c8,9aef3aad-4e2d-3627-821d-fcc15fe438e2,82094c68-d2cf-4d01-b38b-897ff93940f4,nycmesh-584-olt-xgs,6e200cdf-1848-4b2c-8a7b-406718dfd2c8,584-West-16U-1G-Catherine,40.79355,-73.965641,,10.0,40.79355,-73.965641,,5.0,0.0,,,5.0,-16.0,
2026-01-07T19:37:44,7ee45009-6bc2-4a26-9b83-a3b07c70a3f6_94a595ab-2983-414b-a1f6-b32451fd057a,9afc6832-68d4-36a4-a89a-f8eab18c8dd0,7ee45009-6bc2-4a26-9b83-a3b07c70a3f6,nycmesh-1934-olt-131-460,94a595ab-2983-414b-a1f6-b32451fd057a,131-20E,40.716142,-73.98448,14.0,10.0,40.716364,-73.985193,-3492.0,5.0,64.96443791683336,,,1.0,-16.0,
2026-01-07T19:37:44,06617725-87b2-45e8-8962-30497e654509_004f89b9-0f9a-46f3-8392-4917b14dcfef,9b1f78c3-ea06-3a4c-8a09-502bbf88fda4,06617725-87b2-45e8-8962-30497e654509,nycmesh-730-olt-xgs,004f89b9-0f9a-46f3-8392-4917b14dcfef,730-09A,40.844422,-73.893677,,69.000015,40.844422,-73.893677,,5.0,0.0,,,0.0,-15.0,
2026-01-07T19:37:44,45065f94-77a1-44f7-8485-aea3af114f44_cbca35c4-d7c7-4fb5-95e1-a2a17083e801,9b5909d3-de2d-4b87-8d3a-e94bae477193,45065f94-77a1-44f7-8485-aea3af114f44,nycmesh-1340-epr6,cbca35c4-d7c7-4fb5-95e1-a2a17083e801,nycmesh-1340-outdoor-east,40.685823,-73.917272,,53.3,40.685823,-73.917272,,12.93,0.0,,,,,
2026-01-07T19:37:44,5d3f50e7-31cd-45dc-8bb6-35eef8b03fe4_20663e0c-3c70-436b-ab44-cdf0744b5fd1,9b5a13d3-83b0-3290-a504-495d9f7a615a,5d3f50e7-31cd-45dc-8bb6-35eef8b03fe4,nycmesh-5916-south3,20663e0c-3c70-436b-ab44-cdf0744b5fd1,nycmesh-lbe-7770,40.696038,-73.939764,,67.46,40.696038,-73.939764,23.0,5.0,1.0,5290.0,MHz,-61.0,-62.0,ap-ptmp-airmax-mixed
2026-01-07T19:37:44,c0930822-0409-401d-84ec-95cadc029f6a_495499c2-8b14-412c-b13f-38ff838d5290,9b656f7c-a371-4266-b0d9-746a8e5fa492,c0930822-0409-401d-84ec-95cadc029f6a,nycmesh-5151-omni,495499c2-8b14-412c-b13f-38ff838d5290,nycmesh-5151-northeast,40.67543,-73.98058,,22.0,40.67543,-73.98058,,22.0,0.0,,,,,ap-ptmp-airmax-mixed
2026-01-07T19:37:44,d14a79df-ca26-408f-8dc8-4a73585d167a_511eae34-f3a6-418d-8899-294891d0811b,9b6ecf10-6233-3f1f-a21f-e5963473842d,d14a79df-ca26-408f-8dc8-4a73585d167a,nycmesh-3461-southeast,511eae34-f3a6-418d-8899-294891d0811b,nycmesh-lbe-6491,40.672531,-73.964197,,60.95,40.672047,-73.955369,,5.0,746.4586443271326,5710.0,MHz,-69.0,-70.0,ap-ptmp-airmax-mixed
2026-01-07T19:37:44,ca0e28d8-96e3-4470-ac50-e0a23394bc09_8a69e161-5fb1-4838-82a0-00ac5fe3874f,9b82ebd3-5f65-41ca-b49d-b33dddbe8609,ca0e28d8-96e3-4470-ac50-e0a23394bc09,nycmesh-664-omni,8a69e161-5fb1-4838-82a0-00ac5fe3874f,nycmesh-664-north,40.705619,-73.915235,,8.0,40.705693,-73.915192,,8.0,8.99137671138407,,,-50.0,-59.0,ap-ptmp
2026-01-07T19:37:44,7ee45009-6bc2-4a26-9b83-a3b07c70a3f6_f5211a87-af00-44ad-a5c0-aa4e12cfef04,9b9e7808-10fe-3c82-8f94-2c7d6a4dbe53,7ee45009-6bc2-4a26-9b83-a3b07c70a3f6,nycmesh-1934-olt-131-460,f5211a87-af00-44ad-a5c0-aa4e12cfef04,460-11F,40.716142,-73.98448,14.0,10.0,40.844422,-73.893677,13.0,5.0,16183.882676121233,,,4.0,-23.0,
2026-01-07T19:37:44,bd496c6c-7b62-4b77-8020-6d86bbbc7694_113bc113-7a71-44d5-a5b8-40830a6715be,9bc76abe-b220-44ae-a471-d7fba8f8ad8e,bd496c6c-7b62-4b77-8020-6d86bbbc7694,nycmesh-648-eps16,113bc113-7a71-44d5-a5b8-40830a6715be,nycmesh-648-wap60-north,40.639719,-73.995809,,25.0,40.639719,-73.995809,,25.0,0.0,,,,,
2026-01-07T19:37:44,06617725-87b2-45e8-8962-30497e654509_b2374106-8b69-48de-a249-b22dcbdc9e6a,9bcd1186-50b2-334e-8fc6-f4716ccd7537,06617725-87b2-45e8-8962-30497e654509,nycmesh-730-olt-xgs,b2374106-8b69-48de-a249-b22dcbdc9e6a,730-03Q 70:a7:41:3e:d9:59,40.844422,-73.893677,,69.000015,40.844422,-73.893677,,5.0,0.0,,,5.0,-16.0,
2026-01-07T19:37:44,0918a738-1afe-4532-a5c4-2eae6ec810d8_59452811-fa27-4cc9-a672-bd957b02b146,9bd49b77-fd3a-4783-8b67-78fa47898f7f,0918a738-1afe-4532-a5c4-2eae6ec810d8,nycmesh-527-epr6,59452811-fa27-4cc9-a672-bd957b02b146,nycmesh-527-east,40.635004,-73.950213,,10.0,40.635004,-73.950213,,10.0,0.0,,,-65.0,-58.0,ap-ptmp-airmax-mixed
2026-01-07T19:37:44,7ee45009-6bc2-4a26-9b83-a3b07c70a3f6_0f0bdea0-4553-4ea1-99a0-5ad8ec2db05e,9bf47b92-0993-3d29-a285-d6fddc5208f7,7ee45009-6bc2-4a26-9b83-a3b07c70a3f6,nycmesh-1934-olt-131-460,0f0bdea0-4553-4ea1-99a0-5ad8ec2db05e,131-09H,40.716142,-73.98448,14.0,10.0,40.716364,-73.985193,-3492.0,5.0,64.96443791683336,,,4.0,-26.0,
2026-01-07T19:37:44,06617725-87b2-45e8-8962-30497e654509_aa6ec8b5-f8c6-43a3-8e77-74b1cecbf4b5,9bfbb272-628a-352e-8e13-7306818a3d58,06617725-87b2-45e8-8962-30497e654509,nycmesh-730-olt-xgs,aa6ec8b5-f8c6-43a3-8e77-74b1cecbf4b5,730-02L,40.844422,-73.893677,,69.000015,40.844422,-73.893677,,5.0,0.0,,,5.0,-15.0,
2026-01-07T19:37:44,c6e5cad9-95d0-4440-86ce-65437fede532_4a6bc52d-8896-498f-9e54-f0e364d3f8cd,9bff2bde-4ef7-3d23-bafe-42f092b4dbf8,c6e5cad9-95d0-4440-86ce-65437fede532,nycmesh-sn3-north,4a6bc52d-8896-498f-9e54-f0e364d3f8cd,nycmesh-lbe-778,40.6579,-74.0049,,45.32,40.6578,-74.0048,,5.0,1.0,5560.0,MHz,-60.0,-60.0,ap-ptmp-airmax-mixed
2026-01-07T19:37:44,a57ddde1-6fff-463a-bbee-cbe90258daa6_dc890bb6-292a-4eb1-8adc-5b098f7d2164,9c078fc9-f1bb-31bd-be77-75052b16fe9b,a57ddde1-6fff-463a-bbee-cbe90258daa6,nycmesh-1932-olt-410,dc890bb6-292a-4eb1-8adc-5b098f7d2164,410-20G,40.716098,-73.985997,14.0,100.32,40.716338,-73.986263,14.0,5.0,34.85361611376818,,,4.0,-18.0,
2026-01-07T19:37:44,68b3fc90-93e0-49a4-900f-e9df98fb9361_ad990975-b999-47a6-8118-958f60fd0092,9cc806cd-5a45-320f-826f-ebe0fc54c924,68b3fc90-93e0-49a4-900f-e9df98fb9361,nycmesh-5916-west1,ad990975-b999-47a6-8118-958f60fd0092,nycmesh-lbe-629,40.696017,-73.939873,,67.46,40.696,-73.9398,23.0,5.0,1.0,5710.0,MHz,-70.0,-69.0,ap-ptmp-airmax-mixed
2026-01-07T19:37:44,82094c68-d2cf-4d01-b38b-897ff93940f4_7be4f244-5a20-459d-96db-23c820094388,9cde5127-108b-31f6-b73d-4599f00eb962,82094c68-d2cf-4d01-b38b-897ff93940f4,nycmesh-584-olt-xgs,7be4f244-5a20-459d-96db-23c820094388,584-East-15B-10G-Erik,40.79355,-73.965641,,10.0,40.79355,-73.965641,,5.0,0.0,,,6.0,-23.0,
2026-01-07T19:37:44,371df153-99dc-43a3-8ea1-dad940690be8_3f36da33-053e-48fc-9df1-f7d880bee4bb,9cf1e0b3-2f4a-3e69-866e-6a9081f62646,371df153-99dc-43a3-8ea1-dad940690be8,nycmesh-sn3-south,3f36da33-053e-48fc-9df1-f7d880bee4bb,nycmesh-lbe-610,40.657782,-74.004848,,45.32,40.6577,-74.0051,,5.0,1.0,5490.0,MHz,-63.0,-66.0,ap-ptmp-airmax-mixed
2026-01-07T19:37:44,c64ac7ee-a6dd-4be2-9322-64ec0df6f330_9ae8ffcc-7eff-4c40-8532-f2e5c8bdff4f,9cf1e72e-e783-3d1d-9efa-c935e441d1df,c64ac7ee-a6dd-4be2-9322-64ec0df6f330,nycmesh-5916-west2,9ae8ffcc-7eff-4c40-8532-f2e5c8bdff4f,nycmesh-lbe-209,40.696,-73.9398,23.0,67.46,40.696038,-73.939764,23.0,5.0,1.0,5770.0,MHz,-61.0,-44.0,ap-ptmp-airmax-mixed
2026-01-07T19:37:44,bd496c6c-7b62-4b77-8020-6d86bbbc7694_36486a72-ef99-479c-bd23-b722f7739148,9cf543bd-845d-4a88-b652-5ae4587acf45,bd496c6c-7b62-4b77-8020-6d86bbbc7694,nycmesh-648-eps16,36486a72-ef99-479c-bd23-b722f7739148,nycmesh-648-meshtastic,40.639719,-73.995809,,25.0,40.639719,-73.995809,,25.0,0.0,,,,,
2026-01-07T19:37:44,06617725-87b2-45e8-8962-30497e654509_080c143a-94c5-4dab-980a-4463f983c97b,9d4189eb-4a2a-35d9-9df4-87d724d40977,06617725-87b2-45e8-8962-30497e654509,nycmesh-730-olt-xgs,080c143a-94c5-4dab-980a-4463f983c97b,730-11A,40.844422,-73.893677,,69.000015,40.844422,-73.893677,,5.0,0.0,,,,,
2026-01-07T19:37:44,4ec70dea-528c-4426-a240-722295c916b1_97ffb748-f9e5-4fa4-8813-ebe2aeb66d7d,9d4cac59-1744-31e7-8fa2-d41f3cbefe0a,4ec70dea-528c-4426-a240-722295c916b1,nycmesh-1340-north2,97ffb748-f9e5-4fa4-8813-ebe2aeb66d7d,nycmesh-lbe-2647,40.685988,-73.917573,,12.93,40.685823,-73.917272,,25.01,1.0,5745.0,MHz,-44.0,-53.0,ap-ptmp-airmax-mixed
2026-01-07T19:37:44,a57ddde1-6fff-463a-bbee-cbe90258daa6_fe34835f-3b99-4364-b74f-661ae07014db,9d7cfaf2-5fcb-339e-86d3-386d13e37668,a57ddde1-6fff-463a-bbee-cbe90258daa6,nycmesh-1932-olt-410,fe34835f-3b99-4364-b74f-661ae07014db,410-23B,40.716098,-73.985997,14.0,100.32,40.716338,-73.986263,14.0,5.0,34.85361611376818,,,,,
2026-01-07T19:37:44,8acc7c7d-f64d-4023-9736-2695f9ade451_49d5a794-8892-4930-a26f-3f843d6eb110,9d9da129-128f-4013-b571-eb5e02bf7e0a,8acc7c7d-f64d-4023-9736-2695f9ade451,nycmesh-407-eps16,49d5a794-8892-4930-a26f-3f843d6eb110,nycmesh-407-lbe-1971,40.713282,-73.99037,,11.42,40.713282,-73.99037,,11.42,0.0,,,-67.0,-61.0,ap-ptp
2026-01-07T19:37:44,9ec55494-cdd1-4b62-be3a-0ce25031aeba_3484bf80-e977-4d77-a751-88a2babedd85,9db4aaa2-3368-39b6-bf66-23420ecde94c,9ec55494-cdd1-4b62-be3a-0ce25031aeba,nycmesh-227-ps5ac-north1,3484bf80-e977-4d77-a751-88a2babedd85,nycmesh-lbe-464,40.711095,-74.001382,,161.544,40.713266,-73.997911,10.0,8.0,1.0,5490.0,MHz,-61.0,-59.0,ap-ptmp-airmax-mixed
2026-01-07T19:37:44,4a6f43ed-ac8b-41c6-867b-e893d9737c31_4fc1c050-3bb9-4a3b-bf7b-93bb1b45aef4,9dbad7d8-edc8-328d-8f15-65b1d17fed85,4a6f43ed-ac8b-41c6-867b-e893d9737c31,nycmesh-1936-olt-xgs-165,4fc1c050-3bb9-4a3b-bf7b-93bb1b45aef4,1936-06M,40.716797,-73.985577,,10.0,40.716797,-73.985577,,5.0,0.0,,,4.0,-17.0,
2026-01-07T19:37:44,4a6f43ed-ac8b-41c6-867b-e893d9737c31_f853f0b4-b929-46c8-bfa0-e02c3dbdc07e,9dbd66a8-30c3-3de5-abf2-8c6e8f430638,4a6f43ed-ac8b-41c6-867b-e893d9737c31,nycmesh-1936-olt-xgs-165,f853f0b4-b929-46c8-bfa0-e02c3dbdc07e,1936-14N,40.716797,-73.985577,,10.0,40.716797,-73.985577,,5.0,0.0,,,5.0,-16.0,
2026-01-07T19:37:44,c0930822-0409-401d-84ec-95cadc029f6a_fdaa1e27-1f19-4b18-9aa5-8e0ab1942abe,9dbe8032-8c22-4562-80ba-aaeff7f3fcaa,c0930822-0409-401d-84ec-95cadc029f6a,nycmesh-5151-omni,fdaa1e27-1f19-4b18-9aa5-8e0ab1942abe,nycmesh-5151-west,40.67543,-73.98058,,22.0,40.67543,-73.98058,,8.55,0.0,,,-67.0,-61.0,ap-ptmp-airmax-mixed
2026-01-07T19:37:44,601385ad-bf3b-43e9-aef0-dc159eb8c34c_40791c26-f7fb-42e5-8bf3-6b7cb9739484,9dd4ddbe-25ac-316e-bac2-7cb593b52f53,601385ad-bf3b-43e9-aef0-dc159eb8c34c,nycmesh-898-eps16,40791c26-f7fb-42e5-8bf3-6b7cb9739484,nycmesh-898-north,40.830454,-73.941171,41.0,10.0,40.830388,-73.940778,,10.0,33.86986478153844,,,,,ap-ptmp-airmax-mixed
2026-01-07T19:37:44,8a8a562f-0bb1-4178-ae54-65b712f1aa6c_8e6d36a4-fbc8-46ec-9de2-00d979eb4a98,9e253f69-5dac-408f-a573-f148ce1d66bc,8a8a562f-0bb1-4178-ae54-65b712f1aa6c,nycmesh-407-lhg60-2463,8e6d36a4-fbc8-46ec-9de2-00d979eb4a98,nycmesh-407-omni,40.713282,-73.99037,,11.42,40.713282,-73.99037,,11.42,0.0,,,,,
2026-01-07T19:37:44,82094c68-d2cf-4d01-b38b-897ff93940f4_102c9742-45b7-4096-8324-a7b573a7057f,9e34f99f-5683-3f76-94ea-581ee8362754,82094c68-d2cf-4d01-b38b-897ff93940f4,nycmesh-584-olt-xgs,102c9742-45b7-4096-8324-a7b573a7057f,584-West-12N-1G-Jessica,40.79355,-73.965641,,10.0,40.79355,-73.965641,,5.0,0.0,,,2.0,-13.0,
2026-01-07T19:37:44,c462dbf2-1357-494c-a6af-ea3b02c96c03_5cdab5e9-4a51-4623-b036-0cded15875be,9e95622e-8443-4290-9e56-75a8bdb1024d,c462dbf2-1357-494c-a6af-ea3b02c96c03,nycmesh-162-eps16,5cdab5e9-4a51-4623-b036-0cded15875be,nycmesh-162-south,40.664997,-73.990543,,40.0,40.664997,-73.990543,,40.0,0.0,,,,,ap-ptmp-airmax-mixed
2026-01-07T19:37:44,4a6f43ed-ac8b-41c6-867b-e893d9737c31_21f601f4-e97c-4bc9-8374-2aa48b5af952,9e97fe96-0d81-3d28-bf80-47df56fe10aa,4a6f43ed-ac8b-41c6-867b-e893d9737c31,nycmesh-1936-olt-xgs-165,21f601f4-e97c-4bc9-8374-2aa48b5af952,1936-05D,40.716797,-73.985577,,10.0,40.716797,-73.985577,,5.0,0.0,,,4.0,-16.0,
2026-01-07T19:37:44,fd252d47-7983-49dd-a163-2fdf0bb55789_22c1018c-cdbe-4326-a355-d137bde9b753,9ea4e1dc-c910-4f84-a1ed-701842f98278,fd252d47-7983-49dd-a163-2fdf0bb55789,nycmesh-1779-omni,22c1018c-cdbe-4326-a355-d137bde9b753,nycmesh-1779-7r-1,40.69404,-73.954797,,25.0,40.69404,-73.954797,,25.0,0.0,,,,,
2026-01-07T19:37:44,895e81e8-470a-4ed0-8b94-3abff821baec_0d645e82-889b-4c46-a284-d4465884d9d4,9eab06a3-ddb4-3da2-8bf5-993b8f0f0a4d,895e81e8-470a-4ed0-8b94-3abff821baec,nycmesh-2090-north,0d645e82-889b-4c46-a284-d4465884d9d4,nycmesh-nsl-3721,40.725618,-73.954074,,8.0,40.726617,-73.954687,6.0,8.0,1.0,5700.0,MHz,-62.0,-52.0,ap-ptmp
2026-01-07T19:37:44,b6ed7b18-8c1e-497a-b8b7-3bab229980c4_cf3f7533-c328-49e5-a6f7-28ba4d062854,9ecae3e7-649e-33f8-8420-135ac0338192,b6ed7b18-8c1e-497a-b8b7-3bab229980c4,nycmesh-5916-south1,cf3f7533-c328-49e5-a6f7-28ba4d062854,nycmesh-lbe-256,40.696042,-73.939797,,67.46,40.696038,-73.939764,23.0,5.0,1.0,5490.0,MHz,-60.0,-56.0,ap-ptmp-airmax-mixed
2026-01-07T19:37:44,a57ddde1-6fff-463a-bbee-cbe90258daa6_5fb4303e-bdaa-4c99-be83-c66f5b9f89a1,9f181a81-f0e5-3f24-ba3b-0b8d35941508,a57ddde1-6fff-463a-bbee-cbe90258daa6,nycmesh-1932-olt-410,5fb4303e-bdaa-4c99-be83-c66f5b9f89a1,410-15H,40.716098,-73.985997,14.0,100.32,40.716338,-73.986263,14.0,5.0,34.85361611376818,,,3.0,-20.0,
2026-01-07T19:37:44,7bfb4d7a-a78e-4620-a084-4d420a9d8c51_21c6a6dd-0447-4525-a6a5-286dbe3c7e1d,9f2d4ad9-2bc5-3ddb-98cb-035a0de5e8f5,7bfb4d7a-a78e-4620-a084-4d420a9d8c51,nycmesh-5916-south2,21c6a6dd-0447-4525-a6a5-286dbe3c7e1d,nycmesh-lbe-7037,40.696048,-73.939788,,67.46,40.696,-73.9398,23.0,5.0,1.0,5550.0,MHz,-62.0,-56.0,ap-ptmp-airmax-mixed
2026-01-07T19:37:44,9600af45-a3a7-43eb-af30-01b070ab7150_b72e0bc3-0349-4ef4-a4f4-d725cf9181ed,9f4cf195-16ad-3eab-90ac-12ea5cd0db6e,9600af45-a3a7-43eb-af30-01b070ab7150,nycmesh-3461-southwest,b72e0bc3-0349-4ef4-a4f4-d725cf9181ed,nycmesh-lbe-419,40.672531,-73.964197,,60.95,40.6725,-73.9642,,5.0,3.4563153488510543,5555.0,MHz,-58.0,-55.0,ap-ptmp-airmax-mixed
2026-01-07T19:37:44,5949ca17-7037-406c-a276-8db9228d762c_dd8d67be-9081-42af-9146-df018e5808b2,9f68feb0-586d-3f15-8623-d884c4c8839d,5949ca17-7037-406c-a276-8db9228d762c,nycmesh-1340-west1,dd8d67be-9081-42af-9146-df018e5808b2,nycmesh-lbe-7065,40.686117,-73.917818,,12.93,40.685823,-73.917272,,25.01,1.0,5710.0,MHz,-61.0,-64.0,ap-ptmp-airmax-mixed
2026-01-07T19:37:44,4a6f43ed-ac8b-41c6-867b-e893d9737c31_c33fac3a-68e1-4651-9413-ded90b43bae3,9fc86f36-7df1-3537-93ae-5ab54a3ba685,4a6f43ed-ac8b-41c6-867b-e893d9737c31,nycmesh-1936-olt-xgs-165,c33fac3a-68e1-4651-9413-ded90b43bae3,1936-10H,40.716797,-73.985577,,10.0,40.716797,-73.985577,,5.0,0.0,,,3.0,-16.0,
2026-01-07T19:37:44,67bcd939-6734-41e7-8845-aba2dfe120f9_10ee4aff-c2aa-4cd0-95e7-367a6d9e7b36,a0907942-d582-39a8-9e84-49cc630a5969,67bcd939-6734-41e7-8845-aba2dfe120f9,nycmesh-2701-southeast,10ee4aff-c2aa-4cd0-95e7-367a6d9e7b36,nycmesh-lbelr-5089,40.6478,-74.0007,45.0,10.0,40.6343,-73.973,45.0,5.0,1.0,5760.0,MHz,-68.0,-62.0,ap-ptmp-airmax-mixed
2026-01-07T19:37:44,7ee45009-6bc2-4a26-9b83-a3b07c70a3f6_b5b44fd2-1124-4477-8e17-b6d3a98b72f7,a099a88e-659e-3c4a-9c04-2478a37c59fc,7ee45009-6bc2-4a26-9b83-a3b07c70a3f6,nycmesh-1934-olt-131-460,b5b44fd2-1124-4477-8e17-b6d3a98b72f7,460-10E,40.716142,-73.98448,14.0,10.0,40.715526,-73.984399,13.0,5.0,68.8354308742578,,,2.0,-24.0,
2026-01-07T19:37:44,7ee45009-6bc2-4a26-9b83-a3b07c70a3f6_929e9add-f909-47b8-9295-14b3d1704491,a0a42780-1344-3190-8a81-55218a9b4ac2,7ee45009-6bc2-4a26-9b83-a3b07c70a3f6,nycmesh-1934-olt-131-460,929e9add-f909-47b8-9295-14b3d1704491,460-22G,40.716142,-73.98448,14.0,10.0,40.715526,-73.984399,13.0,5.0,68.8354308742578,,,1.0,-26.0,
2026-01-07T19:37:44,3e851429-ccde-4c56-a1b7-019e49194141_ca53a083-d3a1-4152-a813-b44868401b85,a0d3a064-8fdb-3ff4-9f30-628f44bc20fa,3e851429-ccde-4c56-a1b7-019e49194141,nycmesh-227-ps5ac-northeast2,ca53a083-d3a1-4152-a813-b44868401b85,nycmesh-pbeiso-3654,40.711065,-74.001308,,158.0,40.7099,-73.948972,10.0,8.0,1.0,5820.0,MHz,-79.0,-62.0,ap-ptmp-airmax-mixed
2026-01-07T19:37:44,82094c68-d2cf-4d01-b38b-897ff93940f4_f640f00d-fd8b-4bb6-8daf-b03ec090335e,a0dace32-c3aa-3abc-a1a8-347a2d49cd36,82094c68-d2cf-4d01-b38b-897ff93940f4,nycmesh-584-olt-xgs,f640f00d-fd8b-4bb6-8daf-b03ec090335e,584-East-11F-1G-Amy,40.79355,-73.965641,,10.0,40.79355,-73.965641,,10.0,0.0,,,3.0,-14.0,
2026-01-07T19:37:44,db9968fa-dd1f-458a-8f1f-bea3e6db6e7c_96b0afda-0ce9-4eca-b257-f11afabb2f9f,a0ecafef-8c17-4c3c-873e-e2fba3332102,db9968fa-dd1f-458a-8f1f-bea3e6db6e7c,nycmesh-5151-eps16,96b0afda-0ce9-4eca-b257-f11afabb2f9f,nycmesh-5151-lbe,40.67543,-73.98058,,22.0,40.67546,-73.98058,,22.0,887.0,,,,,sta-ptmp
2026-01-07T19:37:44,97cbe57f-7d76-4f6b-846c-2bb7113bdb07_db9968fa-dd1f-458a-8f1f-bea3e6db6e7c,a151ab4f-475d-45ed-bf04-2e18bb5a47bd,97cbe57f-7d76-4f6b-846c-2bb7113bdb07,nycmesh-5151-ltu-3461,db9968fa-dd1f-458a-8f1f-bea3e6db6e7c,nycmesh-5151-eps16,40.67543,-73.98058,,22.0,40.67543,-73.98058,,22.0,0.0,,,-42.0,-43.0,ap-ptp
2026-01-07T19:37:44,3e851429-ccde-4c56-a1b7-019e49194141_c27f05d0-102c-493f-88d6-86df5c53ebe4,a18662ee-c2b8-31d6-a330-30cc6c2a54de,3e851429-ccde-4c56-a1b7-019e49194141,nycmesh-227-ps5ac-northeast2,c27f05d0-102c-493f-88d6-86df5c53ebe4,nycmesh-lbe-3037,40.711065,-74.001308,,158.0,40.713793,-73.995092,10.0,8.0,1.0,5820.0,MHz,-66.0,-50.0,ap-ptmp-airmax-mixed
2026-01-07T19:37:44,4a6f43ed-ac8b-41c6-867b-e893d9737c31_4c1d9d32-2e84-4f1c-8fcf-99b2a0bf6081,a1c81573-bd9b-3c79-b3d0-28c59046bae4,4a6f43ed-ac8b-41c6-867b-e893d9737c31,nycmesh-1936-olt-xgs-165,4c1d9d32-2e84-4f1c-8fcf-99b2a0bf6081,1936-10B,40.716797,-73.985577,,10.0,40.716797,-73.985577,,5.0,0.0,,,4.0,-16.0,
2026-01-07T19:37:44,7ee45009-6bc2-4a26-9b83-a3b07c70a3f6_085cab49-caf2-4b9f-9470-0099929f4292,a1ed21a8-9a88-3f32-a18a-166709c37ecc,7ee45009-6bc2-4a26-9b83-a3b07c70a3f6,nycmesh-1934-olt-131-460,085cab49-caf2-4b9f-9470-0099929f4292,460-Roof,40.716142,-73.98448,14.0,10.0,40.715467,-73.984401,,8.0,75.35131590571402,,,2.0,-14.0,
2026-01-07T19:37:44,a57ddde1-6fff-463a-bbee-cbe90258daa6_1113f7e9-36a1-407b-a732-6421a5d8500d,a1eeaf41-d645-3303-b9cc-2be95e4212ea,a57ddde1-6fff-463a-bbee-cbe90258daa6,nycmesh-1932-olt-410,1113f7e9-36a1-407b-a732-6421a5d8500d,410-17A,40.716098,-73.985997,14.0,100.32,40.716338,-73.986263,14.0,5.0,34.85361611376818,,,4.0,-19.0,
2026-01-07T19:37:44,5a8fb98b-64be-4f5a-939c-122cde5dd088_2bcc2782-cfa3-47b7-8326-92f66adf8192,a1f153ee-9012-3a22-be43-83e4b13e3d94,5a8fb98b-64be-4f5a-939c-122cde5dd088,nycmesh-641-south,2bcc2782-cfa3-47b7-8326-92f66adf8192,nycmesh-lbe-714,40.7988,-73.9387,,10.0,40.7992,-73.9367,,5.0,174.12696352501712,5825.0,MHz,-54.0,-51.0,ap-ptmp
2026-01-07T19:37:44,3b05b7fb-0b4b-4fb6-a925-66be1cec9aa3_cac1a742-33b5-4e6d-b1dd-d0e62d8c6ab1,a2171cbd-f0bd-4a37-81f5-fecec8f93a5b,3b05b7fb-0b4b-4fb6-a925-66be1cec9aa3,nycmesh-2463-eps16,cac1a742-33b5-4e6d-b1dd-d0e62d8c6ab1,nycmesh-2463-omni / Rivington,40.719898,-73.988024,11.0,8.0,40.719898,-73.988024,11.0,8.0,0.0,,,,,
2026-01-07T19:37:44,529f2b80-57ec-48e6-8cc6-8152bcd9be7a_1f9f3b98-050c-4b95-95d5-b76e636677c1,a22ba395-44e7-4275-80d7-44cc29ff0f87,529f2b80-57ec-48e6-8cc6-8152bcd9be7a,nycmesh-511-omni,1f9f3b98-050c-4b95-95d5-b76e636677c1,nycmesh-511-northeast,40.705214,-73.930897,,24.0,40.70538,-73.930575,,24.0,32.82430790693733,,,-59.0,-57.0,ap-ptmp
2026-01-07T19:37:44,ed30f3c1-7042-42af-b8c5-035d1c329559_c7884a02-28f5-48c3-a76e-4718e3496aa3,a25b7bd6-2078-45b2-abb9-c0311aa3a29c,ed30f3c1-7042-42af-b8c5-035d1c329559,nycmesh-2282-eps16,c7884a02-28f5-48c3-a76e-4718e3496aa3,nycmesh-2282-af24-162,40.682995,-73.993789,13.0,18.29,40.68298,-73.993843,13.0,18.29,2019.0,,,-53.0,-55.0,sta-ptp
2026-01-07T19:37:44,c82bb62b-ddf2-4011-8556-12b170f43ef2_95052c36-6019-42cd-ab35-11172ef1c071,a29c5ddf-2ab4-3803-b672-b6ff6fd8b86d,c82bb62b-ddf2-4011-8556-12b170f43ef2,nycmesh-1340-west,95052c36-6019-42cd-ab35-11172ef1c071,nycmesh-lbe-801,40.686016,-73.917493,,53.3,40.6858,-73.9173,,25.01,1.0,5560.0,MHz,-81.0,-79.0,ap-ptmp-airmax-mixed
2026-01-07T19:37:44,06617725-87b2-45e8-8962-30497e654509_97bf4e5b-b48f-44e6-9fff-607cb251894c,a2ab4cd4-57be-3231-8ba7-aa60032e5f87,06617725-87b2-45e8-8962-30497e654509,nycmesh-730-olt-xgs,97bf4e5b-b48f-44e6-9fff-607cb251894c,730-03L,40.844422,-73.893677,,69.000015,40.844422,-73.893677,,5.0,0.0,,,4.0,-21.0,
2026-01-07T19:37:44,823f33a1-7896-44fa-9d9c-dfdd9a2c3c6c_3f25f742-81ea-4123-830e-8407f8f6156a,a2b236b6-a715-3148-a16c-81adb61785b1,823f33a1-7896-44fa-9d9c-dfdd9a2c3c6c,nycmesh-162-east,3f25f742-81ea-4123-830e-8407f8f6156a,nycmesh-lbe-1606,40.664997,-73.990543,,40.0,40.6578,-74.0048,5.0,5.0,3.0,5490.0,MHz,-57.0,-64.0,ap-ptmp-airmax-mixed
2026-01-07T19:37:44,e8562380-6cd1-42de-bddd-dac96878eeff_05baa910-f76c-4906-9880-6d886a8df6af,a2df65a6-75f6-48d1-8463-3a03867b56cc,e8562380-6cd1-42de-bddd-dac96878eeff,nycmesh-544-core,05baa910-f76c-4906-9880-6d886a8df6af,nycmesh-544-hex,40.718504,-73.995954,,25.0,40.718504,-73.995954,,25.0,0.0,,,,,
2026-01-07T19:37:44,b6920950-8acf-40c6-b6e1-78b8082d8367_4d63a84a-dc65-46b4-a49b-b7b1a5b0c0ab,a2fef053-00fb-3e3f-8b41-ad43b33592d7,b6920950-8acf-40c6-b6e1-78b8082d8367,nycmesh-2463-south,4d63a84a-dc65-46b4-a49b-b7b1a5b0c0ab,nycmesh-lbe-410,40.719898,-73.988024,11.0,8.0,40.719898,-73.988024,,5.0,2.0,5560.0,MHz,-65.0,-67.0,ap-ptmp-airmax-mixed
2026-01-07T19:37:44,7059d14e-cb3d-44b4-85bb-47714ef4b56c_5ee9679b-5d5a-4277-adee-00475a81b427,a30b89ce-3a67-4d84-b093-25cadff73828,7059d14e-cb3d-44b4-85bb-47714ef4b56c,nycmesh-lbe-944,5ee9679b-5d5a-4277-adee-00475a81b427,nycmesh-944-omni,40.680269,-73.954802,,8.0,40.680215,-73.954799,,8.0,6.009852773468585,,,,,sta-ptmp
2026-01-07T19:37:44,4a6f43ed-ac8b-41c6-867b-e893d9737c31_3431a313-b908-4df1-8f15-eccbfb39a60b,a3151ef2-995b-3e8b-9fdb-acd19c83236f,4a6f43ed-ac8b-41c6-867b-e893d9737c31,nycmesh-1936-olt-xgs-165,3431a313-b908-4df1-8f15-eccbfb39a60b,1936-04J,40.716797,-73.985577,,10.0,40.716797,-73.985577,,5.0,0.0,,,4.0,-17.0,
2026-01-07T19:37:44,06617725-87b2-45e8-8962-30497e654509_35092a1c-c7fb-4020-bc51-1b96c9d614ea,a341d1b9-aee6-358f-9640-a05c7c2de708,06617725-87b2-45e8-8962-30497e654509,nycmesh-730-olt-xgs,35092a1c-c7fb-4020-bc51-1b96c9d614ea,730-01RR,40.844422,-73.893677,,69.000015,40.844422,-73.893677,,5.0,0.0,,,4.0,-15.0,
2026-01-07T19:37:44,4a6f43ed-ac8b-41c6-867b-e893d9737c31_7662c28f-1e54-4acb-8cb7-fe3657e18e66,a36dbeaa-a97f-39b7-8216-7a595b29e81a,4a6f43ed-ac8b-41c6-867b-e893d9737c31,nycmesh-1936-olt-xgs-165,7662c28f-1e54-4acb-8cb7-fe3657e18e66,1936-12O,40.716797,-73.985577,,10.0,40.716797,-73.985577,,5.0,0.0,,,4.0,-17.0,
2026-01-07T19:37:44,98ebe512-5cd5-45fa-9dd0-035e91624463_06b12b4b-364b-4cbb-9046-bba58850decb,a37b614c-81a9-4b80-a175-ab893d8f521f,98ebe512-5cd5-45fa-9dd0-035e91624463,nycmesh-115-gbep-5712,06b12b4b-364b-4cbb-9046-bba58850decb,nycmesh-115-omni,40.733902,-73.950604,,0.0,40.73391,-73.950594,,8.0,1.2252563378208337,,,-56.0,-58.0,sta-ptp
2026-01-07T19:37:44,82094c68-d2cf-4d01-b38b-897ff93940f4_8942f500-e6bb-444c-992e-0312c61247cb,a392eace-6793-3df9-a93b-c64c2d35eda0,82094c68-d2cf-4d01-b38b-897ff93940f4,nycmesh-584-olt-xgs,8942f500-e6bb-444c-992e-0312c61247cb,584 West-18R-1G-Dan Bikowski,40.79355,-73.965641,,10.0,40.79355,-73.965641,,5.0,0.0,,,3.0,-19.0,
2026-01-07T19:37:44,bd940043-fefd-42eb-8f9a-0f63cd428035_03ea29f0-82b2-4686-9a18-51d59b98f336,a3a96d00-c5e0-36c7-a508-3e9acae9ec1f,bd940043-fefd-42eb-8f9a-0f63cd428035,nycmesh-731-north,03ea29f0-82b2-4686-9a18-51d59b98f336,nycmesh-lbe-784,40.724676,-73.98073,,8.0,40.7247,-73.9807,6.0,8.0,1.0,5770.0,MHz,-43.0,-46.0,ap-ptmp
2026-01-07T19:37:44,495499c2-8b14-412c-b13f-38ff838d5290_1a11447c-d054-4ecb-a05a-1dad112c8e94,a3adb297-2dc5-3e72-bb1c-13c7ee7708fe,495499c2-8b14-412c-b13f-38ff838d5290,nycmesh-5151-northeast,1a11447c-d054-4ecb-a05a-1dad112c8e94,nycmesh-lbe-463,40.67543,-73.98058,,22.0,40.6743,-73.9746,20.0,5.0,2.0,5710.0,MHz,-61.0,-67.0,ap-ptmp-airmax-mixed
2026-01-07T19:37:44,a03f429f-0051-4bd1-8d7f-661e9bcd11ba_0d1b527e-12c3-4748-b37b-4d02a06e9214,a3e59b94-e09a-40ab-9654-2fda0ca5a87d,a03f429f-0051-4bd1-8d7f-661e9bcd11ba,nycmesh-sn3-n3k,0d1b527e-12c3-4748-b37b-4d02a06e9214,nycmesh-713-core,40.657782,-74.004848,,45.32,40.657782,-74.004848,,45.32,0.0,,,,,
2026-01-07T19:37:44,8acc7c7d-f64d-4023-9736-2695f9ade451_25a60c05-a427-4949-8429-622866062481,a404466e-0a89-46b0-bdb9-9760bc65eb49,8acc7c7d-f64d-4023-9736-2695f9ade451,nycmesh-407-eps16,25a60c05-a427-4949-8429-622866062481,nycmesh-407-north,40.713282,-73.99037,,11.42,40.713242,-73.990392,,11.42,4.818830430614581,,,,,ap-ptmp-airmax-mixed
2026-01-07T19:37:44,82094c68-d2cf-4d01-b38b-897ff93940f4_86c0bed6-14b6-43d9-855e-9f6a9bc42acd,a40dbc47-04fb-3922-a66b-4b54867b7aba,82094c68-d2cf-4d01-b38b-897ff93940f4,nycmesh-584-olt-xgs,86c0bed6-14b6-43d9-855e-9f6a9bc42acd,584-East-4A-1G-Jodi,40.79355,-73.965641,,10.0,40.79355,-73.965641,,5.0,0.0,,,5.0,-16.0,
2026-01-07T19:37:44,cfb13d60-abb9-4d75-973b-60fa775575f0_9b4a3a62-ef74-45ee-8757-edb8989c1e9e,a4109e54-f0b3-4bf2-8e88-d8a4f4a62f26,cfb13d60-abb9-4d75-973b-60fa775575f0,nycmesh-295-netpower16p,9b4a3a62-ef74-45ee-8757-edb8989c1e9e,nycmesh-295-omni,40.725616,-73.947094,5.0,10.0,40.725616,-73.947094,5.0,10.0,0.0,,,,,
2026-01-07T19:37:44,e1d61dc7-4e5e-4138-a210-456c817acb34_529f2b80-57ec-48e6-8cc6-8152bcd9be7a,a4696ec0-4acd-4385-ab0a-ae7784eda146,e1d61dc7-4e5e-4138-a210-456c817acb34,nycmesh-265-omni,529f2b80-57ec-48e6-8cc6-8152bcd9be7a,nycmesh-511-omni,40.705214,-73.930897,,24.0,40.705214,-73.930897,,24.0,0.0,,,,,
2026-01-07T19:37:44,b6920950-8acf-40c6-b6e1-78b8082d8367_dc8a821b-15d4-45ec-b5a2-3f07f9367d6a,a470e76f-a357-3ba9-98a7-ec87636621d7,b6920950-8acf-40c6-b6e1-78b8082d8367,nycmesh-2463-south,dc8a821b-15d4-45ec-b5a2-3f07f9367d6a,nycmesh-lbe-369,40.719898,-73.988024,11.0,8.0,40.719897625,-73.98805175,,5.0,2.0,5560.0,MHz,-60.0,-56.0,ap-ptmp-airmax-mixed
2026-01-07T19:37:44,06617725-87b2-45e8-8962-30497e654509_f05e1e9e-19a9-4765-b86c-73c188ae7451,a4888d8f-e93f-3bb7-b6d1-4754417cf010,06617725-87b2-45e8-8962-30497e654509,nycmesh-730-olt-xgs,f05e1e9e-19a9-4765-b86c-73c188ae7451,730-04C,40.844422,-73.893677,,69.000015,40.844422,-73.893677,,5.0,0.0,,,4.0,-15.0,
2026-01-07T19:37:44,8b8314b8-d05f-4726-a3ba-a52b14f4fbd2_8c903853-72d2-4dbb-a29b-47c91a59bf2e,a49554d1-4fe9-4947-9347-97e70efb986d,8b8314b8-d05f-4726-a3ba-a52b14f4fbd2,nycmesh-219-netpower16p,8c903853-72d2-4dbb-a29b-47c91a59bf2e,nycmesh-219-south,40.674366,-73.940284,,10.0,40.67441,-73.94023,,10.0,6.684018774483575,,,,,ap-ptmp-airmax-mixed
2026-01-07T19:37:44,0c005453-3975-4299-8271-441ab0e0f371_83ebb66c-9b0d-4a71-af68-50dd94dd36da,a4a1cea9-2837-468c-857f-87c3b8de8529,0c005453-3975-4299-8271-441ab0e0f371,nycmesh-11-core,83ebb66c-9b0d-4a71-af68-50dd94dd36da,nycmesh-584-ICX6610,40.726847,-74.007579,,10.0,40.79355,-73.965641,,10.0,8215.16170324617,,,,,
2026-01-07T19:37:44,06617725-87b2-45e8-8962-30497e654509_a23ba19b-6cf7-4c0d-830e-c0566006af23,a4dea8c6-1e9d-3371-9ec6-d423e3810465,06617725-87b2-45e8-8962-30497e654509,nycmesh-730-olt-xgs,a23ba19b-6cf7-4c0d-830e-c0566006af23,730-05K,40.844422,-73.893677,,69.000015,40.844422,-73.893677,,5.0,0.0,,,4.0,-16.0,
2026-01-07T19:37:44,b9c2b771-359e-48c3-8f58-f02ed9f66afe_a2e98083-0fa0-4042-82a8-67f6c2188c50,a55f110b-4fe3-3317-b72f-cfa3309e667d,b9c2b771-359e-48c3-8f58-f02ed9f66afe,nycmesh-2463-northeast,a2e98083-0fa0-4042-82a8-67f6c2188c50,nycmesh-lbe-907,40.719898,-73.988024,11.0,8.0,40.7199,-73.9881,,5.0,2.0,5770.0,MHz,-67.0,-60.0,ap-ptmp-airmax-ac
2026-01-07T19:37:44,162669d1-3320-4119-81eb-7f8aed0c1664_5298ffe4-a980-453c-855b-d3e3c2ef7ed3,a566356d-a63d-45ba-a855-a8485ba1033d,162669d1-3320-4119-81eb-7f8aed0c1664,nycmesh-640-omni,5298ffe4-a980-453c-855b-d3e3c2ef7ed3,nycmesh-640-sxt,40.798844,-73.938739,,10.0,40.798844,-73.938739,,10.0,0.0,,,,,
2026-01-07T19:37:44,f69bef22-4327-47d2-b232-8253e04845d3_381c4127-ffc5-4345-8753-092e773285c8,a56dbc5b-afb9-49e7-a0f3-effc8a7177ac,f69bef22-4327-47d2-b232-8253e04845d3,nycmesh-231-af60hd-333,381c4127-ffc5-4345-8753-092e773285c8,nycmesh-333-af60hd-231,40.646015,-74.013717,,39.0,40.647308,-74.013653,,37.0,174.0,,,-56.0,-58.0,ap-ptp
2026-01-07T19:37:44,cd9f8fe9-7335-49ae-8dff-5e518bc6ac91_1090effd-77bd-4602-bfc5-bda94cdbb65e,a5b3e815-eaf7-3bea-80bd-15c2257cc4c9,cd9f8fe9-7335-49ae-8dff-5e518bc6ac91,nycmesh-664-south,1090effd-77bd-4602-bfc5-bda94cdbb65e,nycmesh-lbe-704,40.705619,-73.915235,,8.0,40.709868,-73.911179,22.0,8.0,583.1893916715709,5560.0,MHz,-62.0,-65.0,ap-ptmp-airmax-ac
2026-01-07T19:37:44,9beb53fd-c9ba-46ca-acad-c1df349b592d_47a9497a-e34b-4e50-9841-6f925d790baa,a5c95fa6-5283-4925-ad26-968ed6297abf,9beb53fd-c9ba-46ca-acad-c1df349b592d,nycmesh-7800-vpn,47a9497a-e34b-4e50-9841-6f925d790baa,nycmesh-7800-af60lr-898,40.815629,-73.950228,,10.0,40.815368,-73.950324,35.0,88.0,1816.0,,,-43.0,-44.0,sta-ptp
2026-01-07T19:37:44,b57493cd-83d8-4d49-9ede-c9392cc16f47_d888e380-df17-45af-8fe1-1fa9a0d6724b,a5e5424f-24e2-3090-940b-09ebb66ae08e,b57493cd-83d8-4d49-9ede-c9392cc16f47,nycmesh-5014-north,d888e380-df17-45af-8fe1-1fa9a0d6724b,nycmesh-lbe-1547,40.693819,-73.906361,,8.0,40.6938191,-73.9063608,,8.0,0.020198023307997186,5560.0,MHz,-75.0,-77.0,ap-ptmp-airmax-mixed
2026-01-07T19:37:44,001161b2-4033-45a3-a05f-06a6efa60b18_a4d3c97c-4563-46bc-b216-c71b5690287a,a5e546af-629e-39a1-af1e-de98ff43db51,001161b2-4033-45a3-a05f-06a6efa60b18,nycmesh-511-west,a4d3c97c-4563-46bc-b216-c71b5690287a,nycmesh-lbe-856,40.70538,-73.930575,,24.0,40.704703,-73.934115,,5.0,1.0,5505.0,MHz,-53.0,-55.0,ap-ptmp-airmax-mixed
2026-01-07T19:37:44,cd0f34f6-42b4-406d-8876-ece07a103caa_0c6fa92e-984e-46d0-99c8-f0cbad5df2b1,a5f32418-94a0-4aea-bbc8-ab2e8a06c9af,cd0f34f6-42b4-406d-8876-ece07a103caa,nycmesh-231-core,0c6fa92e-984e-46d0-99c8-f0cbad5df2b1,nycmesh-231-edgepower,40.645835,-74.013376,,10.0,40.645835,-74.013376,,10.0,0.0,,,,,
2026-01-07T19:37:44,06e12270-c227-4bb2-b56c-f56268430611_3b98d586-c5f7-40ee-a585-d2e450d042d6,a5f3360c-6c54-34af-90d7-8b2528cfa224,06e12270-c227-4bb2-b56c-f56268430611,nycmesh-5014-west,3b98d586-c5f7-40ee-a585-d2e450d042d6,nycmesh-lbelr-511,40.693819,-73.906361,,8.0,40.705347,-73.930856,,24.0,2425.0,5750.0,MHz,-74.0,-61.0,ap-ptmp-airmax-mixed
2026-01-07T19:37:44,12010c8c-9f46-4e45-81e4-62d7090fbcd5_211ce069-2b61-4663-b229-7c147ffc58ed,a6035f50-2eb9-3040-a2b1-fef4404fe632,12010c8c-9f46-4e45-81e4-62d7090fbcd5,nycmesh-1340-east,211ce069-2b61-4663-b229-7c147ffc58ed,nycmesh-lbe-923,40.686016,-73.917493,,53.3,40.6858,-73.9173,,25.01,1.0,5560.0,MHz,-57.0,-58.0,ap-ptmp-airmax-mixed
2026-01-07T19:37:44,d14a79df-ca26-408f-8dc8-4a73585d167a_ab9c3e51-7126-48f1-9c1a-9b2b7467f6e0,a6105bf4-858f-34b8-923e-0c26aa4f87aa,d14a79df-ca26-408f-8dc8-4a73585d167a,nycmesh-3461-southeast,ab9c3e51-7126-48f1-9c1a-9b2b7467f6e0,nycmesh-lbe-4517,40.672531,-73.964197,,60.95,40.667133,-73.946808,,5.0,1584.6448261900457,5710.0,MHz,-74.0,-73.0,ap-ptmp-airmax-mixed
2026-01-07T19:37:44,06617725-87b2-45e8-8962-30497e654509_7f408627-dc4b-44ef-be29-127ff80d066c,a619d33a-10d6-3c4e-9aa7-1755a9cfa4ec,06617725-87b2-45e8-8962-30497e654509,nycmesh-730-olt-xgs,7f408627-dc4b-44ef-be29-127ff80d066c,730-05N,40.844422,-73.893677,,69.000015,40.844422,-73.893677,,5.0,0.0,,,2.0,-15.0,
2026-01-07T19:37:44,a57ddde1-6fff-463a-bbee-cbe90258daa6_dbbc3b60-b6ae-431f-8f30-fdc0a65be768,a63a2aea-12d6-3b44-91e3-edf4f9159a20,a57ddde1-6fff-463a-bbee-cbe90258daa6,nycmesh-1932-olt-410,dbbc3b60-b6ae-431f-8f30-fdc0a65be768,410-13B,40.716098,-73.985997,14.0,100.32,40.716338,-73.986263,14.0,5.0,34.85361611376818,,,5.0,-15.0,
2026-01-07T19:37:44,2e7f84d3-0014-4810-908d-7f39bcc7b8ca_4a88452c-590a-46bd-b01f-3ee51f3fd733,a6490099-f156-4025-ac11-686f52d4767d,2e7f84d3-0014-4810-908d-7f39bcc7b8ca,nycmesh-730-roof,4a88452c-590a-46bd-b01f-3ee51f3fd733,nycmesh-730-wavepro-2299,40.844422,-73.893677,,69.000015,40.843925,-73.893033,,72.0,77.3866833436577,,,-43.0,-43.0,ap-ptp
2026-01-07T19:37:44,b941154d-60f2-44f0-b6fe-467164cae821_0242bd05-16ee-49bf-a97f-30d3efe7138a,a68e39e8-c024-4f5a-b51a-0c1f46d6faf9,b941154d-60f2-44f0-b6fe-467164cae821,nycmesh-228-omni,0242bd05-16ee-49bf-a97f-30d3efe7138a,nycmesh-228-east,40.660799,-73.960338,,18.0,40.66076,-73.96032,,12.45,4.594711066914303,,,-48.0,-45.0,ap-ptmp-airmax-mixed
2026-01-07T19:37:44,12010c8c-9f46-4e45-81e4-62d7090fbcd5_d6e7dcdf-d3a0-4b3b-a633-9162a7900c32,a690ce9b-e45c-318e-afee-84b2665a6d22,12010c8c-9f46-4e45-81e4-62d7090fbcd5,nycmesh-1340-east,d6e7dcdf-d3a0-4b3b-a633-9162a7900c32,nycmesh-lbe-868,40.686016,-73.917493,,53.3,40.6858,-73.9173,,25.01,1.0,5560.0,MHz,-61.0,-62.0,ap-ptmp-airmax-mixed
2026-01-07T19:37:44,029b9158-d691-4968-a7b3-7ffbe1ae03d3_1644c4e7-3ea1-44cf-a3ed-27c2aa6ab6b2,a6d77917-79cc-3a65-b962-0dd58461500a,029b9158-d691-4968-a7b3-7ffbe1ae03d3,nycmesh-3461-northwest,1644c4e7-3ea1-44cf-a3ed-27c2aa6ab6b2,nycmesh-lbe-845,40.672685,-73.96386,,60.95,40.6725,-73.9642,,5.0,35.28977579122606,5510.0,MHz,-67.0,-74.0,ap-ptmp
2026-01-07T19:37:44,4a6f43ed-ac8b-41c6-867b-e893d9737c31_cc1413c7-6565-494d-8b3d-1fd295e6b7e8,a6da8963-00be-3966-af45-6ab55e5b9a35,4a6f43ed-ac8b-41c6-867b-e893d9737c31,nycmesh-1936-olt-xgs-165,cc1413c7-6565-494d-8b3d-1fd295e6b7e8,1936-03F,40.716797,-73.985577,,10.0,40.716797,-73.985577,,5.0,0.0,,,4.0,-16.0,
2026-01-07T19:37:44,595ecb28-d306-4b59-8825-ae5bd9f704ae_f9fa45a5-797a-44d9-ba96-3c85b7dda3be,a6e8ed92-c9cb-3d2c-84ba-fcdd92575fbe,595ecb28-d306-4b59-8825-ae5bd9f704ae,nycmesh-1933-waveap-northeast,f9fa45a5-797a-44d9-ba96-3c85b7dda3be,nycmesh-Mohammad-af60lr-1933,40.715648,-73.984369,,107.1,40.7154671,-73.9844008,,0.0,20.292926833795647,69120.0,MHz,-62.0,-63.0,ap-ptmp
2026-01-07T19:37:44,99625c67-f1b3-46d8-b0e8-175774246422_db447f7d-fe98-4e0f-bb3c-6b944e1c8c91,a702b639-03e8-330e-8901-deda6ecb90ed,99625c67-f1b3-46d8-b0e8-175774246422,nycmesh-1932-gbelr-731,db447f7d-fe98-4e0f-bb3c-6b944e1c8c91,nycmesh-731-gbelr-1932,40.716098,-73.985997,14.0,0.0,40.724676,-73.98073,,8.0,1052.0539764929235,60480.0,MHz,-59.0,-58.0,sta-ptp
2026-01-07T19:37:44,4a6f43ed-ac8b-41c6-867b-e893d9737c31_5a7a5db4-ea3d-42de-b231-368c833979d8,a7258a74-ed2e-37b6-bb7c-9e4e764a5283,4a6f43ed-ac8b-41c6-867b-e893d9737c31,nycmesh-1936-olt-xgs-165,5a7a5db4-ea3d-42de-b231-368c833979d8,1936-11K,40.716797,-73.985577,,10.0,40.716797,-73.985577,,5.0,0.0,,,4.0,-16.0,
2026-01-07T19:37:44,06617725-87b2-45e8-8962-30497e654509_04a1071b-ef47-4aed-a9d6-7599c0f7ae00,a72fa7b5-e062-3d54-aa3b-3f4eb966fdf8,06617725-87b2-45e8-8962-30497e654509,nycmesh-730-olt-xgs,04a1071b-ef47-4aed-a9d6-7599c0f7ae00,730-02C,40.844422,-73.893677,,69.000015,40.844422,-73.893677,,5.0,0.0,,,5.0,-16.0,
2026-01-07T19:37:44,01a74e3c-7494-4e0a-a380-1d611e988f35_3dddde02-088e-4878-89ad-1222cf8daf0f,a77ca872-fbc1-303c-8e0d-d57d4d6507a9,01a74e3c-7494-4e0a-a380-1d611e988f35,nycmesh-227-ps5ac-north2,3dddde02-088e-4878-89ad-1222cf8daf0f,nycmesh-lbe-2915,40.711166,-74.001244,,161.544,40.716532,-73.998141,10.0,8.0,1.0,5710.0,MHz,-62.0,-60.0,ap-ptmp-airmax-mixed
2026-01-07T19:37:44,4a6f43ed-ac8b-41c6-867b-e893d9737c31_6c48a22e-58b8-49a6-9d12-652ea330e56b,a7930377-b4b4-3ab9-9047-40a1a50c8434,4a6f43ed-ac8b-41c6-867b-e893d9737c31,nycmesh-1936-olt-xgs-165,6c48a22e-58b8-49a6-9d12-652ea330e56b,1936-10M,40.716797,-73.985577,,10.0,40.716797,-73.985577,,5.0,0.0,,,4.0,-17.0,
2026-01-07T19:37:44,bd940043-fefd-42eb-8f9a-0f63cd428035_c295e5a2-f8ce-4c5f-8c26-5802db70a2d7,a7ac66d6-8fff-33da-811c-a2138f3ac26d,bd940043-fefd-42eb-8f9a-0f63cd428035,nycmesh-731-north,c295e5a2-f8ce-4c5f-8c26-5802db70a2d7,nycmesh-lbe-1397,40.724676,-73.98073,,8.0,40.724676,-73.98073,6.0,8.0,1.0,5770.0,MHz,-43.0,-43.0,ap-ptmp
2026-01-07T19:37:44,0a45a9c2-11ce-43ad-9f9a-6e3852f80d6f_57f729bf-1736-4871-bff6-1c20c280b4bc,a7b9bf03-a634-48b8-b14c-e38a3245a43b,0a45a9c2-11ce-43ad-9f9a-6e3852f80d6f,nycmesh-3959-eps16-east,57f729bf-1736-4871-bff6-1c20c280b4bc,nycmesh-3959-core,40.841612,-73.941817,,10.0,40.841612,-73.941817,,10.0,0.0,,,,,
2026-01-07T19:37:44,7ee45009-6bc2-4a26-9b83-a3b07c70a3f6_3869723d-6cdd-4b7d-b03b-f0a0a5d348cb,a7bae1f1-bd28-3975-9121-b59cd86b5902,7ee45009-6bc2-4a26-9b83-a3b07c70a3f6,nycmesh-1934-olt-131-460,3869723d-6cdd-4b7d-b03b-f0a0a5d348cb,131-22G,40.716142,-73.98448,14.0,10.0,40.716364,-73.985193,-3492.0,5.0,64.96443791683336,,,5.0,-17.0,
2026-01-07T19:37:44,0499345d-a4c8-480a-8886-30258eee9b06_bebe5473-f7a8-4ce2-a7ac-0203de89fda2,a7f501c9-6750-323b-903d-89a6d62cc836,0499345d-a4c8-480a-8886-30258eee9b06,nycmesh-1635-north,bebe5473-f7a8-4ce2-a7ac-0203de89fda2,nycmesh-lbe-2616,40.667569,-73.98239,33.0,10.0,40.66755755,-73.982386782639,33.0,5.0,1.0,5700.0,MHz,-56.0,-56.0,ap-ptmp
2026-01-07T19:37:44,80a823d6-4547-4375-b2af-e7f0add85e7e_b316b734-40e5-4d5b-86c7-3d2e97d46221,a7f71831-5cb1-3846-98c8-749404d5b2ad,80a823d6-4547-4375-b2af-e7f0add85e7e,nycmesh-7800-wavelr-584,b316b734-40e5-4d5b-86c7-3d2e97d46221,nycmesh-584-wavelr-7800,40.815348,-73.950418,35.0,86.7,40.793635,-73.965735,,93.1,2737.0168023409283,68040.0,MHz,-50.0,-50.0,sta-ptp
2026-01-07T19:37:44,1f9f3b98-050c-4b95-95d5-b76e636677c1_71189040-5260-4d00-80fb-f2a7f8d40c05,a81b3e97-7972-3064-ae49-0a53d5e9d5c4,1f9f3b98-050c-4b95-95d5-b76e636677c1,nycmesh-511-northeast,71189040-5260-4d00-80fb-f2a7f8d40c05,nycmesh-lbe-738,40.70538,-73.930575,,24.0,40.703275,-73.928756,,5.0,1.0,5555.0,MHz,-59.0,-59.0,ap-ptmp
2026-01-07T19:37:44,5cdab5e9-4a51-4623-b036-0cded15875be_23ee5ba3-6ef8-4744-b004-03abb768f3e5,a82a34db-a062-36cb-ba74-07aa53d2a7fb,5cdab5e9-4a51-4623-b036-0cded15875be,nycmesh-162-south,23ee5ba3-6ef8-4744-b004-03abb768f3e5,nycmesh-lbe-5989,40.664997,-73.990543,,40.0,40.6577,-74.0051,5.0,5.0,3.0,5545.0,MHz,-56.0,-59.0,ap-ptmp-airmax-mixed
2026-01-07T19:37:44,9600af45-a3a7-43eb-af30-01b070ab7150_6bb30a25-b72e-46f9-a1ad-0dd87a5a4c42,a830debf-97b4-3810-a938-be70b9246244,9600af45-a3a7-43eb-af30-01b070ab7150,nycmesh-3461-southwest,6bb30a25-b72e-46f9-a1ad-0dd87a5a4c42,nycmesh-lbe-48,40.672531,-73.964197,,60.95,40.6725,-73.9642,,5.0,3.4563153488510543,5555.0,MHz,-63.0,-64.0,ap-ptmp-airmax-mixed
2026-01-07T19:37:44,b6920950-8acf-40c6-b6e1-78b8082d8367_d4c5ba5f-84f1-4e74-9081-5f995fdac57e,a860ee42-65fc-3483-a9fd-ae4030c038df,b6920950-8acf-40c6-b6e1-78b8082d8367,nycmesh-2463-south,d4c5ba5f-84f1-4e74-9081-5f995fdac57e,nycmesh-lbe-506,40.719898,-73.988024,11.0,8.0,40.7199,-73.988,,5.0,2.0,5560.0,MHz,-59.0,-61.0,ap-ptmp-airmax-mixed
2026-01-07T19:37:44,f0fd1504-684f-467e-8115-ac44b46fc24a_5949ca17-7037-406c-a276-8db9228d762c,a863907f-018c-412d-8b07-08eadabd0f72,f0fd1504-684f-467e-8115-ac44b46fc24a,nycmesh-1340-eps16,5949ca17-7037-406c-a276-8db9228d762c,nycmesh-1340-west1,40.685823,-73.917272,,12.93,40.686117,-73.917818,,12.93,56.46421171543038,,,,,ap-ptmp-airmax-mixed
2026-01-07T19:37:44,4a6f43ed-ac8b-41c6-867b-e893d9737c31_9d90baa9-8f80-47c4-ac1e-07218d367010,a8785fe5-e99f-391d-8fb6-abe940115ced,4a6f43ed-ac8b-41c6-867b-e893d9737c31,nycmesh-1936-olt-xgs-165,9d90baa9-8f80-47c4-ac1e-07218d367010,1936-10P,40.716797,-73.985577,,10.0,40.716797,-73.985577,,5.0,0.0,,,4.0,-17.0,
2026-01-07T19:37:44,2e7f84d3-0014-4810-908d-7f39bcc7b8ca_a9f54d81-3413-41ec-bf67-6ddf0666fa84,a88b46ea-aa2c-49be-a2c8-168e60296a5a,2e7f84d3-0014-4810-908d-7f39bcc7b8ca,nycmesh-730-roof,a9f54d81-3413-41ec-bf67-6ddf0666fa84,nycmesh-730-eps16,40.844422,-73.893677,,69.000015,40.844422,-73.893677,,69.000015,0.0,,,,,
2026-01-07T19:37:44,25a60c05-a427-4949-8429-622866062481_9deeff40-23f9-4f70-a6f7-cf5748a5c9ca,a893e326-ca49-3c40-a947-cd1630854b8c,25a60c05-a427-4949-8429-622866062481,nycmesh-407-north,9deeff40-23f9-4f70-a6f7-cf5748a5c9ca,nycmesh-lbe-6274,40.713242,-73.990392,,11.42,40.714689,-73.993107,10.0,8.0,3.0,5505.0,MHz,-57.0,-56.0,ap-ptmp-airmax-mixed
2026-01-07T19:37:44,f0fd1504-684f-467e-8115-ac44b46fc24a_1af5b87e-d1f4-422e-8718-49e9cf980227,a8a8730b-e8fb-43b3-ad6c-6228e6cf498f,f0fd1504-684f-467e-8115-ac44b46fc24a,nycmesh-1340-eps16,1af5b87e-d1f4-422e-8718-49e9cf980227,nycmesh-1340-south,40.685823,-73.917272,,12.93,40.686016,-73.917493,,53.3,28.421800681481212,,,,,ap-ptmp-airmax-mixed
2026-01-07T19:37:44,4a6f43ed-ac8b-41c6-867b-e893d9737c31_02b55216-feae-40f7-a07e-62bb32ec1e2d,a8c27a10-e9d3-3d0d-9c55-d4a516e6c973,4a6f43ed-ac8b-41c6-867b-e893d9737c31,nycmesh-1936-olt-xgs-165,02b55216-feae-40f7-a07e-62bb32ec1e2d,1936-14H,40.716797,-73.985577,,10.0,40.716797,-73.985577,,5.0,0.0,,,4.0,-15.0,
2026-01-07T19:37:44,4a6f43ed-ac8b-41c6-867b-e893d9737c31_13c4a87e-d63b-4beb-8369-7b8730e1de7f,a8c6bb1d-6967-336d-91b4-32c2db87f8da,4a6f43ed-ac8b-41c6-867b-e893d9737c31,nycmesh-1936-olt-xgs-165,13c4a87e-d63b-4beb-8369-7b8730e1de7f,1936-04M,40.716797,-73.985577,,10.0,40.716797,-73.985577,,5.0,0.0,,,5.0,-17.0,
2026-01-07T19:37:44,06617725-87b2-45e8-8962-30497e654509_569a4b44-81ca-481f-9481-1144838de172,a8ee083c-e846-3c93-9316-ee4555489663,06617725-87b2-45e8-8962-30497e654509,nycmesh-730-olt-xgs,569a4b44-81ca-481f-9481-1144838de172,730-06J,40.844422,-73.893677,,69.000015,40.844422,-73.893677,,5.0,0.0,,,4.0,-16.0,
2026-01-07T19:37:44,371df153-99dc-43a3-8ea1-dad940690be8_a2320164-baa5-4aee-ae61-0b14ec036a08,a8f72dd0-20a3-3f86-a025-b3262ffedfa3,371df153-99dc-43a3-8ea1-dad940690be8,nycmesh-sn3-south,a2320164-baa5-4aee-ae61-0b14ec036a08,nycmesh-lbe-811,40.657782,-74.004848,,45.32,40.6578,-74.0048,,5.0,1.0,5490.0,MHz,-59.0,-61.0,ap-ptmp-airmax-mixed
2026-01-07T19:37:44,5cb0ebbc-f7d7-4e13-a36d-03df3814b156_973954b8-8102-4c64-b3b2-b62fda600b66,a901b9ca-b7ac-3424-a6a4-72ebbab5f539,5cb0ebbc-f7d7-4e13-a36d-03df3814b156,nycmesh-1635-southwest,973954b8-8102-4c64-b3b2-b62fda600b66,nycmesh-lbe-546,40.667569,-73.98239,33.0,10.0,40.6676,-73.9824,33.0,5.0,1.0,5550.0,MHz,-53.0,-51.0,ap-ptmp-airmax-mixed
2026-01-07T19:37:44,68b3fc90-93e0-49a4-900f-e9df98fb9361_150bd10f-234e-4b29-b982-642013227297,a90ad90c-d9d8-3d7b-a14b-55e0a4f1a6cd,68b3fc90-93e0-49a4-900f-e9df98fb9361,nycmesh-5916-west1,150bd10f-234e-4b29-b982-642013227297,nycmesh-lbe-750,40.696017,-73.939873,,67.46,40.695935,-73.93972,23.0,5.0,1.0,5710.0,MHz,-61.0,-59.0,ap-ptmp-airmax-mixed
2026-01-07T19:37:44,05b5d18e-beff-4b24-a54f-08a94bc24d55_cc9bf5b3-5f00-43e3-b856-8ae26b79639f,a94c36f7-fd46-3976-9d18-36bbf2e87f04,05b5d18e-beff-4b24-a54f-08a94bc24d55,nycmesh-158-epr6,cc9bf5b3-5f00-43e3-b856-8ae26b79639f,nycmesh-158-north,40.691659,-73.924413,,10.0,40.691635,-73.924396,,10.0,3.0292190317466003,,,,,ap-ptmp
2026-01-07T19:37:44,953aad6d-a4b5-49c2-910f-4846478f94cd_e258faf8-95b3-44bd-a7d6-31c212ecbe54,a96d2162-db07-3054-a123-8763b7280125,953aad6d-a4b5-49c2-910f-4846478f94cd,nycmesh-713-ltulr-2282,e258faf8-95b3-44bd-a7d6-31c212ecbe54,nycmesh-2282-ltulr-713,40.657782,-74.004848,,45.32,40.682995,-73.993789,13.0,18.29,2954.0,5815.0,MHz,-47.0,-47.0,ap-ptp
2026-01-07T19:37:44,cd815a56-612a-46a9-ae87-b80aab35730b_5f0ded2c-8b78-436d-8269-c5fd49ddf9b2,a97e7f60-8e8b-3b07-b113-8017b6908479,cd815a56-612a-46a9-ae87-b80aab35730b,nycmesh-3461-olt,5f0ded2c-8b78-436d-8269-c5fd49ddf9b2,3461-12G,40.672531,-73.964197,,60.95,40.672531,-73.964197,,5.0,0.0,,,1.0,-20.0,
2026-01-07T19:37:44,06617725-87b2-45e8-8962-30497e654509_048637aa-2d4a-499d-853d-d5543406bc29,a98331a6-2e51-36bc-972b-bf3798b4e70e,06617725-87b2-45e8-8962-30497e654509,nycmesh-730-olt-xgs,048637aa-2d4a-499d-853d-d5543406bc29,730-09C,40.844422,-73.893677,,69.000015,40.844422,-73.893677,,5.0,0.0,,,3.0,-15.0,
2026-01-07T19:37:44,601385ad-bf3b-43e9-aef0-dc159eb8c34c_8c83ed05-bc0a-4ee0-b42e-3f83e2d89b34,a9899664-4663-3a28-8f2e-e08e07181d0e,601385ad-bf3b-43e9-aef0-dc159eb8c34c,nycmesh-898-eps16,8c83ed05-bc0a-4ee0-b42e-3f83e2d89b34,nycmesh-898-south,40.830454,-73.941171,41.0,10.0,40.830461,-73.94109,,10.0,6.859271372738546,,,,,ap-ptmp-airmax-mixed
2026-01-07T19:37:44,4a6f43ed-ac8b-41c6-867b-e893d9737c31_18cb90d9-615c-4d06-ad90-6dfd60c07cf6,a98ee1ed-ea55-3197-a6af-78626c6d0cd8,4a6f43ed-ac8b-41c6-867b-e893d9737c31,nycmesh-1936-olt-xgs-165,18cb90d9-615c-4d06-ad90-6dfd60c07cf6,1936-14C,40.716797,-73.985577,,10.0,40.716797,-73.985577,,5.0,0.0,,,5.0,-16.0,
2026-01-07T19:37:44,4a6f43ed-ac8b-41c6-867b-e893d9737c31_9c003842-f2d7-43e3-9614-0b1d9a3fdb30,a9a1e394-fefd-3449-b7f7-190545cead17,4a6f43ed-ac8b-41c6-867b-e893d9737c31,nycmesh-1936-olt-xgs-165,9c003842-f2d7-43e3-9614-0b1d9a3fdb30,1936-10D,40.716797,-73.985577,,10.0,40.716797,-73.985577,,5.0,0.0,,,5.0,-16.0,
2026-01-07T19:37:44,01a74e3c-7494-4e0a-a380-1d611e988f35_5b79eae8-7249-4018-9dd6-ca3db6a9b03c,a9a675b5-f57c-33cf-bbad-5ba08c09ad94,01a74e3c-7494-4e0a-a380-1d611e988f35,nycmesh-227-ps5ac-north2,5b79eae8-7249-4018-9dd6-ca3db6a9b03c,nycmesh-lbe-554,40.711166,-74.001244,,161.544,40.726903,-73.985262,10.0,8.0,1.0,5710.0,MHz,-67.0,-64.0,ap-ptmp-airmax-mixed
2026-01-07T19:37:44,a1d9f474-7fbf-4a50-b1a6-aa188a8456ed_f1cf0f75-ed73-47da-9dbc-c7b98a98f801,a9cf27e6-478f-4f3d-ad7f-a5bc33abd891,a1d9f474-7fbf-4a50-b1a6-aa188a8456ed,nycmesh-3461-eps16,f1cf0f75-ed73-47da-9dbc-c7b98a98f801,nycmesh-3461-ltulr-5151,40.672531,-73.964197,,60.95,40.672531,-73.964197,,60.95,1418.0,,,-44.0,-42.0,sta-ptp
2026-01-07T19:37:44,ef47c82e-ec64-492e-ab2a-93e6a45d6cbc_3ab7c0b8-da3c-42d7-92a4-9fd0d434ef4c,a9cf595c-79d7-4442-a7da-09abea1ce746,ef47c82e-ec64-492e-ab2a-93e6a45d6cbc,nycmesh-2299-eps16,3ab7c0b8-da3c-42d7-92a4-9fd0d434ef4c,nycmesh-2299-inseego,40.861367,-73.907738,,10.0,40.861367,-73.907738,,10.0,0.0,,,,,
2026-01-07T19:37:44,b9c2b771-359e-48c3-8f58-f02ed9f66afe_7ccb5ecd-695e-4600-918b-b792e64e1616,a9d3c593-e9d5-35d1-926a-219445809a1c,b9c2b771-359e-48c3-8f58-f02ed9f66afe,nycmesh-2463-northeast,7ccb5ecd-695e-4600-918b-b792e64e1616,nycmesh-lbe-2539,40.719898,-73.988024,11.0,8.0,40.719897625,-73.98805175,,5.0,2.0,5770.0,MHz,-70.0,-54.0,ap-ptmp-airmax-ac
2026-01-07T19:37:44,06617725-87b2-45e8-8962-30497e654509_5308c3ae-1784-47fd-b277-b8dfb048c3d2,a9d6bac7-1d74-31d1-8cc9-6aa4a0da20a2,06617725-87b2-45e8-8962-30497e654509,nycmesh-730-olt-xgs,5308c3ae-1784-47fd-b277-b8dfb048c3d2,730 9D,40.844422,-73.893677,,69.000015,40.844422,-73.893677,,5.0,0.0,,,3.0,-14.0,
2026-01-07T19:37:44,ab12c2bf-2fc9-40ce-9ef7-b8b1b4d9e324_7c384988-9655-48a5-a9dc-c58d04cfda10,aa0110d1-92d4-4ac7-9e9b-cef04b233fb7,ab12c2bf-2fc9-40ce-9ef7-b8b1b4d9e324,nycmesh-1635-eps16,7c384988-9655-48a5-a9dc-c58d04cfda10,nycmesh-1635-gbelr-5151,40.667569,-73.98239,33.0,10.0,40.66756,-73.98242,33.0,0.0,887.0,,,-58.0,-58.0,sta-ptp
2026-01-07T19:37:44,06617725-87b2-45e8-8962-30497e654509_212f8a24-2692-4663-928d-9ffedd0afe11,aa06d468-f2da-3dd6-b7a1-307cc6260cc0,06617725-87b2-45e8-8962-30497e654509,nycmesh-730-olt-xgs,212f8a24-2692-4663-928d-9ffedd0afe11,730-08A 70:a7:41:3e:9c:c9,40.844422,-73.893677,,69.000015,40.844422,-73.893677,,5.0,0.0,,,4.0,-17.0,
2026-01-07T19:37:44,b6ed7b18-8c1e-497a-b8b7-3bab229980c4_c40ff93b-d7f2-4938-b2be-bdbbf039d876,aa623383-a1a7-35b8-a5e6-20ecae0b75ad,b6ed7b18-8c1e-497a-b8b7-3bab229980c4,nycmesh-5916-south1,c40ff93b-d7f2-4938-b2be-bdbbf039d876,nycmesh-lbe-6929,40.696042,-73.939797,,67.46,40.696,-73.9398,23.0,5.0,1.0,5490.0,MHz,-57.0,-52.0,ap-ptmp-airmax-mixed
2026-01-07T19:37:44,d14a79df-ca26-408f-8dc8-4a73585d167a_0c38e80f-e31c-464a-a8f1-050b8ef03a22,aa62d665-7a4c-3c3c-8779-14c0bec1a741,d14a79df-ca26-408f-8dc8-4a73585d167a,nycmesh-3461-southeast,0c38e80f-e31c-464a-a8f1-050b8ef03a22,nycmesh-lbe-462,40.672531,-73.964197,,60.95,40.6725,-73.9642,,5.0,3.4563153488510543,5710.0,MHz,-76.0,-78.0,ap-ptmp-airmax-mixed
2026-01-07T19:37:44,a03f429f-0051-4bd1-8d7f-661e9bcd11ba_f2232508-4485-440f-8e76-6ad36c49b26a,aa6b7b87-f9da-4ba7-9b9d-52c09c341288,a03f429f-0051-4bd1-8d7f-661e9bcd11ba,nycmesh-sn3-n3k,f2232508-4485-440f-8e76-6ad36c49b26a,nycmesh-sn3-n5k,40.657782,-74.004848,,45.32,40.657782,-74.004848,,45.32,0.0,,,,,
2026-01-07T19:37:44,b941154d-60f2-44f0-b6fe-467164cae821_1b37fa62-c3ea-4564-890f-8deac7ef5990,aa6ee887-27e2-4d8d-b8d6-cdc42349752b,b941154d-60f2-44f0-b6fe-467164cae821,nycmesh-228-omni,1b37fa62-c3ea-4564-890f-8deac7ef5990,nycmesh-228-wap,40.660799,-73.960338,,18.0,40.660799,-73.960338,,18.0,0.0,,,,,
2026-01-07T19:37:44,b55b1d8a-729a-4f6a-a99c-05df3a9284f4_2f919777-61b9-4697-91f1-15523adc46a5,aa7683c5-869c-49be-8392-eb5d1e250fe2,b55b1d8a-729a-4f6a-a99c-05df3a9284f4,nycmesh-713-eps16,2f919777-61b9-4697-91f1-15523adc46a5,nycmesh-713-waveap-south,40.657782,-74.004848,,45.32,40.657601,-74.005171,,76.3,33.873796645275334,,,-56.0,-64.0,ap-ptmp
2026-01-07T19:37:44,fc8978dd-81f7-4400-a405-2bd7b4210e6c_03e11a53-3ed8-4e86-a8a4-f4536f55584e,aa8a8368-c4cf-4858-ada2-5fecc5bcd3e3,fc8978dd-81f7-4400-a405-2bd7b4210e6c,nycmesh-898-core,03e11a53-3ed8-4e86-a8a4-f4536f55584e,nycmesh-898-edgepower,40.830454,-73.941171,,10.0,40.830454,-73.941171,41.0,10.0,0.0,,,,,
2026-01-07T19:37:44,59452811-fa27-4cc9-a672-bd957b02b146_0792a5c8-125b-482c-aa34-c73f4a5f7285,aa8b947d-057d-345d-96e6-56d862d61a00,59452811-fa27-4cc9-a672-bd957b02b146,nycmesh-527-east,0792a5c8-125b-482c-aa34-c73f4a5f7285,nycmesh-lbe-639,40.635004,-73.950213,,10.0,40.635,-73.9502,,5.0,1.183718262529019,5560.0,MHz,-65.0,-64.0,ap-ptmp-airmax-mixed
2026-01-07T19:37:44,3e851429-ccde-4c56-a1b7-019e49194141_0ee15d1b-2a6d-401b-af0d-b4e273c3f7b7,aa9b45aa-8e4b-3d5d-9f97-fd85da8c1d92,3e851429-ccde-4c56-a1b7-019e49194141,nycmesh-227-ps5ac-northeast2,0ee15d1b-2a6d-401b-af0d-b4e273c3f7b7,nycmesh-lbe-1440,40.711065,-74.001308,,158.0,40.712811,-73.994744,,5.0,585.0,5820.0,MHz,-59.0,-47.0,ap-ptmp-airmax-mixed
2026-01-07T19:37:44,162669d1-3320-4119-81eb-7f8aed0c1664_b9f7fc58-1b91-47b7-9900-edbdeddd4bd9,aaa56e7d-c205-42ad-ba4d-5a6a30ee35fd,162669d1-3320-4119-81eb-7f8aed0c1664,nycmesh-640-omni,b9f7fc58-1b91-47b7-9900-edbdeddd4bd9,nycmesh-640-lite7r,40.798844,-73.938739,,10.0,40.798844,-73.938739,,10.0,0.0,,,,,
2026-01-07T19:37:44,029b9158-d691-4968-a7b3-7ffbe1ae03d3_a4ff637a-69cc-4a84-aa6c-c87866ce7c20,aab3ad1e-cf1d-33a8-ae76-0add62736f1c,029b9158-d691-4968-a7b3-7ffbe1ae03d3,nycmesh-3461-northwest,a4ff637a-69cc-4a84-aa6c-c87866ce7c20,nycmesh-884-lbe,40.672685,-73.96386,,60.95,40.696038,-73.939764,23.0,5.0,3327.0,5510.0,MHz,-67.0,-73.0,ap-ptmp
2026-01-07T19:37:44,a03f429f-0051-4bd1-8d7f-661e9bcd11ba_38122aba-b911-472c-a296-dd70eac22550,aab68314-a9a9-424e-b904-3b16ec42544d,a03f429f-0051-4bd1-8d7f-661e9bcd11ba,nycmesh-sn3-n3k,38122aba-b911-472c-a296-dd70eac22550,nycmesh-sn3-edge2n,40.657782,-74.004848,,45.32,40.657782,-74.004848,,45.32,0.0,,,,,
2026-01-07T19:37:44,4a6f43ed-ac8b-41c6-867b-e893d9737c31_cf7954f2-c26b-4e5c-8e1a-57869da090c4,aabf08cf-38d3-305a-a4f3-55c155fc3209,4a6f43ed-ac8b-41c6-867b-e893d9737c31,nycmesh-1936-olt-xgs-165,cf7954f2-c26b-4e5c-8e1a-57869da090c4,1936-11A,40.716797,-73.985577,,10.0,40.716797,-73.985577,,5.0,0.0,,,4.0,-17.0,
2026-01-07T19:37:44,105d7ab9-2b0a-4d06-ae16-52b2c50ffeb3_563c0fcb-32b0-4591-8bf2-6ec447bc564f,aad25d94-d39f-4939-ae3e-3ae1d524717d,105d7ab9-2b0a-4d06-ae16-52b2c50ffeb3,nycmesh-155-omni,563c0fcb-32b0-4591-8bf2-6ec447bc564f,nycmesh-155-epr6,40.679873,-73.942457,18.0,10.0,40.679873,-73.942457,18.0,10.0,0.0,,,,,
2026-01-07T19:37:44,a1d9f474-7fbf-4a50-b1a6-aa188a8456ed_029b9158-d691-4968-a7b3-7ffbe1ae03d3,aade5767-0f89-4a59-9b46-a5ce30f64dda,a1d9f474-7fbf-4a50-b1a6-aa188a8456ed,nycmesh-3461-eps16,029b9158-d691-4968-a7b3-7ffbe1ae03d3,nycmesh-3461-northwest,40.672531,-73.964197,,60.95,40.672685,-73.96386,,60.95,33.181108383118236,,,-67.0,-69.0,ap-ptmp
2026-01-07T19:37:44,7adf0e38-79e9-4b45-9421-4371643cd4f0_4e5347bb-91bf-4523-a03a-2aeb6ec97f36,aae2dc8b-2782-43b8-90bc-ad5095bee8f7,7adf0e38-79e9-4b45-9421-4371643cd4f0,nycmesh-7512-southwest,4e5347bb-91bf-4523-a03a-2aeb6ec97f36,nycmesh-7512-omni,40.698383,-73.972688,,10.0,40.698383,-73.972688,,10.0,0.0,,,,,ap-ptmp-airmax-mixed
2026-01-07T19:37:44,d14a79df-ca26-408f-8dc8-4a73585d167a_3e195f48-c0e1-4ed4-9766-39fa1a2b97a0,aaeef13b-2f54-39b5-a950-d16f9990058b,d14a79df-ca26-408f-8dc8-4a73585d167a,nycmesh-3461-southeast,3e195f48-c0e1-4ed4-9766-39fa1a2b97a0,nycmesh-lbelr-228 ,40.672531,-73.964197,,60.95,40.6608,-73.9604,,18.0,1344.0,5710.0,MHz,-69.0,-67.0,ap-ptmp-airmax-mixed
2026-01-07T19:37:44,02dab8c6-b7bd-41f6-a0f4-9f6dcbdda7d0_ecea4166-6aa7-4fa5-8955-3462179e3f77,aaf705f9-0ee6-3312-8f2f-174b951932e1,02dab8c6-b7bd-41f6-a0f4-9f6dcbdda7d0,nycmesh-713-waveapmicro-north,ecea4166-6aa7-4fa5-8955-3462179e3f77,nycmesh-5300-wavenano,40.658103,-74.004768,,59.3,40.659702,-73.991958,,42.8,1.0,68040.0,MHz,-57.0,-58.0,ap-ptmp
2026-01-07T19:37:44,4a6f43ed-ac8b-41c6-867b-e893d9737c31_a24fefb5-a7b1-495f-a026-34384041f5ee,ab30098b-1e51-3229-9602-7b0738272adb,4a6f43ed-ac8b-41c6-867b-e893d9737c31,nycmesh-1936-olt-xgs-165,a24fefb5-a7b1-495f-a026-34384041f5ee,1936-03O,40.716797,-73.985577,,10.0,40.716797,-73.985577,,5.0,0.0,,,4.0,-17.0,
2026-01-07T19:37:44,7ee45009-6bc2-4a26-9b83-a3b07c70a3f6_707a7907-9e6c-493f-839a-d9efb2b5bce3,ab40ecea-bcfa-3550-aec2-fd90b7870799,7ee45009-6bc2-4a26-9b83-a3b07c70a3f6,nycmesh-1934-olt-131-460,707a7907-9e6c-493f-839a-d9efb2b5bce3,460-03B,40.716142,-73.98448,14.0,10.0,40.715645,-73.984543,13.0,5.0,55.51836572683728,,,3.0,-20.0,
2026-01-07T19:37:44,c462dbf2-1357-494c-a6af-ea3b02c96c03_f9a94c1c-360f-4b43-b888-ae27943b4a05,abd30a03-f7ce-4040-85e5-9ccc347f550a,c462dbf2-1357-494c-a6af-ea3b02c96c03,nycmesh-162-eps16,f9a94c1c-360f-4b43-b888-ae27943b4a05,nycmesh-162-wap60g-nw,40.664997,-73.990543,,40.0,40.664997,-73.990543,,40.0,0.0,,,,,
2026-01-07T19:37:44,26ff4fad-71ee-4d67-aaee-dcd3b8709b0b_d804641d-e8d2-426f-9f46-d759c54a69ac,abe5829a-4c7c-3bd3-9d0e-ecec1e740cc0,26ff4fad-71ee-4d67-aaee-dcd3b8709b0b,nycmesh-238-lbe-240,d804641d-e8d2-426f-9f46-d759c54a69ac,nycmesh-240-lbe-238,40.8156,-73.9502,35.0,5.0,40.8156,-73.9502,35.0,5.0,1.0,5560.0,MHz,-54.0,-53.0,ap-ptp
2026-01-07T19:37:44,82094c68-d2cf-4d01-b38b-897ff93940f4_7f014a34-0150-4ec5-a234-6ac9c443b803,abeedbb7-d7df-3b02-b7fe-ea862a836689,82094c68-d2cf-4d01-b38b-897ff93940f4,nycmesh-584-olt-xgs,7f014a34-0150-4ec5-a234-6ac9c443b803,584-West-1G-Cindy Wang-19S,40.79355,-73.965641,,10.0,40.79355,-73.965641,,5.0,0.0,,,5.0,-14.0,
2026-01-07T19:37:44,0c855b7b-0b41-4444-a745-3d36962799ad_ffc9508b-83dd-4113-bd55-c6936f0f0d6d,ac4c258a-300d-42fa-8060-5f56069dfd3f,0c855b7b-0b41-4444-a745-3d36962799ad,nycmesh-1932-eps16,ffc9508b-83dd-4113-bd55-c6936f0f0d6d,nycmesh-1932-west-s6,40.716098,-73.985997,14.0,100.32,40.716098,-73.985997,14.0,100.32,0.0,,,,,ap-ptmp-airmax-mixed
2026-01-07T19:37:44,a90e8904-0798-4072-a8c5-28b6cd247471_bd496c6c-7b62-4b77-8020-6d86bbbc7694,ac858bc8-943f-40e8-8db8-c445348b53ce,a90e8904-0798-4072-a8c5-28b6cd247471,nycmesh-lbe-648,bd496c6c-7b62-4b77-8020-6d86bbbc7694,nycmesh-648-eps16,40.6478,-74.0008,45.0,25.0,40.639719,-73.995809,,25.0,992.3438142636973,,,-56.0,-51.0,sta-ptmp
2026-01-07T19:37:44,c462dbf2-1357-494c-a6af-ea3b02c96c03_2f3775a1-8b83-4d41-bca5-af144a70ff96,ac92941b-01f0-483a-b3d3-8dea8ed7e8dd,c462dbf2-1357-494c-a6af-ea3b02c96c03,nycmesh-162-eps16,2f3775a1-8b83-4d41-bca5-af144a70ff96,nycmesh-162-af24-2282,40.664997,-73.990543,,40.0,40.665054,-73.990616,,64.08,8.836431403001928,,,-55.0,-53.0,ap-ptp
2026-01-07T19:37:44,48036018-f142-4ed5-99cf-84ffc7f1bc71_ed91888b-15de-42c4-8a24-831afb3977fc,ac93ec6a-bd15-45c2-b65a-857d37273976,48036018-f142-4ed5-99cf-84ffc7f1bc71,nycmesh-648-hex,ed91888b-15de-42c4-8a24-831afb3977fc,nycmesh-648-MocaBasement1,40.639719,-73.995809,,25.0,40.639719,-73.995809,,25.0,0.0,,,,,
2026-01-07T19:37:44,05b5d18e-beff-4b24-a54f-08a94bc24d55_197190b3-dfb5-4ab7-8109-37ba8fe736fb,acdf1f84-93f1-3fdb-9334-a1229c0c2918,05b5d18e-beff-4b24-a54f-08a94bc24d55,nycmesh-158-epr6,197190b3-dfb5-4ab7-8109-37ba8fe736fb,nycmesh-158-south,40.691659,-73.924413,,10.0,40.691649,-73.924431,,10.0,1.8813688350940476,,,,,ap-ptmp
2026-01-07T19:37:44,06617725-87b2-45e8-8962-30497e654509_9e1a477b-7a4f-4471-b342-570f74e281b5,adb3e8a1-2ce7-3728-ad15-e807681acca0,06617725-87b2-45e8-8962-30497e654509,nycmesh-730-olt-xgs,9e1a477b-7a4f-4471-b342-570f74e281b5,730-07C,40.844422,-73.893677,,69.000015,40.844422,-73.893677,,5.0,0.0,,,3.0,-16.0,
2026-01-07T19:37:44,d14a79df-ca26-408f-8dc8-4a73585d167a_5a6e8518-69ec-4bc2-ad25-97f490a2cc07,adb6cea7-0bef-3d83-909b-f4eb5fa6d2cf,d14a79df-ca26-408f-8dc8-4a73585d167a,nycmesh-3461-southeast,5a6e8518-69ec-4bc2-ad25-97f490a2cc07,nycmesh-lbelr-4891,40.672531,-73.964197,,60.95,40.672531,-73.9641974,,5.0,0.033734178513036644,5710.0,MHz,,,ap-ptmp-airmax-mixed
2026-01-07T19:37:44,12010c8c-9f46-4e45-81e4-62d7090fbcd5_4d722f44-e589-48f5-b25d-57ebd87b34e6,adcca77b-379d-392f-97e5-7dd49271be66,12010c8c-9f46-4e45-81e4-62d7090fbcd5,nycmesh-1340-east,4d722f44-e589-48f5-b25d-57ebd87b34e6,nycmesh-lbe-7178,40.686016,-73.917493,,53.3,40.685823,-73.917272,,25.01,1.0,5560.0,MHz,-66.0,-66.0,ap-ptmp-airmax-mixed
2026-01-07T19:37:44,ed30f3c1-7042-42af-b8c5-035d1c329559_34c59f51-c645-43ee-b869-bc0b02bb334c,ae009bcc-13c1-4735-9898-3149b43c85ba,ed30f3c1-7042-42af-b8c5-035d1c329559,nycmesh-2282-eps16,34c59f51-c645-43ee-b869-bc0b02bb334c,nycmesh-2282-core,40.682995,-73.993789,13.0,18.29,40.682995,-73.993789,13.0,18.29,0.0,,,,,
2026-01-07T19:37:44,4a6f43ed-ac8b-41c6-867b-e893d9737c31_b59f97ed-af9a-424a-95c7-725b0c493adc,ae244f9e-8ccd-340c-8502-bf35a6e0071e,4a6f43ed-ac8b-41c6-867b-e893d9737c31,nycmesh-1936-olt-xgs-165,b59f97ed-af9a-424a-95c7-725b0c493adc,1936-09D,40.716797,-73.985577,,10.0,40.716797,-73.985577,,5.0,0.0,,,4.0,-16.0,
2026-01-07T19:37:44,4a6f43ed-ac8b-41c6-867b-e893d9737c31_f7a88c20-b395-4917-b44d-7befedb3ff20,ae2a2aea-e07e-396b-ac8e-fc86d2a71fa2,4a6f43ed-ac8b-41c6-867b-e893d9737c31,nycmesh-1936-olt-xgs-165,f7a88c20-b395-4917-b44d-7befedb3ff20,1936-12R,40.716797,-73.985577,,10.0,40.716797,-73.985577,,5.0,0.0,,,3.0,-16.0,
2026-01-07T19:37:44,892ab773-a541-4d70-a7d3-5db85e0b87b2_933adba3-30c4-46e8-bdd3-fc3f61e4f47e,ae2b9e49-0d53-4c97-9735-280f126127fa,892ab773-a541-4d70-a7d3-5db85e0b87b2,nycmesh-552-core,933adba3-30c4-46e8-bdd3-fc3f61e4f47e,nycmesh-552-7r-561-C,40.649506,-74.003566,,30.0,40.649506,-74.003566,,30.0,0.0,,,,,
2026-01-07T19:37:44,4a6f43ed-ac8b-41c6-867b-e893d9737c31_a3878c30-6104-4a38-af89-569ac3cb85d4,ae733572-1c27-3309-aa87-67538c2a26c1,4a6f43ed-ac8b-41c6-867b-e893d9737c31,nycmesh-1936-olt-xgs-165,a3878c30-6104-4a38-af89-569ac3cb85d4,1936-13M,40.716797,-73.985577,,10.0,40.716797,-73.985577,,5.0,0.0,,,4.0,-18.0,
2026-01-07T19:37:44,4a6f43ed-ac8b-41c6-867b-e893d9737c31_41014cb7-75b1-42bd-ade7-a14c798473c8,af0ce049-1855-31e2-8d66-d0ec20d1c45a,4a6f43ed-ac8b-41c6-867b-e893d9737c31,nycmesh-1936-olt-xgs-165,41014cb7-75b1-42bd-ade7-a14c798473c8,1936-15L,40.716797,-73.985577,,10.0,40.716797,-73.985577,,5.0,0.0,,,2.0,-15.0,
2026-01-07T19:37:44,f9c0db6d-985d-452b-884e-f90fb69e109e_485c3e16-76ab-45fc-bfa7-9986f17bc115,af30737b-acc4-4be3-8419-79a6f45c405e,f9c0db6d-985d-452b-884e-f90fb69e109e,nycmesh-1933-eh8010-5916,485c3e16-76ab-45fc-bfa7-9986f17bc115,nycmesh-5916-eh8010-1933,40.715467,-73.984401,,97.0,40.696038,-73.939764,,67.46,4338.7268614834065,,,,,
2026-01-07T19:37:44,4a6f43ed-ac8b-41c6-867b-e893d9737c31_6146e6d3-f796-4974-98f4-9ab87b11f23e,af418917-9d58-328d-b8b4-3c8e3ade3f50,4a6f43ed-ac8b-41c6-867b-e893d9737c31,nycmesh-1936-olt-xgs-165,6146e6d3-f796-4974-98f4-9ab87b11f23e,1936-03D,40.716797,-73.985577,,10.0,40.716797,-73.985577,,5.0,0.0,,,3.0,-16.0,
2026-01-07T19:37:44,88928dc4-e8e2-4f78-866d-dd29ab673eb3_f409b51b-eb4c-47cb-8678-080fb23b1447,af6482d1-95da-4176-be25-0b03f3cc9da6,88928dc4-e8e2-4f78-866d-dd29ab673eb3,nycmesh-lbe-2950,f409b51b-eb4c-47cb-8678-080fb23b1447,nycmesh-2950-omni / Av. D,40.724676,-73.98073,6.0,8.0,40.724676,-73.98073,6.0,8.0,0.0,,,-57.0,-57.0,sta-ptmp
2026-01-07T19:37:44,af879361-59ac-4b14-913a-ad418c5e519b_673cb9d4-7365-4714-8129-1c38cd697988,af6bf84c-3487-3c4c-a7a4-293368d7a078,af879361-59ac-4b14-913a-ad418c5e519b,nycmesh-1635-southeast,673cb9d4-7365-4714-8129-1c38cd697988,nycmesh-lbe-7817,40.667569,-73.98239,33.0,10.0,40.66755755,-73.982386782639,33.0,5.0,1.0,5760.0,MHz,-46.0,-44.0,ap-ptmp-airmax-mixed
2026-01-07T19:37:44,53e532d7-eed0-42fe-96d7-97d1be8ead92_bc344faf-f130-4cd4-817c-8b917d4de6c0,af798f13-e008-339f-8814-9a0908f44809,53e532d7-eed0-42fe-96d7-97d1be8ead92,nycmesh-2482-nbe-6248,bc344faf-f130-4cd4-817c-8b917d4de6c0,nycmesh-6248-lbe-2482,40.6997,-73.9243,23.0,10.0,40.696,-73.9398,23.0,5.0,1369.9415621219594,5770.0,MHz,-45.0,-45.0,ap-ptp
2026-01-07T19:37:44,4fb5de28-719b-4d4c-8efd-9246e4d99758_d58b8ed9-7ed0-43c6-9f46-cbf18e24f684,af8673d4-8eb7-3d82-b9e9-b4675cd58caa,4fb5de28-719b-4d4c-8efd-9246e4d99758,nycmesh-2274-northwest,d58b8ed9-7ed0-43c6-9f46-cbf18e24f684,nycmesh-lbe-4116,40.72579,-73.98355,,8.0,40.72847,-73.9831,7.0,8.0,300.40530616691007,5710.0,MHz,-56.0,-58.0,ap-ptmp-airmax-mixed
2026-01-07T19:37:44,8b8314b8-d05f-4726-a3ba-a52b14f4fbd2_4b036fa6-eba7-4f85-b971-b9a9e940f29d,afe41f00-74fa-4b33-9003-0e35a917cb22,8b8314b8-d05f-4726-a3ba-a52b14f4fbd2,nycmesh-219-netpower16p,4b036fa6-eba7-4f85-b971-b9a9e940f29d,nycmesh-219-wap,40.674366,-73.940284,,10.0,40.674366,-73.940284,,10.0,0.0,,,,,
2026-01-07T19:37:44,4a6f43ed-ac8b-41c6-867b-e893d9737c31_4864607c-c957-42db-9b1d-9096b2696ed8,aff850ae-c20b-3aa3-b8ae-b63c60748826,4a6f43ed-ac8b-41c6-867b-e893d9737c31,nycmesh-1936-olt-xgs-165,4864607c-c957-42db-9b1d-9096b2696ed8,1936-09K,40.716797,-73.985577,,10.0,40.716797,-73.985577,,5.0,0.0,,,4.0,-16.0,
2026-01-07T19:37:44,6f3a0d1b-b72c-445b-91fe-dcb9ed28f2ac_2ef4185d-4d0a-4151-90ce-4331046cf107,b00ad737-2b7f-4991-ba8d-9ddcc66de45e,6f3a0d1b-b72c-445b-91fe-dcb9ed28f2ac,nycmesh-632-eps16,2ef4185d-4d0a-4151-90ce-4331046cf107,nycmesh-632-northwest,40.734646,-73.95053,,37.0,40.734319,-73.950321,,40.0,40.400566287776385,,,,,ap-ptmp-airmax-mixed
2026-01-07T19:37:44,94294f2f-5aff-4254-806c-5b384a61afbc_a72d0075-7d13-4be5-9f34-67caf2497f79,b012ac0a-5943-425d-812c-5810eac73fc9,94294f2f-5aff-4254-806c-5b384a61afbc,nycmesh-219-60xg3,a72d0075-7d13-4be5-9f34-67caf2497f79,nycmesh-7985-cube60g,40.674366,-73.940284,,10.0,40.675959,-73.940744,,15.0,181.33163690718715,,,,,
2026-01-07T19:37:44,08b58c11-0517-48cd-a34f-9828dfdcc28f_3bfb784b-d77c-4c89-9730-d55919dcf58e,b01740ce-7fdd-4256-b7de-e9a6cf001951,08b58c11-0517-48cd-a34f-9828dfdcc28f,nycmesh-648-core,3bfb784b-d77c-4c89-9730-d55919dcf58e,nycmesh-648-apc,40.639719,-73.995809,,25.0,40.639719,-73.995809,,25.0,0.0,,,,,
2026-01-07T19:37:44,2e7f84d3-0014-4810-908d-7f39bcc7b8ca_8a06a566-d78f-4182-b4d2-46a25461cb17,b0312fbb-24e9-45e5-a2bc-019174ecaa23,2e7f84d3-0014-4810-908d-7f39bcc7b8ca,nycmesh-730-roof,8a06a566-d78f-4182-b4d2-46a25461cb17,nycmesh-730-af60xr-3959,40.844422,-73.893677,,69.000015,40.844422,-73.893677,,0.0,0.0,,,,,ap-ptp
2026-01-07T19:37:44,12010c8c-9f46-4e45-81e4-62d7090fbcd5_498860a5-aa37-4683-b009-88e03f56d006,b035c955-e4db-31b5-89a3-f6045a392c97,12010c8c-9f46-4e45-81e4-62d7090fbcd5,nycmesh-1340-east,498860a5-aa37-4683-b009-88e03f56d006,nycmesh-lbe-895,40.686016,-73.917493,,53.3,40.6858,-73.9173,,25.01,1.0,5560.0,MHz,-58.0,-51.0,ap-ptmp-airmax-mixed
2026-01-07T19:37:44,578dbe55-1857-4d2f-ba63-ed622981a100_fb94806e-7faf-4127-b428-3f8460bbea34,b03b6271-d22e-4c9e-8691-b31f07b7bca6,578dbe55-1857-4d2f-ba63-ed622981a100,nycmesh-3607-af60lr,fb94806e-7faf-4127-b428-3f8460bbea34,nycmesh-3607-omni,40.682834,-73.945901,,33.2,40.682786,-73.945945,,10.0,6.5002204046775915,,,-53.0,-53.0,sta-ptmp
2026-01-07T19:37:44,a57ddde1-6fff-463a-bbee-cbe90258daa6_632fad75-2191-4b98-a635-e82e97ef5add,b046add6-235c-3da9-a0f9-8769d2ede077,a57ddde1-6fff-463a-bbee-cbe90258daa6,nycmesh-1932-olt-410,632fad75-2191-4b98-a635-e82e97ef5add,410-22E,40.716098,-73.985997,14.0,100.32,40.716338,-73.986263,14.0,5.0,34.85361611376818,,,4.0,-19.0,
2026-01-07T19:37:44,9ec55494-cdd1-4b62-be3a-0ce25031aeba_e5e765b9-29cc-44d3-8ff8-fcae87586867,b05b4e8b-6041-3add-8c56-672cc644fec0,9ec55494-cdd1-4b62-be3a-0ce25031aeba,nycmesh-227-ps5ac-north1,e5e765b9-29cc-44d3-8ff8-fcae87586867,nycmesh-lbe-2415,40.711095,-74.001382,,161.544,40.715002,-73.998567,10.0,8.0,1.0,5490.0,MHz,-60.0,-59.0,ap-ptmp-airmax-mixed
2026-01-07T19:37:44,bf20021e-d27b-4be8-b467-b98a751c8784_c8ca5cfd-0a50-4645-b3f9-e4e91f210f66,b08e637e-97a5-39e0-9b3a-96c7fdce6242,bf20021e-d27b-4be8-b467-b98a751c8784,nycmesh-3959-eps16-south,c8ca5cfd-0a50-4645-b3f9-e4e91f210f66,nycmesh-3959-west,40.841612,-73.941817,,10.0,40.841612,-73.941817,,10.0,0.0,,,,,ap-ptmp-airmax-mixed
2026-01-07T19:37:44,5c6cfee8-b4fe-4747-9972-e23f7f258c14_8914aa03-f119-4062-9de3-abb9e69a116a,b0a04910-926d-47cf-8416-270220b19b00,5c6cfee8-b4fe-4747-9972-e23f7f258c14,nycmesh-5916-tns100,8914aa03-f119-4062-9de3-abb9e69a116a,nycmesh-5916-waveapmicro-southeast,40.696038,-73.939764,,67.46,40.696125,-73.939608,,91.0,16.3264264893474,,,-56.0,-60.0,ap-ptmp
2026-01-07T19:37:44,82094c68-d2cf-4d01-b38b-897ff93940f4_66ef0e8b-8e97-45b2-8ac6-7a445db94769,b0a81379-1051-38dc-8a20-c4f50f9fd049,82094c68-d2cf-4d01-b38b-897ff93940f4,nycmesh-584-olt-xgs,66ef0e8b-8e97-45b2-8ac6-7a445db94769,584-10G-JohnMiniPC,40.79355,-73.965641,,10.0,40.79355,-73.965641,,5.0,0.0,,,6.0,-15.0,
2026-01-07T19:37:44,7ee45009-6bc2-4a26-9b83-a3b07c70a3f6_6639ee3b-4845-4caa-a277-6140312741d0,b0b5a0a3-fa91-3aaa-8ec1-5fc57decf51b,7ee45009-6bc2-4a26-9b83-a3b07c70a3f6,nycmesh-1934-olt-131-460,6639ee3b-4845-4caa-a277-6140312741d0,131-23C,40.716142,-73.98448,14.0,10.0,40.716364,-73.985193,-3492.0,5.0,64.96443791683336,,,4.0,-15.0,
2026-01-07T19:37:44,06617725-87b2-45e8-8962-30497e654509_e77d9888-2062-4d31-b4ae-986e91d5a057,b0d2aa49-58c2-34d3-8069-45946fdee966,06617725-87b2-45e8-8962-30497e654509,nycmesh-730-olt-xgs,e77d9888-2062-4d31-b4ae-986e91d5a057,730-04E,40.844422,-73.893677,,69.000015,40.844422,-73.893677,,5.0,0.0,,,5.0,-16.0,
2026-01-07T19:37:44,364be131-f66e-4fd3-bcb2-1671f961e31c_669b697f-8fdc-4937-980d-e8c46eb0a5ed,b162c7fe-282a-437c-aa20-dfbd2d70c703,364be131-f66e-4fd3-bcb2-1671f961e31c,nycmesh-5916-core,669b697f-8fdc-4937-980d-e8c46eb0a5ed,nycmesh-5916-eh8010-162,40.696038,-73.939764,,67.46,40.696038,-73.939764,,67.46,0.0,,,,,
2026-01-07T19:37:44,d58653c2-3737-4371-9909-9e9044c8bbfd_9a9df01c-d99d-4a10-9134-5e643ced89d8,b16ed34a-ff1c-46a9-8485-dc30fb2cc6de,d58653c2-3737-4371-9909-9e9044c8bbfd,nycmesh-5916-netpower16p,9a9df01c-d99d-4a10-9134-5e643ced89d8,nycmesh-5916-af60lr-1340,40.696038,-73.939764,,67.46,40.695935,-73.939753,23.0,98.4,2210.0,,,-58.0,-55.0,sta-ptp
2026-01-07T19:37:44,c82bb62b-ddf2-4011-8556-12b170f43ef2_790a31a8-f161-463a-8e36-c8d7014989e3,b1754139-4637-3262-9292-3f8ed74f65ae,c82bb62b-ddf2-4011-8556-12b170f43ef2,nycmesh-1340-west,790a31a8-f161-463a-8e36-c8d7014989e3,nycmesh-lbe-2959,40.686016,-73.917493,,53.3,40.685823,-73.917272,,25.01,1.0,5560.0,MHz,-58.0,-59.0,ap-ptmp-airmax-mixed
2026-01-07T19:37:44,bd496c6c-7b62-4b77-8020-6d86bbbc7694_b5e0302a-3ebf-46fc-be0e-1819dbe46b70,b17f384c-7bfb-41ff-bf34-66b3bb5ea968,bd496c6c-7b62-4b77-8020-6d86bbbc7694,nycmesh-648-eps16,b5e0302a-3ebf-46fc-be0e-1819dbe46b70,nycmesh-648-force6g-527,40.639719,-73.995809,,25.0,40.639719,-73.995809,,25.0,0.0,,,,,
2026-01-07T19:37:44,12010c8c-9f46-4e45-81e4-62d7090fbcd5_2a085295-246a-4e80-a047-5d91eb3c2045,b18bcb6b-f821-3980-b794-bf52f567e9a8,12010c8c-9f46-4e45-81e4-62d7090fbcd5,nycmesh-1340-east,2a085295-246a-4e80-a047-5d91eb3c2045,nycmesh-lbe-616,40.686016,-73.917493,,53.3,40.6858,-73.9173,,25.01,1.0,5560.0,MHz,-67.0,-65.0,ap-ptmp-airmax-mixed
2026-01-07T19:37:44,a57ddde1-6fff-463a-bbee-cbe90258daa6_8f56b440-b20c-4a45-92d9-383efb9821f2,b1a77e9a-d74a-30da-bea1-4091cc7180a5,a57ddde1-6fff-463a-bbee-cbe90258daa6,nycmesh-1932-olt-410,8f56b440-b20c-4a45-92d9-383efb9821f2,410-15B,40.716098,-73.985997,14.0,100.32,40.716338,-73.986263,14.0,5.0,34.85361611376818,,,4.0,-22.0,
2026-01-07T19:37:44,7ee45009-6bc2-4a26-9b83-a3b07c70a3f6_e9571e1b-1619-466d-a52a-44d1a09f337b,b1c29c67-f425-31cf-86d8-f36a1a355f76,7ee45009-6bc2-4a26-9b83-a3b07c70a3f6,nycmesh-1934-olt-131-460,e9571e1b-1619-466d-a52a-44d1a09f337b,131-13C,40.716142,-73.98448,14.0,10.0,40.716364,-73.985193,-3492.0,5.0,64.96443791683336,,,,,
2026-01-07T19:37:44,a57ddde1-6fff-463a-bbee-cbe90258daa6_43b822ac-59e8-4594-9abb-45d54b2c48d4,b1ce12b5-392c-39c0-8daa-a5415b75a9bb,a57ddde1-6fff-463a-bbee-cbe90258daa6,nycmesh-1932-olt-410,43b822ac-59e8-4594-9abb-45d54b2c48d4,410-24A,40.716098,-73.985997,14.0,100.32,40.716338,-73.986263,14.0,5.0,34.85361611376818,,,4.0,-17.0,
2026-01-07T19:37:44,06617725-87b2-45e8-8962-30497e654509_60f673f2-a007-4fa4-8be6-d3291df7ea25,b22d152a-e706-3352-999e-0a6f316b95a0,06617725-87b2-45e8-8962-30497e654509,nycmesh-730-olt-xgs,60f673f2-a007-4fa4-8be6-d3291df7ea25,730-03A,40.844422,-73.893677,,69.000015,40.844422,-73.893677,,5.0,0.0,,,4.0,-15.0,
2026-01-07T19:37:44,4a6f43ed-ac8b-41c6-867b-e893d9737c31_6859a61a-1f16-43fa-899f-d6b746daee1d,b284dd3e-3255-31b5-9135-df2d94ffb2af,4a6f43ed-ac8b-41c6-867b-e893d9737c31,nycmesh-1936-olt-xgs-165,6859a61a-1f16-43fa-899f-d6b746daee1d,1936-14K,40.716797,-73.985577,,10.0,40.716797,-73.985577,,5.0,0.0,,,4.0,-18.0,
2026-01-07T19:37:44,4a6f43ed-ac8b-41c6-867b-e893d9737c31_1b45124e-44cb-4b32-a087-4c4155959538,b2b2d0ab-ce87-31c3-9ed2-ae2e4effd271,4a6f43ed-ac8b-41c6-867b-e893d9737c31,nycmesh-1936-olt-xgs-165,1b45124e-44cb-4b32-a087-4c4155959538,1936-07F,40.716797,-73.985577,,10.0,40.716797,-73.985577,,5.0,0.0,,,4.0,-22.0,
2026-01-07T19:37:44,4a6f43ed-ac8b-41c6-867b-e893d9737c31_01bf5551-10a2-4f9e-ba75-f3c0e60f65b6,b2d48840-ef20-3634-9e0e-9eb7e3c4b97b,4a6f43ed-ac8b-41c6-867b-e893d9737c31,nycmesh-1936-olt-xgs-165,01bf5551-10a2-4f9e-ba75-f3c0e60f65b6,1936-06L,40.716797,-73.985577,,10.0,40.716364,-73.985193,-3492.0,5.0,58.013468570997645,,,4.0,-17.0,
2026-01-07T19:37:44,4a6f43ed-ac8b-41c6-867b-e893d9737c31_43ea16a8-61ad-4988-ae2c-4980a33a37ff,b3051631-d9ae-3377-b5f3-841bbd148bd2,4a6f43ed-ac8b-41c6-867b-e893d9737c31,nycmesh-1936-olt-xgs-165,43ea16a8-61ad-4988-ae2c-4980a33a37ff,1936-08D,40.716797,-73.985577,,10.0,40.716797,-73.985577,,5.0,0.0,,,3.0,-17.0,
2026-01-07T19:37:44,4a6f43ed-ac8b-41c6-867b-e893d9737c31_63d69afe-d4a8-40a0-8515-36c8c8566eda,b30f6f76-12a2-3c2f-be0d-2fcbdc734326,4a6f43ed-ac8b-41c6-867b-e893d9737c31,nycmesh-1936-olt-xgs-165,63d69afe-d4a8-40a0-8515-36c8c8566eda,1936-05J,40.716797,-73.985577,,10.0,40.716797,-73.985577,,5.0,0.0,,,4.0,-17.0,
2026-01-07T19:37:44,7da835e9-e0b3-4ad0-ba3e-6374e740f6b8_1d773ab2-be48-4b7b-9d9d-cd9fe0131e19,b317bf26-a3a5-498b-817c-027e671a3595,7da835e9-e0b3-4ad0-ba3e-6374e740f6b8,nycmesh-329-west,1d773ab2-be48-4b7b-9d9d-cd9fe0131e19,nycmesh-329-omni (Simona),40.717473,-73.941814,11.0,8.0,40.717473,-73.941814,11.0,8.0,0.0,,,-66.0,-69.0,ap-ptmp-airmax-ac
2026-01-07T19:37:44,4fc345e6-8b1c-42d2-a2d5-eaeac36f9ea9_f6fd4f17-43f7-4d44-8872-a8063b4ed2af,b31bf2b4-4078-3cb6-8428-b6d750c92494,4fc345e6-8b1c-42d2-a2d5-eaeac36f9ea9,nycmesh-2282-southwest,f6fd4f17-43f7-4d44-8872-a8063b4ed2af,nycmesh-lbe-466,40.682956,-73.993999,13.0,18.29,40.682995,-73.993789,13.0,5.0,1.0,5490.0,MHz,-51.0,-47.0,ap-ptmp-airmax-mixed
2026-01-07T19:37:44,1aa0e704-e40b-40af-83b9-3e832f56dc29_e9ff1ffb-e731-432e-8803-5cd9b318ebcb,b32b49e9-7ad7-4206-9b35-ec68b802e880,1aa0e704-e40b-40af-83b9-3e832f56dc29,nycmesh-3065-omni,e9ff1ffb-e731-432e-8803-5cd9b318ebcb,nycmesh-3065-core,40.718912,-73.985854,,25.0,40.718912,-73.985854,,25.0,0.0,,,,,
2026-01-07T19:37:44,7ca4cf74-d1b4-45a1-8a08-797d51351865_9fc28ff8-6ff0-408e-8dce-2aa827f44382,b33fe147-bcfb-35e6-ad6b-adb43f5690ab,7ca4cf74-d1b4-45a1-8a08-797d51351865,nycmesh-731-east,9fc28ff8-6ff0-408e-8dce-2aa827f44382,nycmesh-lbe-1983,40.724676,-73.98073,,8.0,40.724676,-73.98073,6.0,8.0,1.0,5545.0,MHz,-63.0,-64.0,ap-ptmp-airmax-mixed
2026-01-07T19:37:44,2dd722be-1425-4e1c-b356-2b626ab7e864_01a74e3c-7494-4e0a-a380-1d611e988f35,b37c341d-4143-4161-b656-219a2d35e90f,2dd722be-1425-4e1c-b356-2b626ab7e864,nycmesh-227-eps16,01a74e3c-7494-4e0a-a380-1d611e988f35,nycmesh-227-ps5ac-north2,40.710886,-74.001202,10.0,161.544,40.711166,-74.001244,,161.544,31.33518696485513,,,,,ap-ptmp-airmax-mixed
2026-01-07T19:37:44,c661fb92-4219-45d3-989f-8ce9f4d2f0b7_982ca20a-c179-4795-bb1c-8668c4105f78,b3a52d5a-048e-38a8-95bb-7d3a75727a9b,c661fb92-4219-45d3-989f-8ce9f4d2f0b7,nycmesh-219-west,982ca20a-c179-4795-bb1c-8668c4105f78,nycmesh-lbe-259,40.67441,-73.94024,,10.0,40.6744,-73.9403,,5.0,5.180721405020117,5510.0,MHz,-42.0,-42.0,ap-ptmp-airmax-mixed
2026-01-07T19:37:44,0c8208b4-8cd9-4318-af60-5ac040d3f69a_ab004b00-e617-4a51-a9c9-2d7b7a683a6c,b3de9226-6dce-4551-a940-33f4212983a0,0c8208b4-8cd9-4318-af60-5ac040d3f69a,nycmesh-835-omni,ab004b00-e617-4a51-a9c9-2d7b7a683a6c,nycmesh-835-southeast,40.685214,-73.954595,,10.0,40.685214,-73.954595,,10.0,0.0,,,-51.0,-66.0,ap-ptmp
2026-01-07T19:37:44,4a6f43ed-ac8b-41c6-867b-e893d9737c31_e38b1ac5-6760-421c-b0fa-4f2fadfde336,b3e2b732-a8f8-323f-94a6-b4b079ccf605,4a6f43ed-ac8b-41c6-867b-e893d9737c31,nycmesh-1936-olt-xgs-165,e38b1ac5-6760-421c-b0fa-4f2fadfde336,1936-04L,40.716797,-73.985577,,10.0,40.716797,-73.985577,,5.0,0.0,,,3.0,-16.0,
2026-01-07T19:37:44,22f334b8-3d19-4194-8106-fb82b7fca976_2b671212-09b9-401f-89cf-1febb9130a80,b3fab291-0c72-3c52-9abc-513da4c4c8c6,22f334b8-3d19-4194-8106-fb82b7fca976,nycmesh-1932-north,2b671212-09b9-401f-89cf-1febb9130a80,nycmesh-lbe-7784,40.716098,-73.985997,14.0,100.32,40.716037650939,-73.986053520874,14.0,5.0,8.0,5490.0,MHz,-59.0,-62.0,ap-ptmp-airmax-mixed
2026-01-07T19:37:44,a57ddde1-6fff-463a-bbee-cbe90258daa6_e9b61176-cda2-4b27-8157-ae2f7ec8d330,b401bcb0-aa21-3ca3-8fd1-c67f7076828b,a57ddde1-6fff-463a-bbee-cbe90258daa6,nycmesh-1932-olt-410,e9b61176-cda2-4b27-8157-ae2f7ec8d330,410-10G,40.716098,-73.985997,14.0,100.32,40.716338,-73.986263,14.0,5.0,34.85361611376818,,,2.0,-18.0,
2026-01-07T19:37:44,029b9158-d691-4968-a7b3-7ffbe1ae03d3_68015193-dd44-4f3e-80ce-430404452a2f,b40394c6-ce47-360b-9da4-06bb8ba32dd6,029b9158-d691-4968-a7b3-7ffbe1ae03d3,nycmesh-3461-northwest,68015193-dd44-4f3e-80ce-430404452a2f,nycmesh-lbe-7545,40.672685,-73.96386,,60.95,40.683825,-73.950534,,5.0,1672.4943645929413,5510.0,MHz,-67.0,-72.0,ap-ptmp
2026-01-07T19:37:44,05b5d18e-beff-4b24-a54f-08a94bc24d55_6049013c-8494-48fb-8509-d62ffbbd6e26,b41d8101-25b5-4263-b6fe-5b6ad8e581ac,05b5d18e-beff-4b24-a54f-08a94bc24d55,nycmesh-158-epr6,6049013c-8494-48fb-8509-d62ffbbd6e26,nycmesh-158-omni,40.691659,-73.924413,,10.0,40.691659,-73.924413,,10.0,0.0,,,,,
2026-01-07T19:37:44,7ee45009-6bc2-4a26-9b83-a3b07c70a3f6_b382afa1-73ba-4136-94c6-ab431963afc6,b443d2be-6508-32ea-a5f5-1c9671eced6c,7ee45009-6bc2-4a26-9b83-a3b07c70a3f6,nycmesh-1934-olt-131-460,b382afa1-73ba-4136-94c6-ab431963afc6,131-12G,40.716142,-73.98448,14.0,10.0,40.716797,-73.985577,-3492.0,5.0,117.69674646334691,,,2.0,-25.0,
2026-01-07T19:37:44,a02480b9-09be-4691-87a4-9f99c013c262_49ae26d2-cc3c-4856-98f8-a2131b803366,b44c81a3-f825-35b4-8abe-1cf1d1a3a94e,a02480b9-09be-4691-87a4-9f99c013c262,nycmesh-3461-waveap-north,49ae26d2-cc3c-4856-98f8-a2131b803366,nycmesh-177-af60lr,40.672531,-73.964197,,0.0,40.678119,-73.962457,,50.2,638.4486930028892,66960.0,MHz,-55.0,-48.0,ap-ptmp
2026-01-07T19:37:44,4a6f43ed-ac8b-41c6-867b-e893d9737c31_3cbe086e-bc93-4a94-aaa0-907bee9aa976,b4566a26-ddc8-3ba7-8dfc-337285b57de4,4a6f43ed-ac8b-41c6-867b-e893d9737c31,nycmesh-1936-olt-xgs-165,3cbe086e-bc93-4a94-aaa0-907bee9aa976,1936-13L,40.716797,-73.985577,,10.0,40.716797,-73.985577,,5.0,0.0,,,4.0,-17.0,
2026-01-07T19:37:44,4a6f43ed-ac8b-41c6-867b-e893d9737c31_c9ff787c-179d-4ead-83d4-a53652a83d5a,b45f9c56-b218-374e-9d28-8d05f021d6e7,4a6f43ed-ac8b-41c6-867b-e893d9737c31,nycmesh-1936-olt-xgs-165,c9ff787c-179d-4ead-83d4-a53652a83d5a,1936-10K,40.716797,-73.985577,,10.0,40.716797,-73.985577,,5.0,0.0,,,4.0,-17.0,
2026-01-07T19:37:44,06617725-87b2-45e8-8962-30497e654509_0dcbd440-755c-45c9-8dc6-a826015f4a41,b4c7da85-a203-3c7d-a81a-68d31d91b1c0,06617725-87b2-45e8-8962-30497e654509,nycmesh-730-olt-xgs,0dcbd440-755c-45c9-8dc6-a826015f4a41,730-07H,40.844422,-73.893677,,69.000015,40.844422,-73.893677,,5.0,0.0,,,4.0,-15.0,
2026-01-07T19:37:44,ed2ba00d-f21e-4da1-96b5-890bb6510dab_af00a440-7585-4eff-b98e-6fb3529f7e94,b4e45916-33d5-3682-abe0-231126038d81,ed2ba00d-f21e-4da1-96b5-890bb6510dab,nycmesh-5916-northeast,af00a440-7585-4eff-b98e-6fb3529f7e94,nycmesh-lbe-635,40.696038,-73.939764,,67.46,40.696,-73.9398,23.0,5.0,1.0,5550.0,MHz,-74.0,-75.0,ap-ptmp-airmax-mixed
2026-01-07T19:37:44,7ee45009-6bc2-4a26-9b83-a3b07c70a3f6_86a2e1a4-323f-4ef5-959a-d8ee6daa6e02,b54d2b91-e55e-31be-8e5a-03fda0aa6f0c,7ee45009-6bc2-4a26-9b83-a3b07c70a3f6,nycmesh-1934-olt-131-460,86a2e1a4-323f-4ef5-959a-d8ee6daa6e02,131-17H,40.716142,-73.98448,14.0,10.0,40.716364,-73.985193,-3492.0,5.0,64.96443791683336,,,3.0,-14.0,
2026-01-07T19:37:44,82094c68-d2cf-4d01-b38b-897ff93940f4_602c7e64-3960-43ad-97af-fe3cb53924ce,b55c873b-f08e-3f53-ad52-7ba6971cd2e2,82094c68-d2cf-4d01-b38b-897ff93940f4,nycmesh-584-olt-xgs,602c7e64-3960-43ad-97af-fe3cb53924ce,584-East-11C-1G-John,40.79355,-73.965641,,10.0,40.79355,-73.965641,,5.0,0.0,,,4.0,-17.0,
2026-01-07T19:37:44,f1cf0f75-ed73-47da-9dbc-c7b98a98f801_97cbe57f-7d76-4f6b-846c-2bb7113bdb07,b57ab821-3cd9-34c7-9023-5bc481aed564,f1cf0f75-ed73-47da-9dbc-c7b98a98f801,nycmesh-3461-ltulr-5151,97cbe57f-7d76-4f6b-846c-2bb7113bdb07,nycmesh-5151-ltu-3461,40.672531,-73.964197,,60.95,40.67543,-73.98058,,22.0,1418.7439907677456,5800.0,MHz,-44.0,-43.0,sta-ptp
2026-01-07T19:37:44,1f9f3b98-050c-4b95-95d5-b76e636677c1_f09166d3-3122-43e6-9d5d-affbcbb0541a,b5863f95-dc9c-304a-a9da-b8f20231ab99,1f9f3b98-050c-4b95-95d5-b76e636677c1,nycmesh-511-northeast,f09166d3-3122-43e6-9d5d-affbcbb0541a,nycmesh-lbe2-613,40.70538,-73.930575,,24.0,40.704211,-73.924394,,5.0,1.0,5555.0,MHz,-59.0,-58.0,ap-ptmp
2026-01-07T19:37:44,82094c68-d2cf-4d01-b38b-897ff93940f4_3fa97c67-3f83-4b9c-a2de-dd3c8fedf3dd,b59bd31e-648d-30c9-8b3d-474f2d0a999d,82094c68-d2cf-4d01-b38b-897ff93940f4,nycmesh-584-olt-xgs,3fa97c67-3f83-4b9c-a2de-dd3c8fedf3dd,584-West-01S-1G-Qian Wang,40.79355,-73.965641,,10.0,40.79355,-73.965641,,5.0,0.0,,,5.0,-16.0,
2026-01-07T19:37:44,7bfb4d7a-a78e-4620-a084-4d420a9d8c51_7451b3c0-ec08-4571-8301-b04277e059e8,b59c1e67-043e-3742-9a92-315f51f13137,7bfb4d7a-a78e-4620-a084-4d420a9d8c51,nycmesh-5916-south2,7451b3c0-ec08-4571-8301-b04277e059e8,nycmesh-lbe-7708,40.696048,-73.939788,,67.46,40.691147,-73.944961,23.0,5.0,1.0,5550.0,MHz,-66.0,-61.0,ap-ptmp-airmax-mixed
2026-01-07T19:37:44,b9c2b771-359e-48c3-8f58-f02ed9f66afe_6aebac6a-7105-473c-9479-412e5a7d8030,b5c84763-6fb7-381c-871b-63cbe52165ee,b9c2b771-359e-48c3-8f58-f02ed9f66afe,nycmesh-2463-northeast,6aebac6a-7105-473c-9479-412e5a7d8030,nycmesh-lbe-1430,40.719898,-73.988024,11.0,8.0,40.719897625,-73.98805175,,5.0,2.0,5770.0,MHz,-65.0,-48.0,ap-ptmp-airmax-ac
2026-01-07T19:37:44,ed2ba00d-f21e-4da1-96b5-890bb6510dab_fe72fdaa-ca7b-4ee8-939c-72e355b01ab1,b5e3a3ac-8a71-31ac-9634-d8232edacaa7,ed2ba00d-f21e-4da1-96b5-890bb6510dab,nycmesh-5916-northeast,fe72fdaa-ca7b-4ee8-939c-72e355b01ab1,nycmesh-lbe-7476,40.696038,-73.939764,,67.46,40.696,-73.9398,23.0,5.0,1.0,5550.0,MHz,-60.0,-62.0,ap-ptmp-airmax-mixed
2026-01-07T19:37:44,4a6f43ed-ac8b-41c6-867b-e893d9737c31_13a1fab3-4b1b-4cbf-a09b-4f4ba7921620,b61f7df5-ee5b-31e3-a73f-858fa3c15926,4a6f43ed-ac8b-41c6-867b-e893d9737c31,nycmesh-1936-olt-xgs-165,13a1fab3-4b1b-4cbf-a09b-4f4ba7921620,1936-15R,40.716797,-73.985577,,10.0,40.716797,-73.985577,,5.0,0.0,,,4.0,-28.0,
2026-01-07T19:37:44,0653aaac-a0a7-40e5-bc4f-aeefaee52c32_7db1a272-7b00-47f3-a81e-76cf65b3fc03,b62a0abd-ce48-4d32-bdbb-1e1aae5504e3,0653aaac-a0a7-40e5-bc4f-aeefaee52c32,nycmesh-227-core,7db1a272-7b00-47f3-a81e-76cf65b3fc03,nycmesh-227-edgepower,40.710886,-74.001202,,161.544,40.710886,-74.001202,10.0,161.544,0.0,,,,,
2026-01-07T19:37:44,ebb4486f-da9d-4334-bac8-9fa1e09c0b47_23f11835-248a-4ef9-b85d-454f03ff66c7,b654514c-116b-3c93-ab96-a001f2beed80,ebb4486f-da9d-4334-bac8-9fa1e09c0b47,nycmesh-5916-gbelr-265,23f11835-248a-4ef9-b85d-454f03ff66c7,nycmesh-265-gbelr-5916,40.69628,-73.93976,,0.0,40.705214,-73.930748,,0.0,1265.0,60480.0,MHz,-62.0,-63.0,ap-ptp
2026-01-07T19:37:44,c4095443-47b1-44f2-bc54-bc1a9b041ea2_0f755aea-e8f7-4425-b033-8412093266f6,b655c934-d5b4-3f82-825f-ab6de0f7dc2e,c4095443-47b1-44f2-bc54-bc1a9b041ea2,nycmesh-3461-north,0f755aea-e8f7-4425-b033-8412093266f6,nycmesh-lbe-5635,40.672531,-73.964197,,60.95,40.680166,-73.955294,,5.0,1133.3355432938947,5310.0,MHz,-67.0,-68.0,ap-ptmp-airmax-mixed
2026-01-07T19:37:44,a57ddde1-6fff-463a-bbee-cbe90258daa6_64f18c53-10ae-475a-8fe0-f69de2b58df2,b66b0896-9376-3b26-884f-0cd0272a0e4c,a57ddde1-6fff-463a-bbee-cbe90258daa6,nycmesh-1932-olt-410,64f18c53-10ae-475a-8fe0-f69de2b58df2,410-10C,40.716098,-73.985997,14.0,100.32,40.716338,-73.986263,14.0,5.0,34.85361611376818,,,4.0,-19.0,
2026-01-07T19:37:44,e733efb4-d12c-47ea-84e6-9309dd66d12b_2f90af7d-04ff-4e2e-ba30-eea83d6d9ed3,b66b9aec-dd7b-3156-9d41-7ca69982c96d,e733efb4-d12c-47ea-84e6-9309dd66d12b,nycmesh-2463-northwest,2f90af7d-04ff-4e2e-ba30-eea83d6d9ed3,nycmesh-lbe-7764,40.719898,-73.988024,11.0,8.0,40.719897625,-73.98805175,,5.0,2.0,5710.0,MHz,-75.0,-78.0,ap-ptmp-airmax-ac
2026-01-07T19:37:44,4a6f43ed-ac8b-41c6-867b-e893d9737c31_829fae2a-a148-4c27-becd-c9809456f15e,b6879d49-9698-306c-ad60-037075e19d39,4a6f43ed-ac8b-41c6-867b-e893d9737c31,nycmesh-1936-olt-xgs-165,829fae2a-a148-4c27-becd-c9809456f15e,1936-07B,40.716797,-73.985577,,10.0,40.716797,-73.985577,,5.0,0.0,,,4.0,-17.0,
2026-01-07T19:37:44,938035b0-5f2c-41d6-a901-8a94aaeb0918_b941154d-60f2-44f0-b6fe-467164cae821,b6bbc25c-f682-4af4-a03a-52d6f6469eb4,938035b0-5f2c-41d6-a901-8a94aaeb0918,nycmesh-228-af60lr,b941154d-60f2-44f0-b6fe-467164cae821,nycmesh-228-omni,40.660814,-73.960435,,43.4,40.660799,-73.960338,,18.0,8.350252055924033,,,-50.0,-51.0,sta-ptmp
2026-01-07T19:37:44,be1e29b8-a5f4-4755-b43c-1f76b6f3a74c_d3573027-f3fc-4f15-8687-7dc5e239fbe4,b6e2b84f-0ee6-314e-b189-67d435e32f92,be1e29b8-a5f4-4755-b43c-1f76b6f3a74c,nycmesh-648-north,d3573027-f3fc-4f15-8687-7dc5e239fbe4,nycmesh-lbe-851,40.639504,-73.996299,,25.0,40.644198,-73.994055,,5.0,555.2285882624063,5550.0,MHz,-58.0,-58.0,ap-ptmp-airmax-mixed
2026-01-07T19:37:44,7fbf54a9-7877-4ab5-87e9-8bf1e7bdc00c_98fe6737-77d3-47b2-8695-8ebb77493aa9,b6fc42e6-5be7-32f3-968e-2719ff4ddeaa,7fbf54a9-7877-4ab5-87e9-8bf1e7bdc00c,nycmesh-1933-af60lr-6925,98fe6737-77d3-47b2-8695-8ebb77493aa9,nycmesh-6925-af60lr-1933,40.715632,-73.984391,,91.0,40.692078,-73.968996,,44.0,2922.964485457743,64800.0,MHz,-67.0,-67.0,ap-ptp
2026-01-07T19:37:44,337cfd66-2f68-40c1-93e1-c90d7a8c9fb0_40d2d9e5-6423-4ab8-a135-5d8506273887,b73784eb-6867-34fc-968b-77a5ff7a377b,337cfd66-2f68-40c1-93e1-c90d7a8c9fb0,nycmesh-1167-gbep-295,40d2d9e5-6423-4ab8-a135-5d8506273887,nycmesh-295-gbep-1167,40.727553,-73.946045,4.0,10.0,40.725616,-73.947094,5.0,10.0,233.0,58320.0,MHz,-52.0,-51.0,ap-ptp
2026-01-07T19:37:44,4a6f43ed-ac8b-41c6-867b-e893d9737c31_6d6061e4-efbe-4908-940c-5addd31ad51a,b74b2e70-4e79-3665-bc4a-e645649b6723,4a6f43ed-ac8b-41c6-867b-e893d9737c31,nycmesh-1936-olt-xgs-165,6d6061e4-efbe-4908-940c-5addd31ad51a,1936-5FLR_Switch,40.716797,-73.985577,,10.0,40.716797,-73.985577,,10.0,0.0,,,1.0,-17.0,
2026-01-07T19:37:44,6049013c-8494-48fb-8509-d62ffbbd6e26_63a7df10-5310-4f95-8667-a1860c79ab4d,b75020f5-6909-4344-9391-e4351c10aaf9,6049013c-8494-48fb-8509-d62ffbbd6e26,nycmesh-158-omni,63a7df10-5310-4f95-8667-a1860c79ab4d,nycmesh-158-core-sxt,40.691659,-73.924413,,10.0,40.691659,-73.924413,,10.0,0.0,,,,,
2026-01-07T19:37:44,7bfb4d7a-a78e-4620-a084-4d420a9d8c51_7dc72b8c-d03f-482e-a810-6f8915f05fdb,b75a4f5c-2141-3b8b-ba16-d0fcc18d1983,7bfb4d7a-a78e-4620-a084-4d420a9d8c51,nycmesh-5916-south2,7dc72b8c-d03f-482e-a810-6f8915f05fdb,nycmesh-lbe-4153,40.696048,-73.939788,,67.46,40.696038,-73.939764,23.0,5.0,1.0,5550.0,MHz,-74.0,-65.0,ap-ptmp-airmax-mixed
2026-01-07T19:37:44,7ff31813-0a6d-4bfd-81df-7386cde7bd4c_f33c1539-6bfb-4b13-ab44-521a19e4c2ed,b768cae8-3bbf-3caa-983f-d56b139c812f,7ff31813-0a6d-4bfd-81df-7386cde7bd4c,nycmesh-1340-north,f33c1539-6bfb-4b13-ab44-521a19e4c2ed,nycmesh-lbe-420,40.686016,-73.917493,,12.93,40.6858,-73.9173,,25.01,1.0,5490.0,MHz,-71.0,-73.0,ap-ptmp-airmax-mixed
2026-01-07T19:37:44,2f157d40-1c46-42e6-a03e-dadf11a6b48a_d7d87cc7-af85-479f-bffc-c9ced9ed42ae,b78068f4-8d2a-4a9d-979b-88df1eb9f063,2f157d40-1c46-42e6-a03e-dadf11a6b48a,nycmesh-3606-south,d7d87cc7-af85-479f-bffc-c9ced9ed42ae,nycmesh-3606-omni,40.708452,-73.921893,8.0,30.0,40.708499,-73.921952,,30.0,7.214192058425936,,,-54.0,-61.0,ap-ptmp
2026-01-07T19:37:44,06617725-87b2-45e8-8962-30497e654509_206daa81-9221-4d44-993e-25e6965e16f6,b7a4c056-bb3d-39e6-ace4-f9fa281bff51,06617725-87b2-45e8-8962-30497e654509,nycmesh-730-olt-xgs,206daa81-9221-4d44-993e-25e6965e16f6,730-09B,40.844422,-73.893677,,69.000015,40.844422,-73.893677,,5.0,0.0,,,5.0,-15.0,
2026-01-07T19:37:44,f0fd1504-684f-467e-8115-ac44b46fc24a_45065f94-77a1-44f7-8485-aea3af114f44,b7ac895e-29d0-40a8-8ec1-f2b7171dc3fb,f0fd1504-684f-467e-8115-ac44b46fc24a,nycmesh-1340-eps16,45065f94-77a1-44f7-8485-aea3af114f44,nycmesh-1340-epr6,40.685823,-73.917272,,12.93,40.685823,-73.917272,,53.3,0.0,,,,,
2026-01-07T19:37:44,9ec55494-cdd1-4b62-be3a-0ce25031aeba_68e5f053-0e19-41f1-bb5a-73d9afe06f11,b825472f-9ff3-3e9a-9fde-e48f46d20e1d,9ec55494-cdd1-4b62-be3a-0ce25031aeba,nycmesh-227-ps5ac-north1,68e5f053-0e19-41f1-bb5a-73d9afe06f11,nycmesh-lbe-909,40.711095,-74.001382,,161.544,40.7257,-73.9836,10.0,8.0,1.0,5490.0,MHz,-59.0,-55.0,ap-ptmp-airmax-mixed
2026-01-07T19:37:44,3b8c9267-3518-4415-a850-5fdf47bcc66e_9233b912-3293-465d-80c2-466d1c177af4,b85a4e8b-f32d-4982-867a-7d63c631ad97,3b8c9267-3518-4415-a850-5fdf47bcc66e,nycmesh-426-omni,9233b912-3293-465d-80c2-466d1c177af4,nycmesh-426-northwest,40.819192,-73.951899,,10.0,40.8192,-73.9519,,10.0,0.8935307019940484,,,,,ap-ptmp
2026-01-07T19:37:44,4a6f43ed-ac8b-41c6-867b-e893d9737c31_fd7c9964-433f-4b25-8003-a704e9ec4e64,b877a561-b8bf-3c23-b0bb-b114d32cab63,4a6f43ed-ac8b-41c6-867b-e893d9737c31,nycmesh-1936-olt-xgs-165,fd7c9964-433f-4b25-8003-a704e9ec4e64,1936-05O,40.716797,-73.985577,,10.0,40.716797,-73.985577,,5.0,0.0,,,4.0,-17.0,
2026-01-07T19:37:44,4a6f43ed-ac8b-41c6-867b-e893d9737c31_cfca4d58-cef5-4538-869d-369aadb84b5d,b87e7377-277e-3319-9fba-9228ac5a0439,4a6f43ed-ac8b-41c6-867b-e893d9737c31,nycmesh-1936-olt-xgs-165,cfca4d58-cef5-4538-869d-369aadb84b5d,1936-03G,40.716797,-73.985577,,10.0,40.716797,-73.985577,,5.0,0.0,,,3.0,-16.0,
2026-01-07T19:37:44,4a6f43ed-ac8b-41c6-867b-e893d9737c31_c946dc34-4521-4002-9ab1-eefff0c5acbb,b87fe41d-b611-3264-b325-f792745104e1,4a6f43ed-ac8b-41c6-867b-e893d9737c31,nycmesh-1936-olt-xgs-165,c946dc34-4521-4002-9ab1-eefff0c5acbb,1936-05F,40.716797,-73.985577,,10.0,40.716797,-73.985577,,5.0,0.0,,,4.0,-16.0,
2026-01-07T19:37:44,08b58c11-0517-48cd-a34f-9828dfdcc28f_c71a61b7-d1db-400e-878a-f07116b33fdf,b89932cc-0c96-4b8e-bcba-2fb4dad9f9a0,08b58c11-0517-48cd-a34f-9828dfdcc28f,nycmesh-648-core,c71a61b7-d1db-400e-878a-f07116b33fdf,nycmesh-648-edgepower,40.639719,-73.995809,,25.0,40.639719,-73.995809,,25.0,0.0,,,,,
2026-01-07T19:37:44,16d470e8-41e9-4bd7-b491-d8b94e595447_ceb75304-54f5-47c8-b546-e68068895e2a,b8bbbe63-c2b4-4d8d-912b-bb4a1c91fddf,16d470e8-41e9-4bd7-b491-d8b94e595447,nycmesh-135-core,ceb75304-54f5-47c8-b546-e68068895e2a,nycmesh-135-gbep-898,40.812255,-73.945971,,10.0,40.815595,-73.950005,,0.0,2058.0,,,,,sta-ptp
2026-01-07T19:37:44,4a6f43ed-ac8b-41c6-867b-e893d9737c31_22708d13-2429-4487-a72c-63915c547e57,b95fbd3e-967f-3ac3-bfe9-f9ddab17ed78,4a6f43ed-ac8b-41c6-867b-e893d9737c31,nycmesh-1936-olt-xgs-165,22708d13-2429-4487-a72c-63915c547e57,1936-06C,40.716797,-73.985577,,10.0,40.716797,-73.985577,,5.0,0.0,,,5.0,-17.0,
2026-01-07T19:37:44,82094c68-d2cf-4d01-b38b-897ff93940f4_a6c54ac9-0ad8-40e6-8e1e-29bb8db78289,b965d13b-da1c-368b-9a3b-ce6610a0fbc5,82094c68-d2cf-4d01-b38b-897ff93940f4,nycmesh-584-olt-xgs,a6c54ac9-0ad8-40e6-8e1e-29bb8db78289,584-East-03L-1G-Abby,40.79355,-73.965641,,10.0,40.79355,-73.965641,,5.0,0.0,,,3.0,-15.0,
2026-01-07T19:37:44,b57493cd-83d8-4d49-9ede-c9392cc16f47_cf1e9af0-f6ed-4171-86fa-7b1f85038473,b982844e-6260-3c68-b383-9389ed19a32d,b57493cd-83d8-4d49-9ede-c9392cc16f47,nycmesh-5014-north,cf1e9af0-f6ed-4171-86fa-7b1f85038473,nycmesh-lbe-832,40.693819,-73.906361,,8.0,40.6938,-73.9064,,8.0,3.9082827774909727,5560.0,MHz,-56.0,-57.0,ap-ptmp-airmax-mixed
2026-01-07T19:37:44,a57ddde1-6fff-463a-bbee-cbe90258daa6_1f862f53-5908-442a-9a3d-f79c9ae39190,b9ceda72-b8af-3a1d-a22b-8f94a618c67b,a57ddde1-6fff-463a-bbee-cbe90258daa6,nycmesh-1932-olt-410,1f862f53-5908-442a-9a3d-f79c9ae39190,410-03G,40.716098,-73.985997,14.0,100.32,40.716338,-73.986263,14.0,5.0,34.85361611376818,,,1.0,-19.0,
2026-01-07T19:37:44,6bfa32b8-85db-403a-9f5c-1cfc00717fa4_5b7082bb-7b95-4d7c-aa7d-baba6c8aaf26,ba05575d-4178-4d2d-8692-302f69a9472a,6bfa32b8-85db-403a-9f5c-1cfc00717fa4,nycmesh-169-omni,5b7082bb-7b95-4d7c-aa7d-baba6c8aaf26,nycmesh-169-south-tower,40.708499,-73.921952,,30.0,40.708452,-73.921893,8.0,30.0,7.214192058425936,,,,,ap-ptmp-airmax-mixed
2026-01-07T19:37:44,d47de3f1-9977-44b3-b9d4-6f0a6e2a52ee_5e73b367-9ead-4349-9594-2e7bb0f08cdf,ba2ca956-fa6c-3d97-a928-fcfa61686e8e,d47de3f1-9977-44b3-b9d4-6f0a6e2a52ee,nycmesh-2463-gbep-507,5e73b367-9ead-4349-9594-2e7bb0f08cdf,nycmesh-507-gbep-2463,40.719898,-73.988024,11.0,8.0,40.719897625,-73.98805175,,5.0,2.0,64800.0,MHz,-58.0,-56.0,ap-ptp
2026-01-07T19:37:44,e47de9d8-0fa5-46a0-91fd-58365eef04a6_e1d61dc7-4e5e-4138-a210-456c817acb34,ba381f24-0639-4762-aaf6-fa7ae0c03353,e47de9d8-0fa5-46a0-91fd-58365eef04a6,nycmesh-lbelr-265,e1d61dc7-4e5e-4138-a210-456c817acb34,nycmesh-265-omni,40.705347,-73.930856,,24.0,40.705214,-73.930897,,24.0,15.187383633876166,,,-64.0,-64.0,sta-ptmp
2026-01-07T19:37:44,7ee45009-6bc2-4a26-9b83-a3b07c70a3f6_d6c61b70-a65b-4c77-a567-137b45fde5a9,ba461cac-1cc4-3c0a-b79b-24e7f2749f9c,7ee45009-6bc2-4a26-9b83-a3b07c70a3f6,nycmesh-1934-olt-131-460,d6c61b70-a65b-4c77-a567-137b45fde5a9,131-14C,40.716142,-73.98448,14.0,10.0,40.716364,-73.985193,-3492.0,5.0,64.96443791683336,,,2.0,-14.0,
2026-01-07T19:37:44,4a6f43ed-ac8b-41c6-867b-e893d9737c31_5843f1d8-a13d-483c-91b9-0bad1d4c2c65,ba4fdbbd-e865-374a-91e4-ff0ab12fda9b,4a6f43ed-ac8b-41c6-867b-e893d9737c31,nycmesh-1936-olt-xgs-165,5843f1d8-a13d-483c-91b9-0bad1d4c2c65,1936-15B,40.716797,-73.985577,,10.0,40.716797,-73.985577,,5.0,0.0,,,4.0,-15.0,
2026-01-07T19:37:44,407dc81f-a0f0-4c14-93ef-28ac9c763f4a_f0c4a6cf-9a2e-4f02-b860-3ac2864c137d,ba780b07-674d-4cda-872f-63bef3d4bc0c,407dc81f-a0f0-4c14-93ef-28ac9c763f4a,nycmesh-lbe-904,f0c4a6cf-9a2e-4f02-b860-3ac2864c137d,nycmesh-904-omni,40.790066,-73.967034,,5.0,40.7935707,-73.965692,,5.0,405.75032746099316,,,-48.0,-54.0,sta-ptmp
2026-01-07T19:37:44,7ee45009-6bc2-4a26-9b83-a3b07c70a3f6_24bb9f5e-b545-470f-b452-2db457fb51c2,ba837c76-795c-3151-a6b6-3fa75eddb1c5,7ee45009-6bc2-4a26-9b83-a3b07c70a3f6,nycmesh-1934-olt-131-460,24bb9f5e-b545-470f-b452-2db457fb51c2,460-14C,40.716142,-73.98448,14.0,10.0,40.715645,-73.984543,13.0,5.0,55.51836572683728,,,4.0,-26.0,
2026-01-07T19:37:44,4a6f43ed-ac8b-41c6-867b-e893d9737c31_cd6968fb-de2a-494a-8214-b814f357d4a5,ba90a05b-e15e-319c-a6c8-7631278ae76a,4a6f43ed-ac8b-41c6-867b-e893d9737c31,nycmesh-1936-olt-xgs-165,cd6968fb-de2a-494a-8214-b814f357d4a5,1936-13A,40.716797,-73.985577,,10.0,40.716797,-73.985577,,5.0,0.0,,,5.0,-17.0,
2026-01-07T19:37:44,7ee45009-6bc2-4a26-9b83-a3b07c70a3f6_0953f370-0baf-4825-839b-a499ec2870b4,ba97896c-fdab-3167-bfa2-8b2e4a96c144,7ee45009-6bc2-4a26-9b83-a3b07c70a3f6,nycmesh-1934-olt-131-460,0953f370-0baf-4825-839b-a499ec2870b4,460-12A,40.716142,-73.98448,14.0,10.0,40.715645,-73.984543,13.0,5.0,55.51836572683728,,,4.0,-25.0,
2026-01-07T19:37:44,9ec55494-cdd1-4b62-be3a-0ce25031aeba_0985541f-a287-46d0-bed0-782e6e09fe37,ba9e727d-0aa1-3b2e-af59-82d886293cff,9ec55494-cdd1-4b62-be3a-0ce25031aeba,nycmesh-227-ps5ac-north1,0985541f-a287-46d0-bed0-782e6e09fe37,nycmesh-lbe-883,40.711095,-74.001382,,161.544,40.7109,-74.0012,10.0,8.0,1.0,5490.0,MHz,-62.0,-59.0,ap-ptmp-airmax-mixed
2026-01-07T19:37:44,4a6f43ed-ac8b-41c6-867b-e893d9737c31_4cadb361-f807-4299-8789-b4b8969eacc7,ba9ffd91-92dd-3733-8eec-1dc3da8ed748,4a6f43ed-ac8b-41c6-867b-e893d9737c31,nycmesh-1936-olt-xgs-165,4cadb361-f807-4299-8789-b4b8969eacc7,1936-15O (new onu),40.716797,-73.985577,,10.0,40.716797,-73.985577,,5.0,0.0,,,4.0,-20.0,
2026-01-07T19:37:44,9b0fa4e6-eba2-45b5-b31c-1d0973500371_8534824c-a89a-4561-ad77-17778e06d592,bad781c1-1e2e-4078-ab83-ed0e4752a715,9b0fa4e6-eba2-45b5-b31c-1d0973500371,nycmesh-lbe-6004,8534824c-a89a-4561-ad77-17778e06d592,nycmesh-6004-omni,40.7211,-73.9835,,10.0,40.721066,-73.983509,,10.0,3.8559583862016797,,,-57.0,-59.0,sta-ptmp
2026-01-07T19:37:44,7ee45009-6bc2-4a26-9b83-a3b07c70a3f6_4eb201cb-78b6-489b-bef2-251e82cfeedc,badd0515-9624-376b-aca2-8209e3f2b1df,7ee45009-6bc2-4a26-9b83-a3b07c70a3f6,nycmesh-1934-olt-131-460,4eb201cb-78b6-489b-bef2-251e82cfeedc,460-12F,40.716142,-73.98448,14.0,10.0,40.715645,-73.984543,13.0,5.0,55.51836572683728,,,4.0,-24.0,
2026-01-07T19:37:44,5949ca17-7037-406c-a276-8db9228d762c_4c9ee60c-15a5-4540-ad51-75d989df9126,baee1031-ba41-3345-b44f-9691666c04a1,5949ca17-7037-406c-a276-8db9228d762c,nycmesh-1340-west1,4c9ee60c-15a5-4540-ad51-75d989df9126,nycmesh-lbe-6845,40.686117,-73.917818,,12.93,40.684,-73.941,,25.01,1.0,5710.0,MHz,-61.0,-62.0,ap-ptmp-airmax-mixed
2026-01-07T19:37:44,154c26fb-cfeb-494c-979a-dccbe0e53da0_3eca7ce2-adfe-475a-bc35-aea56658ef4d,bb10c185-319b-4f91-86f3-fbcb3c98347e,154c26fb-cfeb-494c-979a-dccbe0e53da0,nycmesh-4126-np16,3eca7ce2-adfe-475a-bc35-aea56658ef4d,nycmesh-4126-core-60gx3,40.692245,-73.954483,,10.0,40.692245,-73.954483,,10.0,0.0,,,,,
2026-01-07T19:37:44,d648e07b-d5a7-441b-9155-ace2f2dd93d8_bbc040c6-d06d-48d6-bfff-2c5d31eaf8ad,bb111007-c640-439f-9385-d272e62b6a5e,d648e07b-d5a7-441b-9155-ace2f2dd93d8,nycmesh-584-netpower16p-roof,bbc040c6-d06d-48d6-bfff-2c5d31eaf8ad,nycmesh-584-lap120-west,40.79355,-73.965641,,10.0,40.793603,-73.965872,,10.0,20.319480604155853,,,-72.0,-83.0,ap-ptmp-airmax-ac
2026-01-07T19:37:44,4a6f43ed-ac8b-41c6-867b-e893d9737c31_36d21b02-0eb5-42b7-8196-e1e05b2c2da5,bb33e963-aa43-3932-b3ae-c4c9c96e7cfc,4a6f43ed-ac8b-41c6-867b-e893d9737c31,nycmesh-1936-olt-xgs-165,36d21b02-0eb5-42b7-8196-e1e05b2c2da5,1936-15D,40.716797,-73.985577,,10.0,40.716797,-73.985577,,5.0,0.0,,,5.0,-17.0,
2026-01-07T19:37:44,06617725-87b2-45e8-8962-30497e654509_eb96ec8e-050a-49e9-917e-8213bd231b1d,bb53af3c-2189-3979-a39d-db017368d075,06617725-87b2-45e8-8962-30497e654509,nycmesh-730-olt-xgs,eb96ec8e-050a-49e9-917e-8213bd231b1d,703-2F New,40.844422,-73.893677,,69.000015,40.844422,-73.893677,,5.0,0.0,,,3.0,-15.0,
2026-01-07T19:37:44,a57ddde1-6fff-463a-bbee-cbe90258daa6_dcb035f5-0809-4d0b-be5d-ef81103516d8,bb6c9325-b586-3adf-81ea-153b0e735482,a57ddde1-6fff-463a-bbee-cbe90258daa6,nycmesh-1932-olt-410,dcb035f5-0809-4d0b-be5d-ef81103516d8,410-20E,40.716098,-73.985997,14.0,100.32,40.716338,-73.986263,14.0,5.0,34.85361611376818,,,,,
2026-01-07T19:37:44,823f33a1-7896-44fa-9d9c-dfdd9a2c3c6c_102d6353-deb7-4532-aa77-d03444854dda,bb7f6009-65e7-36b1-aab0-5efe4d70c5c9,823f33a1-7896-44fa-9d9c-dfdd9a2c3c6c,nycmesh-162-east,102d6353-deb7-4532-aa77-d03444854dda,nycmesh-lbe-289,40.664997,-73.990543,,40.0,40.665,-73.9906,,5.0,3.0,5490.0,MHz,-56.0,-59.0,ap-ptmp-airmax-mixed
2026-01-07T19:37:44,4a6f43ed-ac8b-41c6-867b-e893d9737c31_8fb6b7ac-f681-4c06-9c9c-4d64910dfe77,bb86093f-dfdb-39df-9322-0d00a10f27ef,4a6f43ed-ac8b-41c6-867b-e893d9737c31,nycmesh-1936-olt-xgs-165,8fb6b7ac-f681-4c06-9c9c-4d64910dfe77,1936-15Q,40.716797,-73.985577,,10.0,40.716797,-73.985577,,5.0,0.0,,,5.0,-16.0,
2026-01-07T19:37:44,4a6f43ed-ac8b-41c6-867b-e893d9737c31_addab36c-f21d-49ab-8da8-16db32e7ed38,bb8afe90-8f01-350c-a8de-0481079c51e3,4a6f43ed-ac8b-41c6-867b-e893d9737c31,nycmesh-1936-olt-xgs-165,addab36c-f21d-49ab-8da8-16db32e7ed38,1936-04C,40.716797,-73.985577,,10.0,40.716797,-73.985577,,5.0,0.0,,,4.0,-16.0,
2026-01-07T19:37:44,4a6f43ed-ac8b-41c6-867b-e893d9737c31_f7e63b45-774f-4552-9387-a9dee0e86f78,bbb0d2f3-1cd3-305f-b957-03c5a37b9f08,4a6f43ed-ac8b-41c6-867b-e893d9737c31,nycmesh-1936-olt-xgs-165,f7e63b45-774f-4552-9387-a9dee0e86f78,1936-06P,40.716797,-73.985577,,10.0,40.716797,-73.985577,,5.0,0.0,,,2.0,-17.0,
2026-01-07T19:37:44,d14a79df-ca26-408f-8dc8-4a73585d167a_c0c4b33c-06ef-41e4-9470-5664e8ed34ec,bbc33465-ce05-3a69-b38e-2d4564c817b6,d14a79df-ca26-408f-8dc8-4a73585d167a,nycmesh-3461-southeast,c0c4b33c-06ef-41e4-9470-5664e8ed34ec,nycmesh-lbe-656,40.672531,-73.964197,,60.95,40.6725,-73.9642,,5.0,3.4563153488510543,5710.0,MHz,-60.0,-61.0,ap-ptmp-airmax-mixed
2026-01-07T19:37:44,9e2a74d5-e888-4817-9c41-e8dfb830e11d_11e4d564-bda0-4325-ae54-f809dc747ca6,bbc8e281-8b60-3406-a1c6-1ecfdb874062,9e2a74d5-e888-4817-9c41-e8dfb830e11d,nycmesh-5916-waveap-west,11e4d564-bda0-4325-ae54-f809dc747ca6,nycmesh-1779-af60lr,40.696153,-73.939618,,95.1,40.69404,-73.954797,23.0,0.0,1286.0,66960.0,MHz,-60.0,-54.0,ap-ptmp
2026-01-07T19:37:44,882c4808-3ed2-488b-8c1c-c38c156f67a1_021fa91a-28c2-492c-9bf9-fdba7579db9d,bbcaa16c-a444-311d-a5f2-3098e2000e23,882c4808-3ed2-488b-8c1c-c38c156f67a1,nycmesh-407-east,021fa91a-28c2-492c-9bf9-fdba7579db9d,nycmesh-lbe-766,40.713282,-73.99037,,11.42,40.7133,-73.9903,10.0,8.0,3.0,5710.0,MHz,-48.0,-52.0,ap-ptmp-airmax-mixed
2026-01-07T19:37:44,546e988f-6d34-43eb-aba3-b343ae806cc4_288a4d6b-9dab-466a-bd38-27ea7f451ee8,bbe439cc-f2de-43cf-ad50-201f69bd7c53,546e988f-6d34-43eb-aba3-b343ae806cc4,nycmesh-lbe-854,288a4d6b-9dab-466a-bd38-27ea7f451ee8,nycmesh-854-omni,40.7099,-73.958,,10.0,40.711568,-73.946966,,10.0,948.3379102281465,,,-62.0,-59.0,sta-ptmp
2026-01-07T19:37:44,3d4b2605-28fa-4993-814a-094bbc707ebc_9da2ae7f-c0ab-452d-868b-c6b498e4a45c,bc2a69c4-9e8d-3262-a8e7-34b8d287c4a5,3d4b2605-28fa-4993-814a-094bbc707ebc,nycmesh-lbelr-3,9da2ae7f-c0ab-452d-868b-c6b498e4a45c,nycmesh-3-es8,40.72487,-73.987851,,-32.0,40.724868,-73.987898,,-32.0,3.9668915885006304,,,-68.0,-75.0,sta-ptmp
2026-01-07T19:37:44,cbfbd763-1102-4767-8473-fd6795b96c7e_cd815a56-612a-46a9-ae87-b80aab35730b,bc4cac91-07e9-49c9-bf72-60ededa01054,cbfbd763-1102-4767-8473-fd6795b96c7e,nycmesh-3461-core,cd815a56-612a-46a9-ae87-b80aab35730b,nycmesh-3461-olt,40.672531,-73.964197,,60.95,40.672531,-73.964197,,60.95,0.0,,,,,
2026-01-07T19:37:44,4a6f43ed-ac8b-41c6-867b-e893d9737c31_16b307f2-8242-4717-a649-e58b62d33f67,bce7565b-ce86-3a25-853f-cf9ba9580afc,4a6f43ed-ac8b-41c6-867b-e893d9737c31,nycmesh-1936-olt-xgs-165,16b307f2-8242-4717-a649-e58b62d33f67,1936-06B new onu,40.716797,-73.985577,,10.0,40.716797,-73.985577,,5.0,0.0,,,3.0,-16.0,
2026-01-07T19:37:44,152f92e3-ae69-4875-9bff-51ce135ed453_cd0f34f6-42b4-406d-8876-ece07a103caa,bd0152c2-8ad7-4968-aaa7-a52caa6cc5ff,152f92e3-ae69-4875-9bff-51ce135ed453,nycmesh-231-netpower16p,cd0f34f6-42b4-406d-8876-ece07a103caa,nycmesh-231-core,40.645835,-74.013376,,10.0,40.645835,-74.013376,,10.0,0.0,,,,,
2026-01-07T19:37:44,96a1c830-00a5-46d7-a37d-39ee9ae128a4_e14b1ec8-bb0b-42f3-8af4-4908525be808,bd3356f0-7729-3a2e-a8e0-4c98826aad05,96a1c830-00a5-46d7-a37d-39ee9ae128a4,nycmesh-5300-lbe-498,e14b1ec8-bb0b-42f3-8af4-4908525be808,nycmesh-498-lbe-5300,40.659761,-73.99199,5.0,10.0,40.659761,-73.99199,,10.0,1.0,5750.0,MHz,-45.0,-45.0,ap-ptp
2026-01-07T19:37:44,4a6f43ed-ac8b-41c6-867b-e893d9737c31_b205d2fa-ea7c-4e0c-9b46-b2dfabec5d53,bd5e6601-b71b-3762-8ad8-630f4342ade2,4a6f43ed-ac8b-41c6-867b-e893d9737c31,nycmesh-1936-olt-xgs-165,b205d2fa-ea7c-4e0c-9b46-b2dfabec5d53,1936-07M,40.716797,-73.985577,,10.0,40.716797,-73.985577,,5.0,0.0,,,4.0,-17.0,
2026-01-07T19:37:44,06617725-87b2-45e8-8962-30497e654509_ac0124c8-8d2d-4974-8bda-dbfb063a7493,bdaa5578-4b9c-3ab4-a8ac-3002e73bec13,06617725-87b2-45e8-8962-30497e654509,nycmesh-730-olt-xgs,ac0124c8-8d2d-4974-8bda-dbfb063a7493,730-01D,40.844422,-73.893677,,69.000015,40.844422,-73.893677,,5.0,0.0,,,5.0,-15.0,
2026-01-07T19:37:44,c6e5cad9-95d0-4440-86ce-65437fede532_d2007ff3-64bd-4fba-833d-a61263794b52,bde91fe4-70fb-3019-8f73-97a72c83dabe,c6e5cad9-95d0-4440-86ce-65437fede532,nycmesh-sn3-north,d2007ff3-64bd-4fba-833d-a61263794b52,nycmesh-lbe-1447,40.6579,-74.0049,,45.32,40.6578,-74.0048,5.0,10.0,670.0,5560.0,MHz,-58.0,-57.0,ap-ptmp-airmax-mixed
2026-01-07T19:37:44,82094c68-d2cf-4d01-b38b-897ff93940f4_e022582f-9cea-44cb-aa2c-aa03c4940e9d,be105f0c-c83d-3869-b156-574af3c0c2ee,82094c68-d2cf-4d01-b38b-897ff93940f4,nycmesh-584-olt-xgs,e022582f-9cea-44cb-aa2c-aa03c4940e9d,584-West-14V-1G-Sandra,40.79355,-73.965641,,10.0,40.79355,-73.965641,,10.0,0.0,,,4.0,-12.0,
2026-01-07T19:37:44,a57ddde1-6fff-463a-bbee-cbe90258daa6_6cc4f020-4909-44b2-abb5-24702b5a476b,be23f2be-8070-3995-a466-02118fea1938,a57ddde1-6fff-463a-bbee-cbe90258daa6,nycmesh-1932-olt-410,6cc4f020-4909-44b2-abb5-24702b5a476b,410-11A,40.716098,-73.985997,14.0,100.32,40.716338,-73.986263,14.0,5.0,34.85361611376818,,,4.0,-16.0,
2026-01-07T19:37:44,a57ddde1-6fff-463a-bbee-cbe90258daa6_689109ed-3d69-4820-86bd-a98a72120b17,be25d7be-5557-3040-b035-d12f118a5056,a57ddde1-6fff-463a-bbee-cbe90258daa6,nycmesh-1932-olt-410,689109ed-3d69-4820-86bd-a98a72120b17,410-26G,40.716098,-73.985997,14.0,100.32,40.716338,-73.986263,14.0,5.0,34.85361611376818,,,2.0,-18.0,
2026-01-07T19:37:44,7ee45009-6bc2-4a26-9b83-a3b07c70a3f6_c5b098fd-3503-4ea5-b5c3-5b193a2c194d,be57ebda-3c81-396d-b0c2-814b2260f697,7ee45009-6bc2-4a26-9b83-a3b07c70a3f6,nycmesh-1934-olt-131-460,c5b098fd-3503-4ea5-b5c3-5b193a2c194d,131-09D,40.716142,-73.98448,14.0,10.0,40.716364,-73.985193,-3492.0,5.0,64.96443791683336,,,,,
2026-01-07T19:37:44,e9ff1ffb-e731-432e-8803-5cd9b318ebcb_8dff9a61-5ebc-45e4-9eff-3ac940fd626f,be9f0417-00b1-4a8a-a9d6-ccc08bc40a97,e9ff1ffb-e731-432e-8803-5cd9b318ebcb,nycmesh-3065-core,8dff9a61-5ebc-45e4-9eff-3ac940fd626f,nycmesh-3065-meshroom,40.718912,-73.985854,,25.0,40.718912,-73.985854,,25.0,0.0,,,,,
2026-01-07T19:37:44,ed2ba00d-f21e-4da1-96b5-890bb6510dab_20316172-deb7-4d23-b20d-e0b7db593c3a,bec4f48c-c39e-3b69-afcb-195db8afb3af,ed2ba00d-f21e-4da1-96b5-890bb6510dab,nycmesh-5916-northeast,20316172-deb7-4d23-b20d-e0b7db593c3a,nycmesh-lbe-538,40.696038,-73.939764,,67.46,40.696,-73.9398,23.0,5.0,1.0,5550.0,MHz,-64.0,-66.0,ap-ptmp-airmax-mixed
2026-01-07T19:37:44,212c5444-84a0-41d4-a20c-c3f913751726_2630b421-546f-4bc0-8ae2-f92c038f2eed,bef70f07-a61a-4f9b-a9c5-7a39df0bdf7c,212c5444-84a0-41d4-a20c-c3f913751726,nycmesh-2274-omni,2630b421-546f-4bc0-8ae2-f92c038f2eed,nycmesh-2274-west,40.725681,-73.983591,,8.0,40.725681,-73.983591,,8.0,0.0,,,-58.0,-57.0,ap-ptmp
2026-01-07T19:37:44,029b9158-d691-4968-a7b3-7ffbe1ae03d3_745ec871-ba12-47df-a871-d2ef4fc6a318,bf7ab473-6e6f-3a5f-9287-32ca3bc69137,029b9158-d691-4968-a7b3-7ffbe1ae03d3,nycmesh-3461-northwest,745ec871-ba12-47df-a871-d2ef4fc6a318,nycmesh-lbe-297,40.672685,-73.96386,,60.95,40.672531,-73.9641974,,5.0,33.210007652982235,5510.0,MHz,-67.0,-68.0,ap-ptmp
2026-01-07T19:37:44,d8980a37-749d-4be2-86ef-879e397fb51a_9a71280a-4740-474b-badb-840e931bd7ab,bfb5435e-5172-35bb-97b6-75e99062522c,d8980a37-749d-4be2-86ef-879e397fb51a,nycmesh-1340-lbe-664,9a71280a-4740-474b-badb-840e931bd7ab,nycmesh-664-lbe-1340,40.686016,-73.917493,,53.3,40.705837,-73.915284,,8.0,2207.0,5310.0,MHz,-66.0,-66.0,ap-ptp
2026-01-07T19:37:44,b6ed7b18-8c1e-497a-b8b7-3bab229980c4_4a45afaa-104c-4f6f-bd9a-ded7387038a1,bfc045e5-5ff2-3f75-adab-e7dfbef81df3,b6ed7b18-8c1e-497a-b8b7-3bab229980c4,nycmesh-5916-south1,4a45afaa-104c-4f6f-bd9a-ded7387038a1,nycmesh-lbe-798,40.696042,-73.939797,,67.46,40.696038,-73.939764,23.0,5.0,1.0,5490.0,MHz,-64.0,-59.0,ap-ptmp-airmax-mixed
2026-01-07T19:37:44,4a6f43ed-ac8b-41c6-867b-e893d9737c31_1d8c9e68-e564-4a8a-8605-a30c08b019a2,bfd66670-1f97-35dd-aa1c-1dd13706dc02,4a6f43ed-ac8b-41c6-867b-e893d9737c31,nycmesh-1936-olt-xgs-165,1d8c9e68-e564-4a8a-8605-a30c08b019a2,1936-13J,40.716797,-73.985577,,10.0,40.716797,-73.985577,,5.0,0.0,,,5.0,-16.0,
2026-01-07T19:37:44,4fb5de28-719b-4d4c-8efd-9246e4d99758_dd6ba8ff-a005-450e-89aa-680adc3b4f4e,bffa8fad-4fa5-3e8e-ac96-77306c9e7c8e,4fb5de28-719b-4d4c-8efd-9246e4d99758,nycmesh-2274-northwest,dd6ba8ff-a005-450e-89aa-680adc3b4f4e,nycmesh-pbe-711,40.72579,-73.98355,,8.0,40.7256814,-73.9835909,7.0,8.0,12.557986063617026,5710.0,MHz,-57.0,-55.0,ap-ptmp-airmax-mixed
2026-01-07T19:37:44,81d53085-8fff-425a-922c-e19beda99166_98ebe512-5cd5-45fa-9dd0-035e91624463,c03c093c-0044-3abe-992b-e224e26d8488,81d53085-8fff-425a-922c-e19beda99166,nycmesh-5712-gbep-115,98ebe512-5cd5-45fa-9dd0-035e91624463,nycmesh-115-gbep-5712,40.73676,-73.95441,4.0,0.0,40.733902,-73.950604,,0.0,466.0,62640.0,MHz,-57.0,-58.0,ap-ptp
2026-01-07T19:37:44,7ee45009-6bc2-4a26-9b83-a3b07c70a3f6_545009fe-8ab2-46d3-9040-627953c72c6b,c047ce55-af71-3b95-bf9b-508492a83501,7ee45009-6bc2-4a26-9b83-a3b07c70a3f6,nycmesh-1934-olt-131-460,545009fe-8ab2-46d3-9040-627953c72c6b,131-03H,40.716142,-73.98448,14.0,10.0,40.716364,-73.985193,-3492.0,5.0,64.96443791683336,,,4.0,-15.0,
2026-01-07T19:37:44,38a3014f-1ded-43c2-80f8-815442951fe7_680b0820-7536-41c7-8bbc-2df05884a311,c081ff6a-aadc-37a9-a852-d3bfaab022e5,38a3014f-1ded-43c2-80f8-815442951fe7,nycmesh-231-north,680b0820-7536-41c7-8bbc-2df05884a311,nycmesh-lbe-7574,40.645933,-74.013631,,10.0,40.6458,-74.0134,5.0,5.0,24.465163153067557,5810.0,MHz,-53.0,-50.0,ap-ptmp-airmax-mixed
2026-01-07T19:37:44,a57ddde1-6fff-463a-bbee-cbe90258daa6_ea7ea8f2-65f6-4b37-a92c-0e1f3302e35a,c082b8ae-c737-3f72-97d6-cb09723b71c7,a57ddde1-6fff-463a-bbee-cbe90258daa6,nycmesh-1932-olt-410,ea7ea8f2-65f6-4b37-a92c-0e1f3302e35a,410-7G,40.716098,-73.985997,14.0,100.32,40.716338,-73.986263,14.0,5.0,34.85361611376818,,,4.0,-20.0,
2026-01-07T19:37:44,823f33a1-7896-44fa-9d9c-dfdd9a2c3c6c_e3961b7c-e4c6-4efd-9e74-b8874129ce76,c0951f73-7c54-3923-b2b9-c8167d69314f,823f33a1-7896-44fa-9d9c-dfdd9a2c3c6c,nycmesh-162-east,e3961b7c-e4c6-4efd-9e74-b8874129ce76,nycmesh-lbe-716,40.664997,-73.990543,,40.0,40.665,-73.9906,,5.0,3.0,5490.0,MHz,-53.0,-55.0,ap-ptmp-airmax-mixed
2026-01-07T19:37:44,a481c499-888f-46e2-80c8-7f6f40a5c269_5c456d1b-2480-484d-af2d-242fb8e71fc6,c0e39258-676f-4b66-ac42-2c38fcd9c077,a481c499-888f-46e2-80c8-7f6f40a5c269,nycmesh-835-force6g-5916,5c456d1b-2480-484d-af2d-242fb8e71fc6,nycmesh-835-core,40.685214,-73.954595,,10.0,40.685214,-73.954595,,10.0,0.0,,,,,
2026-01-07T19:37:44,aab8ff3f-3834-4560-b507-2cd0fd7896c0_4a6f43ed-ac8b-41c6-867b-e893d9737c31,c0e39ef8-4e2c-4751-ba60-4e5d95ec6ea0,aab8ff3f-3834-4560-b507-2cd0fd7896c0,nycmesh-1934-core,4a6f43ed-ac8b-41c6-867b-e893d9737c31,nycmesh-1936-olt-xgs-165,40.716142,-73.98448,,10.0,40.716797,-73.985577,,10.0,117.69674646334691,,,,,
2026-01-07T19:37:44,7ee45009-6bc2-4a26-9b83-a3b07c70a3f6_5e222fb7-e923-4535-91fd-24fc719574e4,c0ece6db-b36d-3307-88eb-46a686fcf6e7,7ee45009-6bc2-4a26-9b83-a3b07c70a3f6,nycmesh-1934-olt-131-460,5e222fb7-e923-4535-91fd-24fc719574e4,460-21C,40.716142,-73.98448,14.0,10.0,40.715645,-73.984543,13.0,5.0,55.51836572683728,,,4.0,-24.0,
2026-01-07T19:37:44,22f8a4e5-891d-48b9-a3b2-9808f9c3b977_7f9db68b-db16-4b6e-a273-2d52cdec3246,c0f08c06-e6e3-3162-898c-e1ac27f1cbb9,22f8a4e5-891d-48b9-a3b2-9808f9c3b977,nycmesh-3461-northeast,7f9db68b-db16-4b6e-a273-2d52cdec3246,nycmesh-lbe-788,40.672685,-73.96386,,60.95,40.6725,-73.9642,,5.0,35.28977579122606,5560.0,MHz,-68.0,-67.0,ap-ptmp-airmax-mixed
2026-01-07T19:37:44,ff7a71c5-e64a-4928-bd82-2e295817db21_df637196-b300-4ef8-9542-10cefcf702f1,c0f9e0f2-c8b1-4235-80b0-df6fb6e95d67,ff7a71c5-e64a-4928-bd82-2e295817db21,nycmesh-544-eps16,df637196-b300-4ef8-9542-10cefcf702f1,nycmesh-544-south,40.718504,-73.995954,,25.0,40.718504,-73.995954,14.0,100.32,0.0,,,,,ap-ptmp-airmax-mixed
2026-01-07T19:37:44,6dfcfc62-6607-4238-a6e8-11e59af236df_302d0e27-bb14-4835-a7e8-a12ef8b201cf,c120abde-93ee-396c-89d6-d1b721a7ba15,6dfcfc62-6607-4238-a6e8-11e59af236df,nycmesh-5916-eps16,302d0e27-bb14-4835-a7e8-a12ef8b201cf, nycmesh-5916-gbep1-roof (Rob's Test GBE+),40.696038,-73.939764,23.0,67.46,40.696038,-73.939764,23.0,0.0,0.0,,,-57.0,-56.0,ap-ptp
2026-01-07T19:37:44,ed6ab163-85a9-4f40-a713-cdaf229cc56a_3db55d03-77f2-4d71-8b5b-49d659a3cb0a,c123a5b8-c15c-42e5-9e62-9430e389406b,ed6ab163-85a9-4f40-a713-cdaf229cc56a,nycmesh-731-epr6,3db55d03-77f2-4d71-8b5b-49d659a3cb0a,nycmesh-731-south,40.724676,-73.98073,,8.0,40.724676,-73.98073,,8.0,0.0,,,-62.0,-59.0,ap-ptmp-airmax-mixed
2026-01-07T19:37:44,12010c8c-9f46-4e45-81e4-62d7090fbcd5_60ebd9a5-31e7-4824-935a-ba08e1fd9859,c137c46e-e4b1-39cb-b302-80527bce0f40,12010c8c-9f46-4e45-81e4-62d7090fbcd5,nycmesh-1340-east,60ebd9a5-31e7-4824-935a-ba08e1fd9859,nycmesh-lbe-628,40.686016,-73.917493,,53.3,40.685823,-73.917272,,25.01,1.0,5560.0,MHz,-59.0,-61.0,ap-ptmp-airmax-mixed
2026-01-07T19:37:44,f4efb67c-1414-4abb-a8ab-1d8f06884bcf_e2ce49b7-7b36-48ea-92e0-286e98b7a1f1,c14154b0-e891-42a7-9996-544f9549dd52,f4efb67c-1414-4abb-a8ab-1d8f06884bcf,nycmesh-1933-netpower16p,e2ce49b7-7b36-48ea-92e0-286e98b7a1f1,nycmesh-1933-cubepro-1932,40.715467,-73.984401,,97.0,40.715467,-73.984401,,97.0,0.0,,,,,
2026-01-07T19:37:44,4a6f43ed-ac8b-41c6-867b-e893d9737c31_6daa165b-e416-4027-8969-f661aa578f31,c142519e-1ac8-31d0-9bf1-10a5184b6275,4a6f43ed-ac8b-41c6-867b-e893d9737c31,nycmesh-1936-olt-xgs-165,6daa165b-e416-4027-8969-f661aa578f31,1936-09O,40.716797,-73.985577,,10.0,40.716797,-73.985577,,5.0,0.0,,,2.0,-16.0,
2026-01-07T19:37:44,57f729bf-1736-4871-bff6-1c20c280b4bc_36b35cc5-f9dd-4d6a-9948-3fd2a500238c,c19eb506-ced1-48f0-beb9-9f0b78d477f0,57f729bf-1736-4871-bff6-1c20c280b4bc,nycmesh-3959-core,36b35cc5-f9dd-4d6a-9948-3fd2a500238c,nycmesh-3959-af60xr-730,40.841612,-73.941817,,10.0,40.841736,-73.941847,,139.3,14.01721750247444,,,,,sta-ptp
2026-01-07T19:37:44,12010c8c-9f46-4e45-81e4-62d7090fbcd5_0f63c573-8d91-4353-907b-71667b76d093,c1a2c65d-6c55-3172-bc92-bd4b3f1692b6,12010c8c-9f46-4e45-81e4-62d7090fbcd5,nycmesh-1340-east,0f63c573-8d91-4353-907b-71667b76d093,nycmesh-lbe-258,40.686016,-73.917493,,53.3,40.685823,-73.917272,,25.01,1.0,5560.0,MHz,-58.0,-59.0,ap-ptmp-airmax-mixed
2026-01-07T19:37:44,01a74e3c-7494-4e0a-a380-1d611e988f35_7d488e86-904b-4bc6-9b70-22bee01ed4bf,c1b2b44b-3990-38aa-9fb6-e4aefd279bc1,01a74e3c-7494-4e0a-a380-1d611e988f35,nycmesh-227-ps5ac-north2,7d488e86-904b-4bc6-9b70-22bee01ed4bf,nycmesh-lbe-6414,40.711166,-74.001244,,161.544,40.720987,-73.996465,10.0,8.0,1.0,5710.0,MHz,-61.0,-61.0,ap-ptmp-airmax-mixed
2026-01-07T19:37:44,1df75f1a-67d4-4bd4-911a-64d762508829_91f322f4-5101-4079-9676-c32704d68d01,c1c2bcc9-87a9-4f92-9c69-b22ba0a2a01f,1df75f1a-67d4-4bd4-911a-64d762508829,nycmesh-1084-omni,91f322f4-5101-4079-9676-c32704d68d01,nycmesh-1084-hex,40.729552,-73.945949,4.0,8.0,40.729552,-73.945949,4.0,8.0,0.0,,,,,
2026-01-07T19:37:44,a57ddde1-6fff-463a-bbee-cbe90258daa6_08ec14d1-f240-45b7-b93b-5580fbb2ffd6,c1c5fbd5-5c24-33f2-ada4-2c8e1d9150e7,a57ddde1-6fff-463a-bbee-cbe90258daa6,nycmesh-1932-olt-410,08ec14d1-f240-45b7-b93b-5580fbb2ffd6,410-08A,40.716098,-73.985997,14.0,100.32,40.716338,-73.986263,14.0,5.0,34.85361611376818,,,,,
2026-01-07T19:37:44,7ee45009-6bc2-4a26-9b83-a3b07c70a3f6_3939e08f-a658-45a7-beba-9b9a0601b495,c1fb6b95-df66-36e4-b39d-61471b21902c,7ee45009-6bc2-4a26-9b83-a3b07c70a3f6,nycmesh-1934-olt-131-460,3939e08f-a658-45a7-beba-9b9a0601b495,131-13F,40.716142,-73.98448,14.0,10.0,40.716364,-73.985193,-3492.0,5.0,64.96443791683336,,,3.0,-25.0,
2026-01-07T19:37:44,b9d74e79-958d-43da-807c-67f08b368138_7c384988-9655-48a5-a9dc-c58d04cfda10,c228f223-b033-3aeb-824c-b8ad3ff33ff5,b9d74e79-958d-43da-807c-67f08b368138,nycmesh-5151-gbelr-1635,7c384988-9655-48a5-a9dc-c58d04cfda10,nycmesh-1635-gbelr-5151,40.67545,-73.98061,,0.0,40.66756,-73.98242,33.0,0.0,887.0,62640.0,MHz,-58.0,-58.0,ap-ptp
2026-01-07T19:37:44,b55b1d8a-729a-4f6a-a99c-05df3a9284f4_2f096d72-117b-4eb4-9091-a35f938dd0ff,c2404d8c-8725-469c-a438-261e8fad74f6,b55b1d8a-729a-4f6a-a99c-05df3a9284f4,nycmesh-713-eps16,2f096d72-117b-4eb4-9091-a35f938dd0ff,nycmesh-713-af24hd-3461,40.657782,-74.004848,,45.32,40.658005,-74.004715,,45.32,27.21640182584108,,,-57.0,-59.0,ap-ptp
2026-01-07T19:37:44,83ebb66c-9b0d-4a71-af68-50dd94dd36da_5d2eb6cc-8eed-4555-b62b-e91fd0e99e06,c256095f-f183-4d0f-9904-9e730095093b,83ebb66c-9b0d-4a71-af68-50dd94dd36da,nycmesh-584-ICX6610,5d2eb6cc-8eed-4555-b62b-e91fd0e99e06,nycmesh-584-core,40.79355,-73.965641,,10.0,40.79355,-73.965641,,10.0,0.0,,,,,
2026-01-07T19:37:44,a57ddde1-6fff-463a-bbee-cbe90258daa6_7ec58cf0-ebc3-440e-8c0d-37b8f4927594,c28d35bc-82a0-3467-9182-786dd178eb07,a57ddde1-6fff-463a-bbee-cbe90258daa6,nycmesh-1932-olt-410,7ec58cf0-ebc3-440e-8c0d-37b8f4927594,410-18C,40.716098,-73.985997,14.0,100.32,40.716338,-73.986263,14.0,5.0,34.85361611376818,,,1.0,-20.0,
2026-01-07T19:37:44,7bfb4d7a-a78e-4620-a084-4d420a9d8c51_4afd3258-48cb-41bf-aca4-94849d32cdea,c29637d5-014e-3926-bc0a-0cc1ef613d56,7bfb4d7a-a78e-4620-a084-4d420a9d8c51,nycmesh-5916-south2,4afd3258-48cb-41bf-aca4-94849d32cdea,nycmesh-lbe-668,40.696048,-73.939788,,67.46,40.696,-73.9398,23.0,5.0,1.0,5550.0,MHz,-57.0,-53.0,ap-ptmp-airmax-mixed
2026-01-07T19:37:44,9e2a74d5-e888-4817-9c41-e8dfb830e11d_b78a8536-1719-4dba-b1d6-20bff6aeec4a,c304b6c5-d3f7-3f2f-a98f-e3ba85259d92,9e2a74d5-e888-4817-9c41-e8dfb830e11d,nycmesh-5916-waveap-west,b78a8536-1719-4dba-b1d6-20bff6aeec4a,nycmesh-884-wavenano,40.696153,-73.939618,,95.1,40.693592,-73.944308,23.0,36.2,1.0,66960.0,MHz,-60.0,-67.0,ap-ptmp
2026-01-07T19:37:44,dc4f1b69-7c03-44ac-923c-0dbaa87655df_3c96b24f-f092-4c9b-871e-ff0da4fc8df0,c35f99d9-2ea5-3868-8415-e78dff2654d4,dc4f1b69-7c03-44ac-923c-0dbaa87655df,nycmesh-1933-waveap-east,3c96b24f-f092-4c9b-871e-ff0da4fc8df0,nycmesh-1167-wavelr ,40.715592,-73.984405,,98.3,40.727485,-73.946144,4.0,24.6,3500.0,66960.0,MHz,-63.0,-65.0,ap-ptmp
2026-01-07T19:37:44,3525bb74-d436-4b3d-aa85-999fede87dc6_3b05b7fb-0b4b-4fb6-a925-66be1cec9aa3,c35fccf5-932c-43cd-bec6-d0ab9373e977,3525bb74-d436-4b3d-aa85-999fede87dc6,nycmesh-2463-lhg60-1932,3b05b7fb-0b4b-4fb6-a925-66be1cec9aa3,nycmesh-2463-eps16,40.719898,-73.988024,11.0,8.0,40.719898,-73.988024,11.0,8.0,0.0,,,,,
2026-01-07T19:37:44,cd815a56-612a-46a9-ae87-b80aab35730b_c78bec7f-c4c7-458f-af54-06cc037fbf32,c3815c39-0170-3f8c-a790-662a7c4cb9c4,cd815a56-612a-46a9-ae87-b80aab35730b,nycmesh-3461-olt,c78bec7f-c4c7-458f-af54-06cc037fbf32,3461-11K,40.672531,-73.964197,,60.95,40.672531,-73.964197,,5.0,0.0,,,2.0,-20.0,
2026-01-07T19:37:44,9a9df01c-d99d-4a10-9134-5e643ced89d8_3e1e930f-4ae4-42d0-a615-cc4e9521fecf,c384ab62-623c-3937-8a50-2af6eafbe888,9a9df01c-d99d-4a10-9134-5e643ced89d8,nycmesh-5916-af60lr-1340,3e1e930f-4ae4-42d0-a615-cc4e9521fecf,nycmesh-1340-af60lr-5916,40.695935,-73.939753,23.0,98.4,40.686118,-73.917444,,68.0,2174.7280991291723,65880.0,MHz,-58.0,-58.0,sta-ptp
2026-01-07T19:37:44,22f8a4e5-891d-48b9-a3b2-9808f9c3b977_4938f6d7-11cb-4d93-abee-2c1ba54b2c47,c3cbfde2-3f14-374b-9931-3953c189a13c,22f8a4e5-891d-48b9-a3b2-9808f9c3b977,nycmesh-3461-northeast,4938f6d7-11cb-4d93-abee-2c1ba54b2c47,nycmesh-lbe-7007,40.672685,-73.96386,,60.95,40.6725,-73.9642,,5.0,35.28977579122606,5560.0,MHz,-71.0,-68.0,ap-ptmp-airmax-mixed
2026-01-07T19:37:44,e3220e71-2e1e-4f70-8c11-819c8700cde9_0499345d-a4c8-480a-8886-30258eee9b06,c402a678-f6d3-4cd2-a6c8-c2e7a2bc5cd8,e3220e71-2e1e-4f70-8c11-819c8700cde9,nycmesh-1635-omni,0499345d-a4c8-480a-8886-30258eee9b06,nycmesh-1635-north,40.667569,-73.98239,33.0,10.0,40.667569,-73.98239,33.0,10.0,0.0,,,-56.0,-56.0,ap-ptmp
2026-01-07T19:37:44,eff58e65-398b-4811-b67f-60a51e9eb4a7_cb5accf0-e7e0-4d55-8dd0-7ed3cf3779e5,c40f4829-9d5d-3f97-9d9f-85747a06ba91,eff58e65-398b-4811-b67f-60a51e9eb4a7,nycmesh-155-north,cb5accf0-e7e0-4d55-8dd0-7ed3cf3779e5,nycmesh-lbe-193,40.679873,-73.942457,18.0,10.0,40.696,-73.9398,18.0,5.0,1.0,5515.0,MHz,-57.0,-56.0,ap-ptmp-airmax-ac
2026-01-07T19:37:44,a1d9f474-7fbf-4a50-b1a6-aa188a8456ed_22f8a4e5-891d-48b9-a3b2-9808f9c3b977,c410efe6-2924-4a16-8cac-9e6f48d1b96d,a1d9f474-7fbf-4a50-b1a6-aa188a8456ed,nycmesh-3461-eps16,22f8a4e5-891d-48b9-a3b2-9808f9c3b977,nycmesh-3461-northeast,40.672531,-73.964197,,60.95,40.672685,-73.96386,,60.95,33.181108383118236,,,,,ap-ptmp-airmax-mixed
2026-01-07T19:37:44,7ee45009-6bc2-4a26-9b83-a3b07c70a3f6_0c8b8476-24df-4da1-89ac-28f529f62ca2,c4117c5d-e650-3e02-a279-0aa179d81c6e,7ee45009-6bc2-4a26-9b83-a3b07c70a3f6,nycmesh-1934-olt-131-460,0c8b8476-24df-4da1-89ac-28f529f62ca2,131-04E,40.716142,-73.98448,14.0,10.0,40.716364,-73.985193,-3492.0,5.0,64.96443791683336,,,2.0,-16.0,
2026-01-07T19:37:44,a57ddde1-6fff-463a-bbee-cbe90258daa6_3e863c52-c33f-434c-985e-55983da6f524,c4bce264-8768-3f2a-a46d-b6664415d95c,a57ddde1-6fff-463a-bbee-cbe90258daa6,nycmesh-1932-olt-410,3e863c52-c33f-434c-985e-55983da6f524,410-19A,40.716098,-73.985997,14.0,100.32,40.716338,-73.986263,14.0,5.0,34.85361611376818,,,4.0,-23.0,
2026-01-07T19:37:44,7ee45009-6bc2-4a26-9b83-a3b07c70a3f6_b1f23d5a-27b4-43da-bd34-18cdc6cc9fce,c4cbcbc0-8b65-3d30-9d5b-a8c9c7d691b9,7ee45009-6bc2-4a26-9b83-a3b07c70a3f6,nycmesh-1934-olt-131-460,b1f23d5a-27b4-43da-bd34-18cdc6cc9fce,460-10F,40.716142,-73.98448,14.0,10.0,40.715645,-73.984543,13.0,5.0,55.51836572683728,,,5.0,-26.0,
2026-01-07T19:37:44,7ee45009-6bc2-4a26-9b83-a3b07c70a3f6_889b5fcf-d850-4b6d-96f6-abf55a30d255,c4d0b0b1-3c0a-3815-96fc-dfa8191e61e7,7ee45009-6bc2-4a26-9b83-a3b07c70a3f6,nycmesh-1934-olt-131-460,889b5fcf-d850-4b6d-96f6-abf55a30d255,460-Laundry,40.716142,-73.98448,14.0,10.0,40.715645,-73.984543,13.0,5.0,55.51836572683728,,,3.0,-14.0,
2026-01-07T19:37:44,06617725-87b2-45e8-8962-30497e654509_12b97ba7-0f1c-4869-b2cc-3df05e74347b,c4f15a4b-8675-352a-9f71-af7cf2aa6fe4,06617725-87b2-45e8-8962-30497e654509,nycmesh-730-olt-xgs,12b97ba7-0f1c-4869-b2cc-3df05e74347b,730-02P,40.844422,-73.893677,,69.000015,40.844422,-73.893677,,5.0,0.0,,,4.0,-14.0,
2026-01-07T19:37:44,06e12270-c227-4bb2-b56c-f56268430611_dff7e106-688c-4b98-bb33-3fe569cd1c27,c511c318-54b6-34ae-9259-5be8e778b4fb,06e12270-c227-4bb2-b56c-f56268430611,nycmesh-5014-west,dff7e106-688c-4b98-bb33-3fe569cd1c27,nycmesh-lbe-372,40.693819,-73.906361,,8.0,40.6938191,-73.9063608,,8.0,0.020198023307997186,5750.0,MHz,-59.0,-50.0,ap-ptmp-airmax-mixed
2026-01-07T19:37:44,25a60c05-a427-4949-8429-622866062481_3dfbe987-ad92-44f0-919a-fcfa402a70a9,c52dee43-0702-3b3b-a619-595ca2b2bf33,25a60c05-a427-4949-8429-622866062481,nycmesh-407-north,3dfbe987-ad92-44f0-919a-fcfa402a70a9,nycmesh-lbe-243,40.713242,-73.990392,,11.42,40.71411,-73.992136,10.0,8.0,3.0,5505.0,MHz,-53.0,-48.0,ap-ptmp-airmax-mixed
2026-01-07T19:37:44,a57ddde1-6fff-463a-bbee-cbe90258daa6_cae90e53-96f8-4158-ac74-cfb397d44294,c575d9e2-ad03-3f80-879a-ccb58ea26d5f,a57ddde1-6fff-463a-bbee-cbe90258daa6,nycmesh-1932-olt-410,cae90e53-96f8-4158-ac74-cfb397d44294,410-26C,40.716098,-73.985997,14.0,100.32,40.716338,-73.986263,14.0,5.0,34.85361611376818,,,3.0,-20.0,
2026-01-07T19:37:44,30f47d54-0ee9-4d2c-a8a8-2524173ed7a6_95236977-7ce0-4b20-8ba5-6e0118d0b3ef,c5a3356a-7447-4fd1-a7f6-68e1a332cc4d,30f47d54-0ee9-4d2c-a8a8-2524173ed7a6,nycmesh-2090-epr6,95236977-7ce0-4b20-8ba5-6e0118d0b3ef,nycmesh-2090-southeast,40.725627,-73.954098,,8.0,40.725618,-73.954074,,8.0,2.256494053107705,,,-72.0,-67.0,ap-ptmp
2026-01-07T19:37:44,364be131-f66e-4fd3-bcb2-1671f961e31c_5c6cfee8-b4fe-4747-9972-e23f7f258c14,c5c821ad-69c4-4f3b-ab1d-dbff1e530ae3,364be131-f66e-4fd3-bcb2-1671f961e31c,nycmesh-5916-core,5c6cfee8-b4fe-4747-9972-e23f7f258c14,nycmesh-5916-tns100,40.696038,-73.939764,,67.46,40.696038,-73.939764,,67.46,0.0,,,,,
2026-01-07T19:37:44,c6e5cad9-95d0-4440-86ce-65437fede532_bcd11211-c8e3-4ced-8074-2b04627f8039,c5fd798c-ee7e-3576-b87f-b2d41d5621cf,c6e5cad9-95d0-4440-86ce-65437fede532,nycmesh-sn3-north,bcd11211-c8e3-4ced-8074-2b04627f8039,nycmesh-lbe-630,40.6579,-74.0049,,45.32,40.6577,-74.0051,5.0,5.0,1.0,5560.0,MHz,-57.0,-57.0,ap-ptmp-airmax-mixed
2026-01-07T19:37:44,c64ac7ee-a6dd-4be2-9322-64ec0df6f330_2172a5bb-c077-4be7-b08b-c09e6be11441,c61444a1-b36e-3248-9aa1-bd14da3a4fd5,c64ac7ee-a6dd-4be2-9322-64ec0df6f330,nycmesh-5916-west2,2172a5bb-c077-4be7-b08b-c09e6be11441,nycmesh-lbe-224,40.696,-73.9398,23.0,67.46,40.696,-73.9398,23.0,5.0,1.0,5770.0,MHz,-57.0,-41.0,ap-ptmp-airmax-mixed
2026-01-07T19:37:44,0c855b7b-0b41-4444-a745-3d36962799ad_254f315c-f69a-42e3-b717-a2147533d490,c66ca180-b57d-45d6-928d-586a34ba6415,0c855b7b-0b41-4444-a745-3d36962799ad,nycmesh-1932-eps16,254f315c-f69a-42e3-b717-a2147533d490,nycmesh-1932-lhg60-544,40.716098,-73.985997,14.0,100.32,40.716098,-73.985997,14.0,100.32,0.0,,,,,
2026-01-07T19:37:44,7ee45009-6bc2-4a26-9b83-a3b07c70a3f6_b9fd869c-b68d-4ad9-bc13-7d606fb94b8a,c6713122-df2a-3e8f-ad4b-d2f1a65ae74f,7ee45009-6bc2-4a26-9b83-a3b07c70a3f6,nycmesh-1934-olt-131-460,b9fd869c-b68d-4ad9-bc13-7d606fb94b8a,131-02H,40.716142,-73.98448,14.0,10.0,40.716364,-73.985193,-3492.0,5.0,64.96443791683336,,,4.0,-14.0,
2026-01-07T19:37:44,8a69e161-5fb1-4838-82a0-00ac5fe3874f_ae4bc9d9-b38b-4d96-90bb-dab1c4eac409,c6835124-4fea-3f93-88f8-e74c2b769b68,8a69e161-5fb1-4838-82a0-00ac5fe3874f,nycmesh-664-north,ae4bc9d9-b38b-4d96-90bb-dab1c4eac409,nycmesh-lbe-607,40.705693,-73.915192,,8.0,40.7056,-73.9152,22.0,8.0,10.36309209206543,5810.0,MHz,-50.0,-42.0,ap-ptmp
2026-01-07T19:37:44,7ee45009-6bc2-4a26-9b83-a3b07c70a3f6_91e4d355-cfb0-429a-9102-67e5cbb17edb,c68ec336-c0f6-3c16-9818-19c547b5253f,7ee45009-6bc2-4a26-9b83-a3b07c70a3f6,nycmesh-1934-olt-131-460,91e4d355-cfb0-429a-9102-67e5cbb17edb,460-03H,40.716142,-73.98448,14.0,10.0,40.844422,-73.893677,13.0,5.0,16183.882676121233,,,4.0,-17.0,
2026-01-07T19:37:44,8a69e161-5fb1-4838-82a0-00ac5fe3874f_7917cbe1-2978-4a92-abd2-c842061c47ac,c690f11c-6dd5-34b7-b393-3a955fe60f3c,8a69e161-5fb1-4838-82a0-00ac5fe3874f,nycmesh-664-north,7917cbe1-2978-4a92-abd2-c842061c47ac,nycmesh-lbe-7503,40.705693,-73.915192,,8.0,40.70562115,-73.915237255446,22.0,8.0,8.853363930863795,5810.0,MHz,-50.0,-42.0,ap-ptmp
2026-01-07T19:37:44,eff58e65-398b-4811-b67f-60a51e9eb4a7_0334cc08-6568-4a50-bf41-603d13923ac8,c69bf779-d0cb-3617-8c64-d067cd6f4c2c,eff58e65-398b-4811-b67f-60a51e9eb4a7,nycmesh-155-north,0334cc08-6568-4a50-bf41-603d13923ac8,nycmesh-lbe-2716,40.679873,-73.942457,18.0,10.0,40.679873,-73.942457,18.0,5.0,1.0,5515.0,MHz,-52.0,-49.0,ap-ptmp-airmax-ac
2026-01-07T19:37:44,9ec55494-cdd1-4b62-be3a-0ce25031aeba_4ffc733b-a42e-4d2d-a1a4-a0d6734d3c49,c6c49a1b-cf56-3384-b937-aad997b802e2,9ec55494-cdd1-4b62-be3a-0ce25031aeba,nycmesh-227-ps5ac-north1,4ffc733b-a42e-4d2d-a1a4-a0d6734d3c49,nycmesh-lbe2-645,40.711095,-74.001382,,161.544,40.71749,-73.99756,10.0,8.0,1.0,5490.0,MHz,-73.0,-72.0,ap-ptmp-airmax-mixed
2026-01-07T19:37:44,6dfcfc62-6607-4238-a6e8-11e59af236df_d92d066c-6826-43b9-86fb-e1dfbe4bea60,c709c8d4-387c-486d-a076-d8c8acec5e3e,6dfcfc62-6607-4238-a6e8-11e59af236df,nycmesh-5916-eps16,d92d066c-6826-43b9-86fb-e1dfbe4bea60,nycmesh-5916-nova233-northeast,40.696038,-73.939764,23.0,67.46,40.696038,-73.939764,,67.46,0.0,,,,,
2026-01-07T19:37:44,ed2ba00d-f21e-4da1-96b5-890bb6510dab_5ff29584-48b2-43ba-87f9-7b2d6a742dff,c74936a8-1545-333f-a1b4-645cbce666e2,ed2ba00d-f21e-4da1-96b5-890bb6510dab,nycmesh-5916-northeast,5ff29584-48b2-43ba-87f9-7b2d6a742dff,nycmesh-lbe-894,40.696038,-73.939764,,67.46,40.696,-73.9398,23.0,5.0,1.0,5550.0,MHz,-59.0,-60.0,ap-ptmp-airmax-mixed
2026-01-07T19:37:44,06593603-aac3-4bd6-a78d-c10f586aba80_bd496c6c-7b62-4b77-8020-6d86bbbc7694,c8036fcf-adec-4c62-a38d-e0bcce5b321d,06593603-aac3-4bd6-a78d-c10f586aba80,nycmesh-648-wavenano-2701,bd496c6c-7b62-4b77-8020-6d86bbbc7694,nycmesh-648-eps16,40.639672,-73.996487,,56.9,40.639719,-73.995809,,25.0,57.44580114612096,,,-38.0,-35.0,ap-ptp
2026-01-07T19:37:44,ad2eb9af-4430-461d-93ae-96b040216b49_e18da83a-01d5-4259-9994-e9849ad0f71e,c832f707-690e-407a-8b10-240063d05559,ad2eb9af-4430-461d-93ae-96b040216b49,nycmesh-552-7r-549-C,e18da83a-01d5-4259-9994-e9849ad0f71e,nycmesh-552-7r-549-AB,40.649506,-74.003566,,30.0,40.649506,-74.003566,,30.0,0.0,,,,,
2026-01-07T19:37:44,d8bae6ba-fbca-4c96-8c92-4e82f316be05_b57493cd-83d8-4d49-9ede-c9392cc16f47,c8518424-c637-424f-ae7f-191ae786ff29,d8bae6ba-fbca-4c96-8c92-4e82f316be05,nycmesh-5014-powerbox,b57493cd-83d8-4d49-9ede-c9392cc16f47,nycmesh-5014-north,40.693819,-73.906361,,8.0,40.693819,-73.906361,,8.0,0.0,,,,,ap-ptmp-airmax-mixed
2026-01-07T19:37:44,c6e5cad9-95d0-4440-86ce-65437fede532_b896c5c3-d599-4d2c-a19a-369b0028d084,c8788936-b81d-34d3-a6b8-91bf1690fa2a,c6e5cad9-95d0-4440-86ce-65437fede532,nycmesh-sn3-north,b896c5c3-d599-4d2c-a19a-369b0028d084,nycmesh-lbe-499,40.6579,-74.0049,,45.32,40.6577,-74.0051,5.0,5.0,1.0,5560.0,MHz,-62.0,-65.0,ap-ptmp-airmax-mixed
2026-01-07T19:37:44,3f0a8dfb-c789-42a7-8351-8233ee097b11_fd0470d0-f240-4ef5-b9f5-8a4d223ac15f,c878de51-5e6a-352e-af74-3fd72ec25b2b,3f0a8dfb-c789-42a7-8351-8233ee097b11,nycmesh-5916-lbe-west,fd0470d0-f240-4ef5-b9f5-8a4d223ac15f,nycmesh-lbe-564,40.696,-73.9398,,67.46,40.6912,-73.9661,23.0,5.0,1.0,5490.0,MHz,-62.0,-65.0,ap-ptmp-airmax-mixed
2026-01-07T19:37:44,06617725-87b2-45e8-8962-30497e654509_9079f02e-291f-4d2d-87cd-7ffd04dfd459,c87d8df3-6f67-3d83-8c7d-69a41bdc8e8a,06617725-87b2-45e8-8962-30497e654509,nycmesh-730-olt-xgs,9079f02e-291f-4d2d-87cd-7ffd04dfd459,730-03D,40.844422,-73.893677,,69.000015,40.844422,-73.893677,,5.0,0.0,,,4.0,-15.0,
2026-01-07T19:37:44,7ee45009-6bc2-4a26-9b83-a3b07c70a3f6_27ad34f9-fb23-48c2-8310-68c33b4b64ee,c896154f-bb20-308b-932e-c09dc522be20,7ee45009-6bc2-4a26-9b83-a3b07c70a3f6,nycmesh-1934-olt-131-460,27ad34f9-fb23-48c2-8310-68c33b4b64ee,460-22G new,40.716142,-73.98448,14.0,10.0,40.715645,-73.984543,13.0,5.0,55.51836572683728,,,4.0,-24.0,
2026-01-07T19:37:44,8ec6a303-dc26-486d-8e24-cb16e5d7b54a_0e2e725d-81ff-4b99-808f-cf6843b8804f,c8989ab3-e21e-31a1-84ac-dd02f7151d7d,8ec6a303-dc26-486d-8e24-cb16e5d7b54a,nycmesh-854-epr6,0e2e725d-81ff-4b99-808f-cf6843b8804f,nycmesh-854-east,40.711568,-73.946966,,10.0,40.711578,-73.946978,,10.0,1.503139026414416,,,-75.0,-74.0,ap-ptmp
2026-01-07T19:37:44,cd815a56-612a-46a9-ae87-b80aab35730b_8f77fe3c-ab0d-4f17-834e-0dad2bcd625a,c8b76d6d-a01f-37b1-8715-732576f21f6a,cd815a56-612a-46a9-ae87-b80aab35730b,nycmesh-3461-olt,8f77fe3c-ab0d-4f17-834e-0dad2bcd625a,3461-01K,40.672531,-73.964197,,60.95,40.672531,-73.964197,,5.0,0.0,,,2.0,-10.0,
2026-01-07T19:37:44,06617725-87b2-45e8-8962-30497e654509_9bb2d309-96f0-422e-b4c9-fbd9477f5416,c8bf529c-b7bd-3d75-884b-a0beb015a3b4,06617725-87b2-45e8-8962-30497e654509,nycmesh-730-olt-xgs,9bb2d309-96f0-422e-b4c9-fbd9477f5416,730-07D,40.844422,-73.893677,,69.000015,40.844422,-73.893677,,5.0,0.0,,,3.0,-15.0,
2026-01-07T19:37:44,7ee45009-6bc2-4a26-9b83-a3b07c70a3f6_16131be5-0d04-4780-bc2e-549cfc4413be,c8c00de5-8016-328a-b339-30630901dcaa,7ee45009-6bc2-4a26-9b83-a3b07c70a3f6,nycmesh-1934-olt-131-460,16131be5-0d04-4780-bc2e-549cfc4413be,460-14D,40.716142,-73.98448,14.0,10.0,40.715645,-73.984543,13.0,5.0,55.51836572683728,,,4.0,-26.0,
2026-01-07T19:37:44,0d1b527e-12c3-4748-b37b-4d02a06e9214_9beb53fd-c9ba-46ca-acad-c1df349b592d,c917b087-282e-4b3d-b3c8-1a843cadaddb,0d1b527e-12c3-4748-b37b-4d02a06e9214,nycmesh-713-core,9beb53fd-c9ba-46ca-acad-c1df349b592d,nycmesh-7800-vpn,40.657782,-74.004848,,45.32,40.815629,-73.950228,,10.0,18145.060512315944,,,,,
2026-01-07T19:37:44,3b05b7fb-0b4b-4fb6-a925-66be1cec9aa3_d47de3f1-9977-44b3-b9d4-6f0a6e2a52ee,c939c7af-6b4e-40a3-a28d-ec45cd0cc385,3b05b7fb-0b4b-4fb6-a925-66be1cec9aa3,nycmesh-2463-eps16,d47de3f1-9977-44b3-b9d4-6f0a6e2a52ee,nycmesh-2463-gbep-507,40.719898,-73.988024,11.0,8.0,40.719898,-73.988024,11.0,8.0,0.0,,,-58.0,-55.0,ap-ptp
2026-01-07T19:37:44,7ee45009-6bc2-4a26-9b83-a3b07c70a3f6_ad42005d-b3af-469c-ab82-870668ae0bb4,c96ee4d9-637e-3341-8f45-54854738f30e,7ee45009-6bc2-4a26-9b83-a3b07c70a3f6,nycmesh-1934-olt-131-460,ad42005d-b3af-469c-ab82-870668ae0bb4,460-20F,40.716142,-73.98448,14.0,10.0,40.715645,-73.984543,13.0,5.0,55.51836572683728,,,1.0,-23.0,
2026-01-07T19:37:44,8b7726a8-1b93-4ecd-8504-4952f1080212_ae1b5f86-269e-40a4-b6aa-9274cf48a62e,c97a6752-8654-4375-aa6c-226057bf3ef8,8b7726a8-1b93-4ecd-8504-4952f1080212,nycmesh-1350-core,ae1b5f86-269e-40a4-b6aa-9274cf48a62e,nycmesh-1350 -omni,40.687437,-73.947464,,30.0,40.687437,-73.947464,,30.0,0.0,,,,,
2026-01-07T19:37:44,376fc67d-146a-4018-89ea-d682a0b88d64_e47de9d8-0fa5-46a0-91fd-58365eef04a6,c9a6f5a2-746b-3195-8856-65fc530c35a9,376fc67d-146a-4018-89ea-d682a0b88d64,nycmesh-5916-east1,e47de9d8-0fa5-46a0-91fd-58365eef04a6,nycmesh-lbelr-265,40.69607,-73.939677,,67.46,40.705347,-73.930856,,24.0,1265.0,5710.0,MHz,-64.0,-64.0,ap-ptmp-airmax-mixed
2026-01-07T19:37:44,06617725-87b2-45e8-8962-30497e654509_2d02febb-115f-4f7c-9127-31192a95024b,c9b6fb14-6021-3db8-9861-748c707ba327,06617725-87b2-45e8-8962-30497e654509,nycmesh-730-olt-xgs,2d02febb-115f-4f7c-9127-31192a95024b,730-07N,40.844422,-73.893677,,69.000015,40.844422,-73.893677,,5.0,0.0,,,3.0,-16.0,
2026-01-07T19:37:44,7bfb4d7a-a78e-4620-a084-4d420a9d8c51_bb8bd561-cd26-4df2-9087-7151f6ab7dfd,c9bbf5e7-166e-332c-bdf5-2a75624858e2,7bfb4d7a-a78e-4620-a084-4d420a9d8c51,nycmesh-5916-south2,bb8bd561-cd26-4df2-9087-7151f6ab7dfd,nycmesh-lbe-541,40.696048,-73.939788,,67.46,40.696,-73.9398,23.0,5.0,1.0,5550.0,MHz,-73.0,-64.0,ap-ptmp-airmax-mixed
2026-01-07T19:37:44,a57ddde1-6fff-463a-bbee-cbe90258daa6_ee481e80-c914-4636-ae5f-6a60e26609a6,c9c85e63-2de0-36d5-8781-780bb2a37ce5,a57ddde1-6fff-463a-bbee-cbe90258daa6,nycmesh-1932-olt-410,ee481e80-c914-4636-ae5f-6a60e26609a6,410-13C,40.716098,-73.985997,14.0,100.32,40.716797,-73.985577,14.0,5.0,85.40609691425081,,,4.0,-15.0,
2026-01-07T19:37:44,3db55d03-77f2-4d71-8b5b-49d659a3cb0a_df6256c2-21a6-470d-bd07-28f494d64666,c9f8ca08-dfca-3de8-b29d-6bc30a7190f1,3db55d03-77f2-4d71-8b5b-49d659a3cb0a,nycmesh-731-south,df6256c2-21a6-470d-bd07-28f494d64666,nycmesh-nsl-2274,40.724676,-73.98073,,8.0,40.725681,-73.983591,,8.0,266.0,5790.0,MHz,-62.0,-62.0,ap-ptmp-airmax-mixed
2026-01-07T19:37:44,06617725-87b2-45e8-8962-30497e654509_7efd7ba5-6333-4e93-ac76-1ec011c484d3,ca2aeba5-c3d1-3b44-93a8-e0a4e087603d,06617725-87b2-45e8-8962-30497e654509,nycmesh-730-olt-xgs,7efd7ba5-6333-4e93-ac76-1ec011c484d3,730-06P,40.844422,-73.893677,,69.000015,40.844422,-73.893677,,5.0,0.0,,,5.0,-17.0,
2026-01-07T19:37:44,06e12270-c227-4bb2-b56c-f56268430611_73e86817-8df1-485a-b29e-e0782e76be1a,ca5080cf-7d0c-3a9d-b658-78540f035ba4,06e12270-c227-4bb2-b56c-f56268430611,nycmesh-5014-west,73e86817-8df1-485a-b29e-e0782e76be1a,nycmesh-lbe-721,40.693819,-73.906361,,8.0,40.6938,-73.9064,,8.0,3.9082827774909727,5750.0,MHz,-71.0,-63.0,ap-ptmp-airmax-mixed
2026-01-07T19:37:44,8a69e161-5fb1-4838-82a0-00ac5fe3874f_8144b572-e823-4f26-89a3-2ff0865148ec,ca5c3d8a-f895-3cb3-b6c9-a85de3a18b71,8a69e161-5fb1-4838-82a0-00ac5fe3874f,nycmesh-664-north,8144b572-e823-4f26-89a3-2ff0865148ec,nycmesh-lbe-483,40.705693,-73.915192,,8.0,40.7056,-73.9152,22.0,8.0,10.36309209206543,5810.0,MHz,-50.0,-74.0,ap-ptmp
2026-01-07T19:37:44,22f8a4e5-891d-48b9-a3b2-9808f9c3b977_cc6a7b17-33c9-4136-8610-2ad3f146ee2c,ca61394c-5b27-3b76-8f31-54e80d5f5463,22f8a4e5-891d-48b9-a3b2-9808f9c3b977,nycmesh-3461-northeast,cc6a7b17-33c9-4136-8610-2ad3f146ee2c,nycmesh-lbe-7669,40.672685,-73.96386,,60.95,40.6725,-73.9642,,5.0,35.28977579122606,5560.0,MHz,,,ap-ptmp-airmax-mixed
2026-01-07T19:37:44,06617725-87b2-45e8-8962-30497e654509_56b503ef-dfad-494e-9e03-225b0a4f8b78,ca62e099-0c36-3428-ae6d-845870e662c3,06617725-87b2-45e8-8962-30497e654509,nycmesh-730-olt-xgs,56b503ef-dfad-494e-9e03-225b0a4f8b78,730-02B,40.844422,-73.893677,,69.000015,40.844422,-73.893677,,5.0,0.0,,,4.0,-15.0,
2026-01-07T19:37:44,a57ddde1-6fff-463a-bbee-cbe90258daa6_bd188c98-ae8b-4389-be87-7b7d70930b9a,ca6c00c8-0dcf-3d91-8f29-a03232687afc,a57ddde1-6fff-463a-bbee-cbe90258daa6,nycmesh-1932-olt-410,bd188c98-ae8b-4389-be87-7b7d70930b9a,78:45:58:9a:c7:e8,40.716098,-73.985997,14.0,100.32,40.716338,-73.986263,14.0,5.0,34.85361611376818,,,1.0,-32.0,
2026-01-07T19:37:44,06617725-87b2-45e8-8962-30497e654509_41b6e9bb-a370-4eed-80ad-c51c3ec081fb,caae2001-48e1-3f8e-a2cb-f46423a9f172,06617725-87b2-45e8-8962-30497e654509,nycmesh-730-olt-xgs,41b6e9bb-a370-4eed-80ad-c51c3ec081fb,730-1C,40.844422,-73.893677,,69.000015,40.844422,-73.893677,,5.0,0.0,,,4.0,-15.0,
2026-01-07T19:37:44,7ee45009-6bc2-4a26-9b83-a3b07c70a3f6_3e31c969-b47b-42d2-9051-3765823d0895,cab6fcc7-6f8d-387f-a6c9-f96e868a26d2,7ee45009-6bc2-4a26-9b83-a3b07c70a3f6,nycmesh-1934-olt-131-460,3e31c969-b47b-42d2-9051-3765823d0895,131-15C,40.716142,-73.98448,14.0,10.0,40.716364,-73.985193,-3492.0,5.0,64.96443791683336,,,4.0,-15.0,
2026-01-07T19:37:44,ffc9508b-83dd-4113-bd55-c6936f0f0d6d_73c1f485-8f0e-4cae-8cda-8c19b9bc8d70,cabc92c1-b41b-3337-8894-b7cf8d8552fb,ffc9508b-83dd-4113-bd55-c6936f0f0d6d,nycmesh-1932-west-s6,73c1f485-8f0e-4cae-8cda-8c19b9bc8d70,nycmesh-lbe-544,40.716098,-73.985997,14.0,100.32,40.718504,-73.995954,,25.0,881.0,5560.0,MHz,-60.0,-57.0,ap-ptmp-airmax-mixed
2026-01-07T19:37:44,d14a79df-ca26-408f-8dc8-4a73585d167a_1c1199ba-0489-4fe4-8484-f72ce54e0294,cabd4b00-4d2e-3359-b1df-f28fcd99e628,d14a79df-ca26-408f-8dc8-4a73585d167a,nycmesh-3461-southeast,1c1199ba-0489-4fe4-8484-f72ce54e0294,nycmesh-lbe-577,40.672531,-73.964197,,60.95,40.6725,-73.9642,,5.0,3.4563153488510543,5710.0,MHz,-67.0,-70.0,ap-ptmp-airmax-mixed
2026-01-07T19:37:44,7ee45009-6bc2-4a26-9b83-a3b07c70a3f6_cad4bfdd-7012-4cc1-8b1c-aadc007af53a,cac904d8-2111-3174-93e0-95c275e8a7e4,7ee45009-6bc2-4a26-9b83-a3b07c70a3f6,nycmesh-1934-olt-131-460,cad4bfdd-7012-4cc1-8b1c-aadc007af53a,131-09B,40.716142,-73.98448,14.0,10.0,40.716098,-73.985997,-3492.0,5.0,127.94677523749921,,,0.0,-24.0,
2026-01-07T19:37:44,4ec70dea-528c-4426-a240-722295c916b1_f1ecf357-f9c3-415d-a2f1-feeb6b4e8210,cae5df80-f730-3e61-9e8c-bebdc9507ddc,4ec70dea-528c-4426-a240-722295c916b1,nycmesh-1340-north2,f1ecf357-f9c3-415d-a2f1-feeb6b4e8210,nycmesh-lbe-625,40.685988,-73.917573,,12.93,40.6858,-73.9173,,25.01,1.0,5745.0,MHz,-44.0,-44.0,ap-ptmp-airmax-mixed
2026-01-07T19:37:44,f8d3507f-2ce2-4219-a4ac-06888b67d2cb_db6dbdd0-3da2-4756-97d1-32ea2de90032,cb0a93a8-3915-48f2-ba9c-65c079033f06,f8d3507f-2ce2-4219-a4ac-06888b67d2cb,nycmesh-5916-hex-rack,db6dbdd0-3da2-4756-97d1-32ea2de90032,nycmesh-5916-apc,40.696038,-73.939764,,67.46,40.696038,-73.939764,,67.46,0.0,,,,,
2026-01-07T19:37:44,02dab8c6-b7bd-41f6-a0f4-9f6dcbdda7d0_ede1a6e8-327f-4862-b1f3-6e2b3d5cd379,cb367f4d-2730-4a4c-b59d-c9c330736d1a,02dab8c6-b7bd-41f6-a0f4-9f6dcbdda7d0,nycmesh-713-waveapmicro-north,ede1a6e8-327f-4862-b1f3-6e2b3d5cd379,nycmesh-1447-wavenano,40.658103,-74.004768,,59.3,40.659539,-73.997356,,51.0,670.0,68040.0,MHz,-57.0,-59.0,ap-ptmp
2026-01-07T19:37:44,82094c68-d2cf-4d01-b38b-897ff93940f4_61fa9076-726b-48b3-8922-f3a9cf468689,cb3706b0-e552-384c-b98c-fe37ff0e3078,82094c68-d2cf-4d01-b38b-897ff93940f4,nycmesh-584-olt-xgs,61fa9076-726b-48b3-8922-f3a9cf468689,584-West-02S-1G-Harry,40.79355,-73.965641,,10.0,40.79355,-73.965641,,5.0,0.0,,,4.0,-16.0,
2026-01-07T19:37:44,e3b3e014-cf7d-49da-b8b3-5bf8eeea8016_8f851285-4a74-47e6-8971-fc59ba2d7085,cb4ec7f1-44f6-387e-b58a-36b644a0af20,e3b3e014-cf7d-49da-b8b3-5bf8eeea8016,nycmesh-713-af24-231,8f851285-4a74-47e6-8971-fc59ba2d7085,nycmesh-231-af24-713,40.657631,-74.005173,,45.32,40.646,-74.013672,,10.0,1510.0,24200.0,MHz,-57.0,-57.0,ap-ptp
2026-01-07T19:37:44,c64ac7ee-a6dd-4be2-9322-64ec0df6f330_6ce8a562-ec94-4290-a83f-850510015fb0,cb503f5a-6992-3359-9113-470b90970492,c64ac7ee-a6dd-4be2-9322-64ec0df6f330,nycmesh-5916-west2,6ce8a562-ec94-4290-a83f-850510015fb0,nycmesh-lbe-7912,40.696,-73.9398,23.0,67.46,40.696038,-73.939764,23.0,5.0,1.0,5770.0,MHz,-60.0,-46.0,ap-ptmp-airmax-mixed
2026-01-07T19:37:44,142291ff-41ac-49fa-a274-ad1d919cfaa8_5f280691-5063-4c95-b3ca-ce28466a4bca,cb7272fa-fbc4-4633-9ff6-0abc2ee865f3,142291ff-41ac-49fa-a274-ad1d919cfaa8,nycmesh-691-omni,5f280691-5063-4c95-b3ca-ce28466a4bca,nycmesh-691-southwest,40.702862,-73.919199,,20.0,40.7029,-73.9192,,20.0,4.226247993188006,,,-46.0,-57.0,ap-ptmp
2026-01-07T19:37:44,d648e07b-d5a7-441b-9155-ace2f2dd93d8_27b0f5ac-b0cf-4504-973b-bfa51a23d1e7,cb7b4746-0ae0-4c05-8faa-ab0937f0ae7a,d648e07b-d5a7-441b-9155-ace2f2dd93d8,nycmesh-584-netpower16p-roof,27b0f5ac-b0cf-4504-973b-bfa51a23d1e7,nycmesh-584-wavenano-908,40.79355,-73.965641,,10.0,40.793632,-73.965878,,98.1,21.935967499218933,,,-56.0,-56.0,ap-ptp
2026-01-07T19:37:44,4a6f43ed-ac8b-41c6-867b-e893d9737c31_4e8a4511-a6d9-4648-a978-65c592047abd,cb7bc861-8727-32aa-94e5-5c8302b437ff,4a6f43ed-ac8b-41c6-867b-e893d9737c31,nycmesh-1936-olt-xgs-165,4e8a4511-a6d9-4648-a978-65c592047abd,1936-07A,40.716797,-73.985577,,10.0,40.716797,-73.985577,,5.0,0.0,,,4.0,-17.0,
2026-01-07T19:37:44,68b3fc90-93e0-49a4-900f-e9df98fb9361_48dc21dd-c34b-48cb-a439-9175f616a4d6,cb826a22-49e3-32a7-a1f0-27d2d7874197,68b3fc90-93e0-49a4-900f-e9df98fb9361,nycmesh-5916-west1,48dc21dd-c34b-48cb-a439-9175f616a4d6,nycmesh-lbe-799,40.696017,-73.939873,,67.46,40.696,-73.9398,23.0,5.0,1.0,5710.0,MHz,-66.0,-64.0,ap-ptmp-airmax-mixed
2026-01-07T19:37:44,7ee45009-6bc2-4a26-9b83-a3b07c70a3f6_de0df877-c8a0-41ea-8a5c-09ef9b7b88b5,cb8b43e4-110a-31ce-ba01-386d95fb2230,7ee45009-6bc2-4a26-9b83-a3b07c70a3f6,nycmesh-1934-olt-131-460,de0df877-c8a0-41ea-8a5c-09ef9b7b88b5,460-24A,40.716142,-73.98448,14.0,10.0,40.715645,-73.984543,13.0,5.0,55.51836572683728,,,3.0,-24.0,
2026-01-07T19:37:44,1af5b87e-d1f4-422e-8718-49e9cf980227_cb870900-6c49-4ea6-a0c2-e6e01c9bfc01,cbe95159-fca5-30eb-be9d-0ee52abab407,1af5b87e-d1f4-422e-8718-49e9cf980227,nycmesh-1340-south,cb870900-6c49-4ea6-a0c2-e6e01c9bfc01,nycmesh-lbe-260,40.686016,-73.917493,,53.3,40.685823,-73.917272,,25.01,1.0,5750.0,MHz,-64.0,-47.0,ap-ptmp-airmax-mixed
2026-01-07T19:37:44,db9968fa-dd1f-458a-8f1f-bea3e6db6e7c_2338c307-d976-413a-bff7-111d6c6dc6f9,cc544b3e-7731-45f8-b4a9-49c3531572e3,db9968fa-dd1f-458a-8f1f-bea3e6db6e7c,nycmesh-5151-eps16,2338c307-d976-413a-bff7-111d6c6dc6f9,nycmesh-5151-core,40.67543,-73.98058,,22.0,40.67543,-73.98058,,22.0,0.0,,,,,
2026-01-07T19:37:44,db9968fa-dd1f-458a-8f1f-bea3e6db6e7c_32fc0d5a-0857-44c4-b376-e13617ebeeca,cc86f2ae-23e4-4b42-9f26-2dc703121d76,db9968fa-dd1f-458a-8f1f-bea3e6db6e7c,nycmesh-5151-eps16,32fc0d5a-0857-44c4-b376-e13617ebeeca,nycmesh-5151-south,40.67543,-73.98058,,22.0,40.67543,-73.98058,,22.0,0.0,,,-58.0,-56.0,ap-ptmp-airmax-mixed
2026-01-07T19:37:44,371df153-99dc-43a3-8ea1-dad940690be8_f83cfdfe-3f3d-48cc-90f5-4b372bd5b95e,ccb0fe9c-b715-32f5-99ea-3126f36429bc,371df153-99dc-43a3-8ea1-dad940690be8,nycmesh-sn3-south,f83cfdfe-3f3d-48cc-90f5-4b372bd5b95e,nycmesh-lbe-532,40.657782,-74.004848,,45.32,40.6577,-74.0051,,5.0,1.0,5490.0,MHz,-67.0,-71.0,ap-ptmp-airmax-mixed
2026-01-07T19:37:44,02f3d58b-6059-499f-bf06-917be47dbe95_772db59c-8793-4cc8-9dfc-f429de062d78,ccffca64-0b22-4658-88ba-b04af3461f36,02f3d58b-6059-499f-bf06-917be47dbe95,nycmesh-642-omni,772db59c-8793-4cc8-9dfc-f429de062d78,nycmesh-642-south,40.798004,-73.934684,,10.0,40.798011,-73.934703,,10.0,1.7787032071378683,,,,,ap-ptmp-airmax-mixed
2026-01-07T19:37:44,7ee45009-6bc2-4a26-9b83-a3b07c70a3f6_69216a17-6799-47f2-9985-41fa45af1779,cd07f920-b684-345b-aad4-81212825ec00,7ee45009-6bc2-4a26-9b83-a3b07c70a3f6,nycmesh-1934-olt-131-460,69216a17-6799-47f2-9985-41fa45af1779,460-19B,40.716142,-73.98448,14.0,10.0,40.715645,-73.984543,13.0,5.0,55.51836572683728,,,4.0,-27.0,
2026-01-07T19:37:44,0c855b7b-0b41-4444-a745-3d36962799ad_22f334b8-3d19-4194-8106-fb82b7fca976,cd154488-8992-41ad-800b-ef393fa953b7,0c855b7b-0b41-4444-a745-3d36962799ad,nycmesh-1932-eps16,22f334b8-3d19-4194-8106-fb82b7fca976,nycmesh-1932-north,40.716098,-73.985997,14.0,100.32,40.716098,-73.985997,14.0,100.32,0.0,,,,,ap-ptmp-airmax-mixed
2026-01-07T19:37:44,1af5b87e-d1f4-422e-8718-49e9cf980227_73fc3828-fcb7-4495-a5ec-9e5cb012ba01,cd721b13-d708-3b62-9a6a-75625ea21e14,1af5b87e-d1f4-422e-8718-49e9cf980227,nycmesh-1340-south,73fc3828-fcb7-4495-a5ec-9e5cb012ba01,nycmesh-lbe-387,40.686016,-73.917493,,53.3,40.685823,-73.9173,,25.01,1.0,5750.0,MHz,-68.0,-55.0,ap-ptmp-airmax-mixed
2026-01-07T19:37:44,4fc345e6-8b1c-42d2-a2d5-eaeac36f9ea9_182c44f5-fb5c-4ee0-ad8d-9b3e4c78a2d9,cd88da38-2ab9-33aa-a5e7-34cc424ed004,4fc345e6-8b1c-42d2-a2d5-eaeac36f9ea9,nycmesh-2282-southwest,182c44f5-fb5c-4ee0-ad8d-9b3e4c78a2d9,nycmesh-lbe-6774,40.682956,-73.993999,13.0,18.29,40.681797,-73.994738,13.0,5.0,1.0,5490.0,MHz,-51.0,-52.0,ap-ptmp-airmax-mixed
2026-01-07T19:37:44,3b05b7fb-0b4b-4fb6-a925-66be1cec9aa3_b6920950-8acf-40c6-b6e1-78b8082d8367,cd9b2081-e1fe-4bf1-9010-4a4860369174,3b05b7fb-0b4b-4fb6-a925-66be1cec9aa3,nycmesh-2463-eps16,b6920950-8acf-40c6-b6e1-78b8082d8367,nycmesh-2463-south,40.719898,-73.988024,11.0,8.0,40.719898,-73.988024,11.0,8.0,0.0,,,,,ap-ptmp-airmax-mixed
2026-01-07T19:37:44,256dfc09-4916-4921-8512-2587f139d3e8_2359f062-e25a-4feb-98e5-0c136f8b1ca5,cded3f38-7c9e-448f-89c6-c7fd876642db,256dfc09-4916-4921-8512-2587f139d3e8,nycmesh-436-omni,2359f062-e25a-4feb-98e5-0c136f8b1ca5,nycmesh-436-lite7r,40.685934,-73.961314,,15.0,40.685934,-73.961314,,15.0,0.0,,,,,
2026-01-07T19:37:44,06617725-87b2-45e8-8962-30497e654509_18e73ced-4368-4468-8f98-f59392f50754,cdf64f52-0850-3f8f-b79d-da23a8df4d53,06617725-87b2-45e8-8962-30497e654509,nycmesh-730-olt-xgs,18e73ced-4368-4468-8f98-f59392f50754,730-06B,40.844422,-73.893677,,69.000015,40.844422,-73.893677,,5.0,0.0,,,5.0,-17.0,
2026-01-07T19:37:44,4a6f43ed-ac8b-41c6-867b-e893d9737c31_7ddc058a-3f07-42c4-b58c-aa722525d9be,ce617b4b-3426-3bde-a9b4-5d30c78c6f17,4a6f43ed-ac8b-41c6-867b-e893d9737c31,nycmesh-1936-olt-xgs-165,7ddc058a-3f07-42c4-b58c-aa722525d9be,1936-12E,40.716797,-73.985577,,10.0,40.716797,-73.985577,,5.0,0.0,,,4.0,-17.0,
2026-01-07T19:37:44,06617725-87b2-45e8-8962-30497e654509_ebb7d284-6475-47bc-83a7-ce7c755f142e,cea33716-e2cc-3405-a64e-b502d0fed715,06617725-87b2-45e8-8962-30497e654509,nycmesh-730-olt-xgs,ebb7d284-6475-47bc-83a7-ce7c755f142e,730-05Q,40.844422,-73.893677,,69.000015,40.844422,-73.893677,,5.0,0.0,,,3.0,-16.0,
2026-01-07T19:37:44,f0fd1504-684f-467e-8115-ac44b46fc24a_6f87d514-4f56-4313-98e3-2f85f23064d1,cebe34b6-4d54-4da5-83f2-885515be47d5,f0fd1504-684f-467e-8115-ac44b46fc24a,nycmesh-1340-eps16,6f87d514-4f56-4313-98e3-2f85f23064d1,nycmesh-1340-west0,40.685823,-73.917272,,12.93,40.685823,-73.917272,,12.93,0.0,,,,,ap-ptmp-airmax-ac
2026-01-07T19:37:44,4a6f43ed-ac8b-41c6-867b-e893d9737c31_e0368df9-ab48-458b-83b2-4514c3794f88,cec9d3f9-6653-3846-abdd-914c37975636,4a6f43ed-ac8b-41c6-867b-e893d9737c31,nycmesh-1936-olt-xgs-165,e0368df9-ab48-458b-83b2-4514c3794f88,1936-09I,40.716797,-73.985577,,10.0,40.716797,-73.985577,,5.0,0.0,,,4.0,-17.0,
2026-01-07T19:37:44,7bfb4d7a-a78e-4620-a084-4d420a9d8c51_d7b71ae2-5a08-4f87-a32a-c47dc7907dbd,cf0afb3c-6b42-3bd0-bc4d-d15e54abf97f,7bfb4d7a-a78e-4620-a084-4d420a9d8c51,nycmesh-5916-south2,d7b71ae2-5a08-4f87-a32a-c47dc7907dbd,nycmesh-lbe-321,40.696048,-73.939788,,67.46,40.696038,-73.939764,23.0,5.0,1.0,5550.0,MHz,-70.0,-63.0,ap-ptmp-airmax-mixed
2026-01-07T19:37:44,a72d0075-7d13-4be5-9f34-67caf2497f79_23d431ca-8218-4289-9484-3c976dd310b4,cf153657-b1d9-44b1-a1b2-e71b7f0ee448,a72d0075-7d13-4be5-9f34-67caf2497f79,nycmesh-7985-cube60g,23d431ca-8218-4289-9484-3c976dd310b4,nycmesh-7985-omni,40.675959,-73.940744,,15.0,40.675959,-73.940744,,15.0,0.0,,,,,
2026-01-07T19:37:44,82094c68-d2cf-4d01-b38b-897ff93940f4_57034e1b-abfd-40f8-9fcf-809a58325c3f,cf252a22-58d1-369a-bd7d-b0f1f350750d,82094c68-d2cf-4d01-b38b-897ff93940f4,nycmesh-584-olt-xgs,57034e1b-abfd-40f8-9fcf-809a58325c3f,584-West-18N-1G-Michael,40.79355,-73.965641,,10.0,40.716364,-73.985193,-3492.0,5.0,8739.26937025927,,,3.0,-13.0,
2026-01-07T19:37:44,01a74e3c-7494-4e0a-a380-1d611e988f35_05e893ea-6bd4-4d44-8032-0115c8d882d2,cf386037-5e57-3e03-a9ae-c12c13cdf61a,01a74e3c-7494-4e0a-a380-1d611e988f35,nycmesh-227-ps5ac-north2,05e893ea-6bd4-4d44-8032-0115c8d882d2,nycmesh-lbe-146,40.711166,-74.001244,,161.544,40.716286,-73.999296,10.0,8.0,1.0,5710.0,MHz,-61.0,-60.0,ap-ptmp-airmax-mixed
2026-01-07T19:37:44,371df153-99dc-43a3-8ea1-dad940690be8_2b386e99-2617-4809-9e37-b3cb732d71d4,cf4ada5a-ef45-327f-96dd-f694ffd67c9d,371df153-99dc-43a3-8ea1-dad940690be8,nycmesh-sn3-south,2b386e99-2617-4809-9e37-b3cb732d71d4,nycmesh-lbe-2462,40.657782,-74.004848,,45.32,40.6578,-74.0048,,5.0,1.0,5490.0,MHz,-64.0,-69.0,ap-ptmp-airmax-mixed
2026-01-07T19:37:44,7bfb4d7a-a78e-4620-a084-4d420a9d8c51_1bb715dd-9d22-4a44-a05e-096ce1eeb456,cf92f40e-2336-31cb-ba5f-4c2ba37443b8,7bfb4d7a-a78e-4620-a084-4d420a9d8c51,nycmesh-5916-south2,1bb715dd-9d22-4a44-a05e-096ce1eeb456,nycmesh-lbe-7591,40.696048,-73.939788,,67.46,40.689857,-73.946546,23.0,5.0,1.0,5550.0,MHz,-73.0,-67.0,ap-ptmp-airmax-mixed
2026-01-07T19:37:44,a57ddde1-6fff-463a-bbee-cbe90258daa6_53c72970-57d3-45d1-a77a-5500afa53276,cf9578e2-c183-34cf-8f70-4a351c19fff8,a57ddde1-6fff-463a-bbee-cbe90258daa6,nycmesh-1932-olt-410,53c72970-57d3-45d1-a77a-5500afa53276,410-14G,40.716098,-73.985997,14.0,100.32,40.716338,-73.986263,14.0,5.0,34.85361611376818,,,4.0,-19.0,
2026-01-07T19:37:44,9080c01f-13f8-4a8b-b418-0e4187289f32_ca0e28d8-96e3-4470-ac50-e0a23394bc09,cf996204-5d85-4588-b1f4-641e0bdb6512,9080c01f-13f8-4a8b-b418-0e4187289f32,nycmesh-664-af60lr,ca0e28d8-96e3-4470-ac50-e0a23394bc09,nycmesh-664-omni,40.705677,-73.915254,,39.2,40.705619,-73.915235,,8.0,6.645193341838873,,,-62.0,-66.0,sta-ptmp
2026-01-07T19:37:44,4a6f43ed-ac8b-41c6-867b-e893d9737c31_dfa789fb-f481-4b1c-a0e9-a30da85fc654,cfe4b25d-326e-31b3-a4cc-706b850bba89,4a6f43ed-ac8b-41c6-867b-e893d9737c31,nycmesh-1936-olt-xgs-165,dfa789fb-f481-4b1c-a0e9-a30da85fc654,1936-07D,40.716797,-73.985577,,10.0,40.716797,-73.985577,,5.0,0.0,,,4.0,-17.0,
2026-01-07T19:37:44,b12680c6-06df-4078-b94a-28bcea18b75c_59ed0716-c970-482b-ab1e-b16023a58c35,cfe5ce3e-38ac-39d6-b0d4-fd46413ec587,b12680c6-06df-4078-b94a-28bcea18b75c,nycmesh-7489-north,59ed0716-c970-482b-ab1e-b16023a58c35,nycmesh-lbe-276,40.659676,-73.913529,,31.1,40.65967565,-73.913529345429,,5.0,0.048617111387043006,5560.0,MHz,,-71.0,ap-ptmp-airmax-mixed
2026-01-07T19:37:44,b37a362b-665e-4c32-bfac-ea334365c602_2e7f84d3-0014-4810-908d-7f39bcc7b8ca,d0152f79-5924-49c0-8ae0-be350ba23218,b37a362b-665e-4c32-bfac-ea334365c602,nycmesh-730-core,2e7f84d3-0014-4810-908d-7f39bcc7b8ca,nycmesh-730-roof,40.844422,-73.893677,,69.000015,40.844422,-73.893677,,69.000015,0.0,,,,,
2026-01-07T19:37:44,ed2ba00d-f21e-4da1-96b5-890bb6510dab_a439f31c-3d73-486b-9acd-d8f73e012c24,d0314eac-a0ce-344a-8e4a-aaac1771e250,ed2ba00d-f21e-4da1-96b5-890bb6510dab,nycmesh-5916-northeast,a439f31c-3d73-486b-9acd-d8f73e012c24,nycmesh-lbe-523,40.696038,-73.939764,,67.46,40.696,-73.9398,23.0,5.0,1.0,5550.0,MHz,-69.0,-69.0,ap-ptmp-airmax-mixed
2026-01-07T19:37:44,7ee45009-6bc2-4a26-9b83-a3b07c70a3f6_c248f5b6-905a-460e-992d-47cb4406cdce,d0329e13-eeca-35f5-86a4-5942177b9d1e,7ee45009-6bc2-4a26-9b83-a3b07c70a3f6,nycmesh-1934-olt-131-460,c248f5b6-905a-460e-992d-47cb4406cdce,131-05D,40.716142,-73.98448,14.0,10.0,40.716364,-73.985193,-3492.0,5.0,64.96443791683336,,,1.0,-25.0,
2026-01-07T19:37:44,4a6f43ed-ac8b-41c6-867b-e893d9737c31_a1aa4f04-1d6e-44f5-80e4-e2f9ce388667,d0574f18-6476-342d-ad92-2867b09b1ecd,4a6f43ed-ac8b-41c6-867b-e893d9737c31,nycmesh-1936-olt-xgs-165,a1aa4f04-1d6e-44f5-80e4-e2f9ce388667,1936-15K,40.716797,-73.985577,,10.0,40.716797,-73.985577,,5.0,0.0,,,5.0,-16.0,
2026-01-07T19:37:44,7ee45009-6bc2-4a26-9b83-a3b07c70a3f6_51448a89-cb19-4a74-8b1e-b5c313402271,d07b9c89-5a18-3a81-bf49-5d92cb88ae9e,7ee45009-6bc2-4a26-9b83-a3b07c70a3f6,nycmesh-1934-olt-131-460,51448a89-cb19-4a74-8b1e-b5c313402271,131-07C,40.716142,-73.98448,14.0,10.0,40.716364,-73.985193,-3492.0,5.0,64.96443791683336,,,3.0,-15.0,
2026-01-07T19:37:44,a57ddde1-6fff-463a-bbee-cbe90258daa6_141ce9cd-9b99-4189-8edf-e0d4887d19b0,d08e481c-b3de-36ea-9750-29bad7d838db,a57ddde1-6fff-463a-bbee-cbe90258daa6,nycmesh-1932-olt-410,141ce9cd-9b99-4189-8edf-e0d4887d19b0,410-25H,40.716098,-73.985997,14.0,100.32,40.716338,-73.986263,14.0,5.0,34.85361611376818,,,4.0,-19.0,
2026-01-07T19:37:44,4a6f43ed-ac8b-41c6-867b-e893d9737c31_0de4614f-d345-41c6-a2a6-53fa7d5aeee9,d0928da8-6ecd-3d9a-8995-d14f182c2ab9,4a6f43ed-ac8b-41c6-867b-e893d9737c31,nycmesh-1936-olt-xgs-165,0de4614f-d345-41c6-a2a6-53fa7d5aeee9,1936-08G,40.716797,-73.985577,,10.0,40.716797,-73.985577,,5.0,0.0,,,2.0,-16.0,
2026-01-07T19:37:44,a57ddde1-6fff-463a-bbee-cbe90258daa6_d0f0dd27-b8e6-48fa-b9d0-ba282970b634,d0d5f430-1aed-3acb-b5b7-be1088e4409a,a57ddde1-6fff-463a-bbee-cbe90258daa6,nycmesh-1932-olt-410,d0f0dd27-b8e6-48fa-b9d0-ba282970b634,f4:92:bf:06:f8:14,40.716098,-73.985997,14.0,100.32,40.716338,-73.986263,14.0,5.0,34.85361611376818,,,1.0,-21.0,
2026-01-07T19:37:44,a57ddde1-6fff-463a-bbee-cbe90258daa6_e4018954-022a-4493-a539-a87e99c02e8d,d0ecf263-b7a0-3163-91c7-41d069585237,a57ddde1-6fff-463a-bbee-cbe90258daa6,nycmesh-1932-olt-410,e4018954-022a-4493-a539-a87e99c02e8d,410-24D,40.716098,-73.985997,14.0,100.32,40.716338,-73.986263,14.0,5.0,34.85361611376818,,,3.0,-17.0,
2026-01-07T19:37:44,376fc67d-146a-4018-89ea-d682a0b88d64_18ceeeea-9b31-4268-be92-69eb742e25bb,d0f8b6db-4aab-38a1-87a0-7a5f916c9198,376fc67d-146a-4018-89ea-d682a0b88d64,nycmesh-5916-east1,18ceeeea-9b31-4268-be92-69eb742e25bb,nycmesh-lbe-921,40.69607,-73.939677,,67.46,40.714537,-73.914361,,10.0,3659.0,5710.0,MHz,-72.0,-72.0,ap-ptmp-airmax-mixed
2026-01-07T19:37:44,06617725-87b2-45e8-8962-30497e654509_7222f4f9-1863-43de-9edd-37d95db1d777,d131ccc3-4af6-300d-9468-089ad59e0558,06617725-87b2-45e8-8962-30497e654509,nycmesh-730-olt-xgs,7222f4f9-1863-43de-9edd-37d95db1d777,730-10L,40.844422,-73.893677,,69.000015,40.844422,-73.893677,,5.0,0.0,,,4.0,-15.0,
2026-01-07T19:37:44,4a6f43ed-ac8b-41c6-867b-e893d9737c31_bb63f672-c907-4cda-8e73-344cc8af7fe8,d13d443c-35af-3351-b1d9-df9e4ad60024,4a6f43ed-ac8b-41c6-867b-e893d9737c31,nycmesh-1936-olt-xgs-165,bb63f672-c907-4cda-8e73-344cc8af7fe8,1936-03N,40.716797,-73.985577,,10.0,40.716797,-73.985577,,5.0,0.0,,,4.0,-16.0,
2026-01-07T19:37:44,029b9158-d691-4968-a7b3-7ffbe1ae03d3_97497cb3-4091-45f6-b552-36c4bf1b3bb2,d14099ce-b2a2-363a-a7b3-ac06e25ad01a,029b9158-d691-4968-a7b3-7ffbe1ae03d3,nycmesh-3461-northwest,97497cb3-4091-45f6-b552-36c4bf1b3bb2,nycmesh-lbe-622,40.672685,-73.96386,,60.95,40.6725,-73.9642,,5.0,35.28977579122606,5510.0,MHz,-67.0,-69.0,ap-ptmp
2026-01-07T19:37:44,37f616cf-9ec8-4fa8-bcf0-b2140fa11c51_53e532d7-eed0-42fe-96d7-97d1be8ead92,d14feef1-fe4e-43d6-8794-4653c6710d56,37f616cf-9ec8-4fa8-bcf0-b2140fa11c51,nycmesh-2482-omni,53e532d7-eed0-42fe-96d7-97d1be8ead92,nycmesh-2482-nbe-6248,40.699705,-73.924278,,10.0,40.6997,-73.9243,23.0,10.0,1.936165317758824,,,-45.0,-48.0,ap-ptp
2026-01-07T19:37:44,06617725-87b2-45e8-8962-30497e654509_81309f86-bf62-480b-982f-2494c154c0aa,d1c22f8c-14fb-32e6-82f7-4e25d5e73344,06617725-87b2-45e8-8962-30497e654509,nycmesh-730-olt-xgs,81309f86-bf62-480b-982f-2494c154c0aa,730-09N,40.844422,-73.893677,,69.000015,40.844422,-73.893677,,5.0,0.0,,,2.0,-13.0,
2026-01-07T19:37:44,22f334b8-3d19-4194-8106-fb82b7fca976_e2c739e2-5541-411e-8ac8-9bb270a968a8,d1dabfd7-9e7a-3337-8ef3-441618c19694,22f334b8-3d19-4194-8106-fb82b7fca976,nycmesh-1932-north,e2c739e2-5541-411e-8ac8-9bb270a968a8,nycmesh-lbe-515,40.716098,-73.985997,14.0,100.32,40.7161,-73.986,14.0,5.0,8.0,5490.0,MHz,-64.0,-65.0,ap-ptmp-airmax-mixed
2026-01-07T19:37:44,06617725-87b2-45e8-8962-30497e654509_3513b534-33b2-4759-8c91-1a14b9e006aa,d1ec4b39-34e3-3bd6-aedf-e05d9fd3e7a8,06617725-87b2-45e8-8962-30497e654509,nycmesh-730-olt-xgs,3513b534-33b2-4759-8c91-1a14b9e006aa,730-06G,40.844422,-73.893677,,69.000015,40.844422,-73.893677,,5.0,0.0,,,4.0,-16.0,
2026-01-07T19:37:44,cfb13d60-abb9-4d75-973b-60fa775575f0_44fc42d0-4757-45b3-8dd7-8f78ced09ee8,d1f88e4b-6033-4e20-9524-d2b2a29b992f,cfb13d60-abb9-4d75-973b-60fa775575f0,nycmesh-295-netpower16p,44fc42d0-4757-45b3-8dd7-8f78ced09ee8,nycmesh-295-northwest,40.725616,-73.947094,5.0,10.0,40.725616,-73.947094,5.0,10.0,0.0,,,,,ap-ptmp-airmax-mixed
2026-01-07T19:37:44,c6e5cad9-95d0-4440-86ce-65437fede532_748176d6-c4d5-4be1-89d0-2be990a353b0,d2022a6b-3e07-3ed1-9960-36d6e3e93e74,c6e5cad9-95d0-4440-86ce-65437fede532,nycmesh-sn3-north,748176d6-c4d5-4be1-89d0-2be990a353b0,nycmesh-lbe-250,40.6579,-74.0049,,45.32,40.6578,-74.0048,5.0,5.0,1.0,5560.0,MHz,-60.0,-62.0,ap-ptmp-airmax-mixed
2026-01-07T19:37:44,4a6f43ed-ac8b-41c6-867b-e893d9737c31_6a9a38bc-fb3d-4ebe-bb7f-38a326ad3333,d21171af-9e50-3425-8885-a9efebaf2973,4a6f43ed-ac8b-41c6-867b-e893d9737c31,nycmesh-1936-olt-xgs-165,6a9a38bc-fb3d-4ebe-bb7f-38a326ad3333,1936-14G,40.716797,-73.985577,,10.0,40.716797,-73.985577,,5.0,0.0,,,5.0,-18.0,
2026-01-07T19:37:44,82094c68-d2cf-4d01-b38b-897ff93940f4_b78eae72-41dd-415b-83b7-d0a45789f1b8,d24e8e2d-2e05-3491-b9d0-e5e0e49494ab,82094c68-d2cf-4d01-b38b-897ff93940f4,nycmesh-584-olt-xgs,b78eae72-41dd-415b-83b7-d0a45789f1b8,584-East-15B-10G-Erik2,40.79355,-73.965641,,10.0,40.79355,-73.965641,,5.0,0.0,,,7.0,-24.0,
2026-01-07T19:37:44,eff58e65-398b-4811-b67f-60a51e9eb4a7_c3792c7e-eabc-48e0-abb3-7bce120fc42f,d2760e2d-d120-30b0-99c1-713a76e92c8e,eff58e65-398b-4811-b67f-60a51e9eb4a7,nycmesh-155-north,c3792c7e-eabc-48e0-abb3-7bce120fc42f,nycmesh-lbe-220,40.679873,-73.942457,18.0,10.0,40.6799,-73.9425,18.0,5.0,1.0,5515.0,MHz,-57.0,-56.0,ap-ptmp-airmax-ac
2026-01-07T19:37:44,06617725-87b2-45e8-8962-30497e654509_0aa60886-3abc-454a-9e26-e97aa70ded88,d289d89c-1bef-3e4c-a9cb-26a9ed2184ed,06617725-87b2-45e8-8962-30497e654509,nycmesh-730-olt-xgs,0aa60886-3abc-454a-9e26-e97aa70ded88,730-04K 70:a7:41:3e:a3:45,40.844422,-73.893677,,69.000015,40.844422,-73.893677,,5.0,0.0,,,5.0,-17.0,
2026-01-07T19:37:44,212c5444-84a0-41d4-a20c-c3f913751726_df6256c2-21a6-470d-bd07-28f494d64666,d28a5c0b-df98-480e-9a36-9dca36158fbb,212c5444-84a0-41d4-a20c-c3f913751726,nycmesh-2274-omni,df6256c2-21a6-470d-bd07-28f494d64666,nycmesh-nsl-2274,40.725681,-73.983591,,8.0,40.725681,-73.983591,,8.0,266.0,,,-59.0,-62.0,sta-ptmp
2026-01-07T19:37:44,4a6f43ed-ac8b-41c6-867b-e893d9737c31_173ecbee-c1e2-4139-a567-86828a456a00,d2cb5af1-db03-330d-8a8a-8820eba65783,4a6f43ed-ac8b-41c6-867b-e893d9737c31,nycmesh-1936-olt-xgs-165,173ecbee-c1e2-4139-a567-86828a456a00,1936-04I,40.716797,-73.985577,,10.0,40.716797,-73.985577,,5.0,0.0,,,3.0,-16.0,
2026-01-07T19:37:44,6dfcfc62-6607-4238-a6e8-11e59af236df_376fc67d-146a-4018-89ea-d682a0b88d64,d2f0496b-cfc9-49e7-9839-820ec7b04a9c,6dfcfc62-6607-4238-a6e8-11e59af236df,nycmesh-5916-eps16,376fc67d-146a-4018-89ea-d682a0b88d64,nycmesh-5916-east1,40.696038,-73.939764,23.0,67.46,40.69607,-73.939677,,67.46,8.15213675760331,,,,,ap-ptmp-airmax-mixed
2026-01-07T19:37:44,3e851429-ccde-4c56-a1b7-019e49194141_a0356b39-4625-4aa3-80b9-c241704ae95e,d312aac7-c2ca-3028-b0e0-c55aa376bc20,3e851429-ccde-4c56-a1b7-019e49194141,nycmesh-227-ps5ac-northeast2,a0356b39-4625-4aa3-80b9-c241704ae95e,nycmesh-nbe-2026,40.711065,-74.001308,,158.0,40.714533,-73.987983,10.0,8.0,1.0,5820.0,MHz,-74.0,-52.0,ap-ptmp-airmax-mixed
2026-01-07T19:37:44,4a6f43ed-ac8b-41c6-867b-e893d9737c31_bdc2127b-ff0b-4776-be77-d7b661bfb62b,d31f58fa-ea99-3a87-976a-1f8d007d1a69,4a6f43ed-ac8b-41c6-867b-e893d9737c31,nycmesh-1936-olt-xgs-165,bdc2127b-ff0b-4776-be77-d7b661bfb62b,1936-11C,40.716797,-73.985577,,10.0,40.716797,-73.985577,,5.0,0.0,,,4.0,-15.0,
2026-01-07T19:37:44,a57ddde1-6fff-463a-bbee-cbe90258daa6_5c42315a-bcca-43a8-9bc6-6b49211861b9,d36ec4fd-dbb1-36ba-99fe-ac3ff7784585,a57ddde1-6fff-463a-bbee-cbe90258daa6,nycmesh-1932-olt-410,5c42315a-bcca-43a8-9bc6-6b49211861b9,410-19C,40.716098,-73.985997,14.0,100.32,40.716338,-73.986263,14.0,5.0,34.85361611376818,,,4.0,-20.0,
2026-01-07T19:37:44,02f3d58b-6059-499f-bf06-917be47dbe95_ea5d7820-c170-4cc2-b62c-7336b9180dea,d38e9c14-6cfa-4aee-be3f-9524aea81193,02f3d58b-6059-499f-bf06-917be47dbe95,nycmesh-642-omni,ea5d7820-c170-4cc2-b62c-7336b9180dea,nycmesh-642-east,40.798004,-73.934684,,10.0,40.798011,-73.934703,,10.0,1.7787032071378683,,,,,ap-ptmp-airmax-mixed
2026-01-07T19:37:44,7ee45009-6bc2-4a26-9b83-a3b07c70a3f6_7117f9dc-ed7e-4841-a46a-323d9d10d377,d3bd7b0e-a6b5-34b3-81dc-6c1fba421d4a,7ee45009-6bc2-4a26-9b83-a3b07c70a3f6,nycmesh-1934-olt-131-460,7117f9dc-ed7e-4841-a46a-323d9d10d377,460-18G,40.716142,-73.98448,14.0,10.0,40.715526,-73.984399,13.0,5.0,68.8354308742578,,,0.0,-24.0,
2026-01-07T19:37:44,7ee45009-6bc2-4a26-9b83-a3b07c70a3f6_8a39dc77-1588-4eb3-af04-507d3229d0f2,d3dc0f2a-8e31-3a8a-b024-c7eff5f70c60,7ee45009-6bc2-4a26-9b83-a3b07c70a3f6,nycmesh-1934-olt-131-460,8a39dc77-1588-4eb3-af04-507d3229d0f2,131-07H,40.716142,-73.98448,14.0,10.0,40.716364,-73.985193,-3492.0,5.0,64.96443791683336,,,4.0,-16.0,
2026-01-07T19:37:44,61793c9b-2512-4ae8-b6a9-c397d2490a91_c82bb62b-ddf2-4011-8556-12b170f43ef2,d41517ed-657c-3cc6-b1f0-68ec0baf1982,61793c9b-2512-4ae8-b6a9-c397d2490a91,nycmesh-lbe-155,c82bb62b-ddf2-4011-8556-12b170f43ef2,nycmesh-1340-west,40.679873,-73.942457,18.0,10.0,40.686016,-73.917493,,53.3,2213.0746663669634,5570.0,MHz,-68.0,-68.0,sta-ptmp
2026-01-07T19:37:44,7ee45009-6bc2-4a26-9b83-a3b07c70a3f6_35f0c4be-2181-488c-956a-d53ddee07763,d4208bbd-9701-3f37-9994-731a2c21a2cb,7ee45009-6bc2-4a26-9b83-a3b07c70a3f6,nycmesh-1934-olt-131-460,35f0c4be-2181-488c-956a-d53ddee07763,460-16F,40.716142,-73.98448,14.0,10.0,40.715645,-73.984543,13.0,5.0,55.51836572683728,,,3.0,-25.0,
2026-01-07T19:37:44,8fbb7e18-dc0c-4605-b76c-0ce56d2c38d9_ac1527e3-a635-4ede-ac50-0e0d1a8a4be6,d424e28a-97e5-40f2-b5e0-1415933c4974,8fbb7e18-dc0c-4605-b76c-0ce56d2c38d9,nycmesh-1417-omni,ac1527e3-a635-4ede-ac50-0e0d1a8a4be6,nycmesh-1417-west,40.71363,-73.935641,,14.0,40.713724,-73.935549,7.0,14.0,13.01447946610831,,,-58.0,-57.0,ap-ptmp-airmax-mixed
2026-01-07T19:37:44,06617725-87b2-45e8-8962-30497e654509_386b48f5-45a8-426d-88de-50b31b48002a,d43c61ad-a173-313f-9698-2a683b4696ed,06617725-87b2-45e8-8962-30497e654509,nycmesh-730-olt-xgs,386b48f5-45a8-426d-88de-50b31b48002a,730-04H,40.844422,-73.893677,,69.000015,40.79355,-73.965641,,5.0,8286.77467694061,,,4.0,-17.0,
2026-01-07T19:37:44,c7884a02-28f5-48c3-a76e-4718e3496aa3_2f3775a1-8b83-4d41-bca5-af144a70ff96,d43ed8eb-0221-3ecd-bee4-33a02f45da03,c7884a02-28f5-48c3-a76e-4718e3496aa3,nycmesh-2282-af24-162,2f3775a1-8b83-4d41-bca5-af144a70ff96,nycmesh-162-af24-2282,40.68298,-73.993843,13.0,18.29,40.665054,-73.990616,,64.08,2011.77254097725,24200.0,MHz,-53.0,-53.0,sta-ptp
2026-01-07T19:37:44,882c4808-3ed2-488b-8c1c-c38c156f67a1_f75a3325-8695-40e4-8886-cb33ff0b13cf,d4557163-39bd-3681-8dfe-e877ba7fb27e,882c4808-3ed2-488b-8c1c-c38c156f67a1,nycmesh-407-east,f75a3325-8695-40e4-8886-cb33ff0b13cf,nycmesh-lbe-1384,40.713282,-73.99037,,11.42,40.7132633,-73.9903429,10.0,8.0,3.0,5710.0,MHz,-61.0,-69.0,ap-ptmp-airmax-mixed
2026-01-07T19:37:44,a4b508b2-62b6-4bb2-ae6a-c593d8191759_ffa84622-0fdc-4c5c-9296-021abecfa700,d462ec24-efe2-3b29-8b07-b14b66738fa9,a4b508b2-62b6-4bb2-ae6a-c593d8191759,nycmesh-835-northwest,ffa84622-0fdc-4c5c-9296-021abecfa700,nycmesh-lbe-7537,40.685214,-73.954595,,10.0,40.683061,-73.961386,,5.0,1626.0,5560.0,MHz,-71.0,-72.0,ap-ptmp-airmax-mixed
2026-01-07T19:37:44,a57ddde1-6fff-463a-bbee-cbe90258daa6_f8a7007e-8e55-4487-934f-05213c231956,d49921b7-5b40-3a44-9e3d-7857e09df8fa,a57ddde1-6fff-463a-bbee-cbe90258daa6,nycmesh-1932-olt-410,f8a7007e-8e55-4487-934f-05213c231956,410-04E,40.716098,-73.985997,14.0,100.32,40.716338,-73.986263,14.0,5.0,34.85361611376818,,,3.0,-21.0,
2026-01-07T19:37:44,0b67e309-6e94-4c8f-8075-60fa4072d6f9_768d089b-02f1-461b-a70c-7006f1425206,d4fa8f3b-8415-4239-84c7-772136e52a10,0b67e309-6e94-4c8f-8075-60fa4072d6f9,nycmesh-162-core,768d089b-02f1-461b-a70c-7006f1425206,nycmesh-162-xgs16,40.664997,-73.990543,,40.0,40.664997,-73.990543,,40.0,0.0,,,,,
2026-01-07T19:37:44,9beb53fd-c9ba-46ca-acad-c1df349b592d_dcbb98b2-f147-4123-96e7-16a91875ad00,d52946dc-c9ab-45ba-831c-774d0a17bfa8,9beb53fd-c9ba-46ca-acad-c1df349b592d,nycmesh-7800-vpn,dcbb98b2-f147-4123-96e7-16a91875ad00,nycmesh-7800-omni,40.815629,-73.950228,,10.0,40.815629,-73.950228,,10.0,0.0,,,,,
2026-01-07T19:37:44,6bdaa816-ebe8-4ca7-bd84-412859705b80_f9af1b63-a8db-44f7-80b5-79afc77b8f7a,d54466c1-bf6d-385f-9c96-3e6e8ddfc965,6bdaa816-ebe8-4ca7-bd84-412859705b80,nycmesh-1971-southwest,f9af1b63-a8db-44f7-80b5-79afc77b8f7a,nycmesh-lbe-1329,40.712811,-73.994744,10.0,30.0,40.711759,-73.99498,10.0,8.0,585.0,5560.0,MHz,-68.0,-68.0,ap-ptmp-airmax-ac
2026-01-07T19:37:44,30f47d54-0ee9-4d2c-a8a8-2524173ed7a6_895e81e8-470a-4ed0-8b94-3abff821baec,d594a2ce-8f9d-4704-90f8-9799ed958faa,30f47d54-0ee9-4d2c-a8a8-2524173ed7a6,nycmesh-2090-epr6,895e81e8-470a-4ed0-8b94-3abff821baec,nycmesh-2090-north,40.725627,-73.954098,,8.0,40.725618,-73.954074,,8.0,2.256494053107705,,,-62.0,-60.0,ap-ptmp
2026-01-07T19:37:44,7ee45009-6bc2-4a26-9b83-a3b07c70a3f6_cf69bde6-9db4-4983-8a62-946546dbb44c,d5a6c50d-d29f-387f-9de1-00d8884f8b49,7ee45009-6bc2-4a26-9b83-a3b07c70a3f6,nycmesh-1934-olt-131-460,cf69bde6-9db4-4983-8a62-946546dbb44c,131-05E,40.716142,-73.98448,14.0,10.0,40.716364,-73.985193,-3492.0,5.0,64.96443791683336,,,3.0,-21.0,
2026-01-07T19:37:44,3b80519b-6bf1-406a-a945-6ee0b03fb6b8_3fa31cd2-0ed6-470c-978f-b150d91b9f60,d5d0f7fd-4a4a-37fd-90a8-1fd71c5cbde7,3b80519b-6bf1-406a-a945-6ee0b03fb6b8,nycmesh-168-east,3fa31cd2-0ed6-470c-978f-b150d91b9f60,nycmesh-lbe-4342,40.710007,-73.957881,,35.0,40.710548,-73.953428,13.0,5.0,380.12327282550586,5780.0,MHz,-53.0,-48.0,ap-ptmp
2026-01-07T19:37:44,4a6f43ed-ac8b-41c6-867b-e893d9737c31_8eb15d0e-35e3-46bd-8f0d-eec637d1914a,d5fb399b-59c9-3188-bd9c-d44f96d3d0b4,4a6f43ed-ac8b-41c6-867b-e893d9737c31,nycmesh-1936-olt-xgs-165,8eb15d0e-35e3-46bd-8f0d-eec637d1914a,1936-11P,40.716797,-73.985577,,10.0,40.716797,-73.985577,,5.0,0.0,,,,,
2026-01-07T19:37:44,c4095443-47b1-44f2-bc54-bc1a9b041ea2_7059d14e-cb3d-44b4-85bb-47714ef4b56c,d630b3d3-858b-3713-9996-cff738a5fc3e,c4095443-47b1-44f2-bc54-bc1a9b041ea2,nycmesh-3461-north,7059d14e-cb3d-44b4-85bb-47714ef4b56c,nycmesh-lbe-944,40.672531,-73.964197,,60.95,40.680269,-73.954802,,8.0,1165.0,5310.0,MHz,,,ap-ptmp-airmax-mixed
2026-01-07T19:37:44,7ff31813-0a6d-4bfd-81df-7386cde7bd4c_7f492ec2-516b-4f43-9099-06f8a3a2a488,d6524d8b-00e5-3e60-bcee-e50402ccd3d4,7ff31813-0a6d-4bfd-81df-7386cde7bd4c,nycmesh-1340-north,7f492ec2-516b-4f43-9099-06f8a3a2a488,nycmesh-lbe-222,40.686016,-73.917493,,12.93,40.685823,-73.917272,,25.01,1.0,5490.0,MHz,-64.0,-67.0,ap-ptmp-airmax-mixed
2026-01-07T19:37:44,06617725-87b2-45e8-8962-30497e654509_31306c3a-06fe-40d0-9ed2-31c1bdcd0b76,d6672b61-7984-3244-b3ae-26bbe5f29f62,06617725-87b2-45e8-8962-30497e654509,nycmesh-730-olt-xgs,31306c3a-06fe-40d0-9ed2-31c1bdcd0b76,730-03C,40.844422,-73.893677,,69.000015,40.844422,-73.893677,,5.0,0.0,,,4.0,-14.0,
2026-01-07T19:37:44,a57ddde1-6fff-463a-bbee-cbe90258daa6_2b51176a-213d-4e9c-af8b-b1d397729016,d69aeaa2-8add-3c69-8bf4-4b8012063d36,a57ddde1-6fff-463a-bbee-cbe90258daa6,nycmesh-1932-olt-410,2b51176a-213d-4e9c-af8b-b1d397729016,nycmesh-1932-edgepower,40.716098,-73.985997,14.0,100.32,40.716098,-73.985997,14.0,100.32,0.0,,,,,
2026-01-07T19:37:44,376fc67d-146a-4018-89ea-d682a0b88d64_a95b94b7-47d0-4144-8a66-0b3a597e7812,d69f837f-006b-37e9-9d8e-930e08733169,376fc67d-146a-4018-89ea-d682a0b88d64,nycmesh-5916-east1,a95b94b7-47d0-4144-8a66-0b3a597e7812,nycmesh-lbe-139,40.69607,-73.939677,,67.46,40.696,-73.9398,23.0,5.0,1.0,5710.0,MHz,-60.0,-60.0,ap-ptmp-airmax-mixed
2026-01-07T19:37:44,1d773ab2-be48-4b7b-9d9d-cd9fe0131e19_c51e3d80-8f21-4d93-97f6-0ef8abfb195a,d6c9bd9d-0cac-4642-b4ab-81a5ca0e2044,1d773ab2-be48-4b7b-9d9d-cd9fe0131e19,nycmesh-329-omni (Simona),c51e3d80-8f21-4d93-97f6-0ef8abfb195a,nycmesh-329-openwrt-wg,40.717473,-73.941814,11.0,8.0,40.717473,-73.941814,11.0,8.0,0.0,,,,,
2026-01-07T19:37:44,a57ddde1-6fff-463a-bbee-cbe90258daa6_6a8e9054-81b2-47a6-b5a7-74d006fa856b,d6f5b50e-6cd9-3697-b385-dd3f680b09a4,a57ddde1-6fff-463a-bbee-cbe90258daa6,nycmesh-1932-olt-410,6a8e9054-81b2-47a6-b5a7-74d006fa856b,410-25F,40.716098,-73.985997,14.0,100.32,40.716338,-73.986263,14.0,5.0,34.85361611376818,,,5.0,-19.0,
2026-01-07T19:37:44,ed30f3c1-7042-42af-b8c5-035d1c329559_34c59f51-c645-43ee-b869-bc0b02bb334c,d73b36cb-acf3-4942-9113-61510d1657a5,ed30f3c1-7042-42af-b8c5-035d1c329559,nycmesh-2282-eps16,34c59f51-c645-43ee-b869-bc0b02bb334c,nycmesh-2282-core,40.682995,-73.993789,13.0,18.29,40.682995,-73.993789,13.0,18.29,0.0,,,,,
2026-01-07T19:37:44,6bdaa816-ebe8-4ca7-bd84-412859705b80_f134993b-a0e6-44ac-93a7-8c67849c5a85,d75b9228-2500-3a25-8739-02c472e2a0bb,6bdaa816-ebe8-4ca7-bd84-412859705b80,nycmesh-1971-southwest,f134993b-a0e6-44ac-93a7-8c67849c5a85,nycmesh-lbe-248,40.712811,-73.994744,10.0,30.0,40.7128,-73.9947,10.0,5.0,1.0,5560.0,MHz,-61.0,-62.0,ap-ptmp-airmax-ac
2026-01-07T19:37:44,ac1267c9-b110-4f41-a4fd-21761d4fbaec_496fb4fc-e837-4add-be99-941521ff43c4,d7beb2c1-8731-4557-91ca-938f2b1b637f,ac1267c9-b110-4f41-a4fd-21761d4fbaec,nycmesh-641-lbe-640,496fb4fc-e837-4add-be99-941521ff43c4,nycmesh-641-omni,40.7988,-73.9387,,10.0,40.799193,-73.936714,,10.0,172.7893807479812,,,-44.0,-52.0,sta-ptp
2026-01-07T19:37:44,f8d3507f-2ce2-4219-a4ac-06888b67d2cb_939b2c24-abeb-4561-976a-c0e146a5e7ad,d81992f1-f818-4f8b-b330-ee62622414e6,f8d3507f-2ce2-4219-a4ac-06888b67d2cb,nycmesh-5916-hex-rack,939b2c24-abeb-4561-976a-c0e146a5e7ad,nycmesh-5916-edgepower-1-top-rail-one-a,40.696038,-73.939764,,67.46,40.696038,-73.939764,,67.46,0.0,,,,,
2026-01-07T19:37:44,06617725-87b2-45e8-8962-30497e654509_8537536b-4313-49ba-b15b-386956bcb717,d821075d-7bec-31be-9ae4-3f1f14cf87c2,06617725-87b2-45e8-8962-30497e654509,nycmesh-730-olt-xgs,8537536b-4313-49ba-b15b-386956bcb717,730-11J,40.844422,-73.893677,,69.000015,40.844422,-73.893677,,5.0,0.0,,,5.0,-19.0,
2026-01-07T19:37:44,4a6f43ed-ac8b-41c6-867b-e893d9737c31_e51f000d-eea7-41c1-a149-a0ce2b820a1a,d823ca6d-9d2c-3a34-9ffc-91f413b8bdca,4a6f43ed-ac8b-41c6-867b-e893d9737c31,nycmesh-1936-olt-xgs-165,e51f000d-eea7-41c1-a149-a0ce2b820a1a,1936-10G,40.716797,-73.985577,,10.0,40.716797,-73.985577,,5.0,0.0,,,5.0,-17.0,
2026-01-07T19:37:44,f5e24caa-4946-4e91-90fc-de74be469d36_7bb038a4-609b-4094-a25d-7f4acea6d50e,d82afc81-d284-4839-bb87-86d5a014529d,f5e24caa-4946-4e91-90fc-de74be469d36,nycmesh-2090-omni,7bb038a4-609b-4094-a25d-7f4acea6d50e,nycmesh-2090-lbe-2463,40.725618,-73.954074,,8.0,40.725618,-73.954074,,8.0,2930.0,,,-61.0,-66.0,sta-ptp
2026-01-07T19:37:44,cd0f34f6-42b4-406d-8876-ece07a103caa_cf8e749d-21fc-4aa5-bec2-395a7d42527f,d82f466c-39bb-4e49-b1c3-997271f2d24b,cd0f34f6-42b4-406d-8876-ece07a103caa,nycmesh-231-core,cf8e749d-21fc-4aa5-bec2-395a7d42527f,nycmesh-231-ups,40.645835,-74.013376,,10.0,40.645835,-74.013376,,10.0,0.0,,,,,
2026-01-07T19:37:44,a57ddde1-6fff-463a-bbee-cbe90258daa6_3369e7ff-f212-4416-a03d-7db6d16f065d,d8be7815-6397-3a14-a364-cc0123214884,a57ddde1-6fff-463a-bbee-cbe90258daa6,nycmesh-1932-olt-410,3369e7ff-f212-4416-a03d-7db6d16f065d,410-09F,40.716098,-73.985997,14.0,100.32,40.716338,-73.986263,14.0,5.0,34.85361611376818,,,3.0,-14.0,
2026-01-07T19:37:44,152f92e3-ae69-4875-9bff-51ce135ed453_f63b59b2-108b-4ea4-986c-e99cee692d7e,d8cebac2-de54-44e4-90d0-e7141876c13a,152f92e3-ae69-4875-9bff-51ce135ed453,nycmesh-231-netpower16p,f63b59b2-108b-4ea4-986c-e99cee692d7e,nycmesh-231-east,40.645835,-74.013376,,10.0,40.645933,-74.013631,,10.0,24.11648132617266,,,0.0,-48.0,ap-ptmp-airmax-mixed
2026-01-07T19:37:44,d14a79df-ca26-408f-8dc8-4a73585d167a_c2ba4238-0691-4585-8c91-7916ccd0c5d6,d900c428-c32f-34b5-b694-58fc6f5eb76a,d14a79df-ca26-408f-8dc8-4a73585d167a,nycmesh-3461-southeast,c2ba4238-0691-4585-8c91-7916ccd0c5d6,nycmesh-lbe-4062,40.672531,-73.964197,,60.95,40.6725,-73.9642,,5.0,3.4563153488510543,5710.0,MHz,-60.0,-61.0,ap-ptmp-airmax-mixed
2026-01-07T19:37:44,a1d9f474-7fbf-4a50-b1a6-aa188a8456ed_d14a79df-ca26-408f-8dc8-4a73585d167a,d9166af4-52cb-4a41-b2e3-785bba8e5ed0,a1d9f474-7fbf-4a50-b1a6-aa188a8456ed,nycmesh-3461-eps16,d14a79df-ca26-408f-8dc8-4a73585d167a,nycmesh-3461-southeast,40.672531,-73.964197,,60.95,40.672531,-73.964197,,60.95,0.0,,,,,ap-ptmp-airmax-mixed
2026-01-07T19:37:44,0f82afc3-e4cd-4b43-9fdb-deb9c38be3a6_d4eef81f-23a8-4247-8100-ca9c55f131be,d924d11b-98d7-4eb4-9e99-3bf2da437522,0f82afc3-e4cd-4b43-9fdb-deb9c38be3a6,nycmesh-527-core,d4eef81f-23a8-4247-8100-ca9c55f131be,nycmesh-527-force6g-648,40.635004,-73.950213,,10.0,40.635004,-73.950213,,10.0,0.0,,,,,
2026-01-07T19:37:44,06617725-87b2-45e8-8962-30497e654509_2d9d091a-c26a-41bb-870b-c81cdf92222e,d938d933-c5e1-35e9-abf3-5a1eac5165c2,06617725-87b2-45e8-8962-30497e654509,nycmesh-730-olt-xgs,2d9d091a-c26a-41bb-870b-c81cdf92222e,730-09E,40.844422,-73.893677,,69.000015,40.844422,-73.893677,,5.0,0.0,,,5.0,-15.0,
2026-01-07T19:37:44,7dda936a-fbc5-48eb-9030-dd6d3dd32a20_e8ac2ef1-66c2-4ea4-82d2-f00ca1422e06,d947992c-9d28-31ab-84fd-953adedfb14c,7dda936a-fbc5-48eb-9030-dd6d3dd32a20,nycmesh-407-south,e8ac2ef1-66c2-4ea4-82d2-f00ca1422e06,nycmesh-lbe-620,40.713282,-73.99037,,11.42,40.7133,-73.9904,10.0,8.0,3.0,5560.0,MHz,-58.0,-64.0,ap-ptmp-airmax-mixed
2026-01-07T19:37:44,06617725-87b2-45e8-8962-30497e654509_8232722e-f9a2-404d-bf7d-d486fa76a753,d9694b21-c657-36e1-a580-f82d00f1fdc3,06617725-87b2-45e8-8962-30497e654509,nycmesh-730-olt-xgs,8232722e-f9a2-404d-bf7d-d486fa76a753,730-08G 70:a7:41:3e:9c:b5,40.844422,-73.893677,,69.000015,40.844422,-73.893677,,5.0,0.0,,,4.0,-17.0,
2026-01-07T19:37:44,b9f960ef-84df-4e74-9e0e-80cb373199b3_78289060-92ec-4380-9c7e-304207915967,d98ceba4-f718-48aa-bd7b-688c6f63a2ce,b9f960ef-84df-4e74-9e0e-80cb373199b3,nycmesh-4507-mant-south,78289060-92ec-4380-9c7e-304207915967,nycmesh-4734-sxt,40.655468,-73.959154,,10.0,40.6554684,-73.95915425,,5.0,0.04922445080716141,,,,,
2026-01-07T19:37:44,2630b421-546f-4bc0-8ae2-f92c038f2eed_19a2e1d6-c57b-4414-ac01-24ae360f27da,d9c9dcae-a346-315b-a988-87ac43c7d01c,2630b421-546f-4bc0-8ae2-f92c038f2eed,nycmesh-2274-west,19a2e1d6-c57b-4414-ac01-24ae360f27da,nycmesh-lbe-481,40.725681,-73.983591,,8.0,40.7256814,-73.9835909,7.0,8.0,0.04526920728262734,5570.0,MHz,-58.0,-61.0,ap-ptmp
2026-01-07T19:37:44,2630b421-546f-4bc0-8ae2-f92c038f2eed_f8f1d9bc-a8fb-4917-8e60-67a271ff317e,d9cefe8d-fa37-36bf-8249-6c2adea5c6b5,2630b421-546f-4bc0-8ae2-f92c038f2eed,nycmesh-2274-west,f8f1d9bc-a8fb-4917-8e60-67a271ff317e,nycmesh-lbe-497,40.725681,-73.983591,,8.0,40.7257,-73.9837,7.0,8.0,9.425071809574145,5570.0,MHz,-58.0,-55.0,ap-ptmp
2026-01-07T19:37:44,95236977-7ce0-4b20-8ba5-6e0118d0b3ef_9841a5b0-9cab-4c15-8f46-47926f361036,d9fc30f4-eea8-3208-a8a7-30560411f8bd,95236977-7ce0-4b20-8ba5-6e0118d0b3ef,nycmesh-2090-southeast,9841a5b0-9cab-4c15-8f46-47926f361036,nycmesh-lbe-2699,40.725618,-73.954074,,8.0,40.72561005,-73.954067881464,6.0,8.0,1.0,5500.0,MHz,-72.0,-79.0,ap-ptmp
2026-01-07T19:37:44,a57ddde1-6fff-463a-bbee-cbe90258daa6_2756a59b-adf5-48b8-94b3-7fd701c3be99,da2416b1-2c38-33dc-a457-62e84fe6bd48,a57ddde1-6fff-463a-bbee-cbe90258daa6,nycmesh-1932-olt-410,2756a59b-adf5-48b8-94b3-7fd701c3be99,410-11E,40.716098,-73.985997,14.0,100.32,40.716338,-73.986263,14.0,5.0,34.85361611376818,,,4.0,-16.0,
2026-01-07T19:37:44,4a6f43ed-ac8b-41c6-867b-e893d9737c31_90ba7346-4820-4879-a149-05736be1b596,da292520-9283-351f-a434-1e6de544dab3,4a6f43ed-ac8b-41c6-867b-e893d9737c31,nycmesh-1936-olt-xgs-165,90ba7346-4820-4879-a149-05736be1b596,1936-06F,40.716797,-73.985577,,10.0,40.716797,-73.985577,,5.0,0.0,,,4.0,-17.0,
2026-01-07T19:37:44,7ee45009-6bc2-4a26-9b83-a3b07c70a3f6_c5be0e99-248b-4ade-b8d4-394e682be84f,da29ba6b-35ea-3c93-9317-20bca6f771fd,7ee45009-6bc2-4a26-9b83-a3b07c70a3f6,nycmesh-1934-olt-131-460,c5be0e99-248b-4ade-b8d4-394e682be84f,460-Cube60,40.716142,-73.98448,14.0,10.0,40.715467,-73.984401,,8.0,75.35131590571402,,,4.0,-13.0,
2026-01-07T19:37:44,428003b2-399b-4b48-81a3-907df8eb87e1_212c5444-84a0-41d4-a20c-c3f913751726,da40fbfe-a839-471b-8194-29160c57625b,428003b2-399b-4b48-81a3-907df8eb87e1,nycmesh-2274-gbep-2463,212c5444-84a0-41d4-a20c-c3f913751726,nycmesh-2274-omni,40.725903,-73.983635,,0.0,40.725681,-73.983591,,8.0,24.962180870356942,,,-59.0,-59.0,sta-ptp
2026-01-07T19:37:44,4a6f43ed-ac8b-41c6-867b-e893d9737c31_eca3873f-a7bc-466a-b3aa-a47d5372c71c,da4fe96c-265e-3ed9-a6ce-c07ceb9e6eb3,4a6f43ed-ac8b-41c6-867b-e893d9737c31,nycmesh-1936-olt-xgs-165,eca3873f-a7bc-466a-b3aa-a47d5372c71c,1936-04E (new ONU),40.716797,-73.985577,,10.0,40.716797,-73.985577,,5.0,0.0,,,4.0,-18.0,
2026-01-07T19:37:44,a57ddde1-6fff-463a-bbee-cbe90258daa6_791688e3-670b-44ad-840d-af6cc3173e32,da60146a-c64e-35f3-bae2-93afeab71725,a57ddde1-6fff-463a-bbee-cbe90258daa6,nycmesh-1932-olt-410,791688e3-670b-44ad-840d-af6cc3173e32,410-24E,40.716098,-73.985997,14.0,100.32,40.716338,-73.986263,14.0,5.0,34.85361611376818,,,1.0,-18.0,
2026-01-07T19:37:44,7ee45009-6bc2-4a26-9b83-a3b07c70a3f6_35dd7ffe-9931-41ef-b84c-9ea03753569e,da6b0d06-f742-34a1-8c0e-223e97a85e3b,7ee45009-6bc2-4a26-9b83-a3b07c70a3f6,nycmesh-1934-olt-131-460,35dd7ffe-9931-41ef-b84c-9ea03753569e,131-22D,40.716142,-73.98448,14.0,10.0,40.716364,-73.985193,-3492.0,5.0,64.96443791683336,,,3.0,-29.0,
2026-01-07T19:37:44,7894a19b-b729-4350-8a79-367c890f1442_a90838c1-42b4-47c0-908f-745d23131d6e,da89cbe1-b1e1-3ddb-99a2-9c1a739fe9ab,7894a19b-b729-4350-8a79-367c890f1442,nycmesh-155-south,a90838c1-42b4-47c0-908f-745d23131d6e,nycmesh-lbe-469,40.679873,-73.942457,18.0,10.0,40.6799,-73.9425,18.0,5.0,1.0,5710.0,MHz,-51.0,-51.0,ap-ptmp-airmax-ac
2026-01-07T19:37:44,5949ca17-7037-406c-a276-8db9228d762c_439469ad-50ec-463f-8afb-bb923fd2327a,daa6e73d-bd17-3577-b111-adfd756a47f9,5949ca17-7037-406c-a276-8db9228d762c,nycmesh-1340-west1,439469ad-50ec-463f-8afb-bb923fd2327a,nycmesh-lbe-4768,40.686117,-73.917818,,12.93,40.685823,-73.917272,,25.01,1.0,5710.0,MHz,-63.0,-65.0,ap-ptmp-airmax-mixed
2026-01-07T19:37:44,e733efb4-d12c-47ea-84e6-9309dd66d12b_5f259724-8faf-41a0-bd77-8992292fafe6,dab6d41e-1ac1-3a3c-879a-2e377ac18a83,e733efb4-d12c-47ea-84e6-9309dd66d12b,nycmesh-2463-northwest,5f259724-8faf-41a0-bd77-8992292fafe6,nycmesh-lbe-4026,40.719898,-73.988024,11.0,8.0,40.719897625,-73.98805175,,5.0,2.0,5710.0,MHz,-65.0,-69.0,ap-ptmp-airmax-ac
2026-01-07T19:37:44,06617725-87b2-45e8-8962-30497e654509_97b69de7-7fcf-4caf-8ac1-8457215c5157,dad0b97b-b71c-3f05-948f-88b6de3e42ac,06617725-87b2-45e8-8962-30497e654509,nycmesh-730-olt-xgs,97b69de7-7fcf-4caf-8ac1-8457215c5157,730-10H,40.844422,-73.893677,,69.000015,40.844422,-73.893677,,5.0,0.0,,,4.0,-15.0,
2026-01-07T19:37:44,4a6f43ed-ac8b-41c6-867b-e893d9737c31_624ffb7b-16cb-4aee-887c-3319e9ffe657,db2c32b4-92f5-3d7e-aaf2-5aeaea1c9ddb,4a6f43ed-ac8b-41c6-867b-e893d9737c31,nycmesh-1936-olt-xgs-165,624ffb7b-16cb-4aee-887c-3319e9ffe657,1936-12M,40.716797,-73.985577,,10.0,40.716797,-73.985577,,5.0,0.0,,,2.0,-14.0,
2026-01-07T19:37:44,06617725-87b2-45e8-8962-30497e654509_c4ed71bf-5283-4b97-ba73-a44bf2a352d8,db509ee8-6dd6-3295-807f-5add9ac3700c,06617725-87b2-45e8-8962-30497e654509,nycmesh-730-olt-xgs,c4ed71bf-5283-4b97-ba73-a44bf2a352d8,730-08F 70:a7:41:3d:63:88,40.844422,-73.893677,,69.000015,40.844422,-73.893677,,5.0,0.0,,,4.0,-17.0,
2026-01-07T19:37:44,d14a79df-ca26-408f-8dc8-4a73585d167a_8ba6fbe2-7f1a-4822-9df3-38701e507877,db65aa58-4744-34a8-816e-8ed6d2b72f04,d14a79df-ca26-408f-8dc8-4a73585d167a,nycmesh-3461-southeast,8ba6fbe2-7f1a-4822-9df3-38701e507877,nycmesh-lbe-2596,40.672531,-73.964197,,60.95,40.6725,-73.9642,,5.0,3.4563153488510543,5710.0,MHz,-70.0,-70.0,ap-ptmp-airmax-mixed
2026-01-07T19:37:44,bd496c6c-7b62-4b77-8020-6d86bbbc7694_ba1d123d-ecd3-4dee-8401-c8c5355b0e21,db7e4adf-13b7-4e83-a916-36a80ae50d96,bd496c6c-7b62-4b77-8020-6d86bbbc7694,nycmesh-648-eps16,ba1d123d-ecd3-4dee-8401-c8c5355b0e21,nycmesh-648-omni,40.639719,-73.995809,,25.0,40.639719,-73.995809,,25.0,0.0,,,,,
2026-01-07T19:37:44,06617725-87b2-45e8-8962-30497e654509_0c392cd6-8484-4b54-8b32-4f62d0cd1fc0,db851410-8357-3733-b0e8-e6a9427cb037,06617725-87b2-45e8-8962-30497e654509,nycmesh-730-olt-xgs,0c392cd6-8484-4b54-8b32-4f62d0cd1fc0,730-10C,40.844422,-73.893677,,69.000015,40.844422,-73.893677,,5.0,0.0,,,5.0,-14.0,
2026-01-07T19:37:44,01a74e3c-7494-4e0a-a380-1d611e988f35_acecd4b0-3ea9-44c0-aab5-a586a1e47948,dbc628f9-b055-3814-bd02-91ed191ce9db,01a74e3c-7494-4e0a-a380-1d611e988f35,nycmesh-227-ps5ac-north2,acecd4b0-3ea9-44c0-aab5-a586a1e47948,nycmesh-lbe-6791,40.711166,-74.001244,,161.544,40.718904,-73.992225,10.0,8.0,1.0,5710.0,MHz,-69.0,-66.0,ap-ptmp-airmax-mixed
2026-01-07T19:37:44,06617725-87b2-45e8-8962-30497e654509_4cf83cf0-7115-4d7c-ac5f-7d4a6bb31f55,dbf72b9b-8d7d-3022-aaac-a6de99762271,06617725-87b2-45e8-8962-30497e654509,nycmesh-730-olt-xgs,4cf83cf0-7115-4d7c-ac5f-7d4a6bb31f55,730-11A,40.844422,-73.893677,,69.000015,40.844422,-73.893677,,5.0,0.0,,,4.0,-17.0,
2026-01-07T19:37:44,9db264a2-e7f1-4d97-8107-34d2999f0c8f_7da835e9-e0b3-4ad0-ba3e-6374e740f6b8,dbfd50b9-64aa-352e-bff3-d96ca244f8ef,9db264a2-e7f1-4d97-8107-34d2999f0c8f,nycmesh-lbe-255,7da835e9-e0b3-4ad0-ba3e-6374e740f6b8,nycmesh-329-west,40.7179,-73.9436,11.0,10.0,40.717473,-73.941814,11.0,8.0,157.83206222854912,5825.0,MHz,-51.0,-69.0,sta-ptmp
2026-01-07T19:37:44,a57ddde1-6fff-463a-bbee-cbe90258daa6_17bb3dbc-1191-4ca7-8cf0-65860b5928a4,dc2852db-0a3f-3fad-adbe-f242a7954be0,a57ddde1-6fff-463a-bbee-cbe90258daa6,nycmesh-1932-olt-410,17bb3dbc-1191-4ca7-8cf0-65860b5928a4,410-10D,40.716098,-73.985997,14.0,100.32,40.716338,-73.986263,14.0,5.0,34.85361611376818,,,0.0,-18.0,
2026-01-07T19:37:44,563c0fcb-32b0-4591-8bf2-6ec447bc564f_7894a19b-b729-4350-8a79-367c890f1442,dc337505-5c7f-4dd1-9f70-bcb23aac0230,563c0fcb-32b0-4591-8bf2-6ec447bc564f,nycmesh-155-epr6,7894a19b-b729-4350-8a79-367c890f1442,nycmesh-155-south,40.679873,-73.942457,18.0,10.0,40.679873,-73.942457,18.0,10.0,0.0,,,-51.0,-49.0,ap-ptmp-airmax-ac
2026-01-07T19:37:44,7ff31813-0a6d-4bfd-81df-7386cde7bd4c_8d231c9c-fa67-454d-872d-291571214220,dc77a1b6-6ab1-3215-a406-a492a3fbafc4,7ff31813-0a6d-4bfd-81df-7386cde7bd4c,nycmesh-1340-north,8d231c9c-fa67-454d-872d-291571214220,nycmesh-lbe-3213,40.686016,-73.917493,,12.93,40.685823,-73.917272,,25.01,1.0,5490.0,MHz,,,ap-ptmp-airmax-mixed
2026-01-07T19:37:44,7bfb4d7a-a78e-4620-a084-4d420a9d8c51_9de50d59-4805-45d9-9477-1cd018ad898a,dc809d16-422e-3115-a336-f3a458d6cdbd,7bfb4d7a-a78e-4620-a084-4d420a9d8c51,nycmesh-5916-south2,9de50d59-4805-45d9-9477-1cd018ad898a,nycmesh-lbe-2827,40.696048,-73.939788,,67.46,40.696,-73.9398,23.0,5.0,1.0,5550.0,MHz,-62.0,-57.0,ap-ptmp-airmax-mixed
2026-01-07T19:37:44,bd496c6c-7b62-4b77-8020-6d86bbbc7694_2683fda0-1178-4506-b535-fbf376ac871a,dca2d98a-b85b-4866-b322-c66d4f170467,bd496c6c-7b62-4b77-8020-6d86bbbc7694,nycmesh-648-eps16,2683fda0-1178-4506-b535-fbf376ac871a,nycmesh-648-west,40.639719,-73.995809,,25.0,40.639504,-73.996299,,25.0,47.759080870016646,,,-56.0,-58.0,ap-ptmp-airmax-mixed
2026-01-07T19:37:44,95c69a1e-c69d-498c-b853-a378fec18642_badd001c-f979-49ed-8483-a4fa38c8f23f,dcdab3f6-8229-41fd-aee6-c38dde7b05c9,95c69a1e-c69d-498c-b853-a378fec18642,nycmesh-lbe-430,badd001c-f979-49ed-8483-a4fa38c8f23f,nycmesh-430-omni,40.69492,-73.94938,23.0,16.0,40.694876,-73.94938,,16.0,4.892576772649415,,,-57.0,-56.0,sta-ptmp
2026-01-07T19:37:44,a57ddde1-6fff-463a-bbee-cbe90258daa6_60a1c59d-41bd-4401-97e8-27b93d78bd84,dd4e6913-1152-3baa-9f51-63803e1bdca5,a57ddde1-6fff-463a-bbee-cbe90258daa6,nycmesh-1932-olt-410,60a1c59d-41bd-4401-97e8-27b93d78bd84,410-19E,40.716098,-73.985997,14.0,100.32,40.716338,-73.986263,14.0,5.0,34.85361611376818,,,2.0,-22.0,
2026-01-07T19:37:44,a57ddde1-6fff-463a-bbee-cbe90258daa6_9193fd4c-48e3-46f1-8bb7-726c4b6af5ee,dd7d652f-5256-37b4-b6f2-8035003862dc,a57ddde1-6fff-463a-bbee-cbe90258daa6,nycmesh-1932-olt-410,9193fd4c-48e3-46f1-8bb7-726c4b6af5ee,410-23E,40.716098,-73.985997,14.0,100.32,40.716338,-73.986263,14.0,5.0,34.85361611376818,,,1.0,-19.0,
2026-01-07T19:37:44,62a74494-aef0-45ad-ae4e-45f50fb5d591_c56f2fb9-ae2e-4632-b57b-0d50176bd320,dd84096a-3834-4259-813b-0c7f96a9a07e,62a74494-aef0-45ad-ae4e-45f50fb5d591,nycmesh-2701-np16-1,c56f2fb9-ae2e-4632-b57b-0d50176bd320,nycmesh-2701-core,40.647781,-74.000767,45.0,10.0,40.647781,-74.000767,45.0,10.0,0.0,,,,,
2026-01-07T19:37:44,82094c68-d2cf-4d01-b38b-897ff93940f4_6208cb04-6031-47ef-9f8d-a743a502b708,dd8a255e-1554-3035-af38-050966405cf7,82094c68-d2cf-4d01-b38b-897ff93940f4,nycmesh-584-olt-xgs,6208cb04-6031-47ef-9f8d-a743a502b708,584-West-12M-1G-Letitia,40.79355,-73.965641,,10.0,40.79355,-73.965641,,5.0,0.0,,,3.0,-16.0,
2026-01-07T19:37:44,40d2d9e5-6423-4ab8-a135-5d8506273887_cfb13d60-abb9-4d75-973b-60fa775575f0,dd941ec7-d3a8-4426-a62f-652fad0a2a2d,40d2d9e5-6423-4ab8-a135-5d8506273887,nycmesh-295-gbep-1167,cfb13d60-abb9-4d75-973b-60fa775575f0,nycmesh-295-netpower16p,40.725616,-73.947094,5.0,10.0,40.725616,-73.947094,5.0,10.0,0.0,,,-54.0,-51.0,sta-ptp
2026-01-07T19:37:44,94802f4b-dd73-4924-88b4-553ea777fd89_9b2b3f69-b9b4-4fdd-98d3-2ee78769b84a,dd978b4f-fbb4-354d-b5c2-89abe74bf412,94802f4b-dd73-4924-88b4-553ea777fd89,nycmesh-162-north,9b2b3f69-b9b4-4fdd-98d3-2ee78769b84a,nycmesh-lbe-638,40.664997,-73.990543,,40.0,40.66501,-73.99058,,5.0,3.0,5810.0,MHz,-49.0,-50.0,ap-ptmp
2026-01-07T19:37:44,823f33a1-7896-44fa-9d9c-dfdd9a2c3c6c_056c7138-7be0-45be-8195-a356d88c5bfe,ddeb8368-7bc3-3dc7-941d-ae464bd00cb7,823f33a1-7896-44fa-9d9c-dfdd9a2c3c6c,nycmesh-162-east,056c7138-7be0-45be-8195-a356d88c5bfe,nycmesh-lbe-899,40.664997,-73.990543,,40.0,40.6754,-73.9806,20.0,5.0,1428.742949865859,5490.0,MHz,,,ap-ptmp-airmax-mixed
2026-01-07T19:37:44,b9c2b771-359e-48c3-8f58-f02ed9f66afe_64c38d4b-a404-45ba-a131-3283e76e451e,de677667-4ff5-302b-9617-f85e3eecd021,b9c2b771-359e-48c3-8f58-f02ed9f66afe,nycmesh-2463-northeast,64c38d4b-a404-45ba-a131-3283e76e451e,nycmesh-lbe-239,40.719898,-73.988024,11.0,8.0,40.719898,-73.988024,,5.0,2.0,5770.0,MHz,-63.0,-45.0,ap-ptmp-airmax-ac
2026-01-07T19:37:44,0f82afc3-e4cd-4b43-9fdb-deb9c38be3a6_8f50818e-e4e6-4758-8e8e-93434c8920b9,de7cc281-9b77-4349-aa28-86318c016b9d,0f82afc3-e4cd-4b43-9fdb-deb9c38be3a6,nycmesh-527-core,8f50818e-e4e6-4758-8e8e-93434c8920b9,nycmesh-527-af60hd-713,40.635004,-73.950213,,10.0,40.635004,-73.950213,,10.0,0.0,,,,,ap-ptp
2026-01-07T19:37:44,7ee45009-6bc2-4a26-9b83-a3b07c70a3f6_07992111-671a-47aa-a23c-ae6f58435611,de80ad52-fa15-3ca9-979a-7bcdcc75d824,7ee45009-6bc2-4a26-9b83-a3b07c70a3f6,nycmesh-1934-olt-131-460,07992111-671a-47aa-a23c-ae6f58435611,460-22B,40.716142,-73.98448,14.0,10.0,40.715645,-73.984543,13.0,5.0,55.51836572683728,,,3.0,-23.0,
2026-01-07T19:37:44,ef47c82e-ec64-492e-ab2a-93e6a45d6cbc_07d5e656-f36c-46d3-98c9-a032be2bc352,de87c4a7-a6a3-42db-8137-a499a66bbbf0,ef47c82e-ec64-492e-ab2a-93e6a45d6cbc,nycmesh-2299-eps16,07d5e656-f36c-46d3-98c9-a032be2bc352,nycmesh-2299-southeast,40.861367,-73.907738,,10.0,40.861367,-73.907738,,10.0,0.0,,,,,ap-ptmp-airmax-mixed
2026-01-07T19:37:44,4ec70dea-528c-4426-a240-722295c916b1_21d0119b-8b8f-4709-a193-a83726ca0083,deb547fa-408a-3229-9470-6cfb07dbee30,4ec70dea-528c-4426-a240-722295c916b1,nycmesh-1340-north2,21d0119b-8b8f-4709-a193-a83726ca0083,nycmesh-lbe-302,40.685988,-73.917573,,12.93,40.696038,-73.939764,23.0,5.0,2210.0,5745.0,MHz,-44.0,-52.0,ap-ptmp-airmax-mixed
2026-01-07T19:37:44,a1d9f474-7fbf-4a50-b1a6-aa188a8456ed_9600af45-a3a7-43eb-af30-01b070ab7150,ded719fa-dd9c-4aaf-8d82-aa0929a9a6cf,a1d9f474-7fbf-4a50-b1a6-aa188a8456ed,nycmesh-3461-eps16,9600af45-a3a7-43eb-af30-01b070ab7150,nycmesh-3461-southwest,40.672531,-73.964197,,60.95,40.672531,-73.964197,,60.95,0.0,,,,,ap-ptmp-airmax-mixed
2026-01-07T19:37:44,4a6f43ed-ac8b-41c6-867b-e893d9737c31_f80fadb3-c6c9-482d-96a2-55b428a40391,dedf41b7-9a2c-3763-9666-d47cacef31c7,4a6f43ed-ac8b-41c6-867b-e893d9737c31,nycmesh-1936-olt-xgs-165,f80fadb3-c6c9-482d-96a2-55b428a40391,1936-11I,40.716797,-73.985577,,10.0,40.716797,-73.985577,,5.0,0.0,,,,,
2026-01-07T19:37:44,823f33a1-7896-44fa-9d9c-dfdd9a2c3c6c_dcef225a-bd16-41f0-a1ed-8c019b8d5f74,dee3aaf7-dc90-3730-a4f7-2dc3a2c4b5ff,823f33a1-7896-44fa-9d9c-dfdd9a2c3c6c,nycmesh-162-east,dcef225a-bd16-41f0-a1ed-8c019b8d5f74,nycmesh-lbe-6911,40.664997,-73.990543,,40.0,40.659457,-73.991573,,5.0,3.0,5490.0,MHz,-66.0,-71.0,ap-ptmp-airmax-mixed
2026-01-07T19:37:44,4a6f43ed-ac8b-41c6-867b-e893d9737c31_21e27719-83d3-4362-a6d2-c42ceaeb5566,dee40090-35b6-326c-a903-425250fb16a0,4a6f43ed-ac8b-41c6-867b-e893d9737c31,nycmesh-1936-olt-xgs-165,21e27719-83d3-4362-a6d2-c42ceaeb5566,1936-04R,40.716797,-73.985577,,10.0,40.716797,-73.985577,,5.0,0.0,,,3.0,-16.0,
2026-01-07T19:37:44,f0fd1504-684f-467e-8115-ac44b46fc24a_98568ac8-05aa-4fe8-8573-b637127eba18,def339a6-17b9-4bbd-a6b7-3c6e36a8322f,f0fd1504-684f-467e-8115-ac44b46fc24a,nycmesh-1340-eps16,98568ac8-05aa-4fe8-8573-b637127eba18,nycmesh-1340-core,40.685823,-73.917272,,12.93,40.685823,-73.917272,,12.93,0.0,,,,,
2026-01-07T19:37:44,496fb4fc-e837-4add-be99-941521ff43c4_e9c2e77c-5a6c-4f3a-9188-07ecf19a979b,def7bee5-1461-4516-9de4-18855c66473c,496fb4fc-e837-4add-be99-941521ff43c4,nycmesh-641-omni,e9c2e77c-5a6c-4f3a-9188-07ecf19a979b,nycmesh-641-np7r-1,40.799193,-73.936714,,10.0,40.799193,-73.936714,,10.0,0.0,,,,,
2026-01-07T19:37:44,06617725-87b2-45e8-8962-30497e654509_c12e4406-52ab-46c2-bfd6-91334882e702,defb8f5f-8da3-3794-abad-2b8cd4377e84,06617725-87b2-45e8-8962-30497e654509,nycmesh-730-olt-xgs,c12e4406-52ab-46c2-bfd6-91334882e702,730-03M 70:a7:41:3e:da:69,40.844422,-73.893677,,69.000015,40.844422,-73.893677,,5.0,0.0,,,5.0,-19.0,
2026-01-07T19:37:44,06617725-87b2-45e8-8962-30497e654509_e538457d-dd76-4530-b7ed-f5db2309fe86,df0610a6-877f-3f4e-ad39-67fd47e7ddec,06617725-87b2-45e8-8962-30497e654509,nycmesh-730-olt-xgs,e538457d-dd76-4530-b7ed-f5db2309fe86,730-03E,40.844422,-73.893677,,69.000015,40.844422,-73.893677,,5.0,0.0,,,4.0,-16.0,
2026-01-07T19:37:44,ed30f3c1-7042-42af-b8c5-035d1c329559_a74ad73e-9ce4-4b96-82c1-57affbc4f0a8,df123317-83ca-45a0-8748-ffb082309c34,ed30f3c1-7042-42af-b8c5-035d1c329559,nycmesh-2282-eps16,a74ad73e-9ce4-4b96-82c1-57affbc4f0a8,nycmesh-2282-northeast,40.682995,-73.993789,13.0,18.29,40.683012,-73.993638,13.0,40.0,12.872206887083625,,,,,ap-ptmp
2026-01-07T19:37:44,f0fd1504-684f-467e-8115-ac44b46fc24a_8b01fec6-69da-4c2c-a20b-540c7e427599,df12aecc-d685-4b57-bbd0-83ccb0731c85,f0fd1504-684f-467e-8115-ac44b46fc24a,nycmesh-1340-eps16,8b01fec6-69da-4c2c-a20b-540c7e427599,nycmesh-1340-force6g-1417,40.685823,-73.917272,,12.93,40.685823,-73.917272,,12.93,0.0,,,,,
2026-01-07T19:37:44,7ee45009-6bc2-4a26-9b83-a3b07c70a3f6_aa25787d-46f4-4365-a15c-7fb5b4479d93,df3039df-82c0-3d36-81be-406f13286f3f,7ee45009-6bc2-4a26-9b83-a3b07c70a3f6,nycmesh-1934-olt-131-460,aa25787d-46f4-4365-a15c-7fb5b4479d93,460-20D,40.716142,-73.98448,14.0,10.0,40.715645,-73.984543,13.0,5.0,55.51836572683728,,,3.0,-24.0,
2026-01-07T19:37:44,7ee45009-6bc2-4a26-9b83-a3b07c70a3f6_75b60f83-925f-4707-a5f7-c137a0abd04e,df329ee3-a74e-306f-b2bf-6552710100df,7ee45009-6bc2-4a26-9b83-a3b07c70a3f6,nycmesh-1934-olt-131-460,75b60f83-925f-4707-a5f7-c137a0abd04e,131-04A,40.716142,-73.98448,14.0,10.0,40.716364,-73.985193,-3492.0,5.0,64.96443791683336,,,3.0,-15.0,
2026-01-07T19:37:44,ca0e28d8-96e3-4470-ac50-e0a23394bc09_9a71280a-4740-474b-badb-840e931bd7ab,df36c838-650d-4d0f-a831-7e8d2f1ecb56,ca0e28d8-96e3-4470-ac50-e0a23394bc09,nycmesh-664-omni,9a71280a-4740-474b-badb-840e931bd7ab,nycmesh-664-lbe-1340,40.705619,-73.915235,,8.0,40.705837,-73.915284,,8.0,2207.0,,,-62.0,-66.0,sta-ptp
2026-01-07T19:37:44,b57493cd-83d8-4d49-9ede-c9392cc16f47_b52141d7-01b7-4734-9e54-d3b62eeb26ed,df63066d-5dbd-3cb7-a938-4b3d6dae30ce,b57493cd-83d8-4d49-9ede-c9392cc16f47,nycmesh-5014-north,b52141d7-01b7-4734-9e54-d3b62eeb26ed,nycmesh-lbe-5107,40.693819,-73.906361,,8.0,40.693819,-73.906361,23.0,8.0,0.0,5560.0,MHz,-58.0,-55.0,ap-ptmp-airmax-mixed
2026-01-07T19:37:44,5949ca17-7037-406c-a276-8db9228d762c_277a1e94-6cc5-4391-aa6d-3b8b2ceb7319,df78cc57-3caa-31cd-b53a-28de54c2390d,5949ca17-7037-406c-a276-8db9228d762c,nycmesh-1340-west1,277a1e94-6cc5-4391-aa6d-3b8b2ceb7319,nycmesh-lbe-4018,40.686117,-73.917818,,12.93,40.685823,-73.917272,,25.01,1.0,5710.0,MHz,-61.0,-64.0,ap-ptmp-airmax-mixed
2026-01-07T19:37:44,a03f429f-0051-4bd1-8d7f-661e9bcd11ba_a03f429f-0051-4bd1-8d7f-661e9bcd11ba,df78d4e5-5b4b-44aa-8d15-ad5ea0199e68,a03f429f-0051-4bd1-8d7f-661e9bcd11ba,nycmesh-sn3-n3k,a03f429f-0051-4bd1-8d7f-661e9bcd11ba,nycmesh-sn3-n3k,40.657782,-74.004848,,45.32,40.657782,-74.004848,,45.32,0.0,,,,,
2026-01-07T19:37:44,3b05b7fb-0b4b-4fb6-a925-66be1cec9aa3_ed6780df-4974-4de3-847c-49dbeec8a4c0,df7ec874-54de-4bd7-985f-f4ffe36f6694,3b05b7fb-0b4b-4fb6-a925-66be1cec9aa3,nycmesh-2463-eps16,ed6780df-4974-4de3-847c-49dbeec8a4c0,nycmesh-2463-lbe-2090,40.719898,-73.988024,11.0,8.0,40.719898,-73.988024,11.0,8.0,0.0,,,-66.0,-60.0,ap-ptp
2026-01-07T19:37:44,7ee45009-6bc2-4a26-9b83-a3b07c70a3f6_0822c49b-0836-4d12-ad92-71f3dbfaecf6,dfae9c66-e313-31ec-9962-7c788de2235b,7ee45009-6bc2-4a26-9b83-a3b07c70a3f6,nycmesh-1934-olt-131-460,0822c49b-0836-4d12-ad92-71f3dbfaecf6,460-02D,40.716142,-73.98448,14.0,10.0,40.715645,-73.984543,13.0,5.0,55.51836572683728,,,4.0,-17.0,
2026-01-07T19:37:44,0f82afc3-e4cd-4b43-9fdb-deb9c38be3a6_0918a738-1afe-4532-a5c4-2eae6ec810d8,dfd7bd71-d424-4818-b4eb-85f517359044,0f82afc3-e4cd-4b43-9fdb-deb9c38be3a6,nycmesh-527-core,0918a738-1afe-4532-a5c4-2eae6ec810d8,nycmesh-527-epr6,40.635004,-73.950213,,10.0,40.635004,-73.950213,,10.0,0.0,,,,,
2026-01-07T19:37:44,8b3ec1df-a88f-4ff7-81d5-f3df91c33965_1aa0e704-e40b-40af-83b9-3e832f56dc29,dfe55fdb-10ef-4f3d-8d2f-3f22a6139a1d,8b3ec1df-a88f-4ff7-81d5-f3df91c33965,nycmesh-3065-cube-1932,1aa0e704-e40b-40af-83b9-3e832f56dc29,nycmesh-3065-omni,40.718912,-73.985854,,25.0,40.718912,-73.985854,,25.0,0.0,,,,,
2026-01-07T19:37:44,22f8a4e5-891d-48b9-a3b2-9808f9c3b977_ed43077d-7ce0-440d-b0fc-4c9cef9b8d9c,dfe9e1d1-2db7-3cf3-8d98-d3c44aeb37cf,22f8a4e5-891d-48b9-a3b2-9808f9c3b977,nycmesh-3461-northeast,ed43077d-7ce0-440d-b0fc-4c9cef9b8d9c,nycmesh-lbe-3713,40.672685,-73.96386,,60.95,40.6725,-73.9642,,5.0,35.28977579122606,5560.0,MHz,-69.0,-69.0,ap-ptmp-airmax-mixed
2026-01-07T19:37:44,3e851429-ccde-4c56-a1b7-019e49194141_ff76dc36-fa44-4328-a79d-dffcc627e2ac,e00f0ac8-6721-3ecc-a61f-b6ef4602bf30,3e851429-ccde-4c56-a1b7-019e49194141,nycmesh-227-ps5ac-northeast2,ff76dc36-fa44-4328-a79d-dffcc627e2ac,nycmesh-lbe-3411,40.711065,-74.001308,,158.0,40.713404,-73.979516,10.0,8.0,1.0,5820.0,MHz,-68.0,-59.0,ap-ptmp-airmax-mixed
2026-01-07T19:37:44,f216b7a5-c725-4698-9f2a-9ef63baa545a_6eb438f4-2074-4cff-b4e0-b2fdf073e9dd,e01170b6-566a-4c29-9b72-54f17f3ba0be,f216b7a5-c725-4698-9f2a-9ef63baa545a,nycmesh-255-core,6eb438f4-2074-4cff-b4e0-b2fdf073e9dd,nycmesh-255-omni,40.71781,-73.943489,,10.0,40.71781,-73.943489,,10.0,0.0,,,,,
2026-01-07T19:37:44,9d0652de-3faa-4795-b652-9a0fcb274280_142291ff-41ac-49fa-a274-ad1d919cfaa8,e01ecd7b-f44c-47cd-9ec2-2f5a5b611afa,9d0652de-3faa-4795-b652-9a0fcb274280,nycmesh-lbe-691,142291ff-41ac-49fa-a274-ad1d919cfaa8,nycmesh-691-omni,40.7029,-73.9192,,20.0,40.702862,-73.919199,,20.0,4.226247993188006,,,,,sta-ptmp
2026-01-07T19:37:44,06617725-87b2-45e8-8962-30497e654509_e6728326-8fa4-492d-bb59-618ff8ff1357,e03318b8-05a2-3630-a072-d58f5884a594,06617725-87b2-45e8-8962-30497e654509,nycmesh-730-olt-xgs,e6728326-8fa4-492d-bb59-618ff8ff1357,730-10K,40.844422,-73.893677,,69.000015,40.844422,-73.893677,,5.0,0.0,,,5.0,-15.0,
2026-01-07T19:37:44,b55b1d8a-729a-4f6a-a99c-05df3a9284f4_953aad6d-a4b5-49c2-910f-4846478f94cd,e04a46ea-0d8a-4a1a-b657-8cf9a7481db1,b55b1d8a-729a-4f6a-a99c-05df3a9284f4,nycmesh-713-eps16,953aad6d-a4b5-49c2-910f-4846478f94cd,nycmesh-713-ltulr-2282,40.657782,-74.004848,,45.32,40.657782,-74.004848,,45.32,0.0,,,-47.0,-49.0,ap-ptp
2026-01-07T19:37:44,7ee45009-6bc2-4a26-9b83-a3b07c70a3f6_e4a258e1-8edf-4c1c-bf9c-dea7fdcb2be8,e080851e-36fb-3d13-ad4e-e30d26118967,7ee45009-6bc2-4a26-9b83-a3b07c70a3f6,nycmesh-1934-olt-131-460,e4a258e1-8edf-4c1c-bf9c-dea7fdcb2be8,131-15G,40.716142,-73.98448,14.0,10.0,40.716364,-73.985193,-3492.0,5.0,64.96443791683336,,,1.0,-18.0,
2026-01-07T19:37:44,4a6f43ed-ac8b-41c6-867b-e893d9737c31_4af0d788-4957-4077-84dd-10f9adc69b48,e0917f12-1780-3e68-8459-e1a8b9d6452b,4a6f43ed-ac8b-41c6-867b-e893d9737c31,nycmesh-1936-olt-xgs-165,4af0d788-4957-4077-84dd-10f9adc69b48,1936-08B,40.716797,-73.985577,,10.0,40.716797,-73.985577,,5.0,0.0,,,5.0,-17.0,
2026-01-07T19:37:44,4a6f43ed-ac8b-41c6-867b-e893d9737c31_920ddb22-3c35-445d-a94b-90d8c28ae06d,e09e2140-95f1-391f-a108-e5a714e08366,4a6f43ed-ac8b-41c6-867b-e893d9737c31,nycmesh-1936-olt-xgs-165,920ddb22-3c35-445d-a94b-90d8c28ae06d,1936-07C,40.716797,-73.985577,,10.0,40.716797,-73.985577,,5.0,0.0,,,4.0,-17.0,
2026-01-07T19:37:44,06617725-87b2-45e8-8962-30497e654509_37741cdb-6856-4d30-9624-92f89aac7f01,e0d864cb-87c7-371d-9b30-a6ce308f298c,06617725-87b2-45e8-8962-30497e654509,nycmesh-730-olt-xgs,37741cdb-6856-4d30-9624-92f89aac7f01,730-10F,40.844422,-73.893677,,69.000015,40.844422,-73.893677,,5.0,0.0,,,4.0,-15.0,
2026-01-07T19:37:44,06617725-87b2-45e8-8962-30497e654509_8d1ded1f-3ef4-49f0-bef9-f5b9b78134db,e0db5989-9cca-3489-8c4a-3298b5f1e482,06617725-87b2-45e8-8962-30497e654509,nycmesh-730-olt-xgs,8d1ded1f-3ef4-49f0-bef9-f5b9b78134db,730-03H,40.844422,-73.893677,,69.000015,40.79355,-73.965641,,5.0,8286.77467694061,,,5.0,-16.0,
2026-01-07T19:37:44,7ee45009-6bc2-4a26-9b83-a3b07c70a3f6_db118371-0ce2-4fbe-9baa-c223a4c673bb,e0e1119c-064e-3fc3-a81f-ac646f09a91b,7ee45009-6bc2-4a26-9b83-a3b07c70a3f6,nycmesh-1934-olt-131-460,db118371-0ce2-4fbe-9baa-c223a4c673bb,460-26G,40.716142,-73.98448,14.0,10.0,40.715645,-73.984543,13.0,5.0,55.51836572683728,,,,,
2026-01-07T19:37:44,4a6f43ed-ac8b-41c6-867b-e893d9737c31_0bc30be5-8f26-492f-810f-899f40f125a8,e1029c88-f78a-3b5b-ba81-c999c0f48e65,4a6f43ed-ac8b-41c6-867b-e893d9737c31,nycmesh-1936-olt-xgs-165,0bc30be5-8f26-492f-810f-899f40f125a8,1936-12D,40.716797,-73.985577,,10.0,40.716797,-73.985577,,5.0,0.0,,,5.0,-17.0,
2026-01-07T19:37:44,adc2c9a4-7dca-45fa-8683-f98a66b6f633_0c8208b4-8cd9-4318-af60-5ac040d3f69a,e10612bb-bb08-475e-857d-e14b5c7c2276,adc2c9a4-7dca-45fa-8683-f98a66b6f633,nycmesh-lbelr-835,0c8208b4-8cd9-4318-af60-5ac040d3f69a,nycmesh-835-omni,40.685214,-73.954595,,10.0,40.685214,-73.954595,,10.0,0.0,,,-66.0,-63.0,sta-ptmp
2026-01-07T19:37:44,f4efb67c-1414-4abb-a8ab-1d8f06884bcf_6c7c7fb3-55c1-4493-b96d-bd0bd2282db2,e10fc0ed-2a80-4890-a884-3878fa676c96,f4efb67c-1414-4abb-a8ab-1d8f06884bcf,nycmesh-1933-netpower16p,6c7c7fb3-55c1-4493-b96d-bd0bd2282db2,nycmesh-1933-east-s2,40.715467,-73.984401,,97.0,40.715467,-73.984401,,97.0,0.0,,,,,ap-ptmp-airmax-mixed
2026-01-07T19:37:44,67bcd939-6734-41e7-8845-aba2dfe120f9_7f12f01f-6dd4-4a9c-86e8-b93674e410e5,e12ec5a9-75e1-33be-b807-b818aee775f9,67bcd939-6734-41e7-8845-aba2dfe120f9,nycmesh-2701-southeast,7f12f01f-6dd4-4a9c-86e8-b93674e410e5,nycmesh-lbe-245,40.6478,-74.0007,45.0,10.0,40.6472,-74.0008,45.0,5.0,1.0,5760.0,MHz,-47.0,-31.0,ap-ptmp-airmax-mixed
2026-01-07T19:37:44,ac1527e3-a635-4ede-ac50-0e0d1a8a4be6_d52bd105-ff36-4ecb-ab86-96af3f28cb07,e13cf98c-910f-38f4-88b2-4c94431ccc9f,ac1527e3-a635-4ede-ac50-0e0d1a8a4be6,nycmesh-1417-west,d52bd105-ff36-4ecb-ab86-96af3f28cb07,nycmesh-lbe-3234,40.713724,-73.935549,7.0,14.0,40.7136163,-73.935641,7.0,8.0,2.0,5710.0,MHz,-58.0,-58.0,ap-ptmp-airmax-mixed
2026-01-07T19:37:44,4a6f43ed-ac8b-41c6-867b-e893d9737c31_5077048e-5903-408a-abaf-280d09b22cda,e170bea2-e74f-3a4e-8faa-82fe95b9a612,4a6f43ed-ac8b-41c6-867b-e893d9737c31,nycmesh-1936-olt-xgs-165,5077048e-5903-408a-abaf-280d09b22cda,1936-12F,40.716797,-73.985577,,10.0,40.716797,-73.985577,,5.0,0.0,,,4.0,-17.0,
2026-01-07T19:37:44,7ee45009-6bc2-4a26-9b83-a3b07c70a3f6_92ce41d9-76e8-4cf7-aca4-66e084626ad0,e178ade8-3406-364d-be4d-d4b8d22184ba,7ee45009-6bc2-4a26-9b83-a3b07c70a3f6,nycmesh-1934-olt-131-460,92ce41d9-76e8-4cf7-aca4-66e084626ad0,131-19F,40.716142,-73.98448,14.0,10.0,40.716364,-73.985193,-3492.0,5.0,64.96443791683336,,,3.0,-16.0,
2026-01-07T19:37:44,37f616cf-9ec8-4fa8-bcf0-b2140fa11c51_75594964-75b5-41c1-8b8b-920bede2c1d5,e19f6f5f-1793-48e2-a8b0-004ff51d16ff,37f616cf-9ec8-4fa8-bcf0-b2140fa11c51,nycmesh-2482-omni,75594964-75b5-41c1-8b8b-920bede2c1d5,nycmesh-2482-mant-east,40.699705,-73.924278,,10.0,40.699705,-73.924278,,10.0,0.0,,,,,
2026-01-07T19:37:44,ab12c2bf-2fc9-40ce-9ef7-b8b1b4d9e324_5cb0ebbc-f7d7-4e13-a36d-03df3814b156,e1a1d77e-1b50-499d-96ac-4acfb32bdfbc,ab12c2bf-2fc9-40ce-9ef7-b8b1b4d9e324,nycmesh-1635-eps16,5cb0ebbc-f7d7-4e13-a36d-03df3814b156,nycmesh-1635-southwest,40.667569,-73.98239,33.0,10.0,40.667569,-73.98239,33.0,10.0,0.0,,,,,ap-ptmp-airmax-mixed
2026-01-07T19:37:44,7ee45009-6bc2-4a26-9b83-a3b07c70a3f6_32e12ec3-7681-4011-afcc-38eb2a30adef,e1aa3172-d55e-3a49-abc4-9ddac501d131,7ee45009-6bc2-4a26-9b83-a3b07c70a3f6,nycmesh-1934-olt-131-460,32e12ec3-7681-4011-afcc-38eb2a30adef,131-16E,40.716142,-73.98448,14.0,10.0,40.716364,-73.985193,-3492.0,5.0,64.96443791683336,,,5.0,-14.0,
2026-01-07T19:37:44,6c7c7fb3-55c1-4493-b96d-bd0bd2282db2_daa0f02b-e292-4a8e-afd6-79c07f94df0e,e1b76df6-f58d-3d2c-b16f-885ed1db9865,6c7c7fb3-55c1-4493-b96d-bd0bd2282db2,nycmesh-1933-east-s2,daa0f02b-e292-4a8e-afd6-79c07f94df0e,nycmesh-lbe-2741,40.715467,-73.984401,,97.0,40.718978,-73.958505,,8.0,2217.1292980349895,5560.0,MHz,-66.0,-65.0,ap-ptmp-airmax-mixed
2026-01-07T19:37:44,ca7e20a7-1205-48e0-ad90-016e18454dfa_4acc0ba3-6cdd-4ff1-876c-7daf051a7090,e1c7431a-8075-3d41-a395-95fc95552375,ca7e20a7-1205-48e0-ad90-016e18454dfa,nycmesh-5712-south,4acc0ba3-6cdd-4ff1-876c-7daf051a7090,nycmesh-lbe-????,40.736717,-73.95465,6.0,10.0,40.7367,-73.9547,6.0,5.0,1.0,5510.0,MHz,-55.0,-55.0,ap-ptmp-airmax-mixed
2026-01-07T19:37:44,7ee45009-6bc2-4a26-9b83-a3b07c70a3f6_f2d71552-eefc-4cdb-b6e9-409a21f5ec40,e1cd17df-1708-3bab-bde4-7b4410c8e73c,7ee45009-6bc2-4a26-9b83-a3b07c70a3f6,nycmesh-1934-olt-131-460,f2d71552-eefc-4cdb-b6e9-409a21f5ec40,131-10C,40.716142,-73.98448,14.0,10.0,40.716364,-73.985193,-3492.0,5.0,64.96443791683336,,,5.0,-27.0,
2026-01-07T19:37:44,06617725-87b2-45e8-8962-30497e654509_f50f041f-57f2-4971-9369-cb9229d29d5a,e1faa345-a206-3e68-8207-9b0e846a1fdc,06617725-87b2-45e8-8962-30497e654509,nycmesh-730-olt-xgs,f50f041f-57f2-4971-9369-cb9229d29d5a,730-07G,40.844422,-73.893677,,69.000015,40.844422,-73.893677,,5.0,0.0,,,5.0,-16.0,
2026-01-07T19:37:44,410e7a1a-6871-4503-af61-948085e2b584_12631192-aeb5-4712-8b32-5fb7ff8eb7fd,e1ff46e0-849f-43dc-a3d7-8b8056cbd9cf,410e7a1a-6871-4503-af61-948085e2b584,nycmesh-642-lbe-641,12631192-aeb5-4712-8b32-5fb7ff8eb7fd,nycmesh-642-np7r-1,40.798004,-73.934684,,10.0,40.798004,-73.934684,,10.0,0.0,,,-36.0,-54.0,sta-ptp
2026-01-07T19:37:44,ed2ba00d-f21e-4da1-96b5-890bb6510dab_2d099bbc-4f18-4748-8d82-9fb9eccd2bcf,e20028a5-f8a6-3ee6-9e3b-5c2e5587d933,ed2ba00d-f21e-4da1-96b5-890bb6510dab,nycmesh-5916-northeast,2d099bbc-4f18-4748-8d82-9fb9eccd2bcf,nycmesh-lbe-573,40.696038,-73.939764,,67.46,40.696,-73.9398,23.0,5.0,1.0,5550.0,MHz,-64.0,-64.0,ap-ptmp-airmax-mixed
2026-01-07T19:37:44,4a6f43ed-ac8b-41c6-867b-e893d9737c31_9be9789a-10d5-4029-b462-f304491d72f1,e227892e-ddf2-367c-af56-4d33849cbdb8,4a6f43ed-ac8b-41c6-867b-e893d9737c31,nycmesh-1936-olt-xgs-165,9be9789a-10d5-4029-b462-f304491d72f1,1936-09F,40.716797,-73.985577,,10.0,40.716797,-73.985577,,5.0,0.0,,,2.0,-16.0,
2026-01-07T19:37:44,8eb38560-4949-4079-8f3f-256e91fe17ad_37f616cf-9ec8-4fa8-bcf0-b2140fa11c51,e246645d-0280-47e4-ad2c-bd69286297e4,8eb38560-4949-4079-8f3f-256e91fe17ad,nycmesh-lbe-2482,37f616cf-9ec8-4fa8-bcf0-b2140fa11c51,nycmesh-2482-omni,40.699705,-73.924278,23.0,10.0,40.699705,-73.924278,,10.0,0.0,,,-61.0,-65.0,sta-ptmp
2026-01-07T19:37:44,7ee45009-6bc2-4a26-9b83-a3b07c70a3f6_ddf2a184-0642-4850-b1be-974f0256e08e,e2f9c848-9889-39e6-9d4a-f477f8144380,7ee45009-6bc2-4a26-9b83-a3b07c70a3f6,nycmesh-1934-olt-131-460,ddf2a184-0642-4850-b1be-974f0256e08e,460-03E,40.716142,-73.98448,14.0,10.0,40.715645,-73.984543,13.0,5.0,55.51836572683728,,,4.0,-17.0,
2026-01-07T19:37:44,06617725-87b2-45e8-8962-30497e654509_725bce77-a3aa-412f-b22a-c80245130dcf,e3043d6a-1b9e-33f1-bb3d-349bce0c279d,06617725-87b2-45e8-8962-30497e654509,nycmesh-730-olt-xgs,725bce77-a3aa-412f-b22a-c80245130dcf,730-06K,40.844422,-73.893677,,69.000015,40.844422,-73.893677,,5.0,0.0,,,4.0,-17.0,
2026-01-07T19:37:44,06617725-87b2-45e8-8962-30497e654509_4b197396-b205-4a6a-9654-79a8d22d683f,e321e2ff-adc3-3462-b71e-9420c991c20e,06617725-87b2-45e8-8962-30497e654509,nycmesh-730-olt-xgs,4b197396-b205-4a6a-9654-79a8d22d683f,730-09J,40.844422,-73.893677,,69.000015,40.844422,-73.893677,,5.0,0.0,,,3.0,-14.0,
2026-01-07T19:37:44,e733efb4-d12c-47ea-84e6-9309dd66d12b_b2541ea5-c196-4282-94d3-1d30de0e1c9e,e337abad-1e79-3058-a970-a875e5ba1d23,e733efb4-d12c-47ea-84e6-9309dd66d12b,nycmesh-2463-northwest,b2541ea5-c196-4282-94d3-1d30de0e1c9e,nycmesh-lbe-374,40.719898,-73.988024,11.0,8.0,40.719897625,-73.98805175,,5.0,2.0,5710.0,MHz,-55.0,-54.0,ap-ptmp-airmax-ac
2026-01-07T19:37:44,f216b7a5-c725-4698-9f2a-9ef63baa545a_9db264a2-e7f1-4d97-8107-34d2999f0c8f,e39b60ba-a08d-479e-9193-fcddc58731af,f216b7a5-c725-4698-9f2a-9ef63baa545a,nycmesh-255-core,9db264a2-e7f1-4d97-8107-34d2999f0c8f,nycmesh-lbe-255,40.71781,-73.943489,,10.0,40.7179,-73.9436,11.0,10.0,146.0,,,-51.0,-51.0,sta-ptmp
2026-01-07T19:37:44,3e851429-ccde-4c56-a1b7-019e49194141_fc3a33b3-cdfd-46bc-8a6f-34905aabaeeb,e3b4e233-530e-3dd0-bef8-b27d3702bcdc,3e851429-ccde-4c56-a1b7-019e49194141,nycmesh-227-ps5ac-northeast2,fc3a33b3-cdfd-46bc-8a6f-34905aabaeeb,nycmesh-lbe-679,40.711065,-74.001308,,158.0,40.711814,-73.993791,10.0,8.0,1.0,5820.0,MHz,-88.0,-73.0,ap-ptmp-airmax-mixed
2026-01-07T19:37:44,4a6f43ed-ac8b-41c6-867b-e893d9737c31_07580411-1653-4d40-b115-1aea47357584,e3c8e847-40f7-3e06-8292-b12fbedeacaa,4a6f43ed-ac8b-41c6-867b-e893d9737c31,nycmesh-1936-olt-xgs-165,07580411-1653-4d40-b115-1aea47357584,1936-13H,40.716797,-73.985577,,10.0,40.716797,-73.985577,,5.0,0.0,,,,,
2026-01-07T19:37:44,cd815a56-612a-46a9-ae87-b80aab35730b_ec8343c4-a678-46c6-adef-fe74325a3c8f,e3d4f0df-4193-3efd-95b1-2694dd59709c,cd815a56-612a-46a9-ae87-b80aab35730b,nycmesh-3461-olt,ec8343c4-a678-46c6-adef-fe74325a3c8f,3461-15J,40.672531,-73.964197,,60.95,40.672531,-73.964197,,5.0,0.0,,,2.0,-22.0,
2026-01-07T19:37:44,9b49571b-b55b-4639-9e68-2dc112b4b3e5_e36b38eb-84f2-415c-a10c-6590c5f05c9f,e3e4f828-7c4b-4caa-b1b2-c8ee37a02d24,9b49571b-b55b-4639-9e68-2dc112b4b3e5,nycmesh-lbelr-168,e36b38eb-84f2-415c-a10c-6590c5f05c9f,nycmesh-168-omni,40.709792,-73.958118,,10.0,40.709885,-73.958033,,10.0,12.580500687565387,,,-67.0,-64.0,sta-ptmp
2026-01-07T19:37:44,0f63bab3-f3aa-4756-84ee-6e00e6664532_1bd429f2-eb56-45d8-8b52-2a08fcea05e3,e3f6a592-d3f1-31b1-b4d5-669f2cffaa38,0f63bab3-f3aa-4756-84ee-6e00e6664532,nycmesh-632-south,1bd429f2-eb56-45d8-8b52-2a08fcea05e3,nycmesh-1084-lbelr,40.734319,-73.950321,,40.0,40.729552,-73.945949,4.0,8.0,685.0,5510.0,MHz,-59.0,-59.0,ap-ptmp-airmax-mixed
2026-01-07T19:37:44,7ff31813-0a6d-4bfd-81df-7386cde7bd4c_33d81a42-e8f8-4b10-893d-69fdced52831,e4121100-dbce-3f98-b4b3-1883f5ca2785,7ff31813-0a6d-4bfd-81df-7386cde7bd4c,nycmesh-1340-north,33d81a42-e8f8-4b10-893d-69fdced52831,nycmesh-lbe-5588,40.686016,-73.917493,,12.93,40.685823,-73.917272,,25.01,1.0,5490.0,MHz,-55.0,-58.0,ap-ptmp-airmax-mixed
2026-01-07T19:37:44,029b9158-d691-4968-a7b3-7ffbe1ae03d3_7cf28f55-4062-4cfa-818f-376ecf4280ce,e42f62b2-da1e-331c-9036-47c87dfc3e0d,029b9158-d691-4968-a7b3-7ffbe1ae03d3,nycmesh-3461-northwest,7cf28f55-4062-4cfa-818f-376ecf4280ce,nycmesh-lbe-185,40.672685,-73.96386,,60.95,40.6725,-73.9642,,5.0,35.28977579122606,5510.0,MHz,-67.0,-58.0,ap-ptmp
2026-01-07T19:37:44,4a6f43ed-ac8b-41c6-867b-e893d9737c31_e381f019-611c-49a0-ab9e-f13a22fbe1bb,e43b7a2f-d9da-3422-8524-62cdbd02ed90,4a6f43ed-ac8b-41c6-867b-e893d9737c31,nycmesh-1936-olt-xgs-165,e381f019-611c-49a0-ab9e-f13a22fbe1bb,1936-11O,40.716797,-73.985577,,10.0,40.716797,-73.985577,,5.0,0.0,,,3.0,-21.0,
2026-01-07T19:37:44,a57ddde1-6fff-463a-bbee-cbe90258daa6_7f39bc15-e877-4d19-bf42-881e80c9efb2,e44ed401-6d6a-376d-b17b-f748b5bc8fea,a57ddde1-6fff-463a-bbee-cbe90258daa6,nycmesh-1932-olt-410,7f39bc15-e877-4d19-bf42-881e80c9efb2,410-12G,40.716098,-73.985997,14.0,100.32,40.716338,-73.986263,14.0,5.0,34.85361611376818,,,4.0,-16.0,
2026-01-07T19:37:44,3e851429-ccde-4c56-a1b7-019e49194141_47aecf74-f46f-473c-ba48-9644569fed57,e45c1201-1622-3ce2-8351-73d1745ab087,3e851429-ccde-4c56-a1b7-019e49194141,nycmesh-227-ps5ac-northeast2,47aecf74-f46f-473c-ba48-9644569fed57,nycmesh-lbe-652,40.711065,-74.001308,,158.0,40.714185,-73.99044,10.0,8.0,1.0,5820.0,MHz,-61.0,-47.0,ap-ptmp-airmax-mixed
2026-01-07T19:37:44,ed2ba00d-f21e-4da1-96b5-890bb6510dab_288684df-9bd1-445d-9f7d-02179f941e8f,e45ce634-3a65-3310-91e0-7e27f8396237,ed2ba00d-f21e-4da1-96b5-890bb6510dab,nycmesh-5916-northeast,288684df-9bd1-445d-9f7d-02179f941e8f,nycmesh-lbe-627,40.696038,-73.939764,,67.46,40.696,-73.9398,23.0,5.0,1.0,5550.0,MHz,-56.0,-55.0,ap-ptmp-airmax-mixed
2026-01-07T19:37:44,0a4826cf-66e1-4142-b020-06a7b5955438_1e8495a2-af31-41f9-b5c3-1fa80d31a72c,e4863b5b-4353-456c-a878-7f11176069d3,0a4826cf-66e1-4142-b020-06a7b5955438,nycmesh-2463-core1,1e8495a2-af31-41f9-b5c3-1fa80d31a72c,nycmesh-2463-lhg60-407,40.719898,-73.988024,11.0,8.0,40.719898,-73.988024,11.0,8.0,0.0,,,,,
2026-01-07T19:37:44,9966657d-2a58-4975-8e77-06ce971c9667_fd252d47-7983-49dd-a163-2fdf0bb55789,e4b4601b-af89-43cd-9e54-4f7e3058d579,9966657d-2a58-4975-8e77-06ce971c9667,nycmesh-lbe-1779,fd252d47-7983-49dd-a163-2fdf0bb55789,nycmesh-1779-omni,40.694,-73.955,23.0,25.0,40.69404,-73.954797,,25.0,17.683088889342706,,,-58.0,-60.0,sta-ptmp
2026-01-07T19:37:44,4a6f43ed-ac8b-41c6-867b-e893d9737c31_00a5cb0c-96c1-4838-8b5b-bcfd117a74df,e4cb9178-5ab6-350f-85c7-8a62f3056ef2,4a6f43ed-ac8b-41c6-867b-e893d9737c31,nycmesh-1936-olt-xgs-165,00a5cb0c-96c1-4838-8b5b-bcfd117a74df,1936-14D,40.716797,-73.985577,,10.0,40.716797,-73.985577,,5.0,0.0,,,,,
2026-01-07T19:37:44,7bfb4d7a-a78e-4620-a084-4d420a9d8c51_9cd5b587-9b60-455c-b65b-641c2a3c2e0c,e4cf26b5-2540-3836-9413-1bfa3c598a5f,7bfb4d7a-a78e-4620-a084-4d420a9d8c51,nycmesh-5916-south2,9cd5b587-9b60-455c-b65b-641c2a3c2e0c,nycmesh-lbe-358,40.696048,-73.939788,,67.46,40.696038,-73.939764,23.0,5.0,1.0,5550.0,MHz,-70.0,-65.0,ap-ptmp-airmax-mixed
2026-01-07T19:37:44,7ee45009-6bc2-4a26-9b83-a3b07c70a3f6_70e9f167-b1be-4b41-add4-5dea4b1008f9,e5136d86-7879-34a7-85f8-b5606f34b1c8,7ee45009-6bc2-4a26-9b83-a3b07c70a3f6,nycmesh-1934-olt-131-460,70e9f167-b1be-4b41-add4-5dea4b1008f9,460-02G,40.716142,-73.98448,14.0,10.0,40.715645,-73.984543,13.0,5.0,55.51836572683728,,,4.0,-18.0,
2026-01-07T19:37:44,2ebb04ae-b235-4368-88fc-57c18ca85562_2dd722be-1425-4e1c-b356-2b626ab7e864,e524a59c-4e9a-438c-b79c-d7f27d928409,2ebb04ae-b235-4368-88fc-57c18ca85562,nycmesh-227-af24-1932,2dd722be-1425-4e1c-b356-2b626ab7e864,nycmesh-227-eps16,40.711098,-74.001289,,161.544,40.710886,-74.001202,10.0,161.544,24.68752273134601,,,-59.0,-54.0,sta-ptp
2026-01-07T19:37:44,b9c2b771-359e-48c3-8f58-f02ed9f66afe_7a14c2c0-c86e-4c39-9893-d9647bfca871,e5622abf-27a4-3362-a9ef-0e7d564d46f3,b9c2b771-359e-48c3-8f58-f02ed9f66afe,nycmesh-2463-northeast,7a14c2c0-c86e-4c39-9893-d9647bfca871,nycmesh-lbe-4697,40.719898,-73.988024,11.0,8.0,40.7199,-73.9881,,5.0,2.0,5770.0,MHz,-68.0,-58.0,ap-ptmp-airmax-ac
2026-01-07T19:37:44,7ee45009-6bc2-4a26-9b83-a3b07c70a3f6_18db1df5-d7ce-4f22-b813-3422de6a7f35,e56d7e83-7a7a-39cb-9105-d19d00724b7d,7ee45009-6bc2-4a26-9b83-a3b07c70a3f6,nycmesh-1934-olt-131-460,18db1df5-d7ce-4f22-b813-3422de6a7f35,131-25D,40.716142,-73.98448,14.0,10.0,40.716364,-73.985193,-3492.0,5.0,64.96443791683336,,,,,
2026-01-07T19:37:44,c6e5cad9-95d0-4440-86ce-65437fede532_1d6f2385-7b1b-4ba8-9af6-4365a586315a,e589be43-cad8-31ab-916b-baca64351f6d,c6e5cad9-95d0-4440-86ce-65437fede532,nycmesh-sn3-north,1d6f2385-7b1b-4ba8-9af6-4365a586315a,nycmesh-lbe-526,40.6579,-74.0049,,45.32,40.6578,-74.0048,5.0,5.0,1.0,5560.0,MHz,-57.0,-56.0,ap-ptmp-airmax-mixed
2026-01-07T19:37:44,4a6f43ed-ac8b-41c6-867b-e893d9737c31_6a2b93ff-99d9-43ba-9663-5cc095207c23,e5a8f13a-5e71-358f-ba25-92b3a709c4fc,4a6f43ed-ac8b-41c6-867b-e893d9737c31,nycmesh-1936-olt-xgs-165,6a2b93ff-99d9-43ba-9663-5cc095207c23,1936-04B,40.716797,-73.985577,,10.0,40.716797,-73.985577,,5.0,0.0,,,4.0,-16.0,
2026-01-07T19:37:44,d648e07b-d5a7-441b-9155-ace2f2dd93d8_45c5e9df-5627-4924-ae29-f1c206f5833f,e5d675a5-d2d4-4190-94c2-11af9debc9ed,d648e07b-d5a7-441b-9155-ace2f2dd93d8,nycmesh-584-netpower16p-roof,45c5e9df-5627-4924-ae29-f1c206f5833f,nycmesh-584-lap120-east,40.79355,-73.965641,,10.0,40.793633,-73.965766,,10.0,13.996655607547194,,,,,ap-ptmp-airmax-ac
2026-01-07T19:37:44,7ee45009-6bc2-4a26-9b83-a3b07c70a3f6_380a1f6a-e722-4820-951c-c7942aba99c3,e5ea2253-2761-3749-8eb4-dfa1ff8c5aa3,7ee45009-6bc2-4a26-9b83-a3b07c70a3f6,nycmesh-1934-olt-131-460,380a1f6a-e722-4820-951c-c7942aba99c3,131-12A,40.716142,-73.98448,14.0,10.0,40.716098,-73.985997,-3492.0,5.0,127.94677523749921,,,2.0,-25.0,
2026-01-07T19:37:44,001161b2-4033-45a3-a05f-06a6efa60b18_7ce73a01-b919-430b-b17c-e6b82ff3cb27,e5fc0854-1b5c-3823-8d20-a73cc810cc25,001161b2-4033-45a3-a05f-06a6efa60b18,nycmesh-511-west,7ce73a01-b919-430b-b17c-e6b82ff3cb27,nycmesh-lbe-802,40.70538,-73.930575,,24.0,40.703066,-73.930812,,5.0,1.0,5505.0,MHz,-58.0,-66.0,ap-ptmp-airmax-mixed
2026-01-07T19:37:44,06617725-87b2-45e8-8962-30497e654509_88eb6afb-17ac-4311-ab39-bd55a869ed8b,e60510bf-6bcb-3a28-a3b7-b438acac9052,06617725-87b2-45e8-8962-30497e654509,nycmesh-730-olt-xgs,88eb6afb-17ac-4311-ab39-bd55a869ed8b,730-03K 70:a7:41:3e:d8:4d,40.844422,-73.893677,,69.000015,40.844422,-73.893677,,5.0,0.0,,,5.0,-15.0,
2026-01-07T19:37:44,ed2ba00d-f21e-4da1-96b5-890bb6510dab_8eb38560-4949-4079-8f3f-256e91fe17ad,e63fd768-2ad7-3418-98c8-33697b564dcb,ed2ba00d-f21e-4da1-96b5-890bb6510dab,nycmesh-5916-northeast,8eb38560-4949-4079-8f3f-256e91fe17ad,nycmesh-lbe-2482,40.696038,-73.939764,,67.46,40.699705,-73.924278,23.0,10.0,1367.0,5550.0,MHz,-61.0,-65.0,ap-ptmp-airmax-mixed
2026-01-07T19:37:44,152f92e3-ae69-4875-9bff-51ce135ed453_f69bef22-4327-47d2-b232-8253e04845d3,e66b6971-984b-46f1-95ac-46216c9d2010,152f92e3-ae69-4875-9bff-51ce135ed453,nycmesh-231-netpower16p,f69bef22-4327-47d2-b232-8253e04845d3,nycmesh-231-af60hd-333,40.645835,-74.013376,,10.0,40.646015,-74.013717,,39.0,35.047232327856086,,,-56.0,-51.0,ap-ptp
2026-01-07T19:37:44,6f3a0d1b-b72c-445b-91fe-dcb9ed28f2ac_478a956d-2111-4834-b7d4-ee723da569cf,e67217b8-97ba-4a78-80b5-0a7e7c33a84c,6f3a0d1b-b72c-445b-91fe-dcb9ed28f2ac,nycmesh-632-eps16,478a956d-2111-4834-b7d4-ee723da569cf,nycmesh-632-gbep-1084,40.734646,-73.95053,,37.0,40.734646,-73.95053,,37.0,0.0,,,,,ap-ptp
2026-01-07T19:37:44,94802f4b-dd73-4924-88b4-553ea777fd89_e2fad006-b6bd-4509-925b-cf2d48ee8323,e67d480a-fd10-37e6-a933-6d000d3bce78,94802f4b-dd73-4924-88b4-553ea777fd89,nycmesh-162-north,e2fad006-b6bd-4509-925b-cf2d48ee8323,nycmesh-lbe-889,40.664997,-73.990543,,40.0,40.665,-73.9906,,5.0,3.0,5810.0,MHz,-49.0,-48.0,ap-ptmp
2026-01-07T19:37:44,d14a79df-ca26-408f-8dc8-4a73585d167a_4a13c690-00f6-4443-aaba-427c4132417c,e69e45c2-08f3-3a1c-a908-2c8588398eee,d14a79df-ca26-408f-8dc8-4a73585d167a,nycmesh-3461-southeast,4a13c690-00f6-4443-aaba-427c4132417c,nycmesh-lbe-676,40.672531,-73.964197,,60.95,40.6725,-73.9642,,5.0,3.4563153488510543,5710.0,MHz,-64.0,-67.0,ap-ptmp-airmax-mixed
2026-01-07T19:37:44,a03f429f-0051-4bd1-8d7f-661e9bcd11ba_38122aba-b911-472c-a296-dd70eac22550,e6d59caf-e790-4267-9083-eae1b14b07c8,a03f429f-0051-4bd1-8d7f-661e9bcd11ba,nycmesh-sn3-n3k,38122aba-b911-472c-a296-dd70eac22550,nycmesh-sn3-edge2n,40.657782,-74.004848,,45.32,40.657782,-74.004848,,45.32,0.0,,,,,
2026-01-07T19:37:44,ed30f3c1-7042-42af-b8c5-035d1c329559_933b9f9c-7734-4a9f-9e25-15d51c49c2a5,e6fe1b59-8b83-4886-ac6b-be09db3b7c0e,ed30f3c1-7042-42af-b8c5-035d1c329559,nycmesh-2282-eps16,933b9f9c-7734-4a9f-9e25-15d51c49c2a5,nycmesh-2282-northwest,40.682995,-73.993789,13.0,18.29,40.683057,-73.99387,13.0,36.0,9.704567060850136,,,-61.0,-56.0,ap-ptmp
2026-01-07T19:37:44,f4efb67c-1414-4abb-a8ab-1d8f06884bcf_595ecb28-d306-4b59-8825-ae5bd9f704ae,e723c178-ede6-4fa0-bed8-11a99d5a3c46,f4efb67c-1414-4abb-a8ab-1d8f06884bcf,nycmesh-1933-netpower16p,595ecb28-d306-4b59-8825-ae5bd9f704ae,nycmesh-1933-waveap-northeast,40.715467,-73.984401,,97.0,40.715648,-73.984369,,107.1,20.30618087877956,,,-62.0,-61.0,ap-ptmp
2026-01-07T19:37:44,12010c8c-9f46-4e45-81e4-62d7090fbcd5_cd0d4bd8-d34e-4dce-862b-50ee01d6f30b,e81b4886-f3ca-39b3-8cdf-0247e022970d,12010c8c-9f46-4e45-81e4-62d7090fbcd5,nycmesh-1340-east,cd0d4bd8-d34e-4dce-862b-50ee01d6f30b,nycmesh-lbe-1533,40.686016,-73.917493,,53.3,40.685823,-73.917272,,25.01,1.0,5560.0,MHz,-70.0,-68.0,ap-ptmp-airmax-mixed
2026-01-07T19:37:44,4a6f43ed-ac8b-41c6-867b-e893d9737c31_86e31282-9f76-4f4c-a9cf-268664df9e8d,e85cfe46-b87e-3e14-98f4-e0eee16519d4,4a6f43ed-ac8b-41c6-867b-e893d9737c31,nycmesh-1936-olt-xgs-165,86e31282-9f76-4f4c-a9cf-268664df9e8d,1936-07J,40.716797,-73.985577,,10.0,40.716797,-73.985577,,5.0,0.0,,,3.0,-17.0,
2026-01-07T19:37:44,7ee45009-6bc2-4a26-9b83-a3b07c70a3f6_522ec879-94d3-44cf-a997-344588cc4420,e8804c9a-f238-3656-a171-6248458aac9e,7ee45009-6bc2-4a26-9b83-a3b07c70a3f6,nycmesh-1934-olt-131-460,522ec879-94d3-44cf-a997-344588cc4420,460-25G,40.716142,-73.98448,14.0,10.0,40.715564,-73.984569,13.0,5.0,64.70690342261612,,,1.0,-26.0,
2026-01-07T19:37:44,6c0254eb-876a-499e-8d22-ac3e317703a0_ef47c82e-ec64-492e-ab2a-93e6a45d6cbc,e88a9ae8-ad65-448d-a834-6e523fa69f60,6c0254eb-876a-499e-8d22-ac3e317703a0,nycmesh-2299-core,ef47c82e-ec64-492e-ab2a-93e6a45d6cbc,nycmesh-2299-eps16,40.861367,-73.907738,,10.0,40.861367,-73.907738,,10.0,0.0,,,,,
2026-01-07T19:37:44,0715d663-ccef-476c-abc5-8c5253c74abe_892ab773-a541-4d70-a7d3-5db85e0b87b2,e88d9a1e-003c-440a-a490-4bd378503cab,0715d663-ccef-476c-abc5-8c5253c74abe,nycmesh-552-omni,892ab773-a541-4d70-a7d3-5db85e0b87b2,nycmesh-552-core,40.649506,-74.003566,,30.0,40.649506,-74.003566,,30.0,0.0,,,,,
2026-01-07T19:37:44,4a6f43ed-ac8b-41c6-867b-e893d9737c31_d7613429-9eac-46d1-82f2-2e5559e87f3b,e8b57e93-3bef-3117-a029-8c6e476ce861,4a6f43ed-ac8b-41c6-867b-e893d9737c31,nycmesh-1936-olt-xgs-165,d7613429-9eac-46d1-82f2-2e5559e87f3b,1936-09A,40.716797,-73.985577,,10.0,40.716797,-73.985577,,5.0,0.0,,,2.0,-15.0,
2026-01-07T19:37:44,d4eef81f-23a8-4247-8100-ca9c55f131be_b5e0302a-3ebf-46fc-be0e-1819dbe46b70,e8bc7795-515a-44ae-b4e7-5d2a82590d92,d4eef81f-23a8-4247-8100-ca9c55f131be,nycmesh-527-force6g-648,b5e0302a-3ebf-46fc-be0e-1819dbe46b70,nycmesh-648-force6g-527,40.635004,-73.950213,,10.0,40.639719,-73.995809,,25.0,3882.9442959420703,,,,,
2026-01-07T19:37:44,3e851429-ccde-4c56-a1b7-019e49194141_344946b0-6ce9-418f-8b9c-cc3a95b480d2,e91035bb-6991-3393-9199-5c213adf0bdd,3e851429-ccde-4c56-a1b7-019e49194141,nycmesh-227-ps5ac-northeast2,344946b0-6ce9-418f-8b9c-cc3a95b480d2,nycmesh-lbe-3004,40.711065,-74.001308,,158.0,40.713352,-73.992142,10.0,8.0,1.0,5820.0,MHz,-58.0,-47.0,ap-ptmp-airmax-mixed
2026-01-07T19:37:44,7b044371-6cb5-46cb-992b-f6cba37500e7_a2f78e65-e3b4-46d6-94b5-577c5423dac1,e91ca8a4-9b46-3301-aeba-2f3959ebef48,7b044371-6cb5-46cb-992b-f6cba37500e7,nycmesh-227-ps5ac-northeast1,a2f78e65-e3b4-46d6-94b5-577c5423dac1,nycmesh-lbe-3531,40.710886,-74.001202,,161.544,40.7109,-74.0012,10.0,8.0,1.0,5305.0,MHz,-65.0,-60.0,ap-ptmp-airmax-mixed
2026-01-07T19:37:44,364be131-f66e-4fd3-bcb2-1671f961e31c_d58653c2-3737-4371-9909-9e9044c8bbfd,e9222097-31c1-4cc6-a82f-7db84b77167f,364be131-f66e-4fd3-bcb2-1671f961e31c,nycmesh-5916-core,d58653c2-3737-4371-9909-9e9044c8bbfd,nycmesh-5916-netpower16p,40.696038,-73.939764,,67.46,40.696038,-73.939764,,67.46,0.0,,,,,
2026-01-07T19:37:44,c82bb62b-ddf2-4011-8556-12b170f43ef2_6f99f68b-0866-420c-b7e1-c44c0957722c,e991a701-4273-3af7-b4e2-9db73d092ba2,c82bb62b-ddf2-4011-8556-12b170f43ef2,nycmesh-1340-west,6f99f68b-0866-420c-b7e1-c44c0957722c,nycmesh-lbe-4706,40.686016,-73.917493,,53.3,40.685823,-73.917272,,25.01,1.0,5560.0,MHz,-69.0,-69.0,ap-ptmp-airmax-mixed
2026-01-07T19:37:44,7da835e9-e0b3-4ad0-ba3e-6374e740f6b8_2e8bf071-3a54-453e-a8c8-a068bdfe86d5,e99472a6-b76f-3aa7-83f1-7493a40ac7ce,7da835e9-e0b3-4ad0-ba3e-6374e740f6b8,nycmesh-329-west,2e8bf071-3a54-453e-a8c8-a068bdfe86d5,nycmesh-lbe-7674,40.717473,-73.941814,11.0,8.0,40.7174547,-73.941827257951,,5.0,2.0,5815.0,MHz,-66.0,-71.0,ap-ptmp-airmax-ac
2026-01-07T19:37:44,154c26fb-cfeb-494c-979a-dccbe0e53da0_cfe24f59-82b1-4695-bdbc-bd50161dcadf,e9c8a935-3eda-4988-85ee-53195f158e60,154c26fb-cfeb-494c-979a-dccbe0e53da0,nycmesh-4126-np16,cfe24f59-82b1-4695-bdbc-bd50161dcadf,nycmesh-4126-west,40.692245,-73.954483,,10.0,40.692245,-73.954483,,10.0,0.0,,,,,ap-ptmp-airmax-mixed
2026-01-07T19:37:44,7ee45009-6bc2-4a26-9b83-a3b07c70a3f6_150f40d0-4aa0-406d-9c4e-aa7b6a7c4a94,ea1ef8a6-0c93-367d-8c77-31eb3b41c009,7ee45009-6bc2-4a26-9b83-a3b07c70a3f6,nycmesh-1934-olt-131-460,150f40d0-4aa0-406d-9c4e-aa7b6a7c4a94,460-04A,40.716142,-73.98448,14.0,10.0,40.715564,-73.984569,13.0,5.0,64.70690342261612,,,2.0,-19.0,
2026-01-07T19:37:44,4a6f43ed-ac8b-41c6-867b-e893d9737c31_aaa5cba6-008b-42c3-a76a-d734ddba2445,ea7beb97-32fc-38eb-911d-f0e7f752d73e,4a6f43ed-ac8b-41c6-867b-e893d9737c31,nycmesh-1936-olt-xgs-165,aaa5cba6-008b-42c3-a76a-d734ddba2445,1936-12J,40.716797,-73.985577,,10.0,40.716797,-73.985577,,5.0,0.0,,,4.0,-16.0,
2026-01-07T19:37:44,ddcb391e-dea9-4638-91ff-a60c5a653e7b_254bba31-8111-42c4-9d69-c9ba7be50e14,ea7c7a2d-3d7b-45a1-886f-fded21c52048,ddcb391e-dea9-4638-91ff-a60c5a653e7b,nycmesh-1971-omni,254bba31-8111-42c4-9d69-c9ba7be50e14,nycmesh-1971-lbe-407,40.712811,-73.994744,10.0,30.0,40.712811,-73.994744,10.0,30.0,372.0,,,-61.0,-66.0,sta-ptp
2026-01-07T19:37:44,4a6f43ed-ac8b-41c6-867b-e893d9737c31_97442fe8-9dc0-4bde-8ec4-53427ea8f8de,ea816e2e-21df-3ed1-ba71-c39061af4f66,4a6f43ed-ac8b-41c6-867b-e893d9737c31,nycmesh-1936-olt-xgs-165,97442fe8-9dc0-4bde-8ec4-53427ea8f8de,1936-13O,40.716797,-73.985577,,10.0,40.716797,-73.985577,,5.0,0.0,,,4.0,-19.0,
2026-01-07T19:37:44,4a6f43ed-ac8b-41c6-867b-e893d9737c31_18e15c50-b774-4d93-a96e-1a7a297b3ed4,eaa87d62-3a17-3701-aa63-32eb7ae4ea38,4a6f43ed-ac8b-41c6-867b-e893d9737c31,nycmesh-1936-olt-xgs-165,18e15c50-b774-4d93-a96e-1a7a297b3ed4,1936-10F,40.716797,-73.985577,,10.0,40.716797,-73.985577,,5.0,0.0,,,5.0,-17.0,
2026-01-07T19:37:44,06617725-87b2-45e8-8962-30497e654509_3c255f16-ec18-4258-a78d-5e327357e0fc,eab4b80e-95ee-36ae-8399-4bc6446a477f,06617725-87b2-45e8-8962-30497e654509,nycmesh-730-olt-xgs,3c255f16-ec18-4258-a78d-5e327357e0fc,730-11D,40.844422,-73.893677,,69.000015,40.844422,-73.893677,,5.0,0.0,,,4.0,-16.0,
2026-01-07T19:37:44,09e53032-ef9d-4449-acaa-147a45b1deb9_ea210941-e790-49db-9370-b5191ba2adbc,eacd5c1a-c58e-499e-aa93-6dc92ff50217,09e53032-ef9d-4449-acaa-147a45b1deb9,nycmesh-486-south,ea210941-e790-49db-9370-b5191ba2adbc,nycmesh-486-omni,40.658948,-73.96112,,10.0,40.658948,-73.96112,,10.0,0.0,,,-59.0,-56.0,ap-ptmp-airmax-mixed
2026-01-07T19:37:44,933b9f9c-7734-4a9f-9e25-15d51c49c2a5_4ab9cef7-9de5-4482-80e5-830317dcebf0,eade1c1b-a905-3410-828f-1fc0de45941a,933b9f9c-7734-4a9f-9e25-15d51c49c2a5,nycmesh-2282-northwest,4ab9cef7-9de5-4482-80e5-830317dcebf0,nycmesh-lbe-513,40.683057,-73.99387,13.0,36.0,40.682995,-73.993789,13.0,5.0,1.0,5770.0,MHz,-61.0,-60.0,ap-ptmp
2026-01-07T19:37:44,5d3f50e7-31cd-45dc-8bb6-35eef8b03fe4_3692d735-2587-4d32-9bc5-5743d50b5af4,eb14c6a5-dcc5-3cf1-8355-e8c482ae8a94,5d3f50e7-31cd-45dc-8bb6-35eef8b03fe4,nycmesh-5916-south3,3692d735-2587-4d32-9bc5-5743d50b5af4,nycmesh-lbe-480,40.696038,-73.939764,,67.46,40.696038,-73.939764,23.0,5.0,1.0,5290.0,MHz,-62.0,-64.0,ap-ptmp-airmax-mixed
2026-01-07T19:37:44,6dfcfc62-6607-4238-a6e8-11e59af236df_7bfb4d7a-a78e-4620-a084-4d420a9d8c51,eb2dc1b9-35ef-4943-b092-225073eabbb9,6dfcfc62-6607-4238-a6e8-11e59af236df,nycmesh-5916-eps16,7bfb4d7a-a78e-4620-a084-4d420a9d8c51,nycmesh-5916-south2,40.696038,-73.939764,23.0,67.46,40.696048,-73.939788,,67.46,2.3087492112374726,,,,,ap-ptmp-airmax-mixed
2026-01-07T19:37:44,25a60c05-a427-4949-8429-622866062481_23bbd892-8091-4618-aca9-6f966a38ff96,eb478679-de3e-363d-893e-a5db5aab07a9,25a60c05-a427-4949-8429-622866062481,nycmesh-407-north,23bbd892-8091-4618-aca9-6f966a38ff96,nycmesh-lbe-918,40.713242,-73.990392,,11.42,40.7133,-73.9903,10.0,8.0,3.0,5505.0,MHz,-49.0,-47.0,ap-ptmp-airmax-mixed
2026-01-07T19:37:44,22f8a4e5-891d-48b9-a3b2-9808f9c3b977_dbe3a9ab-7927-46a2-8a46-e0cf12834422,ec563e3b-b75b-389d-9088-f358882d049b,22f8a4e5-891d-48b9-a3b2-9808f9c3b977,nycmesh-3461-northeast,dbe3a9ab-7927-46a2-8a46-e0cf12834422,nycmesh-lbe-583,40.672685,-73.96386,,60.95,40.6725,-73.9642,,5.0,35.28977579122606,5560.0,MHz,-62.0,-61.0,ap-ptmp-airmax-mixed
2026-01-07T19:37:44,f4efb67c-1414-4abb-a8ab-1d8f06884bcf_54942615-95be-4e77-9316-0f4789213aff,ec7f672d-5f87-4f30-ab82-8f440af7db58,f4efb67c-1414-4abb-a8ab-1d8f06884bcf,nycmesh-1933-netpower16p,54942615-95be-4e77-9316-0f4789213aff,nycmesh-1933-wavenano,40.715467,-73.984401,,97.0,40.71555,-73.984461,,110.2,1505.0,,,-63.0,-60.0,sta-ptmp
2026-01-07T19:37:44,ea829777-fdb9-4791-96a0-8027d0430ae3_d8bae6ba-fbca-4c96-8c92-4e82f316be05,ec861b98-81e8-45b6-a966-a72f0021463f,ea829777-fdb9-4791-96a0-8027d0430ae3,nycmesh-5014-np7,d8bae6ba-fbca-4c96-8c92-4e82f316be05,nycmesh-5014-powerbox,40.693819,-73.906361,,8.0,40.693819,-73.906361,,8.0,0.0,,,,,
2026-01-07T19:37:44,a57ddde1-6fff-463a-bbee-cbe90258daa6_be7c8ae0-a962-4529-bf29-486a99acaeb2,eccb5740-3218-3320-9c6f-c4dcb08bc400,a57ddde1-6fff-463a-bbee-cbe90258daa6,nycmesh-1932-olt-410,be7c8ae0-a962-4529-bf29-486a99acaeb2,410-05D,40.716098,-73.985997,14.0,100.32,40.716338,-73.986263,14.0,5.0,34.85361611376818,,,3.0,-25.0,
2026-01-07T19:37:44,001161b2-4033-45a3-a05f-06a6efa60b18_12c27b16-7594-4f3c-b969-8b3aa3d7b538,eced9abe-109c-3a92-9e3c-f901214525c4,001161b2-4033-45a3-a05f-06a6efa60b18,nycmesh-511-west,12c27b16-7594-4f3c-b969-8b3aa3d7b538,nycmesh-lbe-814,40.70538,-73.930575,,24.0,40.704377,-73.933647,,5.0,1.0,5505.0,MHz,-52.0,-56.0,ap-ptmp-airmax-mixed
2026-01-07T19:37:44,4a6f43ed-ac8b-41c6-867b-e893d9737c31_7efef66d-b612-4c1c-a6a0-da1852215b6d,ed66c574-80ed-393a-aed6-c0d344f6b417,4a6f43ed-ac8b-41c6-867b-e893d9737c31,nycmesh-1936-olt-xgs-165,7efef66d-b612-4c1c-a6a0-da1852215b6d,1936-11M,40.716797,-73.985577,,10.0,40.716797,-73.985577,,5.0,0.0,,,4.0,-16.0,
2026-01-07T19:37:44,72a884e4-54cb-460d-a754-69797cc2ac7b_e758d39f-f1b1-4fa7-ab61-7df192b3b2e3,edb31bb1-93f6-4d98-8b91-d9fffcb372f6,72a884e4-54cb-460d-a754-69797cc2ac7b,nycmesh-333-core,e758d39f-f1b1-4fa7-ab61-7df192b3b2e3,nycmesh-333-omni,40.647385,-74.013668,,10.0,40.647385,-74.013668,,10.0,0.0,,,,,
2026-01-07T19:37:44,7ee45009-6bc2-4a26-9b83-a3b07c70a3f6_92116732-936a-4de5-8fa9-449a1f9689dd,edd5448e-e850-3502-be22-f8f617d93746,7ee45009-6bc2-4a26-9b83-a3b07c70a3f6,nycmesh-1934-olt-131-460,92116732-936a-4de5-8fa9-449a1f9689dd,131-24G,40.716142,-73.98448,14.0,10.0,40.716364,-73.985193,-3492.0,5.0,64.96443791683336,,,1.0,-15.0,
2026-01-07T19:37:44,53a59f95-a0a1-41a5-89d8-ad48607fd039_b37a362b-665e-4c32-bfac-ea334365c602,ede0ee58-2650-43fb-bd6a-10b462ba79cf,53a59f95-a0a1-41a5-89d8-ad48607fd039,nycmesh-10-core1,b37a362b-665e-4c32-bfac-ea334365c602,nycmesh-730-core,40.741102,-74.002444,,10.0,40.844422,-73.893677,,69.000015,14691.08628178888,,,,,
2026-01-07T19:37:44,7ee45009-6bc2-4a26-9b83-a3b07c70a3f6_2d56dc4c-092a-40f5-91e9-5c2c3fa343c1,ee030290-15c5-3f52-821e-761496185d6a,7ee45009-6bc2-4a26-9b83-a3b07c70a3f6,nycmesh-1934-olt-131-460,2d56dc4c-092a-40f5-91e9-5c2c3fa343c1,460-08E,40.716142,-73.98448,14.0,10.0,40.715645,-73.984543,13.0,5.0,55.51836572683728,,,3.0,-24.0,
2026-01-07T19:37:44,2e7f84d3-0014-4810-908d-7f39bcc7b8ca_a9f54d81-3413-41ec-bf67-6ddf0666fa84,ee1575a3-b76a-47b1-89a9-003791df7134,2e7f84d3-0014-4810-908d-7f39bcc7b8ca,nycmesh-730-roof,a9f54d81-3413-41ec-bf67-6ddf0666fa84,nycmesh-730-eps16,40.844422,-73.893677,,69.000015,40.844422,-73.893677,,69.000015,0.0,,,,,
2026-01-07T19:37:44,4a6f43ed-ac8b-41c6-867b-e893d9737c31_0cfb4aab-738f-45b3-8da3-c4529731161a,ee22e62a-b70b-3f2a-8ea9-e3a36c97bf52,4a6f43ed-ac8b-41c6-867b-e893d9737c31,nycmesh-1936-olt-xgs-165,0cfb4aab-738f-45b3-8da3-c4529731161a,1936-11B,40.716797,-73.985577,,10.0,40.716797,-73.985577,,5.0,0.0,,,5.0,-17.0,
2026-01-07T19:37:44,4a6f43ed-ac8b-41c6-867b-e893d9737c31_fe9de87a-1493-48ec-88a2-5ba17292ce92,ee9ab970-9579-3155-bc0d-6b42fff1f1f6,4a6f43ed-ac8b-41c6-867b-e893d9737c31,nycmesh-1936-olt-xgs-165,fe9de87a-1493-48ec-88a2-5ba17292ce92,1936-14FLR_Switch,40.716797,-73.985577,,10.0,40.716797,-73.985577,,10.0,0.0,,,3.0,-14.0,
2026-01-07T19:37:44,a57ddde1-6fff-463a-bbee-cbe90258daa6_b6797bc5-b761-4b24-b9c2-ac6696160d2b,eeac7c15-aeb6-38fe-a3d0-1694d66aa3da,a57ddde1-6fff-463a-bbee-cbe90258daa6,nycmesh-1932-olt-410,b6797bc5-b761-4b24-b9c2-ac6696160d2b,410-26B,40.716098,-73.985997,14.0,100.32,40.716338,-73.986263,14.0,5.0,34.85361611376818,,,3.0,-22.0,
2026-01-07T19:37:44,1f9f3b98-050c-4b95-95d5-b76e636677c1_af7deb6f-335e-4051-922f-4db4d73bedd8,eed74640-e423-308e-8702-b494a053fb61,1f9f3b98-050c-4b95-95d5-b76e636677c1,nycmesh-511-northeast,af7deb6f-335e-4051-922f-4db4d73bedd8,nycmesh-lbe-709,40.70538,-73.930575,,24.0,40.703643,-73.928475,,5.0,1.0,5555.0,MHz,-59.0,-61.0,ap-ptmp
2026-01-07T19:37:44,d7d87cc7-af85-479f-bffc-c9ced9ed42ae_6fb064c7-9bef-4089-bf64-6805ed1bae25,eeef3878-3bd1-400d-b67f-431bded3d74a,d7d87cc7-af85-479f-bffc-c9ced9ed42ae,nycmesh-3606-omni,6fb064c7-9bef-4089-bf64-6805ed1bae25,nycmesh-lbe-3606,40.708499,-73.921952,,30.0,40.708499,-73.921952,8.0,30.0,2043.0,,,,,sta-ptmp
2026-01-07T19:37:44,0e2e725d-81ff-4b99-808f-cf6843b8804f_c7260cf8-2c51-4e05-9889-ab4a96ab7f40,eef8621e-9859-3500-bf5e-7ad997c3d749,0e2e725d-81ff-4b99-808f-cf6843b8804f,nycmesh-854-east,c7260cf8-2c51-4e05-9889-ab4a96ab7f40,nycmesh-lbe2-864,40.711578,-73.946978,,10.0,40.711385,-73.942436,,5.0,383.42878801878163,5490.0,MHz,-75.0,-75.0,ap-ptmp
2026-01-07T19:37:44,0118dd9b-2ef4-4f53-a10f-bf0e83356c2a_ca9b1adc-f3c5-4673-8600-97f1e96be9e1,ef182cc4-33f7-4b0e-b1c1-b0af922c5bd5,0118dd9b-2ef4-4f53-a10f-bf0e83356c2a,nycmesh-sn11-prodvms1,ca9b1adc-f3c5-4673-8600-97f1e96be9e1,nycmesh-11-chr,40.726847,-74.007579,,10.0,40.726847,-74.007579,,10.0,0.0,,,,,
2026-01-07T19:37:44,82094c68-d2cf-4d01-b38b-897ff93940f4_a63b5d6d-6c30-4118-a381-b860699838cd,ef3c52c1-e33e-3607-9cf8-d29134feaa51,82094c68-d2cf-4d01-b38b-897ff93940f4,nycmesh-584-olt-xgs,a63b5d6d-6c30-4118-a381-b860699838cd,584-East-10J-1G-Liz,40.79355,-73.965641,,10.0,40.716338,-73.986263,14.0,5.0,8759.534607280151,,,,,
2026-01-07T19:37:44,3a75b85a-28a0-4e0f-9b21-11ff5ed74943_2423927a-5d49-4699-9d62-1be6f082f90f,ef73ebfb-d38d-4d00-948a-96eb8670bf83,3a75b85a-28a0-4e0f-9b21-11ff5ed74943,nycmesh-5151-wap60-east,2423927a-5d49-4699-9d62-1be6f082f90f,nycmesh-463-lhg60,40.67543,-73.98058,,22.0,40.6754448,-73.980568395865,20.0,5.0,1.914662211045555,,,,,
2026-01-07T19:37:44,2fb57934-d476-4718-a8d0-bc854206c70b_0f82afc3-e4cd-4b43-9fdb-deb9c38be3a6,ef793506-5803-45f7-9ce0-7594041de19d,2fb57934-d476-4718-a8d0-bc854206c70b,nycmesh-527-wavelr,0f82afc3-e4cd-4b43-9fdb-deb9c38be3a6,nycmesh-527-core,40.635243,-73.950465,,36.4,40.635004,-73.950213,,10.0,34.03584463897022,,,-60.0,-62.0,sta-ptmp
2026-01-07T19:37:44,4a6f43ed-ac8b-41c6-867b-e893d9737c31_de431c35-c9df-4f47-8c32-1c1d10f5be62,ef969280-df7d-3750-88b8-aabfabd6f08b,4a6f43ed-ac8b-41c6-867b-e893d9737c31,nycmesh-1936-olt-xgs-165,de431c35-c9df-4f47-8c32-1c1d10f5be62,1936-14R,40.716797,-73.985577,,10.0,40.716797,-73.985577,,5.0,0.0,,,3.0,-16.0,
2026-01-07T19:37:44,f4efb67c-1414-4abb-a8ab-1d8f06884bcf_9adb5597-618b-4244-bf8a-3a725f99be43,efe0ac70-a8d2-4bc3-b1f5-012c7644368f,f4efb67c-1414-4abb-a8ab-1d8f06884bcf,nycmesh-1933-netpower16p,9adb5597-618b-4244-bf8a-3a725f99be43,nycmesh-1933-force6g-632,40.715467,-73.984401,,97.0,40.715467,-73.984401,,97.0,0.0,,,,,
2026-01-07T19:37:44,12010c8c-9f46-4e45-81e4-62d7090fbcd5_7b136845-da42-4bc0-9b41-7988f1725eb3,efeae7d3-7564-3704-82f6-3ec49438c01c,12010c8c-9f46-4e45-81e4-62d7090fbcd5,nycmesh-1340-east,7b136845-da42-4bc0-9b41-7988f1725eb3,nycmesh-lbe-7089,40.686016,-73.917493,,53.3,40.685823,-73.917272,,25.01,1.0,5560.0,MHz,-58.0,-57.0,ap-ptmp-airmax-mixed
2026-01-07T19:37:44,4a6f43ed-ac8b-41c6-867b-e893d9737c31_f14e0aa0-7846-4fef-9b39-c8e652b9bc5e,f00fe7d7-c6ef-3cdc-985b-d69f11e54fce,4a6f43ed-ac8b-41c6-867b-e893d9737c31,nycmesh-1936-olt-xgs-165,f14e0aa0-7846-4fef-9b39-c8e652b9bc5e,1936-09R,40.716797,-73.985577,,10.0,40.716797,-73.985577,,5.0,0.0,,,4.0,-16.0,
2026-01-07T19:37:44,06617725-87b2-45e8-8962-30497e654509_f94120b0-bf01-4492-bae0-a6679d006c39,f01de761-34b9-33a9-83b9-d49fe0a6303b,06617725-87b2-45e8-8962-30497e654509,nycmesh-730-olt-xgs,f94120b0-bf01-4492-bae0-a6679d006c39,730-02M,40.844422,-73.893677,,69.000015,40.844422,-73.893677,,5.0,0.0,,,5.0,-16.0,
2026-01-07T19:37:44,a57ddde1-6fff-463a-bbee-cbe90258daa6_81d9f15c-472d-4d6c-ae88-6f5eb5e5e77a,f022976b-bd81-3d59-b58f-4296160ec01c,a57ddde1-6fff-463a-bbee-cbe90258daa6,nycmesh-1932-olt-410,81d9f15c-472d-4d6c-ae88-6f5eb5e5e77a,410-11D,40.716098,-73.985997,14.0,100.32,40.716338,-73.986263,14.0,5.0,34.85361611376818,,,3.0,-16.0,
2026-01-07T19:37:44,4a6f43ed-ac8b-41c6-867b-e893d9737c31_50e6ba94-8cfe-42b8-8918-65a089aa05ce,f030291a-783f-3b82-bfa6-238b81d8fcaa,4a6f43ed-ac8b-41c6-867b-e893d9737c31,nycmesh-1936-olt-xgs-165,50e6ba94-8cfe-42b8-8918-65a089aa05ce,1936-06E,40.716797,-73.985577,,10.0,40.716797,-73.985577,,5.0,0.0,,,3.0,-16.0,
2026-01-07T19:37:44,06617725-87b2-45e8-8962-30497e654509_ee130a1f-a065-4750-b916-71a71faaec89,f04fa2dc-304a-30ab-883b-d87ad9df37bf,06617725-87b2-45e8-8962-30497e654509,nycmesh-730-olt-xgs,ee130a1f-a065-4750-b916-71a71faaec89,730-06N,40.844422,-73.893677,,69.000015,40.844422,-73.893677,,5.0,0.0,,,4.0,-17.0,
2026-01-07T19:37:44,0cdc9014-5d25-4b4e-b756-7424b46367b0_adac50b2-e736-4973-9421-8bf1f81df8e5,f0626a7c-bbff-4aa7-b6de-f4183c871e97,0cdc9014-5d25-4b4e-b756-7424b46367b0,nycmesh-7489-omni,adac50b2-e736-4973-9421-8bf1f81df8e5,nycmesh-lbelr-7489,40.659676,-73.913529,,31.1,40.659676,-73.913529,10.0,31.1,4505.0,,,,,sta-ptmp
2026-01-07T19:37:44,6b1f1127-7c3f-4fb7-a101-0160106fbb8b_ca7e20a7-1205-48e0-ad90-016e18454dfa,f0696621-b7ce-4dea-b7eb-de3c95167315,6b1f1127-7c3f-4fb7-a101-0160106fbb8b,nycmesh-5712-core,ca7e20a7-1205-48e0-ad90-016e18454dfa,nycmesh-5712-south,40.736737,-73.954676,6.0,20.0,40.736717,-73.95465,6.0,10.0,3.1216170168136346,,,-55.0,-55.0,ap-ptmp-airmax-mixed
2026-01-07T19:37:44,06617725-87b2-45e8-8962-30497e654509_ddc683f8-04d2-4696-99ea-5dec8e140fe2,f0f671a1-e4ec-38c6-8b6a-d7c0348ea98c,06617725-87b2-45e8-8962-30497e654509,nycmesh-730-olt-xgs,ddc683f8-04d2-4696-99ea-5dec8e140fe2,730-09H  70:a7:41:3e:b6:f5,40.844422,-73.893677,,69.000015,40.844422,-73.893677,,5.0,0.0,,,4.0,-14.0,
2026-01-07T19:37:44,1af5b87e-d1f4-422e-8718-49e9cf980227_68093f05-f182-4a7d-8403-658de926ea77,f115d6e4-6e97-3fa2-9317-4f6c36e6eb1e,1af5b87e-d1f4-422e-8718-49e9cf980227,nycmesh-1340-south,68093f05-f182-4a7d-8403-658de926ea77,nycmesh-lbe-924,40.686016,-73.917493,,53.3,40.6938,-73.9064,,25.01,1.0,5750.0,MHz,-71.0,-52.0,ap-ptmp-airmax-mixed
2026-01-07T19:37:44,7ee45009-6bc2-4a26-9b83-a3b07c70a3f6_83fe632b-2712-40eb-92dd-657565a7dd37,f1266bec-7949-32bd-9185-317e9aaaa55e,7ee45009-6bc2-4a26-9b83-a3b07c70a3f6,nycmesh-1934-olt-131-460,83fe632b-2712-40eb-92dd-657565a7dd37,131-23E,40.716142,-73.98448,14.0,10.0,40.716364,-73.985193,-3492.0,5.0,64.96443791683336,,,3.0,-21.0,
2026-01-07T19:37:44,4a6f43ed-ac8b-41c6-867b-e893d9737c31_4cda61a5-f854-4578-8fba-a57b27212e63,f12f4887-8275-3890-9186-d5406177fbb9,4a6f43ed-ac8b-41c6-867b-e893d9737c31,nycmesh-1936-olt-xgs-165,4cda61a5-f854-4578-8fba-a57b27212e63,1936-15A,40.716797,-73.985577,,10.0,40.716797,-73.985577,,5.0,0.0,,,4.0,-17.0,
2026-01-07T19:37:44,7ee45009-6bc2-4a26-9b83-a3b07c70a3f6_3fa72c48-0993-4ff6-a62c-87343221c6bb,f1779ea8-1566-3375-b116-8995b14d7a30,7ee45009-6bc2-4a26-9b83-a3b07c70a3f6,nycmesh-1934-olt-131-460,3fa72c48-0993-4ff6-a62c-87343221c6bb,460-22D,40.716142,-73.98448,14.0,10.0,40.715645,-73.984543,13.0,5.0,55.51836572683728,,,,,
2026-01-07T19:37:44,4a6f43ed-ac8b-41c6-867b-e893d9737c31_4dfdead6-2a91-4612-b51f-021911e19545,f17cf7ce-3287-3130-8c06-71834178a27b,4a6f43ed-ac8b-41c6-867b-e893d9737c31,nycmesh-1936-olt-xgs-165,4dfdead6-2a91-4612-b51f-021911e19545,1936-10E,40.716797,-73.985577,,10.0,40.716797,-73.985577,,5.0,0.0,,,5.0,-17.0,
2026-01-07T19:37:44,f5e24caa-4946-4e91-90fc-de74be469d36_305e0485-23d2-446e-a57c-5fed4631113e,f1b854f0-a162-4f6f-8717-7931f50ac4fe,f5e24caa-4946-4e91-90fc-de74be469d36,nycmesh-2090-omni,305e0485-23d2-446e-a57c-5fed4631113e,nycmesh-2090-gbelr-449,40.725618,-73.954074,,8.0,40.725618,-73.954074,,0.0,588.0,,,,,sta-ptp
2026-01-07T19:37:44,22f8a4e5-891d-48b9-a3b2-9808f9c3b977_26d8c250-32bf-431a-9f7f-c55ea8fd5abc,f20e4f22-add3-3ad7-9f3c-615fa7c0baa7,22f8a4e5-891d-48b9-a3b2-9808f9c3b977,nycmesh-3461-northeast,26d8c250-32bf-431a-9f7f-c55ea8fd5abc,nycmesh-lbe-434,40.672685,-73.96386,,60.95,40.6725,-73.9642,,5.0,35.28977579122606,5560.0,MHz,-74.0,-74.0,ap-ptmp-airmax-mixed
2026-01-07T19:37:44,4a6f43ed-ac8b-41c6-867b-e893d9737c31_1e84ce62-fdbb-4f60-a7c9-812c2a0a59e8,f2568909-7620-3a63-8c69-470d448badce,4a6f43ed-ac8b-41c6-867b-e893d9737c31,nycmesh-1936-olt-xgs-165,1e84ce62-fdbb-4f60-a7c9-812c2a0a59e8,1936-12H,40.716797,-73.985577,,10.0,40.716797,-73.985577,,5.0,0.0,,,4.0,-16.0,
2026-01-07T19:37:44,b9c2b771-359e-48c3-8f58-f02ed9f66afe_25aea4e8-e036-4b3d-a327-ccc1baefbffc,f25e0b35-cdae-3a17-bc6b-a427aa92a9b5,b9c2b771-359e-48c3-8f58-f02ed9f66afe,nycmesh-2463-northeast,25aea4e8-e036-4b3d-a327-ccc1baefbffc,nycmesh-lbe-1158,40.719898,-73.988024,11.0,8.0,40.719897625,-73.98805175,,5.0,2.0,5770.0,MHz,-73.0,-60.0,ap-ptmp-airmax-ac
2026-01-07T19:37:44,7ee45009-6bc2-4a26-9b83-a3b07c70a3f6_8c005dd9-a63d-4e3c-9cdd-a70985881bf3,f28c9d87-c5c5-3c03-9ebe-a0080fd47acb,7ee45009-6bc2-4a26-9b83-a3b07c70a3f6,nycmesh-1934-olt-131-460,8c005dd9-a63d-4e3c-9cdd-a70985881bf3,460-18E,40.716142,-73.98448,14.0,10.0,40.715645,-73.984543,13.0,5.0,55.51836572683728,,,4.0,-25.0,
2026-01-07T19:37:44,f63b59b2-108b-4ea4-986c-e99cee692d7e_9e4c673a-4e66-46de-82f6-1153c323b14f,f2a1de72-c751-310c-95b4-2ae3747d8bb7,f63b59b2-108b-4ea4-986c-e99cee692d7e,nycmesh-231-east,9e4c673a-4e66-46de-82f6-1153c323b14f,nycmesh-lbe-562,40.645933,-74.013631,,10.0,40.6458,-74.0134,,5.0,24.465163153067557,5540.0,MHz,0.0,-48.0,ap-ptmp-airmax-mixed
2026-01-07T19:37:44,c6e5cad9-95d0-4440-86ce-65437fede532_26956443-4ef2-4dad-9d71-f3125dc6148f,f2e09f63-50d3-3942-b428-f6833527b823,c6e5cad9-95d0-4440-86ce-65437fede532,nycmesh-sn3-north,26956443-4ef2-4dad-9d71-f3125dc6148f,nycmesh-lbe-300,40.6579,-74.0049,,45.32,40.6578,-74.0048,5.0,5.0,1.0,5560.0,MHz,-71.0,-70.0,ap-ptmp-airmax-mixed
2026-01-07T19:37:44,2dd722be-1425-4e1c-b356-2b626ab7e864_0653aaac-a0a7-40e5-bc4f-aeefaee52c32,f2f55788-cf50-4cb0-9569-ced8601978e5,2dd722be-1425-4e1c-b356-2b626ab7e864,nycmesh-227-eps16,0653aaac-a0a7-40e5-bc4f-aeefaee52c32,nycmesh-227-core,40.710886,-74.001202,10.0,161.544,40.710886,-74.001202,,161.544,0.0,,,,,
2026-01-07T19:37:44,0a45a9c2-11ce-43ad-9f9a-6e3852f80d6f_8630550e-49e2-42ec-b9c9-771a65c9ca6c,f31906d1-c0ad-39f3-bff4-afbe9b0d5f64,0a45a9c2-11ce-43ad-9f9a-6e3852f80d6f,nycmesh-3959-eps16-east,8630550e-49e2-42ec-b9c9-771a65c9ca6c,nycmesh-3959-northeast,40.841612,-73.941817,,10.0,40.841612,-73.941817,,10.0,0.0,,,,,ap-ptmp-airmax-mixed
2026-01-07T19:37:44,22f8a4e5-891d-48b9-a3b2-9808f9c3b977_4c23956f-db01-4ffe-afb2-ee968f0ba481,f3318e9d-e1fd-3096-a8d5-c41ff3b259c9,22f8a4e5-891d-48b9-a3b2-9808f9c3b977,nycmesh-3461-northeast,4c23956f-db01-4ffe-afb2-ee968f0ba481,nycmesh-lbe-7398,40.672685,-73.96386,,60.95,40.6725,-73.9642,,15.0,2014.0,5560.0,MHz,-67.0,-68.0,ap-ptmp-airmax-mixed
2026-01-07T19:37:44,895e81e8-470a-4ed0-8b94-3abff821baec_2a3cc8e0-80b8-4db2-a3a1-2ba9c3fa375b,f33e688b-f40e-360f-91eb-2e05d7eb77f3,895e81e8-470a-4ed0-8b94-3abff821baec,nycmesh-2090-north,2a3cc8e0-80b8-4db2-a3a1-2ba9c3fa375b,nycmesh-lbe-4693,40.725618,-73.954074,,8.0,40.72561005,-73.954067881464,6.0,8.0,1.0,5700.0,MHz,-62.0,-71.0,ap-ptmp
2026-01-07T19:37:44,f0fd1504-684f-467e-8115-ac44b46fc24a_4ec70dea-528c-4426-a240-722295c916b1,f33f9b21-769c-4617-93b1-7c36795f7fda,f0fd1504-684f-467e-8115-ac44b46fc24a,nycmesh-1340-eps16,4ec70dea-528c-4426-a240-722295c916b1,nycmesh-1340-north2,40.685823,-73.917272,,12.93,40.685988,-73.917573,,12.93,31.317032364864783,,,-44.0,-68.0,ap-ptmp-airmax-mixed
2026-01-07T19:37:44,a57ddde1-6fff-463a-bbee-cbe90258daa6_a155d6d1-7090-45d4-aa6e-8d52d8c04455,f371bf4a-9e48-319c-bbfc-368603cb614a,a57ddde1-6fff-463a-bbee-cbe90258daa6,nycmesh-1932-olt-410,a155d6d1-7090-45d4-aa6e-8d52d8c04455,410-08D,40.716098,-73.985997,14.0,100.32,40.716338,-73.986263,14.0,5.0,34.85361611376818,,,4.0,-14.0,
2026-01-07T19:37:44,d14a79df-ca26-408f-8dc8-4a73585d167a_32bdfd40-e137-430c-8184-7d239afe8038,f37c805f-e6da-348c-be54-79e4f5c8811b,d14a79df-ca26-408f-8dc8-4a73585d167a,nycmesh-3461-southeast,32bdfd40-e137-430c-8184-7d239afe8038,nycmesh-lbe-867,40.672531,-73.964197,,60.95,40.6725,-73.9642,,5.0,3.4563153488510543,5710.0,MHz,-68.0,-74.0,ap-ptmp-airmax-mixed
2026-01-07T19:37:44,a68ca131-0721-4a0d-9884-be31564e36a3_938035b0-5f2c-41d6-a901-8a94aaeb0918,f386b377-4ba1-3895-8ea3-8044e04c4f9c,a68ca131-0721-4a0d-9884-be31564e36a3,nycmesh-3461-waveap-south,938035b0-5f2c-41d6-a901-8a94aaeb0918,nycmesh-228-af60lr,40.672552,-73.964442,,98.2,40.660814,-73.960435,,43.4,1344.0,68040.0,MHz,-56.0,-51.0,ap-ptmp
2026-01-07T19:37:44,06617725-87b2-45e8-8962-30497e654509_6a598010-9835-4572-8a2d-80b6234a7a43,f39fd1c1-8ea0-3207-8ed9-3151c5a6403d,06617725-87b2-45e8-8962-30497e654509,nycmesh-730-olt-xgs,6a598010-9835-4572-8a2d-80b6234a7a43,730-04S,40.844422,-73.893677,,69.000015,40.844422,-73.893677,,5.0,0.0,,,4.0,-15.0,
2026-01-07T19:37:44,c6e5cad9-95d0-4440-86ce-65437fede532_3bbcba9e-6c4d-4976-8213-7cc403e6feb5,f3bebc1e-9780-3164-a103-e95adb563451,c6e5cad9-95d0-4440-86ce-65437fede532,nycmesh-sn3-north,3bbcba9e-6c4d-4976-8213-7cc403e6feb5,nycmesh-lbe-175,40.6579,-74.0049,,45.32,40.659446,-73.993038,5.0,5.0,1.0,5560.0,MHz,-59.0,-60.0,ap-ptmp-airmax-mixed
2026-01-07T19:37:44,7ee45009-6bc2-4a26-9b83-a3b07c70a3f6_2c5e6f55-6372-40c0-8fac-e01bc4e6682d,f3ca9a32-bfaa-3dc1-9cda-295cc67d53d3,7ee45009-6bc2-4a26-9b83-a3b07c70a3f6,nycmesh-1934-olt-131-460,2c5e6f55-6372-40c0-8fac-e01bc4e6682d,460-07D,40.716142,-73.98448,14.0,10.0,40.715645,-73.984543,13.0,5.0,55.51836572683728,,,3.0,-15.0,
2026-01-07T19:37:44,7ee45009-6bc2-4a26-9b83-a3b07c70a3f6_7019e899-ecf3-4f92-9e58-6610081c8e92,f3d52afe-8649-3e0d-b285-6ff23b19c6f6,7ee45009-6bc2-4a26-9b83-a3b07c70a3f6,nycmesh-1934-olt-131-460,7019e899-ecf3-4f92-9e58-6610081c8e92,460-08H,40.716142,-73.98448,14.0,10.0,40.715645,-73.984543,13.0,5.0,55.51836572683728,,,4.0,-23.0,
2026-01-07T19:37:44,4f9ddbf1-00f5-4cb5-80c4-e768b6c58109_bb1a847e-2c5e-42a9-8b2c-77e135e2b44b,f3e51cf2-5d4e-3216-af74-1aac2235dc71,4f9ddbf1-00f5-4cb5-80c4-e768b6c58109,nycmesh-115-northwest,bb1a847e-2c5e-42a9-8b2c-77e135e2b44b,nycmesh-lbe-7103,40.73391,-73.950594,,8.0,40.73391,-73.950594,5.0,5.0,1.0,5560.0,MHz,-48.0,-48.0,ap-ptmp-airmax-mixed
2026-01-07T19:37:44,ede1a6e8-327f-4862-b1f3-6e2b3d5cd379_04b0f9cf-9755-4370-9cfd-ef114cb301ca,f3e63a63-f4f9-4407-80d5-d106f12653d1,ede1a6e8-327f-4862-b1f3-6e2b3d5cd379,nycmesh-1447-wavenano,04b0f9cf-9755-4370-9cfd-ef114cb301ca,nycmesh-1447-omni (switch),40.659539,-73.997356,,51.0,40.659665,-73.997303,,10.0,14.706545522048586,,,-65.0,-59.0,sta-ptmp
2026-01-07T19:37:44,7ff31813-0a6d-4bfd-81df-7386cde7bd4c_866b7605-5e3b-46d0-9086-a42b377d06a8,f3f1dd6b-ed8e-377a-bf4b-ff3e0d845223,7ff31813-0a6d-4bfd-81df-7386cde7bd4c,nycmesh-1340-north,866b7605-5e3b-46d0-9086-a42b377d06a8,nycmesh-nbe-2039,40.686016,-73.917493,,12.93,40.685823,-73.917272,,25.01,1.0,5490.0,MHz,-67.0,-76.0,ap-ptmp-airmax-mixed
2026-01-07T19:37:44,06617725-87b2-45e8-8962-30497e654509_15d325c7-4477-46d4-9bb7-d18639c82969,f40f213b-10d8-302e-886b-ea573994d83f,06617725-87b2-45e8-8962-30497e654509,nycmesh-730-olt-xgs,15d325c7-4477-46d4-9bb7-d18639c82969,730-11L,40.844422,-73.893677,,69.000015,40.844422,-73.893677,,5.0,0.0,,,4.0,-18.0,
2026-01-07T19:37:44,2f157d40-1c46-42e6-a03e-dadf11a6b48a_9caf6f8f-3ebe-41b2-bd98-a9581ef06906,f4149d2f-02fb-30c4-bfed-54b18a099793,2f157d40-1c46-42e6-a03e-dadf11a6b48a,nycmesh-3606-south,9caf6f8f-3ebe-41b2-bd98-a9581ef06906,nycmesh-lbe-591,40.708452,-73.921893,8.0,30.0,40.705332,-73.92683,8.0,5.0,1.0,5785.0,MHz,-54.0,-61.0,ap-ptmp
2026-01-07T19:37:44,4a6f43ed-ac8b-41c6-867b-e893d9737c31_453d4717-9afc-4726-9f4a-45114d8bff72,f42337cb-7a8c-3bd4-b888-e99a201aa2c5,4a6f43ed-ac8b-41c6-867b-e893d9737c31,nycmesh-1936-olt-xgs-165,453d4717-9afc-4726-9f4a-45114d8bff72,1936-15E,40.716797,-73.985577,,10.0,40.716797,-73.985577,,5.0,0.0,,,5.0,-17.0,
2026-01-07T19:37:44,7ee45009-6bc2-4a26-9b83-a3b07c70a3f6_7ae5db64-be58-4b81-b756-fe3442751e18,f42c0acd-fa96-35d7-a5f1-21993b6300c7,7ee45009-6bc2-4a26-9b83-a3b07c70a3f6,nycmesh-1934-olt-131-460,7ae5db64-be58-4b81-b756-fe3442751e18,460-3F,40.716142,-73.98448,14.0,10.0,40.715645,-73.984543,13.0,5.0,55.51836572683728,,,4.0,-16.0,
2026-01-07T19:37:44,cd86486e-7b0a-48a8-a513-87857696d900_6e1b70af-ea3a-4564-a1fe-af590d68a56d,f4487b08-541a-4c85-955e-75b9322a08f7,cd86486e-7b0a-48a8-a513-87857696d900,nycmesh-2701-np16-2,6e1b70af-ea3a-4564-a1fe-af590d68a56d,nycmesh-2701-wavenano-648,40.647781,-74.000767,45.0,10.0,40.647762,-74.000685,45.0,73.1,989.0,,,-35.0,-38.0,sta-ptp
2026-01-07T19:37:44,24148d9a-d324-4633-8c90-86699d7692b8_922c9209-72dd-49dc-b810-3292aa179ae2,f457bcfa-72d9-3714-be22-cadeb7827a81,24148d9a-d324-4633-8c90-86699d7692b8,nycmesh-7800-east,922c9209-72dd-49dc-b810-3292aa179ae2,nycmesh-lbe-238,40.815336,-73.950302,,10.0,40.8156,-73.9502,35.0,5.0,30.584698752000016,5520.0,MHz,-55.0,-56.0,ap-ptmp-airmax-ac
2026-01-07T19:37:44,7ff31813-0a6d-4bfd-81df-7386cde7bd4c_298cf011-258a-4a03-8972-28e2deded43c,f464d88b-350f-3c12-bcef-87e4d385e477,7ff31813-0a6d-4bfd-81df-7386cde7bd4c,nycmesh-1340-north,298cf011-258a-4a03-8972-28e2deded43c,nycmesh-lbelr-3396,40.686016,-73.917493,,12.93,40.685823,-73.917272,,25.01,1.0,5490.0,MHz,-71.0,-81.0,ap-ptmp-airmax-mixed
2026-01-07T19:37:44,7aeddb2e-9508-476a-907d-e7089c2569bc_7ac94d3a-6d8f-48fa-9eab-f8f18d7c9579,f4bfbe90-5cf7-4df9-9c97-d31e571fbe14,7aeddb2e-9508-476a-907d-e7089c2569bc,nycmesh-5916-waveap-northeast,7ac94d3a-6d8f-48fa-9eab-f8f18d7c9579,nycmesh-921-af60lr,40.696036,-73.93963,,99.9,40.714514,-73.914362,,23.4,3659.0,68040.0,MHz,-59.0,-57.0,ap-ptmp
2026-01-07T19:37:44,b6ed7b18-8c1e-497a-b8b7-3bab229980c4_6a6f5669-6da5-4df9-be27-631d3a10876b,f4e01eb0-e235-30ff-b155-c57bdd3613e9,b6ed7b18-8c1e-497a-b8b7-3bab229980c4,nycmesh-5916-south1,6a6f5669-6da5-4df9-be27-631d3a10876b,nycmesh-lbe-680,40.696042,-73.939797,,67.46,40.6725,-73.9642,23.0,5.0,1.0,5490.0,MHz,-63.0,-58.0,ap-ptmp-airmax-mixed
2026-01-07T19:37:44,4a6f43ed-ac8b-41c6-867b-e893d9737c31_b0f12c2f-0865-4a8a-b348-ddec9791a052,f4eedb0b-b185-310c-9e6a-150aac7f54c0,4a6f43ed-ac8b-41c6-867b-e893d9737c31,nycmesh-1936-olt-xgs-165,b0f12c2f-0865-4a8a-b348-ddec9791a052,1936-09B,40.716797,-73.985577,,10.0,40.716797,-73.985577,,5.0,0.0,,,3.0,-22.0,
2026-01-07T19:37:44,4a6f43ed-ac8b-41c6-867b-e893d9737c31_e1cf339a-ffd3-4d1b-91ac-5fe1a0568946,f4f86e70-561d-3aed-b13d-a72f82cdbcf8,4a6f43ed-ac8b-41c6-867b-e893d9737c31,nycmesh-1936-olt-xgs-165,e1cf339a-ffd3-4d1b-91ac-5fe1a0568946,1936-03I,40.716797,-73.985577,,10.0,40.716797,-73.985577,,5.0,0.0,,,,,
2026-01-07T19:37:44,7ee45009-6bc2-4a26-9b83-a3b07c70a3f6_ad70f385-850a-43bc-8031-be378c0cf74a,f501b498-e172-33e4-b3b2-0272efd6f184,7ee45009-6bc2-4a26-9b83-a3b07c70a3f6,nycmesh-1934-olt-131-460,ad70f385-850a-43bc-8031-be378c0cf74a,460-06C,40.716142,-73.98448,14.0,10.0,40.715645,-73.984543,13.0,5.0,55.51836572683728,,,4.0,-17.0,
2026-01-07T19:37:44,4a6f43ed-ac8b-41c6-867b-e893d9737c31_42a4ecf2-6b9a-47ce-8bef-3b3466afbfec,f53b2d6e-e10b-3789-80db-36921013bb4b,4a6f43ed-ac8b-41c6-867b-e893d9737c31,nycmesh-1936-olt-xgs-165,42a4ecf2-6b9a-47ce-8bef-3b3466afbfec,1936-08J,40.716797,-73.985577,,10.0,40.716797,-73.985577,,5.0,0.0,,,4.0,-16.0,
2026-01-07T19:37:44,25be4474-71ae-4ae8-9b16-6bf9ad6ab22c_5f172295-c0b8-40aa-ad63-863f4c810d29,f56e34b5-f6d1-37ac-ac50-ae3b122c7d40,25be4474-71ae-4ae8-9b16-6bf9ad6ab22c,nycmesh-231-west,5f172295-c0b8-40aa-ad63-863f4c810d29,nycmesh-lbe-424,40.645933,-74.013631,,10.0,40.645834959184,-74.013376102041,5.0,5.0,24.110853264734622,5490.0,MHz,-57.0,-60.0,ap-ptmp-airmax-mixed
2026-01-07T19:37:44,ca7e20a7-1205-48e0-ad90-016e18454dfa_fea7fd3b-8bda-4035-b303-ca75d73b300a,f576ba07-b6f9-3d96-88f4-3f6025b2f03c,ca7e20a7-1205-48e0-ad90-016e18454dfa,nycmesh-5712-south,fea7fd3b-8bda-4035-b303-ca75d73b300a,nycmesh-lbe-344,40.736717,-73.95465,6.0,10.0,40.736318,-73.95549,6.0,5.0,1.0,5510.0,MHz,-55.0,-37.0,ap-ptmp-airmax-mixed
2026-01-07T19:37:44,364be131-f66e-4fd3-bcb2-1671f961e31c_6dfcfc62-6607-4238-a6e8-11e59af236df,f58d611a-b423-4522-87fa-ba14626255cf,364be131-f66e-4fd3-bcb2-1671f961e31c,nycmesh-5916-core,6dfcfc62-6607-4238-a6e8-11e59af236df,nycmesh-5916-eps16,40.696038,-73.939764,,67.46,40.696038,-73.939764,23.0,67.46,0.0,,,,,
2026-01-07T19:37:44,06617725-87b2-45e8-8962-30497e654509_0070795e-afad-4e99-932d-5ebfa42f60b1,f5a79d25-b174-3846-b0d8-485b5c2562d3,06617725-87b2-45e8-8962-30497e654509,nycmesh-730-olt-xgs,0070795e-afad-4e99-932d-5ebfa42f60b1,730-05M,40.844422,-73.893677,,69.000015,40.844422,-73.893677,,5.0,0.0,,,5.0,-16.0,
2026-01-07T19:37:44,7ff31813-0a6d-4bfd-81df-7386cde7bd4c_06c7af84-955d-42b7-89bb-0b438bde9d2f,f5ec5409-9791-345c-b536-6a983139d83f,7ff31813-0a6d-4bfd-81df-7386cde7bd4c,nycmesh-1340-north,06c7af84-955d-42b7-89bb-0b438bde9d2f,nycmesh-lbe-672,40.686016,-73.917493,,12.93,40.685823,-73.917272,,25.01,1.0,5490.0,MHz,-81.0,-81.0,ap-ptmp-airmax-mixed
2026-01-07T19:37:44,fe37b2e4-48fd-4dc9-bb24-4d6a9ab7f5e9_ef47c82e-ec64-492e-ab2a-93e6a45d6cbc,f5f95143-eb2a-47c5-baff-1f77cf56ef77,fe37b2e4-48fd-4dc9-bb24-4d6a9ab7f5e9,nycmesh-2299-lbe-730,ef47c82e-ec64-492e-ab2a-93e6a45d6cbc,nycmesh-2299-eps16,40.8614,-73.9077,,10.0,40.861367,-73.907738,,10.0,4.865894665777669,,,-60.0,-69.0,sta-ptp
2026-01-07T19:37:44,7ee45009-6bc2-4a26-9b83-a3b07c70a3f6_118d632c-e399-492e-ba78-36cd773316b0,f5fbcded-51a6-3578-9aad-c50bf0657097,7ee45009-6bc2-4a26-9b83-a3b07c70a3f6,nycmesh-1934-olt-131-460,118d632c-e399-492e-ba78-36cd773316b0,460-26A,40.716142,-73.98448,14.0,10.0,40.715564,-73.984569,13.0,5.0,64.70690342261612,,,3.0,-30.0,
2026-01-07T19:37:44,f0fd1504-684f-467e-8115-ac44b46fc24a_98568ac8-05aa-4fe8-8573-b637127eba18,f60f8cbb-0b2f-4257-bf00-2279e267790c,f0fd1504-684f-467e-8115-ac44b46fc24a,nycmesh-1340-eps16,98568ac8-05aa-4fe8-8573-b637127eba18,nycmesh-1340-core,40.685823,-73.917272,,12.93,40.685823,-73.917272,,12.93,0.0,,,,,
2026-01-07T19:37:44,22f8a4e5-891d-48b9-a3b2-9808f9c3b977_69ee8bdf-8fc3-477a-97d6-9843c2f4841b,f63c50e4-54ef-382a-b2e4-c90664b39de8,22f8a4e5-891d-48b9-a3b2-9808f9c3b977,nycmesh-3461-northeast,69ee8bdf-8fc3-477a-97d6-9843c2f4841b,nycmesh-lbe-4192,40.672685,-73.96386,,60.95,40.6725,-73.9642,,5.0,35.28977579122606,5560.0,MHz,-58.0,-58.0,ap-ptmp-airmax-mixed
2026-01-07T19:37:44,06617725-87b2-45e8-8962-30497e654509_86883272-df51-4ff3-b084-cfd897814d46,f651ca63-c5e3-3305-89a0-1e91242296d0,06617725-87b2-45e8-8962-30497e654509,nycmesh-730-olt-xgs,86883272-df51-4ff3-b084-cfd897814d46,730-08K 70:a7:41:3e:9c:29,40.844422,-73.893677,,69.000015,40.844422,-73.893677,,5.0,0.0,,,4.0,-17.0,
2026-01-07T19:37:44,5949ca17-7037-406c-a276-8db9228d762c_7780b00f-5832-43c0-9c34-cae5324e12f7,f661623f-fb87-3b35-a531-314bfbdb08ea,5949ca17-7037-406c-a276-8db9228d762c,nycmesh-1340-west1,7780b00f-5832-43c0-9c34-cae5324e12f7,nycmesh-lbe-484,40.686117,-73.917818,,12.93,40.6858,-73.9173,,25.01,1.0,5710.0,MHz,-61.0,-63.0,ap-ptmp-airmax-mixed
2026-01-07T19:37:44,2630b421-546f-4bc0-8ae2-f92c038f2eed_f70c5b45-b16a-4bed-adba-297e8aec5ca8,f69c801f-dbdf-36cd-aca7-1e4160a9e4cd,2630b421-546f-4bc0-8ae2-f92c038f2eed,nycmesh-2274-west,f70c5b45-b16a-4bed-adba-297e8aec5ca8,nycmesh-lbe-819,40.725681,-73.983591,,8.0,40.7257,-73.9836,7.0,8.0,2.244706578846107,5570.0,MHz,-58.0,-44.0,ap-ptmp
2026-01-07T19:37:44,6945652e-d98e-4040-81df-f3f69b19a635_753de36c-e559-462f-b776-3d7c6a07a891,f6a16c83-3005-43bf-9544-41075d3198ed,6945652e-d98e-4040-81df-f3f69b19a635,nycmesh-2701-wap60g-east,753de36c-e559-462f-b776-3d7c6a07a891,nycmesh-531-core-lhg60,40.647781,-74.000767,45.0,10.0,40.647781,-74.000767,45.0,5.0,0.0,,,,,
2026-01-07T19:37:44,7ff31813-0a6d-4bfd-81df-7386cde7bd4c_dc8f8637-c9a7-417d-8c54-e35440b4c1ee,f6a807de-cc24-3b16-aa15-6df23c98775b,7ff31813-0a6d-4bfd-81df-7386cde7bd4c,nycmesh-1340-north,dc8f8637-c9a7-417d-8c54-e35440b4c1ee,nycmesh-lbe-2932,40.686016,-73.917493,,12.93,40.685823,-73.917272,,25.01,1.0,5490.0,MHz,-72.0,-73.0,ap-ptmp-airmax-mixed
2026-01-07T19:37:44,22f8a4e5-891d-48b9-a3b2-9808f9c3b977_9a0f49c6-ad74-4cd9-80ac-dae37d36e44b,f6b74b33-f12d-388d-8985-21d838f4b7ad,22f8a4e5-891d-48b9-a3b2-9808f9c3b977,nycmesh-3461-northeast,9a0f49c6-ad74-4cd9-80ac-dae37d36e44b,nycmesh-lbe-7755,40.672685,-73.96386,,60.95,40.672531,-73.9641974,,5.0,33.210007652982235,5560.0,MHz,-68.0,-66.0,ap-ptmp-airmax-mixed
2026-01-07T19:37:44,cfb13d60-abb9-4d75-973b-60fa775575f0_f43d1759-125c-46ec-b1fb-a3bacee34741,f6ca195e-4666-43ae-ad29-2c09f5040aa4,cfb13d60-abb9-4d75-973b-60fa775575f0,nycmesh-295-netpower16p,f43d1759-125c-46ec-b1fb-a3bacee34741,nycmesh-295-gbep-449,40.725616,-73.947094,5.0,10.0,40.725616,-73.947094,5.0,0.0,0.0,,,,,ap-ptp
2026-01-07T19:37:44,7ee45009-6bc2-4a26-9b83-a3b07c70a3f6_16ffad0f-403c-4144-8e79-6b978e5eb85e,f6ef025e-f474-3b6f-b714-24ef71542a6c,7ee45009-6bc2-4a26-9b83-a3b07c70a3f6,nycmesh-1934-olt-131-460,16ffad0f-403c-4144-8e79-6b978e5eb85e,131-02A,40.716142,-73.98448,14.0,10.0,40.716364,-73.985193,-3492.0,5.0,64.96443791683336,,,4.0,-14.0,
2026-01-07T19:37:44,601385ad-bf3b-43e9-aef0-dc159eb8c34c_497e8f57-3340-48b6-8f82-15bdb33715e7,f71624ec-30a4-391d-8ba9-c6533de3e7a4,601385ad-bf3b-43e9-aef0-dc159eb8c34c,nycmesh-898-eps16,497e8f57-3340-48b6-8f82-15bdb33715e7,nycmesh-898-gbep-135,40.830454,-73.941171,41.0,10.0,40.830386,-73.941022,41.0,0.0,14.639956741984637,,,,,ap-ptp
2026-01-07T19:37:44,8534824c-a89a-4561-ad77-17778e06d592_bd904e71-1333-4e22-a004-064019611798,f74f892e-f9b8-4706-8303-b6d1d0f4074b,8534824c-a89a-4561-ad77-17778e06d592,nycmesh-6004-omni,bd904e71-1333-4e22-a004-064019611798,nycmesh-6004-is5ac-west,40.721066,-73.983509,,10.0,40.72117,-73.98342,,10.0,13.783618281260495,,,,,ap-ptmp
2026-01-07T19:37:44,f63b59b2-108b-4ea4-986c-e99cee692d7e_40496dc3-bdc1-459c-ae32-780b40e2f472,f7542462-fb5d-33cd-8a8e-47158cc10e02,f63b59b2-108b-4ea4-986c-e99cee692d7e,nycmesh-231-east,40496dc3-bdc1-459c-ae32-780b40e2f472,nycmesh-lbe-594,40.645933,-74.013631,,10.0,40.6577,-74.0051,5.0,5.0,1493.29949146357,5540.0,MHz,0.0,-48.0,ap-ptmp-airmax-mixed
2026-01-07T19:37:44,7ee45009-6bc2-4a26-9b83-a3b07c70a3f6_a302f3ab-7b45-44af-8444-58e8c367eef9,f7914562-1eb6-393e-8c5c-bb9fa420dff5,7ee45009-6bc2-4a26-9b83-a3b07c70a3f6,nycmesh-1934-olt-131-460,a302f3ab-7b45-44af-8444-58e8c367eef9,460-18B,40.716142,-73.98448,14.0,10.0,40.715645,-73.984543,13.0,5.0,55.51836572683728,,,4.0,-28.0,
2026-01-07T19:37:44,6945652e-d98e-4040-81df-f3f69b19a635_8b32003a-a38e-46fd-b11c-b04eedd25b00,f793dd39-0aad-4ac4-a1ee-0feef7164ad4,6945652e-d98e-4040-81df-f3f69b19a635,nycmesh-2701-wap60g-east,8b32003a-a38e-46fd-b11c-b04eedd25b00,nycmesh-245-core-cubepro,40.647781,-74.000767,45.0,10.0,40.647781,-74.000767,45.0,5.0,0.0,,,,,
2026-01-07T19:37:44,cd815a56-612a-46a9-ae87-b80aab35730b_d7d63165-a30e-4736-b767-60a2069ae63c,f794e350-0cd2-33cf-ae33-553342c1eea6,cd815a56-612a-46a9-ae87-b80aab35730b,nycmesh-3461-olt,d7d63165-a30e-4736-b767-60a2069ae63c,3461-03D,40.672531,-73.964197,,60.95,40.672531,-73.964197,,5.0,0.0,,,2.0,-22.0,
2026-01-07T19:37:44,06617725-87b2-45e8-8962-30497e654509_6002b276-5200-4c42-bfb4-1a574ba7a1b6,f816f014-3e01-3f63-b5ed-6de6e05acecd,06617725-87b2-45e8-8962-30497e654509,nycmesh-730-olt-xgs,6002b276-5200-4c42-bfb4-1a574ba7a1b6,730-06H,40.844422,-73.893677,,69.000015,40.844422,-73.893677,,5.0,0.0,,,4.0,-17.0,
2026-01-07T19:37:44,4a6f43ed-ac8b-41c6-867b-e893d9737c31_14ee28af-1d11-4d9f-9335-13d7a097f239,f83c386c-8cc0-30f1-bde6-648e89dce446,4a6f43ed-ac8b-41c6-867b-e893d9737c31,nycmesh-1936-olt-xgs-165,14ee28af-1d11-4d9f-9335-13d7a097f239,1936-11F,40.716797,-73.985577,,10.0,40.716797,-73.985577,,5.0,0.0,,,5.0,-16.0,
2026-01-07T19:37:44,4a6f43ed-ac8b-41c6-867b-e893d9737c31_905d1c5f-1750-40a2-9885-8d4fc4336a59,f8843018-ac72-36a6-b6cc-9568a36f85c4,4a6f43ed-ac8b-41c6-867b-e893d9737c31,nycmesh-1936-olt-xgs-165,905d1c5f-1750-40a2-9885-8d4fc4336a59,1936-08M,40.716797,-73.985577,,10.0,40.716797,-73.985577,,5.0,0.0,,,5.0,-16.0,
2026-01-07T19:37:44,3b441eb3-c392-4025-abc3-d23c5994c602_91e4be15-3b9e-463f-817a-e942fff5fd39,f8db8c71-add8-3bfb-bb3a-222ec5f771d7,3b441eb3-c392-4025-abc3-d23c5994c602,nycmesh-1971-northwest,91e4be15-3b9e-463f-817a-e942fff5fd39,nycmesh-lbe-581,40.712811,-73.994744,10.0,30.0,40.7128,-73.9947,,5.0,1.0,5520.0,MHz,-52.0,-48.0,ap-ptmp-airmax-mixed
2026-01-07T19:37:44,a57ddde1-6fff-463a-bbee-cbe90258daa6_67f1ecb7-772f-497c-a2b0-4ccd25db45a7,f8df9a0c-c9a5-3a66-9801-7fd1a118e470,a57ddde1-6fff-463a-bbee-cbe90258daa6,nycmesh-1932-olt-410,67f1ecb7-772f-497c-a2b0-4ccd25db45a7,410-13A,40.716098,-73.985997,14.0,100.32,40.716338,-73.986263,14.0,5.0,34.85361611376818,,,4.0,-14.0,
2026-01-07T19:37:44,4a6f43ed-ac8b-41c6-867b-e893d9737c31_a15dfb45-392f-4315-9d97-fbc730150dbe,f8e35b10-02ec-3408-842f-e46ce2b70767,4a6f43ed-ac8b-41c6-867b-e893d9737c31,nycmesh-1936-olt-xgs-165,a15dfb45-392f-4315-9d97-fbc730150dbe,1936-04A,40.716797,-73.985577,,10.0,40.716797,-73.985577,,5.0,0.0,,,4.0,-16.0,
2026-01-07T19:37:44,ed2ba00d-f21e-4da1-96b5-890bb6510dab_a9b0d19d-322b-4db2-bb5f-2c17b9b27a25,f9197cd4-e6c2-3a1c-b30a-8a8b15c8fa74,ed2ba00d-f21e-4da1-96b5-890bb6510dab,nycmesh-5916-northeast,a9b0d19d-322b-4db2-bb5f-2c17b9b27a25,nycmesh-lbe-808,40.696038,-73.939764,,67.46,40.696,-73.9398,23.0,5.0,1.0,5550.0,MHz,-57.0,-57.0,ap-ptmp-airmax-mixed
2026-01-07T19:37:44,06617725-87b2-45e8-8962-30497e654509_0cebdc35-6dd8-4c09-a62f-803d7a464cdd,f9401a2f-5a20-3923-bf6b-49484cc58e13,06617725-87b2-45e8-8962-30497e654509,nycmesh-730-olt-xgs,0cebdc35-6dd8-4c09-a62f-803d7a464cdd,730-11C,40.844422,-73.893677,,69.000015,40.844422,-73.893677,,5.0,0.0,,,4.0,-18.0,
2026-01-07T19:37:44,7ee45009-6bc2-4a26-9b83-a3b07c70a3f6_13188c21-96cf-452f-8403-65d7ad207914,f94077dd-1813-3412-99c7-b6d7f171c87c,7ee45009-6bc2-4a26-9b83-a3b07c70a3f6,nycmesh-1934-olt-131-460,13188c21-96cf-452f-8403-65d7ad207914,131-08B,40.716142,-73.98448,14.0,10.0,40.716364,-73.985193,-3492.0,5.0,64.96443791683336,,,3.0,-26.0,
2026-01-07T19:37:44,b8a2a779-d77b-48bd-8baf-2d73117e49e5_1aa0e704-e40b-40af-83b9-3e832f56dc29,f9485dd1-21cb-494a-a9cc-7f32af466cef,b8a2a779-d77b-48bd-8baf-2d73117e49e5,nycmesh-lbe-3065,1aa0e704-e40b-40af-83b9-3e832f56dc29,nycmesh-3065-omni,40.7189,-73.9859,14.0,25.0,40.718912,-73.985854,,25.0,4.099939535092423,,,-55.0,-56.0,sta-ptmp
2026-01-07T19:37:44,029b9158-d691-4968-a7b3-7ffbe1ae03d3_7ecbd76b-720a-4ce4-a46e-fc23d05de702,f9a391a7-f8ef-3838-88e4-ee6059b92b3e,029b9158-d691-4968-a7b3-7ffbe1ae03d3,nycmesh-3461-northwest,7ecbd76b-720a-4ce4-a46e-fc23d05de702,nycmesh-lbe-841,40.672685,-73.96386,,60.95,40.6725,-73.9642,,5.0,35.28977579122606,5510.0,MHz,-67.0,-60.0,ap-ptmp
2026-01-07T19:37:44,f0fd1504-684f-467e-8115-ac44b46fc24a_ebc35b50-0ca9-4313-9868-243da1c3058e,f9c4142e-b290-4ff6-a6e4-52f229f986dd,f0fd1504-684f-467e-8115-ac44b46fc24a,nycmesh-1340-eps16,ebc35b50-0ca9-4313-9868-243da1c3058e,nycmesh-1340-wavelr-5014,40.685823,-73.917272,,12.93,40.68627,-73.917572,,64.0,1279.0,,,-34.0,-33.0,sta-ptp
2026-01-07T19:37:44,57f729bf-1736-4871-bff6-1c20c280b4bc_23c339f6-c43f-4380-a39c-6038b2a9daef,f9d042fc-d447-4124-b4a8-b9e95aafa852,57f729bf-1736-4871-bff6-1c20c280b4bc,nycmesh-3959-core,23c339f6-c43f-4380-a39c-6038b2a9daef,nycmesh-3959-edgepower1,40.841612,-73.941817,,10.0,40.841612,-73.941817,,10.0,0.0,,,,,
2026-01-07T19:37:44,4a6f43ed-ac8b-41c6-867b-e893d9737c31_c1061deb-7c74-41cc-826f-2696f5d8432a,f9d9260f-239b-3bee-b5f1-3edc6a920dab,4a6f43ed-ac8b-41c6-867b-e893d9737c31,nycmesh-1936-olt-xgs-165,c1061deb-7c74-41cc-826f-2696f5d8432a,1936-06R,40.716797,-73.985577,,10.0,40.716797,-73.985577,,5.0,0.0,,,4.0,-17.0,
2026-01-07T19:37:44,12010c8c-9f46-4e45-81e4-62d7090fbcd5_adfc629b-a2cf-42d0-b90b-2e0ac41a4872,f9e4a8a6-138c-393d-9d7c-e4c6da4d2a02,12010c8c-9f46-4e45-81e4-62d7090fbcd5,nycmesh-1340-east,adfc629b-a2cf-42d0-b90b-2e0ac41a4872,nycmesh-lbe-6308,40.686016,-73.917493,,53.3,40.685823,-73.917272,,25.01,1.0,5560.0,MHz,-59.0,-58.0,ap-ptmp-airmax-mixed
2026-01-07T19:37:44,bf20021e-d27b-4be8-b467-b98a751c8784_0c1f70d2-ff21-4d5f-8310-0e768fd63dac,fa0171e3-7a02-4ae9-bcf3-080dc3cbcb67,bf20021e-d27b-4be8-b467-b98a751c8784,nycmesh-3959-eps16-south,0c1f70d2-ff21-4d5f-8310-0e768fd63dac,nycmesh-3959-eh1200-898,40.841612,-73.941817,,10.0,40.841612,-73.941817,,10.0,0.0,,,,,
2026-01-07T19:37:44,c661fb92-4219-45d3-989f-8ce9f4d2f0b7_677b5288-fb82-4d23-a83c-0a9c55f7991c,fa2b0f41-f98a-3c99-84d6-70eea4366f87,c661fb92-4219-45d3-989f-8ce9f4d2f0b7,nycmesh-219-west,677b5288-fb82-4d23-a83c-0a9c55f7991c,nycmesh-lbe-876,40.67441,-73.94024,,10.0,40.6744,-73.9403,,5.0,5.180721405020117,5510.0,MHz,-47.0,-48.0,ap-ptmp-airmax-mixed
2026-01-07T19:37:44,0c005453-3975-4299-8271-441ab0e0f371_0c005453-3975-4299-8271-441ab0e0f371,fa40916c-a1b4-4559-bcc3-3f0cd364c3c3,0c005453-3975-4299-8271-441ab0e0f371,nycmesh-11-core,0c005453-3975-4299-8271-441ab0e0f371,nycmesh-11-core,40.726847,-74.007579,,10.0,40.726847,-74.007579,,10.0,0.0,,,,,
2026-01-07T19:37:44,e2ce49b7-7b36-48ea-92e0-286e98b7a1f1_e998a178-484d-45d5-92ff-c6e8092afda0,fa4e73ae-2289-497d-83c1-46f013581b5a,e2ce49b7-7b36-48ea-92e0-286e98b7a1f1,nycmesh-1933-cubepro-1932,e998a178-484d-45d5-92ff-c6e8092afda0,nycmesh-1932-cubepro-1933,40.715467,-73.984401,,97.0,40.716098,-73.985997,14.0,100.32,151.71180141777236,,,,,
2026-01-07T19:37:44,01a74e3c-7494-4e0a-a380-1d611e988f35_5eac5a1a-3f8d-47b4-a2c2-ac211e1ad225,fa5c8838-7b72-37fc-ae03-e217b05f57f3,01a74e3c-7494-4e0a-a380-1d611e988f35,nycmesh-227-ps5ac-north2,5eac5a1a-3f8d-47b4-a2c2-ac211e1ad225,nycmesh-lbe-163,40.711166,-74.001244,,161.544,40.716608,-73.998587,10.0,8.0,1.0,5710.0,MHz,-62.0,-61.0,ap-ptmp-airmax-mixed
2026-01-07T19:37:44,4a6f43ed-ac8b-41c6-867b-e893d9737c31_4e0d8c2f-f328-4985-b947-ab59251ae578,fa69f94d-e52a-3089-a12d-94596e401d8c,4a6f43ed-ac8b-41c6-867b-e893d9737c31,nycmesh-1936-olt-xgs-165,4e0d8c2f-f328-4985-b947-ab59251ae578,1936-07Q,40.716797,-73.985577,,10.0,40.716797,-73.985577,,5.0,0.0,,,4.0,-16.0,
2026-01-07T19:37:44,4a6f43ed-ac8b-41c6-867b-e893d9737c31_c524d53b-5c87-4241-bafc-1b47316b4630,fa8783cd-fd86-3af1-89c8-1a96517a8332,4a6f43ed-ac8b-41c6-867b-e893d9737c31,nycmesh-1936-olt-xgs-165,c524d53b-5c87-4241-bafc-1b47316b4630,1936-05H,40.716797,-73.985577,,10.0,40.716797,-73.985577,,5.0,0.0,,,5.0,-16.0,
2026-01-07T19:37:44,7ee45009-6bc2-4a26-9b83-a3b07c70a3f6_600a5eeb-8f79-4e99-9234-29e9ef7ae586,fab1e9e8-3157-3a38-a1df-673dfdeb16b5,7ee45009-6bc2-4a26-9b83-a3b07c70a3f6,nycmesh-1934-olt-131-460,600a5eeb-8f79-4e99-9234-29e9ef7ae586,460-23A,40.716142,-73.98448,14.0,10.0,40.715645,-73.984543,13.0,5.0,55.51836572683728,,,3.0,-27.0,
2026-01-07T19:37:44,a57ddde1-6fff-463a-bbee-cbe90258daa6_451c88ee-83d8-49f8-b374-94924a2935f3,facfe2da-64a7-3e57-a39e-ee800207c349,a57ddde1-6fff-463a-bbee-cbe90258daa6,nycmesh-1932-olt-410,451c88ee-83d8-49f8-b374-94924a2935f3,410-11G,40.716098,-73.985997,14.0,100.32,40.716338,-73.986263,14.0,5.0,34.85361611376818,,,2.0,-18.0,
2026-01-07T19:37:44,ca7e20a7-1205-48e0-ad90-016e18454dfa_ff038929-d47b-4bb8-8a61-a222a04fee56,fadfffd9-16e5-3337-9de0-68c4dc818388,ca7e20a7-1205-48e0-ad90-016e18454dfa,nycmesh-5712-south,ff038929-d47b-4bb8-8a61-a222a04fee56,nycmesh-lbelr-6566,40.736717,-73.95465,6.0,10.0,40.73505,-73.9582,5.0,5.0,1.0,5510.0,MHz,-55.0,-57.0,ap-ptmp-airmax-mixed
2026-01-07T19:37:44,38a3014f-1ded-43c2-80f8-815442951fe7_074da9f7-8a5d-4b71-8e84-a3d1f53f3096,fb5a88f2-c910-37c0-9927-9f75b865edfa,38a3014f-1ded-43c2-80f8-815442951fe7,nycmesh-231-north,074da9f7-8a5d-4b71-8e84-a3d1f53f3096,nycmesh-lbe-2883,40.645933,-74.013631,,10.0,40.6458,-74.0134,5.0,5.0,24.465163153067557,5810.0,MHz,-53.0,-68.0,ap-ptmp-airmax-mixed
2026-01-07T19:37:44,4a6f43ed-ac8b-41c6-867b-e893d9737c31_80127465-62a0-4580-939a-09369adba318,fb73868c-31c4-3a9d-b467-7ac4924d6a89,4a6f43ed-ac8b-41c6-867b-e893d9737c31,nycmesh-1936-olt-xgs-165,80127465-62a0-4580-939a-09369adba318,1936-06A,40.716797,-73.985577,,10.0,40.716797,-73.985577,,5.0,0.0,,,4.0,-17.0,
2026-01-07T19:37:44,7ee45009-6bc2-4a26-9b83-a3b07c70a3f6_7e86e73c-f9b1-4b9e-9575-99ec1262dd5b,fb83d210-c5cb-3681-88d5-a7026e12daeb,7ee45009-6bc2-4a26-9b83-a3b07c70a3f6,nycmesh-1934-olt-131-460,7e86e73c-f9b1-4b9e-9575-99ec1262dd5b,460-24F,40.716142,-73.98448,14.0,10.0,40.715526,-73.984399,13.0,5.0,68.8354308742578,,,1.0,-25.0,
2026-01-07T19:37:44,bf20021e-d27b-4be8-b467-b98a751c8784_b109cc92-8599-4a13-8a68-2eb403f8e319,fba53abb-902c-3b36-821b-f6d8f0ec353c,bf20021e-d27b-4be8-b467-b98a751c8784,nycmesh-3959-eps16-south,b109cc92-8599-4a13-8a68-2eb403f8e319,nycmesh-3959-south,40.841612,-73.941817,,10.0,40.841612,-73.941817,,10.0,0.0,,,,,ap-ptmp-airmax-mixed
2026-01-07T19:37:44,0b67e309-6e94-4c8f-8075-60fa4072d6f9_c462dbf2-1357-494c-a6af-ea3b02c96c03,fbb973c4-1ee7-4320-a288-34ecebc5695d,0b67e309-6e94-4c8f-8075-60fa4072d6f9,nycmesh-162-core,c462dbf2-1357-494c-a6af-ea3b02c96c03,nycmesh-162-eps16,40.664997,-73.990543,,40.0,40.664997,-73.990543,,40.0,0.0,,,,,
2026-01-07T19:37:44,bd496c6c-7b62-4b77-8020-6d86bbbc7694_08b58c11-0517-48cd-a34f-9828dfdcc28f,fbf67f35-d183-4d35-82ed-25dfe4d98f52,bd496c6c-7b62-4b77-8020-6d86bbbc7694,nycmesh-648-eps16,08b58c11-0517-48cd-a34f-9828dfdcc28f,nycmesh-648-core,40.639719,-73.995809,,25.0,40.639719,-73.995809,,25.0,0.0,,,,,
2026-01-07T19:37:44,3338c10e-fe5c-490c-afa7-312ce0b7af44_23d431ca-8218-4289-9484-3c976dd310b4,fbf6a257-e6c6-4956-9cb7-bce1e2f68763,3338c10e-fe5c-490c-afa7-312ce0b7af44,nycmesh-7398-omni,23d431ca-8218-4289-9484-3c976dd310b4,nycmesh-7985-omni,40.675959,-73.940744,,15.0,40.675959,-73.940744,,15.0,0.0,,,,,
2026-01-07T19:37:44,4a6f43ed-ac8b-41c6-867b-e893d9737c31_372440bc-5ce6-479c-9fa2-f98ef0934a76,fc220453-4ca1-3682-a76f-9a6597ffce44,4a6f43ed-ac8b-41c6-867b-e893d9737c31,nycmesh-1936-olt-xgs-165,372440bc-5ce6-479c-9fa2-f98ef0934a76,1936-10A,40.716797,-73.985577,,10.0,40.716797,-73.985577,,5.0,0.0,,,3.0,-16.0,
2026-01-07T19:37:44,d1f3edec-127b-4a72-a7cb-f7b5b77e0d73_c47d9601-202d-436c-998f-9b84599f964e,fc30f38b-cc96-46ee-8677-31baedea300a,d1f3edec-127b-4a72-a7cb-f7b5b77e0d73,nycmesh-217-omni,c47d9601-202d-436c-998f-9b84599f964e,nycmesh-217-cube60-552,40.649808,-74.004296,,10.0,40.649808,-74.004296,,10.0,0.0,,,,,
2026-01-07T19:37:44,f0fd1504-684f-467e-8115-ac44b46fc24a_c82bb62b-ddf2-4011-8556-12b170f43ef2,fc34533c-385f-4d09-9fa6-f1999879b836,f0fd1504-684f-467e-8115-ac44b46fc24a,nycmesh-1340-eps16,c82bb62b-ddf2-4011-8556-12b170f43ef2,nycmesh-1340-west,40.685823,-73.917272,,12.93,40.686016,-73.917493,,53.3,28.421800681481212,,,,,ap-ptmp-airmax-mixed
2026-01-07T19:37:44,7ee45009-6bc2-4a26-9b83-a3b07c70a3f6_89705588-3ec1-488e-a8ca-f1740eda9c23,fcb2dfe7-1967-3ef5-af51-1e6ded2d210f,7ee45009-6bc2-4a26-9b83-a3b07c70a3f6,nycmesh-1934-olt-131-460,89705588-3ec1-488e-a8ca-f1740eda9c23,460-10G,40.716142,-73.98448,14.0,10.0,40.716797,-73.985577,13.0,5.0,117.69674646334691,,,4.0,-25.0,
2026-01-07T19:37:44,e733efb4-d12c-47ea-84e6-9309dd66d12b_321ec679-da0d-4a79-83d2-474604d90e98,fcd7dbae-b837-3d5b-a887-d6badeee19df,e733efb4-d12c-47ea-84e6-9309dd66d12b,nycmesh-2463-northwest,321ec679-da0d-4a79-83d2-474604d90e98,nycmesh-lbe-2983,40.719898,-73.988024,11.0,8.0,40.719897625,-73.98805175,,5.0,2.0,5710.0,MHz,-57.0,-56.0,ap-ptmp-airmax-ac
2026-01-07T19:37:44,a57ddde1-6fff-463a-bbee-cbe90258daa6_356882a7-185f-48df-a4ae-ba043093ae4a,fd1e6e45-9762-3615-81f5-f15b63f0c4b8,a57ddde1-6fff-463a-bbee-cbe90258daa6,nycmesh-1932-olt-410,356882a7-185f-48df-a4ae-ba043093ae4a,410-15D,40.716098,-73.985997,14.0,100.32,40.716338,-73.986263,14.0,5.0,34.85361611376818,,,,,
2026-01-07T19:37:44,12010c8c-9f46-4e45-81e4-62d7090fbcd5_c08b99da-9975-42a5-b61d-e71784bf1bc6,fd573d79-bc24-37b8-8c38-70b19e7143cd,12010c8c-9f46-4e45-81e4-62d7090fbcd5,nycmesh-1340-east,c08b99da-9975-42a5-b61d-e71784bf1bc6,nycmesh-lbe-340,40.686016,-73.917493,,53.3,40.685823,-73.917272,,25.01,1.0,5560.0,MHz,-58.0,-54.0,ap-ptmp-airmax-mixed
2026-01-07T19:37:44,01a74e3c-7494-4e0a-a380-1d611e988f35_e5a27a73-aa70-409d-8232-9c5f1a7695d3,fdd57ecb-5e56-383a-8972-faab7270558a,01a74e3c-7494-4e0a-a380-1d611e988f35,nycmesh-227-ps5ac-north2,e5a27a73-aa70-409d-8232-9c5f1a7695d3,nycmesh-nbe-493,40.711166,-74.001244,,161.544,40.727847,-73.991388,10.0,8.0,1.0,5710.0,MHz,-65.0,-64.0,ap-ptmp-airmax-mixed
2026-01-07T19:37:44,a57ddde1-6fff-463a-bbee-cbe90258daa6_a43cfc89-4752-41b4-a43e-e7fa0dadda3f,fdefc076-6b4b-37c0-a4a0-2fa002f0e8d2,a57ddde1-6fff-463a-bbee-cbe90258daa6,nycmesh-1932-olt-410,a43cfc89-4752-41b4-a43e-e7fa0dadda3f,410-07A,40.716098,-73.985997,14.0,100.32,40.716338,-73.986263,14.0,5.0,34.85361611376818,,,3.0,-20.0,
2026-01-07T19:37:44,2f157d40-1c46-42e6-a03e-dadf11a6b48a_5ffdecaa-a14d-4f59-9dd9-f0ce28633412,fe05a228-307a-3c84-81e8-42c97d338c45,2f157d40-1c46-42e6-a03e-dadf11a6b48a,nycmesh-3606-south,5ffdecaa-a14d-4f59-9dd9-f0ce28633412,nycmesh-lbe-4534,40.708452,-73.921893,8.0,30.0,40.70771,-73.924719,8.0,5.0,1.0,5785.0,MHz,-54.0,-49.0,ap-ptmp
2026-01-07T19:37:44,a9f54d81-3413-41ec-bf67-6ddf0666fa84_0f75e4c2-1f5b-4c6e-8a32-67f709dbeb69,fe295a80-ec5d-3128-939a-d3de4c818b46,a9f54d81-3413-41ec-bf67-6ddf0666fa84,nycmesh-730-eps16,0f75e4c2-1f5b-4c6e-8a32-67f709dbeb69,nycmesh-730-north,40.844422,-73.893677,,69.000015,40.844422,-73.893677,,69.000015,0.0,,,,,ap-ptmp-airmax-mixed
2026-01-07T19:37:44,cd815a56-612a-46a9-ae87-b80aab35730b_d0d1b9cd-4766-40e4-a5d7-deaa6e1fe2bb,fe2979db-4e93-3503-ac9f-f80f2e4db0fd,cd815a56-612a-46a9-ae87-b80aab35730b,nycmesh-3461-olt,d0d1b9cd-4766-40e4-a5d7-deaa6e1fe2bb,3461-05I,40.672531,-73.964197,,60.95,40.672531,-73.964197,,5.0,0.0,,,0.0,-19.0,
2026-01-07T19:37:44,376fc67d-146a-4018-89ea-d682a0b88d64_4f930b45-9a11-4f82-8eff-d9b679c52d51,fe2e1a4d-5577-32d1-bb54-25b66f5ffbc5,376fc67d-146a-4018-89ea-d682a0b88d64,nycmesh-5916-east1,4f930b45-9a11-4f82-8eff-d9b679c52d51,nycmesh-lbe-864,40.69607,-73.939677,,67.46,40.696038,-73.939764,23.0,5.0,1.0,5710.0,MHz,-76.0,-71.0,ap-ptmp-airmax-mixed
2026-01-07T19:37:44,a9f54d81-3413-41ec-bf67-6ddf0666fa84_4db8f29e-d978-4e08-b836-b36ff2958c52,fe6a0944-53cb-4b41-8a33-d1e97bb1c83e,a9f54d81-3413-41ec-bf67-6ddf0666fa84,nycmesh-730-eps16,4db8f29e-d978-4e08-b836-b36ff2958c52,nycmesh-730-lbelr-2299,40.844422,-73.893677,,69.000015,40.8444,-73.8937,,69.000015,3.1188804816500437,,,-71.0,-61.0,ap-ptp
2026-01-07T19:37:44,3e195f48-c0e1-4ed4-9766-39fa1a2b97a0_b941154d-60f2-44f0-b6fe-467164cae821,fe86bde1-c6cf-49ef-a8a2-6a6fbef97f8a,3e195f48-c0e1-4ed4-9766-39fa1a2b97a0,nycmesh-lbelr-228 ,b941154d-60f2-44f0-b6fe-467164cae821,nycmesh-228-omni,40.6608,-73.9604,,18.0,40.660799,-73.960338,,18.0,5.230899467146124,,,-69.0,-67.0,sta-ptmp
2026-01-07T19:37:44,40b56e95-e9ee-443c-bc89-42ff8d6a37cc_fb94806e-7faf-4127-b428-3f8460bbea34,fecd65cf-0968-41c8-aef1-772c91867cab,40b56e95-e9ee-443c-bc89-42ff8d6a37cc,nycmesh-lbe-3607,fb94806e-7faf-4127-b428-3f8460bbea34,nycmesh-3607-omni,40.683,-73.946,23.0,10.0,40.682786,-73.945945,,10.0,24.24344335010033,,,-65.0,-58.0,sta-ptmp
2026-01-07T19:37:44,4a6f43ed-ac8b-41c6-867b-e893d9737c31_134c06a8-efd0-4eff-bec0-b9f8aeec7403,fefce798-8e60-3f50-933e-b4c8c07dd6f6,4a6f43ed-ac8b-41c6-867b-e893d9737c31,nycmesh-1936-olt-xgs-165,134c06a8-efd0-4eff-bec0-b9f8aeec7403,1936-12N,40.716797,-73.985577,,10.0,40.716797,-73.985577,,5.0,0.0,,,4.0,-17.0,
2026-01-07T19:37:44,4a6f43ed-ac8b-41c6-867b-e893d9737c31_47a58dab-5848-4f61-bce7-1e2f83de5f22,ff722218-6c0b-3992-a4c9-e7b3e7e55880,4a6f43ed-ac8b-41c6-867b-e893d9737c31,nycmesh-1936-olt-xgs-165,47a58dab-5848-4f61-bce7-1e2f83de5f22,1936-12K,40.716797,-73.985577,,10.0,40.716797,-73.985577,,5.0,0.0,,,5.0,-17.0,
2026-01-07T19:37:44,5949ca17-7037-406c-a276-8db9228d762c_a9a0572d-4f0b-4efd-a31a-5602e2619289,ff772c4e-e218-3856-8573-cca2c24bc7cb,5949ca17-7037-406c-a276-8db9228d762c,nycmesh-1340-west1,a9a0572d-4f0b-4efd-a31a-5602e2619289,nycmesh-lbe-7582,40.686117,-73.917818,,12.93,40.685823,-73.917272,,25.01,1.0,5710.0,MHz,-54.0,-52.0,ap-ptmp-airmax-mixed
2026-01-07T19:37:44,83ebb66c-9b0d-4a71-af68-50dd94dd36da_d648e07b-d5a7-441b-9155-ace2f2dd93d8,ffac3e88-0b51-47d4-a686-a1987e4a0d91,83ebb66c-9b0d-4a71-af68-50dd94dd36da,nycmesh-584-ICX6610,d648e07b-d5a7-441b-9155-ace2f2dd93d8,nycmesh-584-netpower16p-roof,40.79355,-73.965641,,10.0,40.79355,-73.965641,,10.0,0.0,,,,,
2026-01-07T19:37:44,c6e5cad9-95d0-4440-86ce-65437fede532_f142ed6e-6ff7-409c-909a-aa9505785ae8,ffe76dea-320c-3424-9328-3c64df952a4f,c6e5cad9-95d0-4440-86ce-65437fede532,nycmesh-sn3-north,f142ed6e-6ff7-409c-909a-aa9505785ae8,nycmesh-lbe-524,40.6579,-74.0049,,45.32,40.6578,-74.0048,5.0,5.0,1.0,5560.0,MHz,-56.0,-58.0,ap-ptmp-airmax-mixed
2026-01-07T19:37:44,a57ddde1-6fff-463a-bbee-cbe90258daa6_e4705adc-aa0d-4660-ae0f-a7d81a052b0a,ffedaa63-838b-3f01-8499-35f4db24a4d9,a57ddde1-6fff-463a-bbee-cbe90258daa6,nycmesh-1932-olt-410,e4705adc-aa0d-4660-ae0f-a7d81a052b0a,410-23C,40.716098,-73.985997,14.0,100.32,40.716338,-73.986263,14.0,5.0,34.85361611376818,,,3.0,-18.0,
