cml_id,device_name,tx_id,tx_name,rx_id,rx_name,site_0_lat,site_0_lon,site_0_elevation,site_0_altitude,site_1_lat,site_1_lon,site_1_elevation,site_1_altitude,length,frequency,antenna_type,tsl,rsl,source_cml_id,source_sublink_id,date,is_non_cml,coords_fixed,frequency_inferred,has_meta,n_valid_rsl,first_valid,last_valid,coverage_days,active
001161b2-4033-45a3-a05f-06a6efa60b18_12c27b16-7594-4f3c-b969-8b3aa3d7b538,nycmesh-lbe-814,001161b2-4033-45a3-a05f-06a6efa60b18,nycmesh-511-west,12c27b16-7594-4f3c-b969-8b3aa3d7b538,nycmesh-lbe-814,40.70538,-73.930575,,24.0,40.704377,-73.933647,,5.0,1.0,5505.0,ap-ptmp-airmax-mixed,-50.0,-54.0,001161b2-4033-45a3-a05f-06a6efa60b18_12c27b16-7594-4f3c-b969-8b3aa3d7b538,eced9abe-109c-3a92-9e3c-f901214525c4,2026-05-07,False,False,False,True,46678,2025-05-29 19:00:00,2026-04-30 23:54:00,336.0,True
001161b2-4033-45a3-a05f-06a6efa60b18_7ce73a01-b919-430b-b17c-e6b82ff3cb27,nycmesh-lbe-802,001161b2-4033-45a3-a05f-06a6efa60b18,nycmesh-511-west,7ce73a01-b919-430b-b17c-e6b82ff3cb27,nycmesh-lbe-802,40.70538,-73.930575,,24.0,40.703066,-73.930812,,5.0,1.0,5505.0,ap-ptmp-airmax-mixed,-57.0,-66.0,001161b2-4033-45a3-a05f-06a6efa60b18_7ce73a01-b919-430b-b17c-e6b82ff3cb27,e5fc0854-1b5c-3823-8d20-a73cc810cc25,2026-05-07,False,False,False,True,46457,2025-05-27 01:00:00,2026-04-30 23:54:00,338.0,True
001161b2-4033-45a3-a05f-06a6efa60b18_a4d3c97c-4563-46bc-b216-c71b5690287a,nycmesh-lbe-856,001161b2-4033-45a3-a05f-06a6efa60b18,nycmesh-511-west,a4d3c97c-4563-46bc-b216-c71b5690287a,nycmesh-lbe-856,40.70538,-73.930575,,24.0,40.704703,-73.934115,,5.0,1.0,5505.0,ap-ptmp-airmax-mixed,-52.0,-54.0,001161b2-4033-45a3-a05f-06a6efa60b18_a4d3c97c-4563-46bc-b216-c71b5690287a,a5e546af-629e-39a1-af1e-de98ff43db51,2026-05-07,False,False,False,True,44303,2025-07-29 04:00:00,2026-04-30 23:54:00,275.0,True
001161b2-4033-45a3-a05f-06a6efa60b18_de038fb3-e1f5-4c0e-a9e6-b659a37ddcfb,nycmesh-511-west,001161b2-4033-45a3-a05f-06a6efa60b18,nycmesh-511-west,de038fb3-e1f5-4c0e-a9e6-b659a37ddcfb,nycmesh-lbe-617,40.70538,-73.930575,,24.0,40.705208,-73.934124,,5.0,1.0,5505.0,ap-ptmp-airmax-mixed,-57.0,-63.0,001161b2-4033-45a3-a05f-06a6efa60b18_de038fb3-e1f5-4c0e-a9e6-b659a37ddcfb,1a3b214f-fcb2-3637-a207-1b471f610a33,2026-05-07,False,False,False,True,296884,2024-04-21 19:25:28,2026-04-30 23:54:00,739.0,True
00668578-b019-4b60-9cbf-2a1335b324ea_db447f7d-fe98-4e0f-bb3c-6b944e1c8c91,,00668578-b019-4b60-9cbf-2a1335b324ea,nycmesh-1932-gbelr-731,db447f7d-fe98-4e0f-bb3c-6b944e1c8c91,nycmesh-731-gbelr-1932,40.716098,-73.985997,14.0,100.32,40.724676,-73.98073,,8.0,1052.0539764929235,60480.0,sta-ptp,-55.0,-55.0,00668578-b019-4b60-9cbf-2a1335b324ea_db447f7d-fe98-4e0f-bb3c-6b944e1c8c91,84988478-69a6-34d1-af5e-77a1af250d16,2025-10-14,False,False,False,True,2862,2025-09-01 00:00:00,2025-09-30 23:54:00,29.0,True
011c26e8-ce49-45f7-a204-a503f2b817c5_5029d015-28ff-4dd7-8f33-8846812c5913,nycmesh-1933-east-s3,011c26e8-ce49-45f7-a204-a503f2b817c5,nycmesh-1933-east-s3,5029d015-28ff-4dd7-8f33-8846812c5913,nycmesh-lbelr-7359,40.715592,-73.984417,,97.0,40.690744,-73.970097,,8.0,3015.156851653845,5330.0,ap-ptmp-airmax-mixed,-75.0,-76.0,011c26e8-ce49-45f7-a204-a503f2b817c5_5029d015-28ff-4dd7-8f33-8846812c5913,7daa0cb9-c9d8-397c-8aea-3e9021e6178d,2026-05-07,False,False,False,True,345949,2023-12-01 00:00:08,2023-11-30 23:59:04,-1.0,True
01a74e3c-7494-4e0a-a380-1d611e988f35_05e893ea-6bd4-4d44-8032-0115c8d882d2,nycmesh-lbe-146,01a74e3c-7494-4e0a-a380-1d611e988f35,nycmesh-227-ps5ac-north2,05e893ea-6bd4-4d44-8032-0115c8d882d2,nycmesh-lbe-146,40.711133,-74.001337,,161.544,40.716286,-73.999296,10.0,8.0,1.0,5710.0,ap-ptmp-airmax-mixed,-61.0,-60.0,01a74e3c-7494-4e0a-a380-1d611e988f35_05e893ea-6bd4-4d44-8032-0115c8d882d2,cf386037-5e57-3e03-a9ae-c12c13cdf61a,2026-05-07,False,False,False,True,373492,2023-12-01 00:00:00,2023-11-30 23:58:56,-1.0,True
01a74e3c-7494-4e0a-a380-1d611e988f35_0cae3e9c-42ac-407e-8508-e98d00bc8896,nycmesh-227-ps5ac-north2,01a74e3c-7494-4e0a-a380-1d611e988f35,nycmesh-227-ps5ac-north2,0cae3e9c-42ac-407e-8508-e98d00bc8896,nycmesh-lbe-5155,40.711133,-74.001337,,161.544,40.717409,-73.990075,10.0,8.0,1.0,5710.0,ap-ptmp-airmax-mixed,-66.0,-63.0,01a74e3c-7494-4e0a-a380-1d611e988f35_0cae3e9c-42ac-407e-8508-e98d00bc8896,149d8b80-dd87-3179-89b6-52d31a2d14a8,2026-05-07,False,False,False,True,355476,2023-12-01 00:00:56,2023-11-30 23:59:52,-1.0,True
01a74e3c-7494-4e0a-a380-1d611e988f35_1ea495cf-3577-44f9-857d-d1ee980c4f54,nycmesh-lbe-2441,01a74e3c-7494-4e0a-a380-1d611e988f35,nycmesh-227-ps5ac-north2,1ea495cf-3577-44f9-857d-d1ee980c4f54,nycmesh-lbe-2441,40.711133,-74.001337,,161.544,40.716536,-73.990433,10.0,8.0,1.0,5710.0,ap-ptmp-airmax-mixed,-65.0,-65.0,01a74e3c-7494-4e0a-a380-1d611e988f35_1ea495cf-3577-44f9-857d-d1ee980c4f54,3cb48ed5-4b2f-3acd-9acc-b1069a99683e,2026-05-07,False,False,False,True,358984,2023-12-01 00:00:32,2023-11-30 23:59:36,-1.0,True
01a74e3c-7494-4e0a-a380-1d611e988f35_3d4b2605-28fa-4993-814a-094bbc707ebc,nycmesh-lbelr-3,01a74e3c-7494-4e0a-a380-1d611e988f35,nycmesh-227-ps5ac-north2,3d4b2605-28fa-4993-814a-094bbc707ebc,nycmesh-lbelr-3,40.711133,-74.001337,,161.544,40.72487,-73.987851,,-32.0,1916.0,5710.0,ap-ptmp-airmax-mixed,-63.0,-69.0,01a74e3c-7494-4e0a-a380-1d611e988f35_3d4b2605-28fa-4993-814a-094bbc707ebc,90f21371-c2ab-376a-933b-3137ce20d5fe,2026-05-07,False,False,False,True,395653,2023-12-01 00:00:32,2023-11-30 23:59:28,-1.0,True
01a74e3c-7494-4e0a-a380-1d611e988f35_3dddde02-088e-4878-89ad-1222cf8daf0f,nycmesh-lbe-2915,01a74e3c-7494-4e0a-a380-1d611e988f35,nycmesh-227-ps5ac-north2,3dddde02-088e-4878-89ad-1222cf8daf0f,nycmesh-lbe-2915,40.711133,-74.001337,,161.544,40.716532,-73.998141,10.0,8.0,1.0,5710.0,ap-ptmp-airmax-mixed,-61.0,-60.0,01a74e3c-7494-4e0a-a380-1d611e988f35_3dddde02-088e-4878-89ad-1222cf8daf0f,a77ca872-fbc1-303c-8e0d-d57d4d6507a9,2026-05-07,False,False,False,True,358059,2023-12-01 00:00:32,2023-11-30 23:59:28,-1.0,True
01a74e3c-7494-4e0a-a380-1d611e988f35_5b79eae8-7249-4018-9dd6-ca3db6a9b03c,nycmesh-lbe-554,01a74e3c-7494-4e0a-a380-1d611e988f35,nycmesh-227-ps5ac-north2,5b79eae8-7249-4018-9dd6-ca3db6a9b03c,nycmesh-lbe-554,40.711133,-74.001337,,161.544,40.726903,-73.985262,10.0,8.0,1.0,5710.0,ap-ptmp-airmax-mixed,-65.0,-64.0,01a74e3c-7494-4e0a-a380-1d611e988f35_5b79eae8-7249-4018-9dd6-ca3db6a9b03c,a9a675b5-f57c-33cf-bbad-5ba08c09ad94,2026-05-07,False,False,False,True,354262,2023-12-01 00:00:24,2023-11-30 23:59:20,-1.0,True
01a74e3c-7494-4e0a-a380-1d611e988f35_5eac5a1a-3f8d-47b4-a2c2-ac211e1ad225,nycmesh-lbe-163,01a74e3c-7494-4e0a-a380-1d611e988f35,nycmesh-227-ps5ac-north2,5eac5a1a-3f8d-47b4-a2c2-ac211e1ad225,nycmesh-lbe-163,40.711133,-74.001337,,161.544,40.716608,-73.998587,10.0,8.0,1.0,5710.0,ap-ptmp-airmax-mixed,-62.0,-61.0,01a74e3c-7494-4e0a-a380-1d611e988f35_5eac5a1a-3f8d-47b4-a2c2-ac211e1ad225,fa5c8838-7b72-37fc-ae03-e217b05f57f3,2026-05-07,False,False,False,True,355928,2023-12-01 00:00:40,2023-11-30 23:59:36,-1.0,True
01a74e3c-7494-4e0a-a380-1d611e988f35_7a168a17-449f-4368-8115-6bdde1676298,nycmesh-lbe-1660,01a74e3c-7494-4e0a-a380-1d611e988f35,nycmesh-227-ps5ac-north2,7a168a17-449f-4368-8115-6bdde1676298,nycmesh-lbe-1660,40.711133,-74.001337,,161.544,40.724456,-73.982986,10.0,8.0,1.0,5710.0,ap-ptmp-airmax-mixed,-66.0,-64.0,01a74e3c-7494-4e0a-a380-1d611e988f35_7a168a17-449f-4368-8115-6bdde1676298,4188859f-f4ee-3bed-877e-13b09a870714,2026-05-07,False,False,False,True,352802,2023-12-01 00:00:32,2023-11-30 23:59:36,-1.0,True
01a74e3c-7494-4e0a-a380-1d611e988f35_7d488e86-904b-4bc6-9b70-22bee01ed4bf,nycmesh-lbe-6414,01a74e3c-7494-4e0a-a380-1d611e988f35,nycmesh-227-ps5ac-north2,7d488e86-904b-4bc6-9b70-22bee01ed4bf,nycmesh-lbe-6414,40.711133,-74.001337,,161.544,40.720987,-73.996465,10.0,8.0,1.0,5710.0,ap-ptmp-airmax-mixed,-62.0,-61.0,01a74e3c-7494-4e0a-a380-1d611e988f35_7d488e86-904b-4bc6-9b70-22bee01ed4bf,c1b2b44b-3990-38aa-9fb6-e4aefd279bc1,2026-05-07,False,False,False,True,356551,2023-12-01 00:00:08,2023-11-30 23:59:04,-1.0,True
01a74e3c-7494-4e0a-a380-1d611e988f35_acecd4b0-3ea9-44c0-aab5-a586a1e47948,nycmesh-lbe-6791,01a74e3c-7494-4e0a-a380-1d611e988f35,nycmesh-227-ps5ac-north2,acecd4b0-3ea9-44c0-aab5-a586a1e47948,nycmesh-lbe-6791,40.711133,-74.001337,,161.544,40.718904,-73.992225,10.0,8.0,1.0,5710.0,ap-ptmp-airmax-mixed,-68.0,-65.0,01a74e3c-7494-4e0a-a380-1d611e988f35_acecd4b0-3ea9-44c0-aab5-a586a1e47948,dbc628f9-b055-3814-bd02-91ed191ce9db,2026-05-07,False,False,False,True,349571,2023-12-01 00:00:00,2023-11-30 23:59:04,-1.0,True
01a74e3c-7494-4e0a-a380-1d611e988f35_e5a27a73-aa70-409d-8232-9c5f1a7695d3,nycmesh-nbe-493,01a74e3c-7494-4e0a-a380-1d611e988f35,nycmesh-227-ps5ac-north2,e5a27a73-aa70-409d-8232-9c5f1a7695d3,nycmesh-nbe-493,40.711133,-74.001337,,161.544,40.727847,-73.991388,10.0,8.0,1.0,5710.0,ap-ptmp-airmax-mixed,-67.0,-64.0,01a74e3c-7494-4e0a-a380-1d611e988f35_e5a27a73-aa70-409d-8232-9c5f1a7695d3,fdd57ecb-5e56-383a-8972-faab7270558a,2026-05-07,False,False,False,True,347222,2023-12-01 00:00:32,2023-11-30 23:59:36,-1.0,True
0242bd05-16ee-49bf-a97f-30d3efe7138a_b1314c1d-da73-4f0c-85bd-6bd1965130fa,nycmesh-228-east,0242bd05-16ee-49bf-a97f-30d3efe7138a,nycmesh-228-east,b1314c1d-da73-4f0c-85bd-6bd1965130fa,nycmesh-619-lbe,40.66076,-73.96032,,12.45,40.6599,-73.95808,,5.0,1344.0,5270.0,ap-ptmp-airmax-mixed,-53.0,-52.0,0242bd05-16ee-49bf-a97f-30d3efe7138a_b1314c1d-da73-4f0c-85bd-6bd1965130fa,330d90e1-e113-3cae-b7f6-65d121aaf8c6,2026-05-07,False,False,False,True,240414,2024-05-11 19:04:00,2026-04-30 23:54:00,719.0,True
029b9158-d691-4968-a7b3-7ffbe1ae03d3_026ffa75-350f-474c-bed3-f72b60dbdf4e,nycmesh-lbe-779,029b9158-d691-4968-a7b3-7ffbe1ae03d3,nycmesh-3461-northwest,026ffa75-350f-474c-bed3-f72b60dbdf4e,nycmesh-lbe-779,40.672685,-73.96386,,60.95,40.6725,-73.9642,,5.0,35.28977579122606,5520.0,ap-ptmp-airmax-mixed,-75.0,-63.0,029b9158-d691-4968-a7b3-7ffbe1ae03d3_026ffa75-350f-474c-bed3-f72b60dbdf4e,d788eb9d-2b17-382b-86b7-395bf9f0314e,2026-05-07,False,False,False,True,356031,2023-12-01 00:00:16,2023-11-30 23:59:12,-1.0,True
029b9158-d691-4968-a7b3-7ffbe1ae03d3_0d22d19f-6f1d-4423-af1c-a2912f02d282,nycmesh-lbelr-3607,029b9158-d691-4968-a7b3-7ffbe1ae03d3,nycmesh-3461-northwest,0d22d19f-6f1d-4423-af1c-a2912f02d282,nycmesh-lbelr-3607,40.672685,-73.96386,,60.95,40.6828,-73.9459,23.0,10.0,1915.0,5520.0,ap-ptmp-airmax-mixed,-75.0,-72.0,029b9158-d691-4968-a7b3-7ffbe1ae03d3_0d22d19f-6f1d-4423-af1c-a2912f02d282,fd3cb0fc-bd33-379c-947e-aae24f78a93c,2026-05-07,False,False,False,True,354666,2023-12-01 00:00:00,2023-11-30 23:59:04,-1.0,True
029b9158-d691-4968-a7b3-7ffbe1ae03d3_1644c4e7-3ea1-44cf-a3ed-27c2aa6ab6b2,nycmesh-lbe-845,029b9158-d691-4968-a7b3-7ffbe1ae03d3,nycmesh-3461-northwest,1644c4e7-3ea1-44cf-a3ed-27c2aa6ab6b2,nycmesh-lbe-845,40.672685,-73.96386,,60.95,40.6725,-73.9642,,5.0,35.28977579122606,5520.0,ap-ptmp-airmax-mixed,-75.0,-69.0,029b9158-d691-4968-a7b3-7ffbe1ae03d3_1644c4e7-3ea1-44cf-a3ed-27c2aa6ab6b2,c8fd00f6-b436-3770-90f8-ed4ef0e06ef9,2026-05-07,False,False,False,True,45618,2025-07-10 19:00:00,2026-04-30 23:54:00,294.0,True
029b9158-d691-4968-a7b3-7ffbe1ae03d3_1b49c3a1-579a-43ba-94d9-e03e40ab9191,nycmesh-lbe-633,029b9158-d691-4968-a7b3-7ffbe1ae03d3,nycmesh-3461-northwest,1b49c3a1-579a-43ba-94d9-e03e40ab9191,nycmesh-lbe-633,40.672685,-73.96386,,60.95,40.6725,-73.9642,,5.0,35.28977579122606,5520.0,ap-ptmp-airmax-mixed,-75.0,-63.0,029b9158-d691-4968-a7b3-7ffbe1ae03d3_1b49c3a1-579a-43ba-94d9-e03e40ab9191,7cd7c11a-eacc-3760-b39a-f3f4ed366d5f,2026-05-07,False,False,False,True,94523,2024-06-20 15:34:48,2026-04-30 23:54:00,679.0,True
029b9158-d691-4968-a7b3-7ffbe1ae03d3_1edc7d98-d562-46f0-9226-3c58dff9230a,nycmesh-lbe-4666,029b9158-d691-4968-a7b3-7ffbe1ae03d3,nycmesh-3461-northwest,1edc7d98-d562-46f0-9226-3c58dff9230a,nycmesh-lbe-4666,40.672685,-73.96386,,60.95,40.6725,-73.9642,,5.0,35.28977579122606,5520.0,ap-ptmp-airmax-mixed,-75.0,-73.0,029b9158-d691-4968-a7b3-7ffbe1ae03d3_1edc7d98-d562-46f0-9226-3c58dff9230a,c3717cb0-e960-3a91-9a6f-7dba9302f822,2026-05-07,False,False,False,True,228238,2024-03-18 08:13:36,2026-04-30 23:54:00,773.0,True
029b9158-d691-4968-a7b3-7ffbe1ae03d3_3290c0ca-1789-4c25-8e86-33b6b4aebe17,nycmesh-lbe-450,029b9158-d691-4968-a7b3-7ffbe1ae03d3,nycmesh-3461-northwest,3290c0ca-1789-4c25-8e86-33b6b4aebe17,nycmesh-lbe-450,40.672685,-73.96386,,60.95,40.6725,-73.9642,,5.0,35.28977579122606,5520.0,ap-ptmp-airmax-mixed,-75.0,-64.0,029b9158-d691-4968-a7b3-7ffbe1ae03d3_3290c0ca-1789-4c25-8e86-33b6b4aebe17,b1c4ed34-aa86-3545-a34b-23567416e7a4,2026-05-07,False,False,False,True,353476,2023-12-01 00:00:08,2023-11-30 23:59:04,-1.0,True
029b9158-d691-4968-a7b3-7ffbe1ae03d3_55d5429e-c495-4e67-95d3-8159cec98717,nycmesh-lbe-3682,029b9158-d691-4968-a7b3-7ffbe1ae03d3,nycmesh-3461-northwest,55d5429e-c495-4e67-95d3-8159cec98717,nycmesh-lbe-3682,40.672685,-73.96386,,60.95,40.6725,-73.9642,,5.0,35.28977579122606,5520.0,ap-ptmp-airmax-mixed,-75.0,-70.0,029b9158-d691-4968-a7b3-7ffbe1ae03d3_55d5429e-c495-4e67-95d3-8159cec98717,90710396-2a76-3b99-96e9-74b7594d9d5a,2026-05-07,False,False,False,True,353681,2023-12-01 00:00:32,2023-11-30 23:59:28,-1.0,True
029b9158-d691-4968-a7b3-7ffbe1ae03d3_68015193-dd44-4f3e-80ce-430404452a2f,nycmesh-lbe-7545,029b9158-d691-4968-a7b3-7ffbe1ae03d3,nycmesh-3461-northwest,68015193-dd44-4f3e-80ce-430404452a2f,nycmesh-lbe-7545,40.672685,-73.96386,,60.95,40.683825,-73.950534,,5.0,1672.494364592941,5520.0,ap-ptmp-airmax-mixed,-75.0,-73.0,029b9158-d691-4968-a7b3-7ffbe1ae03d3_68015193-dd44-4f3e-80ce-430404452a2f,fe0e2f16-5cd4-3c8e-9e24-4301c0432b8e,2026-05-07,False,False,False,True,344974,2023-12-01 00:00:48,2023-11-30 23:59:44,-1.0,True
029b9158-d691-4968-a7b3-7ffbe1ae03d3_745ec871-ba12-47df-a871-d2ef4fc6a318,nycmesh-3461-northwest,029b9158-d691-4968-a7b3-7ffbe1ae03d3,nycmesh-3461-northwest,745ec871-ba12-47df-a871-d2ef4fc6a318,nycmesh-lbe-297,40.672685,-73.96386,,60.95,40.672531,-73.9641974,,5.0,33.210007652982235,5520.0,ap-ptmp-airmax-mixed,-75.0,-68.0,029b9158-d691-4968-a7b3-7ffbe1ae03d3_745ec871-ba12-47df-a871-d2ef4fc6a318,19df947f-1f41-3893-91af-fe13db763a1c,2026-05-07,False,False,False,True,313963,2023-12-01 00:00:48,2023-11-30 23:59:52,-1.0,True
029b9158-d691-4968-a7b3-7ffbe1ae03d3_758af3e5-c3b8-4c2d-b971-72007d585e99,nycmesh-lbe-582,029b9158-d691-4968-a7b3-7ffbe1ae03d3,nycmesh-3461-northwest,758af3e5-c3b8-4c2d-b971-72007d585e99,nycmesh-lbe-582,40.672685,-73.96386,,60.95,40.6725,-73.9642,,5.0,35.28977579122606,5520.0,ap-ptmp-airmax-mixed,-75.0,-85.0,029b9158-d691-4968-a7b3-7ffbe1ae03d3_758af3e5-c3b8-4c2d-b971-72007d585e99,36ec38de-f111-315e-b3ea-14df1ebb705d,2026-05-07,False,False,False,True,247108,2024-02-12 21:11:20,2026-04-30 23:54:00,808.0,True
029b9158-d691-4968-a7b3-7ffbe1ae03d3_7cf28f55-4062-4cfa-818f-376ecf4280ce,nycmesh-lbe-185,029b9158-d691-4968-a7b3-7ffbe1ae03d3,nycmesh-3461-northwest,7cf28f55-4062-4cfa-818f-376ecf4280ce,nycmesh-lbe-185,40.672685,-73.96386,,60.95,40.6725,-73.9642,,5.0,35.28977579122606,5520.0,ap-ptmp-airmax-mixed,-75.0,-59.0,029b9158-d691-4968-a7b3-7ffbe1ae03d3_7cf28f55-4062-4cfa-818f-376ecf4280ce,844b9071-6b4e-3bdf-86b2-c37eddf6ce18,2026-05-07,False,False,False,True,352583,2023-12-01 00:00:24,2023-11-30 23:59:20,-1.0,True
029b9158-d691-4968-a7b3-7ffbe1ae03d3_7ecbd76b-720a-4ce4-a46e-fc23d05de702,nycmesh-lbe-841,029b9158-d691-4968-a7b3-7ffbe1ae03d3,nycmesh-3461-northwest,7ecbd76b-720a-4ce4-a46e-fc23d05de702,nycmesh-lbe-841,40.672685,-73.96386,,60.95,40.6725,-73.9642,,5.0,35.28977579122606,5520.0,ap-ptmp-airmax-mixed,-75.0,-64.0,029b9158-d691-4968-a7b3-7ffbe1ae03d3_7ecbd76b-720a-4ce4-a46e-fc23d05de702,5d6d19c8-5ad6-363d-b44c-94e07f54d0c0,2026-05-07,False,False,False,True,45354,2025-07-07 18:00:00,2026-04-30 23:54:00,297.0,True
029b9158-d691-4968-a7b3-7ffbe1ae03d3_97497cb3-4091-45f6-b552-36c4bf1b3bb2,,029b9158-d691-4968-a7b3-7ffbe1ae03d3,nycmesh-3461-northwest,97497cb3-4091-45f6-b552-36c4bf1b3bb2,nycmesh-lbe-622,40.672685,-73.96386,,60.95,40.6725,-73.9642,,5.0,35.28977579122606,5510.0,ap-ptmp,-67.0,-69.0,029b9158-d691-4968-a7b3-7ffbe1ae03d3_97497cb3-4091-45f6-b552-36c4bf1b3bb2,d14099ce-b2a2-363a-a7b3-ac06e25ad01a,2026-01-07,False,False,False,True,653,2025-09-01 00:00:00,2025-09-15 14:24:00,14.0,True
029b9158-d691-4968-a7b3-7ffbe1ae03d3_a4ff637a-69cc-4a84-aa6c-c87866ce7c20,nycmesh-884-lbe,029b9158-d691-4968-a7b3-7ffbe1ae03d3,nycmesh-3461-northwest,a4ff637a-69cc-4a84-aa6c-c87866ce7c20,nycmesh-884-lbe,40.672685,-73.96386,,60.95,40.696038,-73.939764,23.0,5.0,3327.0,5520.0,ap-ptmp-airmax-mixed,-75.0,-73.0,029b9158-d691-4968-a7b3-7ffbe1ae03d3_a4ff637a-69cc-4a84-aa6c-c87866ce7c20,eb5e98e1-63e4-39b3-bbfd-44a131333d4e,2026-05-07,False,False,False,True,40656,2025-09-16 01:00:00,2026-04-30 23:54:00,226.0,True
029b9158-d691-4968-a7b3-7ffbe1ae03d3_adc2c9a4-7dca-45fa-8683-f98a66b6f633,nycmesh-lbelr-835,029b9158-d691-4968-a7b3-7ffbe1ae03d3,nycmesh-3461-northwest,adc2c9a4-7dca-45fa-8683-f98a66b6f633,nycmesh-lbelr-835,40.672685,-73.96386,,60.95,40.685125,-73.954598,,10.0,1617.0,5520.0,ap-ptmp-airmax-mixed,-75.0,-63.0,029b9158-d691-4968-a7b3-7ffbe1ae03d3_adc2c9a4-7dca-45fa-8683-f98a66b6f633,af75e000-4e16-340d-a431-5636db7c5393,2026-05-07,False,False,False,True,45656,2025-06-27 02:00:00,2026-04-30 23:54:00,307.0,True
029b9158-d691-4968-a7b3-7ffbe1ae03d3_b44f386b-636e-4267-83ca-0240c720ae7c,nycmesh-lbe-5344,029b9158-d691-4968-a7b3-7ffbe1ae03d3,nycmesh-3461-northwest,b44f386b-636e-4267-83ca-0240c720ae7c,nycmesh-lbe-5344,40.672685,-73.96386,,60.95,40.6725,-73.9642,,5.0,35.28977579122606,5520.0,ap-ptmp-airmax-mixed,-75.0,-63.0,029b9158-d691-4968-a7b3-7ffbe1ae03d3_b44f386b-636e-4267-83ca-0240c720ae7c,a578ebeb-b446-3ad2-a3f0-07e17d6b4248,2026-05-07,False,False,False,True,345540,2023-12-01 00:00:00,2023-11-30 23:58:56,-1.0,True
02dab8c6-b7bd-41f6-a0f4-9f6dcbdda7d0_ae3e18d2-ed51-461e-87b3-6cd07cdb6cf5,nycmesh-713-waveapmicro-north,02dab8c6-b7bd-41f6-a0f4-9f6dcbdda7d0,nycmesh-713-waveapmicro-north,ae3e18d2-ed51-461e-87b3-6cd07cdb6cf5,nycmesh-7925-wavepico,40.658028,-74.004681,,60.9,40.6564,-73.9992,,5.0,1.0,68040.0,ap-ptmp,-57.0,-53.0,02dab8c6-b7bd-41f6-a0f4-9f6dcbdda7d0_ae3e18d2-ed51-461e-87b3-6cd07cdb6cf5,40ca99da-a8c0-38bb-a0ea-e5cf6174e9c2,2026-05-07,False,False,False,True,41044,2025-08-30 00:00:00,2026-04-30 23:54:00,243.0,True
02dab8c6-b7bd-41f6-a0f4-9f6dcbdda7d0_ecea4166-6aa7-4fa5-8955-3462179e3f77,nycmesh-5300-wavenano,02dab8c6-b7bd-41f6-a0f4-9f6dcbdda7d0,nycmesh-713-waveapmicro-north,ecea4166-6aa7-4fa5-8955-3462179e3f77,nycmesh-5300-wavenano,40.658028,-74.004681,,60.9,40.65971,-73.992028,,50.2,1106.0,68040.0,ap-ptmp,-57.0,-59.0,02dab8c6-b7bd-41f6-a0f4-9f6dcbdda7d0_ecea4166-6aa7-4fa5-8955-3462179e3f77,aaf705f9-0ee6-3312-8f2f-174b951932e1,2026-05-07,False,False,False,True,41386,2025-09-01 18:00:00,2026-04-30 23:54:00,241.0,True
02dab8c6-b7bd-41f6-a0f4-9f6dcbdda7d0_ede1a6e8-327f-4862-b1f3-6e2b3d5cd379,nycmesh-1447-wavenano,02dab8c6-b7bd-41f6-a0f4-9f6dcbdda7d0,nycmesh-713-waveapmicro-north,ede1a6e8-327f-4862-b1f3-6e2b3d5cd379,nycmesh-1447-wavenano,40.658028,-74.004681,,60.9,40.659573,-73.997293,,42.5,670.0,68040.0,ap-ptmp,-57.0,-58.0,02dab8c6-b7bd-41f6-a0f4-9f6dcbdda7d0_ede1a6e8-327f-4862-b1f3-6e2b3d5cd379,cb367f4d-2730-4a4c-b59d-c9c330736d1a,2026-05-07,False,False,False,True,0,,,,False
0499345d-a4c8-480a-8886-30258eee9b06_bbd6438c-73fe-49ee-8f3a-046b9a708101,nycmesh-1635-north,0499345d-a4c8-480a-8886-30258eee9b06,nycmesh-1635-north,bbd6438c-73fe-49ee-8f3a-046b9a708101,nycmesh-lbe-335,40.667569,-73.98239,33.0,10.0,40.66755755,-73.982386782639,33.0,5.0,1.0,5700.0,ap-ptmp,-55.0,-55.0,0499345d-a4c8-480a-8886-30258eee9b06_bbd6438c-73fe-49ee-8f3a-046b9a708101,34f7d82f-5fd6-3bbe-afff-6659ffbb48bd,2026-05-07,False,False,False,True,84979,2023-12-01 00:00:08,2023-11-30 23:59:12,-1.0,True
0499345d-a4c8-480a-8886-30258eee9b06_bebe5473-f7a8-4ce2-a7ac-0203de89fda2,nycmesh-lbe-2616,0499345d-a4c8-480a-8886-30258eee9b06,nycmesh-1635-north,bebe5473-f7a8-4ce2-a7ac-0203de89fda2,nycmesh-lbe-2616,40.667569,-73.98239,33.0,10.0,40.66755755,-73.982386782639,33.0,5.0,1.0,5700.0,ap-ptmp,-55.0,-55.0,0499345d-a4c8-480a-8886-30258eee9b06_bebe5473-f7a8-4ce2-a7ac-0203de89fda2,a7f501c9-6750-323b-903d-89a6d62cc836,2026-05-07,False,False,False,True,243941,2023-12-01 00:00:32,2023-11-30 23:59:36,-1.0,True
06e12270-c227-4bb2-b56c-f56268430611_3b98d586-c5f7-40ee-a585-d2e450d042d6,nycmesh-lbelr-511,06e12270-c227-4bb2-b56c-f56268430611,nycmesh-5014-west,3b98d586-c5f7-40ee-a585-d2e450d042d6,nycmesh-lbelr-511,40.693819,-73.906361,,8.0,40.705347,-73.930856,,8.0,2430.4743466771924,5760.0,ap-ptmp-airmax-mixed,-61.0,-55.0,06e12270-c227-4bb2-b56c-f56268430611_3b98d586-c5f7-40ee-a585-d2e450d042d6,a5f3360c-6c54-34af-90d7-8b2528cfa224,2026-05-07,False,False,False,True,46720,2024-08-12 23:59:04,2026-02-28 23:54:00,564.0,True
06e12270-c227-4bb2-b56c-f56268430611_3ed71473-6bae-435d-adfc-f226f479f952,nycmesh-lbe-6570,06e12270-c227-4bb2-b56c-f56268430611,nycmesh-5014-west,3ed71473-6bae-435d-adfc-f226f479f952,nycmesh-lbe-6570,40.693819,-73.906361,,8.0,40.6938191,-73.9063608,,8.0,0.0201980233079971,5760.0,ap-ptmp-airmax-mixed,-61.0,-47.0,06e12270-c227-4bb2-b56c-f56268430611_3ed71473-6bae-435d-adfc-f226f479f952,259481df-5132-3e9c-9526-bffb198d9c38,2026-05-07,False,False,False,True,353355,2023-12-01 00:00:40,2023-11-30 23:59:44,-1.0,True
06e12270-c227-4bb2-b56c-f56268430611_4ada3f11-026c-4b18-8d3d-f4441443fa4f,nycmesh-5014-west,06e12270-c227-4bb2-b56c-f56268430611,nycmesh-5014-west,4ada3f11-026c-4b18-8d3d-f4441443fa4f,nycmesh-lbe-406,40.693819,-73.906361,,8.0,40.6938191,-73.9063608,,8.0,0.0201980233079971,5760.0,ap-ptmp-airmax-mixed,-65.0,-57.0,06e12270-c227-4bb2-b56c-f56268430611_4ada3f11-026c-4b18-8d3d-f4441443fa4f,01055e70-4a94-3d80-a4fc-c110ca54bdc4,2026-05-07,False,False,False,True,169167,2024-04-13 15:10:24,2026-01-23 10:54:00,649.0,True
06e12270-c227-4bb2-b56c-f56268430611_73e86817-8df1-485a-b29e-e0782e76be1a,nycmesh-lbe-721,06e12270-c227-4bb2-b56c-f56268430611,nycmesh-5014-west,73e86817-8df1-485a-b29e-e0782e76be1a,nycmesh-lbe-721,40.693819,-73.906361,,8.0,40.6938,-73.9064,,8.0,3.9082827774909727,5760.0,ap-ptmp-airmax-mixed,-66.0,-57.0,06e12270-c227-4bb2-b56c-f56268430611_73e86817-8df1-485a-b29e-e0782e76be1a,ca5080cf-7d0c-3a9d-b658-78540f035ba4,2026-05-07,False,False,False,True,22692,2025-12-28 00:00:00,2026-04-30 23:54:00,123.0,True
06e12270-c227-4bb2-b56c-f56268430611_dff7e106-688c-4b98-bb33-3fe569cd1c27,nycmesh-lbe-372,06e12270-c227-4bb2-b56c-f56268430611,nycmesh-5014-west,dff7e106-688c-4b98-bb33-3fe569cd1c27,nycmesh-lbe-372,40.693819,-73.906361,,8.0,40.6938191,-73.9063608,,8.0,0.0201980233079971,5760.0,ap-ptmp-airmax-mixed,-56.0,-46.0,06e12270-c227-4bb2-b56c-f56268430611_dff7e106-688c-4b98-bb33-3fe569cd1c27,c511c318-54b6-34ae-9259-5be8e778b4fb,2026-05-07,False,False,False,True,344240,2023-12-01 00:00:48,2023-11-30 23:59:44,-1.0,True
09e53032-ef9d-4449-acaa-147a45b1deb9_0ce9dacd-f593-4870-b59d-ce5eb8dbf66d,nycmesh-lbe-934,09e53032-ef9d-4449-acaa-147a45b1deb9,nycmesh-486-south,0ce9dacd-f593-4870-b59d-ce5eb8dbf66d,nycmesh-lbe-934,40.658948,-73.96112,,10.0,40.6589,-73.9611,,5.0,1.0,5490.0,ap-ptmp-airmax-mixed,-59.0,-80.0,09e53032-ef9d-4449-acaa-147a45b1deb9_0ce9dacd-f593-4870-b59d-ce5eb8dbf66d,7e273947-bd3d-44a6-b15e-5a3acb990212,2026-05-07,False,False,False,True,14636,2026-03-01 00:00:00,2026-04-30 23:54:00,60.0,True
09e53032-ef9d-4449-acaa-147a45b1deb9_140e2101-06ea-4934-888e-88bb4a208918,nycmesh-lbe-414,09e53032-ef9d-4449-acaa-147a45b1deb9,nycmesh-486-south,140e2101-06ea-4934-888e-88bb4a208918,nycmesh-lbe-414,40.658948,-73.96112,,10.0,40.6725,-73.9642,,5.0,1532.0,5490.0,ap-ptmp-airmax-mixed,-59.0,-86.0,09e53032-ef9d-4449-acaa-147a45b1deb9_140e2101-06ea-4934-888e-88bb4a208918,82c9328a-889b-36d3-bdc9-26d88257c5c3,2026-05-07,False,False,False,True,317786,2023-12-01 00:00:16,2023-11-30 23:59:20,-1.0,True
0b2f1247-d69d-4a80-9b7e-b4eec0e1ab21_03aa1db2-ad8f-4e10-8784-8131ae5a8f96,nycmesh-5916-wavepro-3461,0b2f1247-d69d-4a80-9b7e-b4eec0e1ab21,nycmesh-5916-wavepro-3461,03aa1db2-ad8f-4e10-8784-8131ae5a8f96,nycmesh-3461-wavepro-5916,40.696044,-73.939861,,87.4,40.672632,-73.963927,,114.8,3327.0,69120.0,ap-ptp,-40.0,-40.0,0b2f1247-d69d-4a80-9b7e-b4eec0e1ab21_03aa1db2-ad8f-4e10-8784-8131ae5a8f96,0d1ffac9-447a-3392-8d99-5f5c8e67312c,2026-05-07,False,False,False,True,0,,,,False
0e2e725d-81ff-4b99-808f-cf6843b8804f_c7260cf8-2c51-4e05-9889-ab4a96ab7f40,nycmesh-lbe2-864,0e2e725d-81ff-4b99-808f-cf6843b8804f,nycmesh-854-east,c7260cf8-2c51-4e05-9889-ab4a96ab7f40,nycmesh-lbe2-864,40.711578,-73.946978,,10.0,40.711385,-73.942436,,5.0,383.4287880187816,5490.0,ap-ptmp-airmax-mixed,-75.0,-75.0,0e2e725d-81ff-4b99-808f-cf6843b8804f_c7260cf8-2c51-4e05-9889-ab4a96ab7f40,e8fdd940-2e23-3986-b673-96eb584d2f25,2026-05-07,False,False,False,True,44877,2025-08-02 05:00:00,2026-04-30 23:54:00,271.0,True
0f63bab3-f3aa-4756-84ee-6e00e6664532_1bd429f2-eb56-45d8-8b52-2a08fcea05e3,nycmesh-1084-lbelr,0f63bab3-f3aa-4756-84ee-6e00e6664532,nycmesh-632-south,1bd429f2-eb56-45d8-8b52-2a08fcea05e3,nycmesh-1084-lbelr,40.734319,-73.950321,,40.0,40.729552,-73.945949,4.0,8.0,685.0,5510.0,ap-ptmp-airmax-mixed,-57.0,-57.0,0f63bab3-f3aa-4756-84ee-6e00e6664532_1bd429f2-eb56-45d8-8b52-2a08fcea05e3,e3f6a592-d3f1-31b1-b4d5-669f2cffaa38,2026-05-07,False,False,False,True,134890,2024-06-19 14:44:40,2026-04-30 23:54:00,680.0,True
12010c8c-9f46-4e45-81e4-62d7090fbcd5_0d5b61cd-7b10-4c93-8a23-0ed7be478b99,nycmesh-lbe-313,12010c8c-9f46-4e45-81e4-62d7090fbcd5,nycmesh-1340-east,0d5b61cd-7b10-4c93-8a23-0ed7be478b99,nycmesh-lbe-313,40.686016,-73.917493,,53.3,40.685823,-73.917272,,25.01,1.0,5560.0,ap-ptmp-airmax-mixed,-60.0,-59.0,12010c8c-9f46-4e45-81e4-62d7090fbcd5_0d5b61cd-7b10-4c93-8a23-0ed7be478b99,684d6441-13e4-3124-8bf7-74bb4f30886c,2026-05-07,False,False,False,True,329307,2023-12-01 00:00:16,2023-11-30 23:59:12,-1.0,True
12010c8c-9f46-4e45-81e4-62d7090fbcd5_0f63c573-8d91-4353-907b-71667b76d093,nycmesh-lbe-258,12010c8c-9f46-4e45-81e4-62d7090fbcd5,nycmesh-1340-east,0f63c573-8d91-4353-907b-71667b76d093,nycmesh-lbe-258,40.686016,-73.917493,,53.3,40.685823,-73.917272,,25.01,1.0,5560.0,ap-ptmp-airmax-mixed,-58.0,-59.0,12010c8c-9f46-4e45-81e4-62d7090fbcd5_0f63c573-8d91-4353-907b-71667b76d093,c1a2c65d-6c55-3172-bc92-bd4b3f1692b6,2026-05-07,False,False,False,True,350889,2024-01-01 00:00:08,2023-11-28 16:16:32,-34.0,True
12010c8c-9f46-4e45-81e4-62d7090fbcd5_211ce069-2b61-4663-b229-7c147ffc58ed,nycmesh-lbe-923,12010c8c-9f46-4e45-81e4-62d7090fbcd5,nycmesh-1340-east,211ce069-2b61-4663-b229-7c147ffc58ed,nycmesh-lbe-923,40.686016,-73.917493,,53.3,40.6858,-73.9173,,25.01,1.0,5560.0,ap-ptmp-airmax-mixed,-57.0,-57.0,12010c8c-9f46-4e45-81e4-62d7090fbcd5_211ce069-2b61-4663-b229-7c147ffc58ed,a6035f50-2eb9-3040-a2b1-fef4404fe632,2026-05-07,False,False,False,True,26445,2025-12-28 00:00:00,2026-04-30 23:54:00,123.0,True
12010c8c-9f46-4e45-81e4-62d7090fbcd5_21c840fb-9a7a-4144-93aa-0891f44c618e,nycmesh-lbe-3480,12010c8c-9f46-4e45-81e4-62d7090fbcd5,nycmesh-1340-east,21c840fb-9a7a-4144-93aa-0891f44c618e,nycmesh-lbe-3480,40.686016,-73.917493,,53.3,40.6858,-73.9173,,25.01,1.0,5560.0,ap-ptmp-airmax-mixed,-66.0,-65.0,12010c8c-9f46-4e45-81e4-62d7090fbcd5_21c840fb-9a7a-4144-93aa-0891f44c618e,1bf77b32-d5fe-339b-9b5b-a062c0734d44,2026-05-07,False,False,False,True,341772,2023-12-01 00:00:32,2023-11-30 23:59:28,-1.0,True
12010c8c-9f46-4e45-81e4-62d7090fbcd5_23efdf89-19c6-48af-9fad-d77fa70695d6,nycmesh-lbe-948,12010c8c-9f46-4e45-81e4-62d7090fbcd5,nycmesh-1340-east,23efdf89-19c6-48af-9fad-d77fa70695d6,nycmesh-lbe-948,40.686016,-73.917493,,53.3,40.6858,-73.9173,,25.01,1.0,5560.0,ap-ptmp-airmax-mixed,-57.0,-61.0,12010c8c-9f46-4e45-81e4-62d7090fbcd5_23efdf89-19c6-48af-9fad-d77fa70695d6,8e2ab187-861c-37ca-814a-bc22f3db5e9f,2026-05-07,False,False,False,True,13273,2026-03-06 15:54:00,2026-04-30 23:54:00,55.0,True
12010c8c-9f46-4e45-81e4-62d7090fbcd5_24750b73-b73c-4f95-a66e-81f96928f2b3,nycmesh-lbe-176,12010c8c-9f46-4e45-81e4-62d7090fbcd5,nycmesh-1340-east,24750b73-b73c-4f95-a66e-81f96928f2b3,nycmesh-lbe-176,40.686016,-73.917493,,53.3,40.685823,-73.917272,,25.01,1.0,5560.0,ap-ptmp-airmax-mixed,-61.0,-56.0,12010c8c-9f46-4e45-81e4-62d7090fbcd5_24750b73-b73c-4f95-a66e-81f96928f2b3,5d90eaff-dd15-3084-afe8-99ea50ca6d1c,2026-05-07,False,False,False,True,353828,2023-12-01 00:00:08,2023-11-30 23:59:12,-1.0,True
12010c8c-9f46-4e45-81e4-62d7090fbcd5_2a085295-246a-4e80-a047-5d91eb3c2045,nycmesh-lbe-616,12010c8c-9f46-4e45-81e4-62d7090fbcd5,nycmesh-1340-east,2a085295-246a-4e80-a047-5d91eb3c2045,nycmesh-lbe-616,40.686016,-73.917493,,53.3,40.6858,-73.9173,,25.01,1.0,5560.0,ap-ptmp-airmax-mixed,-67.0,-66.0,12010c8c-9f46-4e45-81e4-62d7090fbcd5_2a085295-246a-4e80-a047-5d91eb3c2045,b18bcb6b-f821-3980-b794-bf52f567e9a8,2026-05-07,False,False,False,True,187041,2024-04-16 21:37:44,2026-04-30 23:54:00,744.0,True
12010c8c-9f46-4e45-81e4-62d7090fbcd5_3df13c87-310e-4ada-83e1-d8f8e2403c07,nycmesh-lbe-775,12010c8c-9f46-4e45-81e4-62d7090fbcd5,nycmesh-1340-east,3df13c87-310e-4ada-83e1-d8f8e2403c07,nycmesh-lbe-775,40.686016,-73.917493,,53.3,40.6858,-73.9173,,25.01,1.0,5560.0,ap-ptmp-airmax-mixed,-83.0,-82.0,12010c8c-9f46-4e45-81e4-62d7090fbcd5_3df13c87-310e-4ada-83e1-d8f8e2403c07,06c02d5c-75bd-344e-8e3d-f34712e81775,2026-05-07,False,False,False,True,39164,2025-03-22 23:59:44,2026-04-30 23:42:00,403.0,True
12010c8c-9f46-4e45-81e4-62d7090fbcd5_498860a5-aa37-4683-b009-88e03f56d006,nycmesh-lbe-895,12010c8c-9f46-4e45-81e4-62d7090fbcd5,nycmesh-1340-east,498860a5-aa37-4683-b009-88e03f56d006,nycmesh-lbe-895,40.686016,-73.917493,,53.3,40.6858,-73.9173,,25.01,1.0,5560.0,ap-ptmp-airmax-mixed,-57.0,-51.0,12010c8c-9f46-4e45-81e4-62d7090fbcd5_498860a5-aa37-4683-b009-88e03f56d006,b035c955-e4db-31b5-89a3-f6045a392c97,2026-05-07,False,False,False,True,38453,2025-10-01 00:00:00,2026-04-30 23:54:00,211.0,True
12010c8c-9f46-4e45-81e4-62d7090fbcd5_4d722f44-e589-48f5-b25d-57ebd87b34e6,nycmesh-lbe-7178,12010c8c-9f46-4e45-81e4-62d7090fbcd5,nycmesh-1340-east,4d722f44-e589-48f5-b25d-57ebd87b34e6,nycmesh-lbe-7178,40.686016,-73.917493,,53.3,40.685823,-73.917272,,25.01,1.0,5560.0,ap-ptmp-airmax-mixed,-66.0,-66.0,12010c8c-9f46-4e45-81e4-62d7090fbcd5_4d722f44-e589-48f5-b25d-57ebd87b34e6,adcca77b-379d-392f-97e5-7dd49271be66,2026-05-07,False,False,False,True,351999,2023-12-01 00:00:32,2023-11-30 23:59:28,-1.0,True
12010c8c-9f46-4e45-81e4-62d7090fbcd5_4d734e8e-31af-49df-9086-9569b49bb5bd,nycmesh-lbe-767,12010c8c-9f46-4e45-81e4-62d7090fbcd5,nycmesh-1340-east,4d734e8e-31af-49df-9086-9569b49bb5bd,nycmesh-lbe-767,40.686016,-73.917493,,53.3,40.6858,-73.9173,,25.01,1.0,5560.0,ap-ptmp-airmax-mixed,-61.0,-60.0,12010c8c-9f46-4e45-81e4-62d7090fbcd5_4d734e8e-31af-49df-9086-9569b49bb5bd,7cfb96c2-321a-362b-9c99-4b6c48ffd8d6,2026-05-07,False,False,False,True,50198,2025-03-08 23:59:28,2026-04-30 23:54:00,417.0,True
12010c8c-9f46-4e45-81e4-62d7090fbcd5_590e054b-6a4e-4b69-ad6b-88e98a0dc5b3,nycmesh-lbe-603,12010c8c-9f46-4e45-81e4-62d7090fbcd5,nycmesh-1340-east,590e054b-6a4e-4b69-ad6b-88e98a0dc5b3,nycmesh-lbe-603,40.686016,-73.917493,,53.3,40.6858,-73.9173,,25.01,1.0,5560.0,ap-ptmp-airmax-mixed,-73.0,-72.0,12010c8c-9f46-4e45-81e4-62d7090fbcd5_590e054b-6a4e-4b69-ad6b-88e98a0dc5b3,4a20737d-fa0c-39d2-a899-3f72af06e85d,2026-05-07,False,False,False,True,152508,2024-04-13 20:17:44,2025-12-30 23:00:00,626.0,True
12010c8c-9f46-4e45-81e4-62d7090fbcd5_60ebd9a5-31e7-4824-935a-ba08e1fd9859,nycmesh-lbe-628,12010c8c-9f46-4e45-81e4-62d7090fbcd5,nycmesh-1340-east,60ebd9a5-31e7-4824-935a-ba08e1fd9859,nycmesh-lbe-628,40.686016,-73.917493,,53.3,40.685823,-73.917272,,25.01,1.0,5560.0,ap-ptmp-airmax-mixed,-60.0,-60.0,12010c8c-9f46-4e45-81e4-62d7090fbcd5_60ebd9a5-31e7-4824-935a-ba08e1fd9859,c137c46e-e4b1-39cb-b302-80527bce0f40,2026-05-07,False,False,False,True,61736,2024-06-25 15:55:28,2026-04-30 23:54:00,674.0,True
12010c8c-9f46-4e45-81e4-62d7090fbcd5_7b136845-da42-4bc0-9b41-7988f1725eb3,nycmesh-lbe-7089,12010c8c-9f46-4e45-81e4-62d7090fbcd5,nycmesh-1340-east,7b136845-da42-4bc0-9b41-7988f1725eb3,nycmesh-lbe-7089,40.686016,-73.917493,,53.3,40.685823,-73.917272,,25.01,1.0,5560.0,ap-ptmp-airmax-mixed,-58.0,-56.0,12010c8c-9f46-4e45-81e4-62d7090fbcd5_7b136845-da42-4bc0-9b41-7988f1725eb3,efeae7d3-7564-3704-82f6-3ec49438c01c,2026-05-07,False,False,False,True,352181,2023-12-01 00:00:08,2023-11-30 23:59:04,-1.0,True
12010c8c-9f46-4e45-81e4-62d7090fbcd5_970d2075-ac4f-4000-8f2d-d483b331fb85,nycmesh-lbe-3282,12010c8c-9f46-4e45-81e4-62d7090fbcd5,nycmesh-1340-east,970d2075-ac4f-4000-8f2d-d483b331fb85,nycmesh-lbe-3282,40.686016,-73.917493,,53.3,40.687218,-73.905814,,25.01,1.0,5560.0,ap-ptmp-airmax-mixed,-76.0,-73.0,12010c8c-9f46-4e45-81e4-62d7090fbcd5_970d2075-ac4f-4000-8f2d-d483b331fb85,28e90cb2-65e0-3ccf-870e-b67656c5ec9a,2026-05-07,False,False,False,True,349041,2023-12-01 00:00:16,2023-11-30 23:59:20,-1.0,True
12010c8c-9f46-4e45-81e4-62d7090fbcd5_a5741163-3fd3-4d5e-ab96-324125bb255f,nycmesh-lbe-553,12010c8c-9f46-4e45-81e4-62d7090fbcd5,nycmesh-1340-east,a5741163-3fd3-4d5e-ab96-324125bb255f,nycmesh-lbe-553,40.686016,-73.917493,,53.3,40.6858,-73.9173,,25.01,1.0,5560.0,ap-ptmp-airmax-mixed,-75.0,-74.0,12010c8c-9f46-4e45-81e4-62d7090fbcd5_a5741163-3fd3-4d5e-ab96-324125bb255f,033a9c78-0e23-3417-83ad-3106ed1d225e,2026-05-07,False,False,False,True,345409,2023-12-01 00:00:24,2023-11-30 23:59:20,-1.0,True
12010c8c-9f46-4e45-81e4-62d7090fbcd5_ab916029-2c8d-4a80-a7f6-cb49e2a2edc2,nycmesh-lbe-768,12010c8c-9f46-4e45-81e4-62d7090fbcd5,nycmesh-1340-east,ab916029-2c8d-4a80-a7f6-cb49e2a2edc2,nycmesh-lbe-768,40.686016,-73.917493,,53.3,40.6858,-73.9173,,25.01,1.0,5560.0,ap-ptmp-airmax-mixed,-61.0,-59.0,12010c8c-9f46-4e45-81e4-62d7090fbcd5_ab916029-2c8d-4a80-a7f6-cb49e2a2edc2,7d807ae1-fd2c-3b24-bd4f-3197530fb241,2026-05-07,False,False,False,True,48919,2025-03-11 23:59:44,2026-04-30 23:54:00,414.0,True
12010c8c-9f46-4e45-81e4-62d7090fbcd5_adfc629b-a2cf-42d0-b90b-2e0ac41a4872,nycmesh-lbe-6308,12010c8c-9f46-4e45-81e4-62d7090fbcd5,nycmesh-1340-east,adfc629b-a2cf-42d0-b90b-2e0ac41a4872,nycmesh-lbe-6308,40.686016,-73.917493,,53.3,40.685823,-73.917272,,25.01,1.0,5560.0,ap-ptmp-airmax-mixed,-61.0,-58.0,12010c8c-9f46-4e45-81e4-62d7090fbcd5_adfc629b-a2cf-42d0-b90b-2e0ac41a4872,f9e4a8a6-138c-393d-9d7c-e4c6da4d2a02,2026-05-07,False,False,False,True,345189,2023-12-01 00:00:00,2023-11-30 23:59:04,-1.0,True
12010c8c-9f46-4e45-81e4-62d7090fbcd5_c08b99da-9975-42a5-b61d-e71784bf1bc6,nycmesh-lbe-340,12010c8c-9f46-4e45-81e4-62d7090fbcd5,nycmesh-1340-east,c08b99da-9975-42a5-b61d-e71784bf1bc6,nycmesh-lbe-340,40.686016,-73.917493,,53.3,40.685823,-73.917272,,25.01,1.0,5560.0,ap-ptmp-airmax-mixed,-58.0,-54.0,12010c8c-9f46-4e45-81e4-62d7090fbcd5_c08b99da-9975-42a5-b61d-e71784bf1bc6,fd573d79-bc24-37b8-8c38-70b19e7143cd,2026-05-07,False,False,False,True,342217,2023-12-01 00:00:56,2023-11-30 23:59:52,-1.0,True
12010c8c-9f46-4e45-81e4-62d7090fbcd5_c985920e-2ff8-42ff-a365-0606c0347b47,nycmesh-lbe-389,12010c8c-9f46-4e45-81e4-62d7090fbcd5,nycmesh-1340-east,c985920e-2ff8-42ff-a365-0606c0347b47,nycmesh-lbe-389,40.686016,-73.917493,,53.3,40.685823,-73.917272,,25.01,1.0,5560.0,ap-ptmp-airmax-mixed,-56.0,-52.0,12010c8c-9f46-4e45-81e4-62d7090fbcd5_c985920e-2ff8-42ff-a365-0606c0347b47,32bc8ce5-ff59-37d6-83b0-a0be286e0358,2026-05-07,False,False,False,True,344285,2023-12-01 00:00:08,2023-11-30 23:59:04,-1.0,True
12010c8c-9f46-4e45-81e4-62d7090fbcd5_cd0bc69a-4817-4da2-a113-523ba8ee52dd,nycmesh-1340-east,12010c8c-9f46-4e45-81e4-62d7090fbcd5,nycmesh-1340-east,cd0bc69a-4817-4da2-a113-523ba8ee52dd,nycmesh-lbe-815,40.686016,-73.917493,,53.3,40.6858,-73.9173,,25.01,1.0,5560.0,ap-ptmp-airmax-mixed,-57.0,-58.0,12010c8c-9f46-4e45-81e4-62d7090fbcd5_cd0bc69a-4817-4da2-a113-523ba8ee52dd,003336f3-f455-3e8e-9bc6-20e9ada1cce3,2026-05-07,False,False,False,True,37617,2025-06-01 23:00:00,2026-04-09 14:30:00,311.0,True
12010c8c-9f46-4e45-81e4-62d7090fbcd5_cd0d4bd8-d34e-4dce-862b-50ee01d6f30b,nycmesh-lbe-1533,12010c8c-9f46-4e45-81e4-62d7090fbcd5,nycmesh-1340-east,cd0d4bd8-d34e-4dce-862b-50ee01d6f30b,nycmesh-lbe-1533,40.686016,-73.917493,,53.3,40.685823,-73.917272,,25.01,1.0,5560.0,ap-ptmp-airmax-mixed,-70.0,-68.0,12010c8c-9f46-4e45-81e4-62d7090fbcd5_cd0d4bd8-d34e-4dce-862b-50ee01d6f30b,e81b4886-f3ca-39b3-8cdf-0247e022970d,2026-05-07,False,False,False,True,280864,2023-12-01 00:00:32,2023-11-30 23:59:36,-1.0,True
12010c8c-9f46-4e45-81e4-62d7090fbcd5_d6e7dcdf-d3a0-4b3b-a633-9162a7900c32,nycmesh-lbe-868,12010c8c-9f46-4e45-81e4-62d7090fbcd5,nycmesh-1340-east,d6e7dcdf-d3a0-4b3b-a633-9162a7900c32,nycmesh-lbe-868,40.686016,-73.917493,,53.3,40.6858,-73.9173,,25.01,1.0,5560.0,ap-ptmp-airmax-mixed,-61.0,-62.0,12010c8c-9f46-4e45-81e4-62d7090fbcd5_d6e7dcdf-d3a0-4b3b-a633-9162a7900c32,a690ce9b-e45c-318e-afee-84b2665a6d22,2026-05-07,False,False,False,True,36196,2025-09-19 17:00:00,2026-04-30 23:54:00,223.0,True
12010c8c-9f46-4e45-81e4-62d7090fbcd5_d8869c1c-810e-4047-9270-631a71ff7965,nycmesh-lbe-7386,12010c8c-9f46-4e45-81e4-62d7090fbcd5,nycmesh-1340-east,d8869c1c-810e-4047-9270-631a71ff7965,nycmesh-lbe-7386,40.686016,-73.917493,,53.3,40.6858,-73.9173,,25.01,1.0,5560.0,ap-ptmp-airmax-mixed,-69.0,-67.0,12010c8c-9f46-4e45-81e4-62d7090fbcd5_d8869c1c-810e-4047-9270-631a71ff7965,37cb8dee-2bb6-346a-9d95-befcff08c0ee,2026-05-07,False,False,False,True,342615,2023-12-01 00:00:00,2023-11-30 23:58:56,-1.0,True
12010c8c-9f46-4e45-81e4-62d7090fbcd5_e40230c3-5794-45de-86cf-d158dd592f12,nycmesh-lbe-7710,12010c8c-9f46-4e45-81e4-62d7090fbcd5,nycmesh-1340-east,e40230c3-5794-45de-86cf-d158dd592f12,nycmesh-lbe-7710,40.686016,-73.917493,,53.3,40.685823,-73.917272,,25.01,1.0,5560.0,ap-ptmp-airmax-mixed,-63.0,-64.0,12010c8c-9f46-4e45-81e4-62d7090fbcd5_e40230c3-5794-45de-86cf-d158dd592f12,004628bc-f102-3f85-b85d-329bac7a4b98,2026-05-07,False,False,False,True,341630,2023-12-01 00:00:08,2023-11-30 23:59:12,-1.0,True
18daa645-2eb1-4110-8b77-789e2fee28df_2f157d40-1c46-42e6-a03e-dadf11a6b48a,nycmesh-3606-south,18daa645-2eb1-4110-8b77-789e2fee28df,nycmesh-lbe-265,2f157d40-1c46-42e6-a03e-dadf11a6b48a,nycmesh-3606-south,40.70538,-73.930575,8.0,24.0,40.708452,-73.921893,8.0,30.0,807.6191060502712,5785.0,sta-ptmp,-70.0,-64.0,18daa645-2eb1-4110-8b77-789e2fee28df_2f157d40-1c46-42e6-a03e-dadf11a6b48a,66f6ee81-c79a-3a45-bd86-32c142661fce,2026-05-07,False,False,False,True,419431,2023-12-01 00:00:16,2023-11-30 23:59:12,-1.0,True
1af5b87e-d1f4-422e-8718-49e9cf980227_282f689f-4ad3-4111-a529-dcb3e6084c82,,1af5b87e-d1f4-422e-8718-49e9cf980227,nycmesh-1340-south,282f689f-4ad3-4111-a529-dcb3e6084c82,nycmesh-lbe-165,40.686016,-73.917493,,53.3,40.685823,-73.917272,,25.01,1.0,5750.0,ap-ptmp-airmax-mixed,-65.0,-54.0,1af5b87e-d1f4-422e-8718-49e9cf980227_282f689f-4ad3-4111-a529-dcb3e6084c82,3b740f42-6640-335e-ab0f-44417a9d88d8,2025-12-09,False,False,False,True,15261,2025-09-01 00:00:00,2025-12-31 23:00:00,121.0,True
1af5b87e-d1f4-422e-8718-49e9cf980227_2926e0d2-df62-411b-8110-a1556156622b,nycmesh-lbe-3640,1af5b87e-d1f4-422e-8718-49e9cf980227,nycmesh-1340-south,2926e0d2-df62-411b-8110-a1556156622b,nycmesh-lbe-3640,40.686016,-73.917493,,53.3,40.685823,-73.917272,,25.01,1.0,5750.0,ap-ptmp-airmax-mixed,-63.0,-47.0,1af5b87e-d1f4-422e-8718-49e9cf980227_2926e0d2-df62-411b-8110-a1556156622b,3e0d522f-4ece-39e1-9650-3d3f233c6f7a,2026-05-07,False,False,False,True,51322,2025-02-06 23:59:36,2026-04-30 23:54:00,447.0,True
1af5b87e-d1f4-422e-8718-49e9cf980227_2f284729-33c4-4e14-a012-01d1cbfcf483,nycmesh-lbe-332,1af5b87e-d1f4-422e-8718-49e9cf980227,nycmesh-1340-south,2f284729-33c4-4e14-a012-01d1cbfcf483,nycmesh-lbe-332,40.686016,-73.917493,,53.3,40.685823,-73.917272,,25.01,1.0,5750.0,ap-ptmp-airmax-mixed,-79.0,-66.0,1af5b87e-d1f4-422e-8718-49e9cf980227_2f284729-33c4-4e14-a012-01d1cbfcf483,1ce11499-4581-3d14-a47a-b5b31b357321,2026-05-07,False,False,False,True,352607,2023-12-01 00:00:16,2023-11-30 23:59:12,-1.0,True
1af5b87e-d1f4-422e-8718-49e9cf980227_68093f05-f182-4a7d-8403-658de926ea77,nycmesh-lbe-924,1af5b87e-d1f4-422e-8718-49e9cf980227,nycmesh-1340-south,68093f05-f182-4a7d-8403-658de926ea77,nycmesh-lbe-924,40.686016,-73.917493,,53.3,40.6938,-73.9064,,25.01,1.0,5750.0,ap-ptmp-airmax-mixed,-68.0,-51.0,1af5b87e-d1f4-422e-8718-49e9cf980227_68093f05-f182-4a7d-8403-658de926ea77,f115d6e4-6e97-3fa2-9317-4f6c36e6eb1e,2026-05-07,False,False,False,True,26429,2025-12-28 00:00:00,2026-04-30 23:54:00,123.0,True
1af5b87e-d1f4-422e-8718-49e9cf980227_6a56e8a7-2e08-40ae-aa6f-85be7064b753,nycmesh-lbe-878,1af5b87e-d1f4-422e-8718-49e9cf980227,nycmesh-1340-south,6a56e8a7-2e08-40ae-aa6f-85be7064b753,nycmesh-lbe-878,40.686016,-73.917493,,53.3,40.685823,-73.917272,,25.01,1.0,5750.0,ap-ptmp-airmax-mixed,-83.0,-67.0,1af5b87e-d1f4-422e-8718-49e9cf980227_6a56e8a7-2e08-40ae-aa6f-85be7064b753,977a0783-30a3-3d77-8625-dd7473b66dfd,2026-05-07,False,False,False,True,12357,2025-08-22 18:30:00,2026-04-30 23:54:00,251.0,True
1af5b87e-d1f4-422e-8718-49e9cf980227_73fc3828-fcb7-4495-a5ec-9e5cb012ba01,nycmesh-lbe-387,1af5b87e-d1f4-422e-8718-49e9cf980227,nycmesh-1340-south,73fc3828-fcb7-4495-a5ec-9e5cb012ba01,nycmesh-lbe-387,40.686016,-73.917493,,53.3,40.685823,-73.9173,,25.01,1.0,5750.0,ap-ptmp-airmax-mixed,-66.0,-51.0,1af5b87e-d1f4-422e-8718-49e9cf980227_73fc3828-fcb7-4495-a5ec-9e5cb012ba01,cd721b13-d708-3b62-9a6a-75625ea21e14,2026-05-07,False,False,False,True,352714,2023-12-01 00:00:16,2023-11-30 23:59:12,-1.0,True
1af5b87e-d1f4-422e-8718-49e9cf980227_9f614c7b-add8-47f9-b477-4a9358c4dcb1,nycmesh-lbe-274,1af5b87e-d1f4-422e-8718-49e9cf980227,nycmesh-1340-south,9f614c7b-add8-47f9-b477-4a9358c4dcb1,nycmesh-lbe-274,40.686016,-73.917493,,53.3,40.685823,-73.917272,,25.01,1.0,5750.0,ap-ptmp-airmax-mixed,-72.0,-54.0,1af5b87e-d1f4-422e-8718-49e9cf980227_9f614c7b-add8-47f9-b477-4a9358c4dcb1,2b2a8ed3-8cbd-3831-9535-b8c8ba17a190,2026-05-07,False,False,False,True,344882,2023-12-01 00:00:24,2023-11-30 23:59:20,-1.0,True
1af5b87e-d1f4-422e-8718-49e9cf980227_a897ba3e-346d-4577-ac85-a7118c5dffe9,nycmesh-lbe-4535,1af5b87e-d1f4-422e-8718-49e9cf980227,nycmesh-1340-south,a897ba3e-346d-4577-ac85-a7118c5dffe9,nycmesh-lbe-4535,40.686016,-73.917493,,53.3,40.685823,-73.917272,,25.01,1.0,5750.0,ap-ptmp-airmax-mixed,-71.0,-60.0,1af5b87e-d1f4-422e-8718-49e9cf980227_a897ba3e-346d-4577-ac85-a7118c5dffe9,3dedc0b8-bab0-3da0-8d73-2f701785e26a,2026-05-07,False,False,False,True,342532,2023-12-01 00:00:00,2023-11-30 23:58:56,-1.0,True
1af5b87e-d1f4-422e-8718-49e9cf980227_aa73bf3d-92f4-414a-82dc-3db4fe9012ac,nycmesh-lbe-551,1af5b87e-d1f4-422e-8718-49e9cf980227,nycmesh-1340-south,aa73bf3d-92f4-414a-82dc-3db4fe9012ac,nycmesh-lbe-551,40.686016,-73.917493,,53.3,40.6858,-73.9173,,25.01,1.0,5750.0,ap-ptmp-airmax-mixed,-63.0,-46.0,1af5b87e-d1f4-422e-8718-49e9cf980227_aa73bf3d-92f4-414a-82dc-3db4fe9012ac,2ea49125-2426-3883-ac47-34fb564439db,2026-05-07,False,False,False,True,324757,2023-12-01 00:00:32,2023-11-30 23:59:36,-1.0,True
1af5b87e-d1f4-422e-8718-49e9cf980227_cb870900-6c49-4ea6-a0c2-e6e01c9bfc01,nycmesh-lbe-260,1af5b87e-d1f4-422e-8718-49e9cf980227,nycmesh-1340-south,cb870900-6c49-4ea6-a0c2-e6e01c9bfc01,nycmesh-lbe-260,40.686016,-73.917493,,53.3,40.685823,-73.917272,,25.01,1.0,5750.0,ap-ptmp-airmax-mixed,-63.0,-47.0,1af5b87e-d1f4-422e-8718-49e9cf980227_cb870900-6c49-4ea6-a0c2-e6e01c9bfc01,cbe95159-fca5-30eb-be9d-0ee52abab407,2026-05-07,False,False,False,True,342025,2023-12-01 00:00:00,2023-11-30 23:59:04,-1.0,True
1af5b87e-d1f4-422e-8718-49e9cf980227_ee65ed37-ac81-40b7-8f22-a68d2875ac06,nycmesh-1340-south,1af5b87e-d1f4-422e-8718-49e9cf980227,nycmesh-1340-south,ee65ed37-ac81-40b7-8f22-a68d2875ac06,nycmesh-lbe-5328,40.686016,-73.917493,,53.3,40.685823,-73.917272,,25.01,1.0,5750.0,ap-ptmp-airmax-mixed,-69.0,-59.0,1af5b87e-d1f4-422e-8718-49e9cf980227_ee65ed37-ac81-40b7-8f22-a68d2875ac06,0aebe3e5-72e7-3071-a1c7-cddea58b3961,2026-05-07,False,False,False,True,341484,2023-12-01 00:00:16,2023-11-30 23:59:20,-1.0,True
1cfcab94-f68c-403f-8734-49fda8a87d91_410e7a1a-6871-4503-af61-948085e2b584,nycmesh-642-lbe-641,1cfcab94-f68c-403f-8734-49fda8a87d91,nycmesh-641-lbe-642,410e7a1a-6871-4503-af61-948085e2b584,nycmesh-642-lbe-641,40.7988,-73.9387,,10.0,40.798004,-73.934684,,10.0,216.0,5770.0,ap-ptp,-55.0,-54.0,1cfcab94-f68c-403f-8734-49fda8a87d91_410e7a1a-6871-4503-af61-948085e2b584,7f8faf44-79bb-348f-b5b5-a3ea3151f46e,2026-05-07,False,False,False,True,52410,2025-01-28 00:48:00,2026-04-30 23:54:00,457.0,True
1d484623-1fbd-4bd7-a6bd-d7af8b296e36_4a73f309-0e18-4806-b23a-ca38a07f3fca,nycmesh-5712-gbep-632,1d484623-1fbd-4bd7-a6bd-d7af8b296e36,nycmesh-632-gbep-5712,4a73f309-0e18-4806-b23a-ca38a07f3fca,nycmesh-5712-gbep-632,40.734646,-73.95053,,0.0,40.73676,-73.95441,6.0,0.0,420.0,64800.0,ap-ptp,-58.0,-59.0,1d484623-1fbd-4bd7-a6bd-d7af8b296e36_4a73f309-0e18-4806-b23a-ca38a07f3fca,92b2ff7c-aaf8-3b3e-be16-e84fa79ba849,2026-05-07,False,False,False,True,0,,,,False
1f70f8e2-8cb0-4c6c-9ff1-2d324033a8af_5aaf1f69-e23d-4da9-b67d-8f2bbd9ea95f,nycmesh-5916-gbepSW (gnd),1f70f8e2-8cb0-4c6c-9ff1-2d324033a8af,nycmesh-5916-gbepNW,5aaf1f69-e23d-4da9-b67d-8f2bbd9ea95f,nycmesh-5916-gbepSW (gnd),40.696038,-73.939764,,67.46,40.696038,-73.939764,,0.0,1.0,64800.0,ap-ptp,-52.0,-52.0,1f70f8e2-8cb0-4c6c-9ff1-2d324033a8af_5aaf1f69-e23d-4da9-b67d-8f2bbd9ea95f,02add469-5a86-387c-a1c0-de64929cd80e,2026-05-07,False,False,False,True,0,,,,False
1f9f3b98-050c-4b95-95d5-b76e636677c1_0296881d-3755-484a-8409-8f7018e415f6,nycmesh-lbe-7625,1f9f3b98-050c-4b95-95d5-b76e636677c1,nycmesh-511-northeast,0296881d-3755-484a-8409-8f7018e415f6,nycmesh-lbe-7625,40.70538,-73.930575,,24.0,40.703612,-73.925097,,5.0,1.0,5545.0,ap-ptmp-airmax-mixed,-60.0,-57.0,1f9f3b98-050c-4b95-95d5-b76e636677c1_0296881d-3755-484a-8409-8f7018e415f6,c893a237-4be1-3bf0-9e30-83ace468c8d1,2026-05-07,False,False,False,True,51704,2025-01-31 23:59:52,2026-04-30 23:54:00,453.0,True
1f9f3b98-050c-4b95-95d5-b76e636677c1_45d745de-301d-4c84-abb3-b07d8542a5d1,nycmesh-511-northeast,1f9f3b98-050c-4b95-95d5-b76e636677c1,nycmesh-511-northeast,45d745de-301d-4c84-abb3-b07d8542a5d1,nycmesh-lbe-817,40.70538,-73.930575,,24.0,40.70221,-73.925874,,5.0,1.0,5545.0,ap-ptmp-airmax-mixed,-60.0,-68.0,1f9f3b98-050c-4b95-95d5-b76e636677c1_45d745de-301d-4c84-abb3-b07d8542a5d1,17e44bdf-6f34-3a5f-a646-998513222110,2026-05-07,False,False,False,True,47133,2024-08-16 23:59:12,2026-04-30 23:54:00,621.0,True
1f9f3b98-050c-4b95-95d5-b76e636677c1_5bba00e8-1d1c-4b46-a4d5-fbdc7f2afb0f,nycmesh-lbe-882,1f9f3b98-050c-4b95-95d5-b76e636677c1,nycmesh-511-northeast,5bba00e8-1d1c-4b46-a4d5-fbdc7f2afb0f,nycmesh-lbe-882,40.70538,-73.930575,,24.0,40.705649,-73.927835,,5.0,1.0,5545.0,ap-ptmp-airmax-mixed,-60.0,-54.0,1f9f3b98-050c-4b95-95d5-b76e636677c1_5bba00e8-1d1c-4b46-a4d5-fbdc7f2afb0f,db33d6e9-eca7-32d0-a6f2-e2c11b283a67,2026-05-07,False,False,False,True,40849,2025-09-01 00:00:00,2026-04-30 23:54:00,241.0,True
1f9f3b98-050c-4b95-95d5-b76e636677c1_71189040-5260-4d00-80fb-f2a7f8d40c05,nycmesh-lbe-738,1f9f3b98-050c-4b95-95d5-b76e636677c1,nycmesh-511-northeast,71189040-5260-4d00-80fb-f2a7f8d40c05,nycmesh-lbe-738,40.70538,-73.930575,,24.0,40.703275,-73.928756,,5.0,1.0,5545.0,ap-ptmp-airmax-mixed,-60.0,-62.0,1f9f3b98-050c-4b95-95d5-b76e636677c1_71189040-5260-4d00-80fb-f2a7f8d40c05,9fd66df4-0d15-381b-b290-f77ba0668d0d,2026-05-07,False,False,False,True,52615,2025-01-18 23:59:12,2026-04-30 23:54:00,466.0,True
1f9f3b98-050c-4b95-95d5-b76e636677c1_af7deb6f-335e-4051-922f-4db4d73bedd8,nycmesh-lbe-709,1f9f3b98-050c-4b95-95d5-b76e636677c1,nycmesh-511-northeast,af7deb6f-335e-4051-922f-4db4d73bedd8,nycmesh-lbe-709,40.70538,-73.930575,,24.0,40.703643,-73.928475,,5.0,1.0,5545.0,ap-ptmp-airmax-mixed,-60.0,-59.0,1f9f3b98-050c-4b95-95d5-b76e636677c1_af7deb6f-335e-4051-922f-4db4d73bedd8,9a745319-315f-3cbd-b1d5-7aa511a894a1,2026-05-07,False,False,False,True,49078,2024-11-22 23:59:36,2026-04-30 23:54:00,523.0,True
1f9f3b98-050c-4b95-95d5-b76e636677c1_f09166d3-3122-43e6-9d5d-affbcbb0541a,nycmesh-lbe2-613,1f9f3b98-050c-4b95-95d5-b76e636677c1,nycmesh-511-northeast,f09166d3-3122-43e6-9d5d-affbcbb0541a,nycmesh-lbe2-613,40.70538,-73.930575,,24.0,40.704211,-73.924394,,5.0,1.0,5545.0,ap-ptmp-airmax-mixed,-60.0,-57.0,1f9f3b98-050c-4b95-95d5-b76e636677c1_f09166d3-3122-43e6-9d5d-affbcbb0541a,599f4621-a5d3-33d6-8469-44e5ab5e1213,2026-05-07,False,False,False,True,58846,2024-08-17 23:59:44,2026-04-30 23:54:00,620.0,True
22f334b8-3d19-4194-8106-fb82b7fca976_2b671212-09b9-401f-89cf-1febb9130a80,nycmesh-lbe-7784,22f334b8-3d19-4194-8106-fb82b7fca976,nycmesh-1932-north,2b671212-09b9-401f-89cf-1febb9130a80,nycmesh-lbe-7784,40.716098,-73.985997,14.0,100.32,40.716037650939,-73.986053520874,14.0,5.0,8.0,5490.0,ap-ptmp-airmax-mixed,-59.0,-62.0,22f334b8-3d19-4194-8106-fb82b7fca976_2b671212-09b9-401f-89cf-1febb9130a80,b3fab291-0c72-3c52-9abc-513da4c4c8c6,2026-05-07,False,False,False,True,54772,2024-06-26 23:58:24,2026-04-30 23:54:00,672.0,True
22f334b8-3d19-4194-8106-fb82b7fca976_3a1331ae-bc5c-460e-81c0-22d72d25a2b0,nycmesh-1932-north,22f334b8-3d19-4194-8106-fb82b7fca976,nycmesh-1932-north,3a1331ae-bc5c-460e-81c0-22d72d25a2b0,nycmesh-lbe-823,40.716098,-73.985997,14.0,100.32,40.716,-73.9861,14.0,5.0,13.93213941468183,5490.0,ap-ptmp-airmax-mixed,-57.0,-57.0,22f334b8-3d19-4194-8106-fb82b7fca976_3a1331ae-bc5c-460e-81c0-22d72d25a2b0,13ee4294-e169-3faa-9be1-fa8cb592be0c,2026-05-07,False,False,False,True,7360,2025-06-13 18:00:00,2025-09-30 17:24:00,108.0,True
22f334b8-3d19-4194-8106-fb82b7fca976_89f94686-6dce-49ee-88ee-5dd45a095942,,22f334b8-3d19-4194-8106-fb82b7fca976,nycmesh-1932-north,89f94686-6dce-49ee-88ee-5dd45a095942,nycmesh-lbe-4441,40.716098,-73.985997,14.0,100.32,40.724,-73.9783,,5.0,457.0,5490.0,ap-ptmp-airmax-mixed,-61.0,-64.0,22f334b8-3d19-4194-8106-fb82b7fca976_89f94686-6dce-49ee-88ee-5dd45a095942,2b2048d3-1b89-3c49-ab70-12bcdac3e9c6,2026-03-10,False,False,False,True,31691,2025-09-01 00:00:00,2026-04-30 23:54:00,241.0,True
22f334b8-3d19-4194-8106-fb82b7fca976_9b0fa4e6-eba2-45b5-b31c-1d0973500371,nycmesh-lbe-6004,22f334b8-3d19-4194-8106-fb82b7fca976,nycmesh-1932-north,9b0fa4e6-eba2-45b5-b31c-1d0973500371,nycmesh-lbe-6004,40.716098,-73.985997,14.0,100.32,40.7211,-73.9835,,10.0,591.0,5490.0,ap-ptmp-airmax-mixed,-57.0,-59.0,22f334b8-3d19-4194-8106-fb82b7fca976_9b0fa4e6-eba2-45b5-b31c-1d0973500371,697ec75c-6f5f-33c2-a450-82d1a1adfb0b,2026-05-07,False,False,False,True,346699,2023-12-01 00:00:24,2023-11-30 23:59:20,-1.0,True
22f334b8-3d19-4194-8106-fb82b7fca976_b8a2a779-d77b-48bd-8baf-2d73117e49e5,,22f334b8-3d19-4194-8106-fb82b7fca976,nycmesh-1932-north,b8a2a779-d77b-48bd-8baf-2d73117e49e5,nycmesh-lbe-3065,40.716098,-73.985997,14.0,100.32,40.7189,-73.9859,14.0,25.0,313.0,5490.0,ap-ptmp-airmax-mixed,-55.0,-56.0,22f334b8-3d19-4194-8106-fb82b7fca976_b8a2a779-d77b-48bd-8baf-2d73117e49e5,62b24c5c-afba-30dc-928b-bc44b47feaa4,2026-01-07,False,False,False,True,15944,2025-09-01 00:00:00,2026-01-08 23:54:00,129.0,True
22f334b8-3d19-4194-8106-fb82b7fca976_e2c739e2-5541-411e-8ac8-9bb270a968a8,nycmesh-lbe-515,22f334b8-3d19-4194-8106-fb82b7fca976,nycmesh-1932-north,e2c739e2-5541-411e-8ac8-9bb270a968a8,nycmesh-lbe-515,40.716098,-73.985997,14.0,100.32,40.7161,-73.986,14.0,5.0,8.0,5490.0,ap-ptmp-airmax-mixed,-63.0,-67.0,22f334b8-3d19-4194-8106-fb82b7fca976_e2c739e2-5541-411e-8ac8-9bb270a968a8,d1dabfd7-9e7a-3337-8ef3-441618c19694,2026-05-07,False,False,False,True,343325,2023-12-01 00:00:16,2023-11-30 23:59:12,-1.0,True
22f8a4e5-891d-48b9-a3b2-9808f9c3b977_0217a1b9-0bdd-4151-9b30-7356908d8841,nycmesh-lbe-871,22f8a4e5-891d-48b9-a3b2-9808f9c3b977,nycmesh-3461-northeast,0217a1b9-0bdd-4151-9b30-7356908d8841,nycmesh-lbe-871,40.672685,-73.96386,,60.95,40.6725,-73.9642,,5.0,35.28977579122606,5560.0,ap-ptmp-airmax-mixed,-65.0,-66.0,22f8a4e5-891d-48b9-a3b2-9808f9c3b977_0217a1b9-0bdd-4151-9b30-7356908d8841,8df2bc4f-8552-3c92-b140-0c061d163b75,2026-05-07,False,False,False,True,11347,2025-08-09 15:42:00,2026-04-16 00:48:00,249.0,True
22f8a4e5-891d-48b9-a3b2-9808f9c3b977_14f20094-9799-4348-acd6-60d2e1a9a30b,nycmesh-lbe-916,22f8a4e5-891d-48b9-a3b2-9808f9c3b977,nycmesh-3461-northeast,14f20094-9799-4348-acd6-60d2e1a9a30b,nycmesh-lbe-916,40.672685,-73.96386,,60.95,40.6725,-73.9642,,5.0,35.28977579122606,5560.0,ap-ptmp-airmax-mixed,-71.0,-68.0,22f8a4e5-891d-48b9-a3b2-9808f9c3b977_14f20094-9799-4348-acd6-60d2e1a9a30b,948cc0df-a7f7-3118-ab7a-00e623a6884a,2026-05-07,False,False,False,True,1116,2025-11-03 01:00:00,2025-11-14 20:54:00,11.0,True
22f8a4e5-891d-48b9-a3b2-9808f9c3b977_1f729518-45cc-4afb-a76a-f3ee8cef0cdb,nycmesh-lbe-458,22f8a4e5-891d-48b9-a3b2-9808f9c3b977,nycmesh-3461-northeast,1f729518-45cc-4afb-a76a-f3ee8cef0cdb,nycmesh-lbe-458,40.672685,-73.96386,,60.95,40.6725,-73.9642,,5.0,35.28977579122606,5560.0,ap-ptmp-airmax-mixed,-66.0,-66.0,22f8a4e5-891d-48b9-a3b2-9808f9c3b977_1f729518-45cc-4afb-a76a-f3ee8cef0cdb,6381b70a-3125-3e90-9fab-f225596c04ba,2026-05-07,False,False,False,True,354262,2023-12-01 00:00:48,2023-11-30 23:59:44,-1.0,True
22f8a4e5-891d-48b9-a3b2-9808f9c3b977_26d8c250-32bf-431a-9f7f-c55ea8fd5abc,nycmesh-lbe-434,22f8a4e5-891d-48b9-a3b2-9808f9c3b977,nycmesh-3461-northeast,26d8c250-32bf-431a-9f7f-c55ea8fd5abc,nycmesh-lbe-434,40.672685,-73.96386,,60.95,40.6725,-73.9642,,5.0,35.28977579122606,5560.0,ap-ptmp-airmax-mixed,-71.0,-73.0,22f8a4e5-891d-48b9-a3b2-9808f9c3b977_26d8c250-32bf-431a-9f7f-c55ea8fd5abc,f20e4f22-add3-3ad7-9f3c-615fa7c0baa7,2026-05-07,False,False,False,True,25659,2025-12-01 00:00:00,2026-04-30 23:54:00,150.0,True
22f8a4e5-891d-48b9-a3b2-9808f9c3b977_30260b7d-872b-47cf-b632-5f5b54b306b7,nycmesh-lbe-792,22f8a4e5-891d-48b9-a3b2-9808f9c3b977,nycmesh-3461-northeast,30260b7d-872b-47cf-b632-5f5b54b306b7,nycmesh-lbe-792,40.672685,-73.96386,,60.95,40.6725,-73.9642,,5.0,35.28977579122606,5560.0,ap-ptmp-airmax-mixed,-58.0,-54.0,22f8a4e5-891d-48b9-a3b2-9808f9c3b977_30260b7d-872b-47cf-b632-5f5b54b306b7,58012908-3552-3fea-97e2-a351c1aaaffe,2026-05-07,False,False,False,True,45858,2025-06-26 20:00:00,2026-04-30 23:54:00,308.0,True
22f8a4e5-891d-48b9-a3b2-9808f9c3b977_3fbd34e0-9029-4db6-8e9c-f094ceec2be5,nycmesh-lbe-655,22f8a4e5-891d-48b9-a3b2-9808f9c3b977,nycmesh-3461-northeast,3fbd34e0-9029-4db6-8e9c-f094ceec2be5,nycmesh-lbe-655,40.672685,-73.96386,,60.95,40.6725,-73.9642,,5.0,35.28977579122606,5560.0,ap-ptmp-airmax-mixed,-58.0,-56.0,22f8a4e5-891d-48b9-a3b2-9808f9c3b977_3fbd34e0-9029-4db6-8e9c-f094ceec2be5,73d9b45e-8e58-3017-b4f2-95c24e59db73,2026-05-07,False,False,False,True,60564,2024-08-24 23:59:28,2026-04-30 23:54:00,613.0,True
22f8a4e5-891d-48b9-a3b2-9808f9c3b977_4938f6d7-11cb-4d93-abee-2c1ba54b2c47,nycmesh-lbe-7007,22f8a4e5-891d-48b9-a3b2-9808f9c3b977,nycmesh-3461-northeast,4938f6d7-11cb-4d93-abee-2c1ba54b2c47,nycmesh-lbe-7007,40.672685,-73.96386,,60.95,40.6725,-73.9642,,5.0,35.28977579122606,5560.0,ap-ptmp-airmax-mixed,-72.0,-69.0,22f8a4e5-891d-48b9-a3b2-9808f9c3b977_4938f6d7-11cb-4d93-abee-2c1ba54b2c47,c3cbfde2-3f14-374b-9931-3953c189a13c,2026-05-07,False,False,False,True,353877,2023-12-01 00:00:08,2023-11-30 23:59:04,-1.0,True
22f8a4e5-891d-48b9-a3b2-9808f9c3b977_4c23956f-db01-4ffe-afb2-ee968f0ba481,nycmesh-lbe-7398,22f8a4e5-891d-48b9-a3b2-9808f9c3b977,nycmesh-3461-northeast,4c23956f-db01-4ffe-afb2-ee968f0ba481,nycmesh-lbe-7398,40.672685,-73.96386,,60.95,40.6725,-73.9642,,15.0,2014.0,5560.0,ap-ptmp-airmax-mixed,-69.0,-68.0,22f8a4e5-891d-48b9-a3b2-9808f9c3b977_4c23956f-db01-4ffe-afb2-ee968f0ba481,f3318e9d-e1fd-3096-a8d5-c41ff3b259c9,2026-05-07,False,False,False,True,352810,2023-12-01 00:00:56,2023-11-30 23:59:52,-1.0,True
22f8a4e5-891d-48b9-a3b2-9808f9c3b977_5f2e1fcd-1c91-4876-a2cc-fead1cc1a442,nycmesh-lbe-334,22f8a4e5-891d-48b9-a3b2-9808f9c3b977,nycmesh-3461-northeast,5f2e1fcd-1c91-4876-a2cc-fead1cc1a442,nycmesh-lbe-334,40.672685,-73.96386,,60.95,40.6725,-73.9642,,5.0,35.28977579122606,5560.0,ap-ptmp-airmax-mixed,-63.0,-62.0,22f8a4e5-891d-48b9-a3b2-9808f9c3b977_5f2e1fcd-1c91-4876-a2cc-fead1cc1a442,551b37d5-91e5-3564-922b-28bfd008b8a6,2026-05-07,False,False,False,True,308902,2023-12-01 00:00:32,2023-11-30 23:59:36,-1.0,True
22f8a4e5-891d-48b9-a3b2-9808f9c3b977_67c6dacd-afa6-45f6-9f32-56e4a878e9e3,nycmesh-lbe-345,22f8a4e5-891d-48b9-a3b2-9808f9c3b977,nycmesh-3461-northeast,67c6dacd-afa6-45f6-9f32-56e4a878e9e3,nycmesh-lbe-345,40.672685,-73.96386,,60.95,40.6725,-73.9642,,5.0,35.28977579122606,5560.0,ap-ptmp-airmax-mixed,-61.0,-63.0,22f8a4e5-891d-48b9-a3b2-9808f9c3b977_67c6dacd-afa6-45f6-9f32-56e4a878e9e3,38b0ac74-9c89-3d14-b028-520a00ee256c,2026-05-07,False,False,False,True,352851,2023-12-01 00:00:32,2023-11-30 23:59:36,-1.0,True
22f8a4e5-891d-48b9-a3b2-9808f9c3b977_6957c932-4785-44c1-a592-fc8e715b438c,nycmesh-lbelr-219,22f8a4e5-891d-48b9-a3b2-9808f9c3b977,nycmesh-3461-northeast,6957c932-4785-44c1-a592-fc8e715b438c,nycmesh-lbelr-219,40.672685,-73.96386,,60.95,40.696,-73.9398,,10.0,2027.0,5560.0,ap-ptmp-airmax-mixed,-67.0,-65.0,22f8a4e5-891d-48b9-a3b2-9808f9c3b977_6957c932-4785-44c1-a592-fc8e715b438c,3ccf0573-6947-3b46-8eca-2c32a6e35add,2026-05-07,False,False,False,True,352233,2023-12-01 00:00:00,2023-11-30 23:59:04,-1.0,True
22f8a4e5-891d-48b9-a3b2-9808f9c3b977_69ee8bdf-8fc3-477a-97d6-9843c2f4841b,nycmesh-lbe-4192,22f8a4e5-891d-48b9-a3b2-9808f9c3b977,nycmesh-3461-northeast,69ee8bdf-8fc3-477a-97d6-9843c2f4841b,nycmesh-lbe-4192,40.672685,-73.96386,,60.95,40.6725,-73.9642,,5.0,35.28977579122606,5560.0,ap-ptmp-airmax-mixed,-59.0,-58.0,22f8a4e5-891d-48b9-a3b2-9808f9c3b977_69ee8bdf-8fc3-477a-97d6-9843c2f4841b,f63c50e4-54ef-382a-b2e4-c90664b39de8,2026-05-07,False,False,False,True,353376,2023-12-01 00:00:08,2023-11-30 23:59:04,-1.0,True
22f8a4e5-891d-48b9-a3b2-9808f9c3b977_7f9db68b-db16-4b6e-a273-2d52cdec3246,nycmesh-lbe-788,22f8a4e5-891d-48b9-a3b2-9808f9c3b977,nycmesh-3461-northeast,7f9db68b-db16-4b6e-a273-2d52cdec3246,nycmesh-lbe-788,40.672685,-73.96386,,60.95,40.6725,-73.9642,,5.0,35.28977579122606,5560.0,ap-ptmp-airmax-mixed,-69.0,-67.0,22f8a4e5-891d-48b9-a3b2-9808f9c3b977_7f9db68b-db16-4b6e-a273-2d52cdec3246,c0f08c06-e6e3-3162-898c-e1ac27f1cbb9,2026-05-07,False,False,False,True,47920,2025-04-12 00:00:00,2026-04-30 23:54:00,383.0,True
22f8a4e5-891d-48b9-a3b2-9808f9c3b977_96a18618-c3cc-41f1-8115-7f9fa7717458,nycmesh-lbe-585,22f8a4e5-891d-48b9-a3b2-9808f9c3b977,nycmesh-3461-northeast,96a18618-c3cc-41f1-8115-7f9fa7717458,nycmesh-lbe-585,40.672685,-73.96386,,60.95,40.6725,-73.9642,,5.0,35.28977579122606,5560.0,ap-ptmp-airmax-mixed,-71.0,-72.0,22f8a4e5-891d-48b9-a3b2-9808f9c3b977_96a18618-c3cc-41f1-8115-7f9fa7717458,8936f55d-6a32-3b59-a5c5-39efbfc3465d,2026-05-07,False,False,False,True,244834,2024-02-27 19:39:36,2026-04-30 23:54:00,793.0,True
22f8a4e5-891d-48b9-a3b2-9808f9c3b977_9a0f49c6-ad74-4cd9-80ac-dae37d36e44b,nycmesh-lbe-7755,22f8a4e5-891d-48b9-a3b2-9808f9c3b977,nycmesh-3461-northeast,9a0f49c6-ad74-4cd9-80ac-dae37d36e44b,nycmesh-lbe-7755,40.672685,-73.96386,,60.95,40.672531,-73.9641974,,5.0,33.210007652982235,5560.0,ap-ptmp-airmax-mixed,-67.0,-66.0,22f8a4e5-891d-48b9-a3b2-9808f9c3b977_9a0f49c6-ad74-4cd9-80ac-dae37d36e44b,f6b74b33-f12d-388d-8985-21d838f4b7ad,2026-05-07,False,False,False,True,26033,2026-01-01 00:00:00,2026-04-30 23:54:00,119.0,True
22f8a4e5-891d-48b9-a3b2-9808f9c3b977_9d078075-5f17-48a4-99c8-0a4c033259ad,nycmesh-lbe-5327,22f8a4e5-891d-48b9-a3b2-9808f9c3b977,nycmesh-3461-northeast,9d078075-5f17-48a4-99c8-0a4c033259ad,nycmesh-lbe-5327,40.672685,-73.96386,,60.95,40.6725,-73.9642,,5.0,35.28977579122606,5560.0,ap-ptmp-airmax-mixed,-68.0,-66.0,22f8a4e5-891d-48b9-a3b2-9808f9c3b977_9d078075-5f17-48a4-99c8-0a4c033259ad,872a3618-a51c-3e93-848e-bf6d7eea1dd0,2026-05-07,False,False,False,True,348780,2023-12-01 00:00:16,2023-11-30 23:59:20,-1.0,True
22f8a4e5-891d-48b9-a3b2-9808f9c3b977_ac268a22-a2bb-423d-91c3-1a4a0b2be7f2,nycmesh-lbe-6219,22f8a4e5-891d-48b9-a3b2-9808f9c3b977,nycmesh-3461-northeast,ac268a22-a2bb-423d-91c3-1a4a0b2be7f2,nycmesh-lbe-6219,40.672685,-73.96386,,60.95,40.6725,-73.9642,,5.0,35.28977579122606,5560.0,ap-ptmp-airmax-mixed,-72.0,-72.0,22f8a4e5-891d-48b9-a3b2-9808f9c3b977_ac268a22-a2bb-423d-91c3-1a4a0b2be7f2,78fde35e-2d5f-3fdb-8ceb-b4a27001db26,2026-05-07,False,False,False,True,342113,2023-12-01 00:00:48,2023-11-30 23:59:52,-1.0,True
22f8a4e5-891d-48b9-a3b2-9808f9c3b977_aebb2f5e-756f-4ef1-a61f-7c18cfb2b645,nycmesh-lbe-438,22f8a4e5-891d-48b9-a3b2-9808f9c3b977,nycmesh-3461-northeast,aebb2f5e-756f-4ef1-a61f-7c18cfb2b645,nycmesh-lbe-438,40.672685,-73.96386,,60.95,40.6725,-73.9642,,5.0,35.28977579122606,5560.0,ap-ptmp-airmax-mixed,-58.0,-54.0,22f8a4e5-891d-48b9-a3b2-9808f9c3b977_aebb2f5e-756f-4ef1-a61f-7c18cfb2b645,13ec2e3d-ba73-3bf9-ae05-d973dce87db7,2026-05-07,False,False,False,True,345532,2023-12-01 00:00:40,2023-11-30 23:59:36,-1.0,True
22f8a4e5-891d-48b9-a3b2-9808f9c3b977_bdcc55e1-917a-4b33-976b-ff3c9fdab8d8,nycmesh-lbe-471,22f8a4e5-891d-48b9-a3b2-9808f9c3b977,nycmesh-3461-northeast,bdcc55e1-917a-4b33-976b-ff3c9fdab8d8,nycmesh-lbe-471,40.672685,-73.96386,,60.95,40.696038,-73.939764,23.0,5.0,3327.0,5560.0,ap-ptmp-airmax-mixed,-69.0,-67.0,22f8a4e5-891d-48b9-a3b2-9808f9c3b977_bdcc55e1-917a-4b33-976b-ff3c9fdab8d8,785fa360-fb67-39ea-a564-a14540f4c20c,2026-05-07,False,False,False,True,312165,2023-12-01 00:00:48,2023-11-30 23:59:44,-1.0,True
22f8a4e5-891d-48b9-a3b2-9808f9c3b977_c5e98eb7-bd68-4b4a-a671-10fdcabbfa72,nycmesh-lbe-6283,22f8a4e5-891d-48b9-a3b2-9808f9c3b977,nycmesh-3461-northeast,c5e98eb7-bd68-4b4a-a671-10fdcabbfa72,nycmesh-lbe-6283,40.672685,-73.96386,,60.95,40.6725,-73.9642,,5.0,35.28977579122606,5560.0,ap-ptmp-airmax-mixed,-68.0,-67.0,22f8a4e5-891d-48b9-a3b2-9808f9c3b977_c5e98eb7-bd68-4b4a-a671-10fdcabbfa72,82c445ab-a8d4-3349-909a-7d7a5cc724d2,2026-05-07,False,False,False,True,338256,2023-12-01 00:00:24,2023-11-30 23:59:28,-1.0,True
22f8a4e5-891d-48b9-a3b2-9808f9c3b977_cc6a7b17-33c9-4136-8610-2ad3f146ee2c,nycmesh-lbe-7669,22f8a4e5-891d-48b9-a3b2-9808f9c3b977,nycmesh-3461-northeast,cc6a7b17-33c9-4136-8610-2ad3f146ee2c,nycmesh-lbe-7669,40.672685,-73.96386,,60.95,40.6725,-73.9642,,5.0,35.28977579122606,5560.0,ap-ptmp-airmax-mixed,-65.0,-66.0,22f8a4e5-891d-48b9-a3b2-9808f9c3b977_cc6a7b17-33c9-4136-8610-2ad3f146ee2c,ca61394c-5b27-3b76-8f31-54e80d5f5463,2026-05-07,False,False,False,True,10940,2025-01-08 23:59:20,2025-09-02 09:00:00,236.0,True
22f8a4e5-891d-48b9-a3b2-9808f9c3b977_d244b862-47ea-47d9-b4ec-bbefd3f9107a,nycmesh-lbe-7252,22f8a4e5-891d-48b9-a3b2-9808f9c3b977,nycmesh-3461-northeast,d244b862-47ea-47d9-b4ec-bbefd3f9107a,nycmesh-lbe-7252,40.672685,-73.96386,,60.95,40.6725,-73.9642,,5.0,35.28977579122606,5560.0,ap-ptmp-airmax-mixed,-72.0,-71.0,22f8a4e5-891d-48b9-a3b2-9808f9c3b977_d244b862-47ea-47d9-b4ec-bbefd3f9107a,259e4af4-e417-39ac-8e21-8020b571cb3d,2026-05-07,False,False,False,True,342307,2023-12-01 00:00:00,2023-11-30 23:59:04,-1.0,True
22f8a4e5-891d-48b9-a3b2-9808f9c3b977_d91e2640-0ac4-4b4e-a389-b9b14819289a,nycmesh-lbe-4569,22f8a4e5-891d-48b9-a3b2-9808f9c3b977,nycmesh-3461-northeast,d91e2640-0ac4-4b4e-a389-b9b14819289a,nycmesh-lbe-4569,40.672685,-73.96386,,60.95,40.6725,-73.9642,,5.0,35.28977579122606,5560.0,ap-ptmp-airmax-mixed,-60.0,-58.0,22f8a4e5-891d-48b9-a3b2-9808f9c3b977_d91e2640-0ac4-4b4e-a389-b9b14819289a,249cb4f7-115b-3f32-ae9a-b4c82e4e80f8,2026-05-07,False,False,False,True,343565,2023-12-01 00:00:32,2023-11-30 23:59:28,-1.0,True
22f8a4e5-891d-48b9-a3b2-9808f9c3b977_dbe3a9ab-7927-46a2-8a46-e0cf12834422,nycmesh-lbe-583,22f8a4e5-891d-48b9-a3b2-9808f9c3b977,nycmesh-3461-northeast,dbe3a9ab-7927-46a2-8a46-e0cf12834422,nycmesh-lbe-583,40.672685,-73.96386,,60.95,40.6725,-73.9642,,5.0,35.28977579122606,5560.0,ap-ptmp-airmax-mixed,-67.0,-64.0,22f8a4e5-891d-48b9-a3b2-9808f9c3b977_dbe3a9ab-7927-46a2-8a46-e0cf12834422,ec563e3b-b75b-389d-9088-f358882d049b,2026-05-07,False,False,False,True,242395,2024-02-23 19:22:48,2026-04-30 23:54:00,797.0,True
22f8a4e5-891d-48b9-a3b2-9808f9c3b977_e7a44ed7-5a6e-4eac-8bfd-994ca7694d77,nycmesh-3461-northeast,22f8a4e5-891d-48b9-a3b2-9808f9c3b977,nycmesh-3461-northeast,e7a44ed7-5a6e-4eac-8bfd-994ca7694d77,nycmesh-lbe-476,40.672685,-73.96386,,60.95,40.6725,-73.9642,,5.0,35.28977579122606,5560.0,ap-ptmp-airmax-mixed,-58.0,-56.0,22f8a4e5-891d-48b9-a3b2-9808f9c3b977_e7a44ed7-5a6e-4eac-8bfd-994ca7694d77,118997c2-4100-320b-805d-3fb62321a254,2026-05-07,False,False,False,True,342069,2023-12-01 00:00:32,2023-11-30 23:59:28,-1.0,True
22f8a4e5-891d-48b9-a3b2-9808f9c3b977_ec9de709-5f59-46dc-811f-1e6a5d6ce2ef,nycmesh-lbe-7954,22f8a4e5-891d-48b9-a3b2-9808f9c3b977,nycmesh-3461-northeast,ec9de709-5f59-46dc-811f-1e6a5d6ce2ef,nycmesh-lbe-7954,40.672685,-73.96386,,60.95,40.6725,-73.9642,,5.0,35.28977579122606,5560.0,ap-ptmp-airmax-mixed,-63.0,-61.0,22f8a4e5-891d-48b9-a3b2-9808f9c3b977_ec9de709-5f59-46dc-811f-1e6a5d6ce2ef,6146e185-5cbf-37bb-8323-fa7ab8a359ee,2026-05-07,False,False,False,True,343088,2023-12-01 00:00:08,2023-11-30 23:59:12,-1.0,True
22f8a4e5-891d-48b9-a3b2-9808f9c3b977_ed327575-05f2-468d-882b-42fdc52649d1,nycmesh-lbe-3301,22f8a4e5-891d-48b9-a3b2-9808f9c3b977,nycmesh-3461-northeast,ed327575-05f2-468d-882b-42fdc52649d1,nycmesh-lbe-3301,40.672685,-73.96386,,60.95,40.6725,-73.9642,,5.0,35.28977579122606,5560.0,ap-ptmp-airmax-mixed,-65.0,-65.0,22f8a4e5-891d-48b9-a3b2-9808f9c3b977_ed327575-05f2-468d-882b-42fdc52649d1,6680e599-b077-3c9e-a5a1-7df708b98e38,2026-05-07,False,False,False,True,315734,2023-12-01 00:00:32,2023-11-30 23:59:36,-1.0,True
22f8a4e5-891d-48b9-a3b2-9808f9c3b977_ed43077d-7ce0-440d-b0fc-4c9cef9b8d9c,nycmesh-lbe-3713,22f8a4e5-891d-48b9-a3b2-9808f9c3b977,nycmesh-3461-northeast,ed43077d-7ce0-440d-b0fc-4c9cef9b8d9c,nycmesh-lbe-3713,40.672685,-73.96386,,60.95,40.6725,-73.9642,,5.0,35.28977579122606,5560.0,ap-ptmp-airmax-mixed,-73.0,-72.0,22f8a4e5-891d-48b9-a3b2-9808f9c3b977_ed43077d-7ce0-440d-b0fc-4c9cef9b8d9c,dfe9e1d1-2db7-3cf3-8d98-d3c44aeb37cf,2026-05-07,False,False,False,True,342735,2023-12-01 00:00:40,2023-11-30 23:59:36,-1.0,True
22f8a4e5-891d-48b9-a3b2-9808f9c3b977_f67cafae-a18b-4cdc-92fa-747beb8a0925,nycmesh-lbe-2723,22f8a4e5-891d-48b9-a3b2-9808f9c3b977,nycmesh-3461-northeast,f67cafae-a18b-4cdc-92fa-747beb8a0925,nycmesh-lbe-2723,40.672685,-73.96386,,60.95,40.672531,-73.9641974,,5.0,33.210007652982235,5560.0,ap-ptmp-airmax-mixed,-63.0,-63.0,22f8a4e5-891d-48b9-a3b2-9808f9c3b977_f67cafae-a18b-4cdc-92fa-747beb8a0925,252ee258-598a-3fda-a2d7-bf6bb8bac8b4,2026-05-07,False,False,False,True,341483,2023-12-01 00:00:00,2023-11-30 23:59:04,-1.0,True
24148d9a-d324-4633-8c90-86699d7692b8_0db8e512-0336-4146-8a47-0aaf0eff16d7,nycmesh-lbe-423,24148d9a-d324-4633-8c90-86699d7692b8,nycmesh-7800-east,0db8e512-0336-4146-8a47-0aaf0eff16d7,nycmesh-lbe-423,40.815344,-73.950284,,10.0,40.8156,-73.95,35.0,5.0,37.16867175305351,5520.0,ap-ptmp-airmax-ac,-52.0,-53.0,24148d9a-d324-4633-8c90-86699d7692b8_0db8e512-0336-4146-8a47-0aaf0eff16d7,4a4d7d9a-55bd-3e8f-97a7-c999820a02e8,2026-05-07,False,False,False,True,355914,2023-12-01 00:00:32,2023-11-30 23:59:28,-1.0,True
24148d9a-d324-4633-8c90-86699d7692b8_922c9209-72dd-49dc-b810-3292aa179ae2,nycmesh-lbe-238,24148d9a-d324-4633-8c90-86699d7692b8,nycmesh-7800-east,922c9209-72dd-49dc-b810-3292aa179ae2,nycmesh-lbe-238,40.815344,-73.950284,,10.0,40.8156,-73.9502,35.0,5.0,29.33049347515027,5520.0,ap-ptmp-airmax-ac,-55.0,-56.0,24148d9a-d324-4633-8c90-86699d7692b8_922c9209-72dd-49dc-b810-3292aa179ae2,f457bcfa-72d9-3714-be22-cadeb7827a81,2026-05-07,False,False,False,True,341579,2023-12-01 00:00:40,2023-11-30 23:59:44,-1.0,True
24148d9a-d324-4633-8c90-86699d7692b8_9a19274c-a05f-474b-b9fc-ae1483d0e992,nycmesh-lbe-148,24148d9a-d324-4633-8c90-86699d7692b8,nycmesh-7800-east,9a19274c-a05f-474b-b9fc-ae1483d0e992,nycmesh-lbe-148,40.815344,-73.950284,,10.0,40.8156286,-73.9502282,35.0,5.0,31.99257415014893,5520.0,ap-ptmp-airmax-ac,-59.0,-61.0,24148d9a-d324-4633-8c90-86699d7692b8_9a19274c-a05f-474b-b9fc-ae1483d0e992,883eea00-dccd-3427-a37d-919c22cd2a14,2026-05-07,False,False,False,True,303037,2023-12-01 00:00:08,2023-11-30 23:59:12,-1.0,True
24148d9a-d324-4633-8c90-86699d7692b8_c81384a5-863f-4074-b889-cd900af270e1,nycmesh-lbe-525,24148d9a-d324-4633-8c90-86699d7692b8,nycmesh-7800-east,c81384a5-863f-4074-b889-cd900af270e1,nycmesh-lbe-525,40.815344,-73.950284,,10.0,40.8156,-73.95,35.0,5.0,37.16867175305351,5520.0,ap-ptmp-airmax-ac,-57.0,-59.0,24148d9a-d324-4633-8c90-86699d7692b8_c81384a5-863f-4074-b889-cd900af270e1,5fc69fe7-b030-3666-ab54-9871b2ce7ab4,2026-05-07,False,False,False,True,344954,2023-12-01 00:00:32,2023-11-30 23:59:28,-1.0,True
25a60c05-a427-4949-8429-622866062481_1e49b0bd-86fc-4596-ae84-97592618e024,nycmesh-407-north,25a60c05-a427-4949-8429-622866062481,nycmesh-407-north,1e49b0bd-86fc-4596-ae84-97592618e024,nycmesh-lbe-216,40.713242,-73.990392,,11.42,40.717908,-73.991462,10.0,8.0,3.0,5505.0,ap-ptmp-airmax-mixed,-56.0,-59.0,25a60c05-a427-4949-8429-622866062481_1e49b0bd-86fc-4596-ae84-97592618e024,16d8fed9-79ce-3bee-90fc-0fc318e72d6e,2026-05-07,False,False,False,True,352623,2023-12-01 00:00:08,2023-11-30 23:59:12,-1.0,True
25a60c05-a427-4949-8429-622866062481_23bbd892-8091-4618-aca9-6f966a38ff96,nycmesh-lbe-918,25a60c05-a427-4949-8429-622866062481,nycmesh-407-north,23bbd892-8091-4618-aca9-6f966a38ff96,nycmesh-lbe-918,40.713242,-73.990392,,11.42,40.7133,-73.9903,10.0,8.0,3.0,5505.0,ap-ptmp-airmax-mixed,-49.0,-47.0,25a60c05-a427-4949-8429-622866062481_23bbd892-8091-4618-aca9-6f966a38ff96,eb478679-de3e-363d-893e-a5db5aab07a9,2026-05-07,False,False,False,True,29886,2025-12-01 00:00:00,2026-04-30 23:54:00,150.0,True
25a60c05-a427-4949-8429-622866062481_3dfbe987-ad92-44f0-919a-fcfa402a70a9,nycmesh-lbe-243,25a60c05-a427-4949-8429-622866062481,nycmesh-407-north,3dfbe987-ad92-44f0-919a-fcfa402a70a9,nycmesh-lbe-243,40.713242,-73.990392,,11.42,40.71411,-73.992136,10.0,8.0,3.0,5505.0,ap-ptmp-airmax-mixed,-53.0,-49.0,25a60c05-a427-4949-8429-622866062481_3dfbe987-ad92-44f0-919a-fcfa402a70a9,c52dee43-0702-3b3b-a619-595ca2b2bf33,2026-05-07,False,False,False,True,352620,2023-12-01 00:00:40,2023-11-30 23:59:36,-1.0,True
25a60c05-a427-4949-8429-622866062481_677e652f-e131-496e-8c01-c7b8a08fa87b,nycmesh-lbe-319,25a60c05-a427-4949-8429-622866062481,nycmesh-407-north,677e652f-e131-496e-8c01-c7b8a08fa87b,nycmesh-lbe-319,40.713242,-73.990392,,11.42,40.714118,-73.99201,10.0,8.0,3.0,5505.0,ap-ptmp-airmax-mixed,-52.0,-50.0,25a60c05-a427-4949-8429-622866062481_677e652f-e131-496e-8c01-c7b8a08fa87b,38382fc0-dff5-3320-bc87-fbb650909bfd,2026-05-07,False,False,False,True,261162,2023-12-01 00:00:32,2023-11-30 23:59:28,-1.0,True
25a60c05-a427-4949-8429-622866062481_6a79600f-2f2a-454e-8573-9cca40860eb3,nycmesh-lbe-659,25a60c05-a427-4949-8429-622866062481,nycmesh-407-north,6a79600f-2f2a-454e-8573-9cca40860eb3,nycmesh-lbe-659,40.713242,-73.990392,,11.42,40.715779,-73.989839,10.0,8.0,3.0,5505.0,ap-ptmp-airmax-mixed,-64.0,-68.0,25a60c05-a427-4949-8429-622866062481_6a79600f-2f2a-454e-8573-9cca40860eb3,1f9d4c90-e5c1-3cf2-a8c0-44323caeeffc,2026-05-07,False,False,False,True,352741,2023-12-01 00:00:32,2023-11-30 23:59:28,-1.0,True
25a60c05-a427-4949-8429-622866062481_9deeff40-23f9-4f70-a6f7-cf5748a5c9ca,nycmesh-lbe-6274,25a60c05-a427-4949-8429-622866062481,nycmesh-407-north,9deeff40-23f9-4f70-a6f7-cf5748a5c9ca,nycmesh-lbe-6274,40.713242,-73.990392,,11.42,40.714689,-73.993107,10.0,8.0,3.0,5505.0,ap-ptmp-airmax-mixed,-58.0,-55.0,25a60c05-a427-4949-8429-622866062481_9deeff40-23f9-4f70-a6f7-cf5748a5c9ca,a893e326-ca49-3c40-a947-cd1630854b8c,2026-05-07,False,False,False,True,348164,2023-12-01 00:00:48,2023-11-30 23:59:44,-1.0,True
25a60c05-a427-4949-8429-622866062481_be96d989-8dc6-4250-87ca-b9c845494cf7,nycmesh-pbe-6978,25a60c05-a427-4949-8429-622866062481,nycmesh-407-north,be96d989-8dc6-4250-87ca-b9c845494cf7,nycmesh-pbe-6978,40.713242,-73.990392,,11.42,40.713757,-73.9919,10.0,8.0,3.0,5505.0,ap-ptmp-airmax-mixed,-54.0,-49.0,25a60c05-a427-4949-8429-622866062481_be96d989-8dc6-4250-87ca-b9c845494cf7,978f6a3a-f8fa-3208-b706-9901f4412954,2026-05-07,False,False,False,True,345042,2023-12-01 00:00:40,2023-11-30 23:59:36,-1.0,True
25a60c05-a427-4949-8429-622866062481_c0279533-a629-4cee-b695-75a4f891021b,nycmesh-lbe-733,25a60c05-a427-4949-8429-622866062481,nycmesh-407-north,c0279533-a629-4cee-b695-75a4f891021b,nycmesh-lbe-733,40.713242,-73.990392,,11.42,40.7133,-73.9903,10.0,8.0,10.08562815838347,5505.0,ap-ptmp-airmax-mixed,-58.0,-57.0,25a60c05-a427-4949-8429-622866062481_c0279533-a629-4cee-b695-75a4f891021b,2b6b7df4-9dce-3df2-9dfb-4eb97adcef6b,2026-05-07,False,False,False,True,16224,2024-12-19 00:00:00,2025-10-04 20:00:00,289.0,True
25a60c05-a427-4949-8429-622866062481_f7e5c073-c90b-4dc5-b61d-c81570034652,nycmesh-534-lbe,25a60c05-a427-4949-8429-622866062481,nycmesh-407-north,f7e5c073-c90b-4dc5-b61d-c81570034652,nycmesh-534-lbe,40.713242,-73.990392,,11.42,40.713722,-73.991498,10.0,8.0,951.0,5505.0,ap-ptmp-airmax-mixed,-52.0,-50.0,25a60c05-a427-4949-8429-622866062481_f7e5c073-c90b-4dc5-b61d-c81570034652,4badd4ce-4109-3c32-b929-448b6b049640,2026-05-07,False,False,False,True,55386,2024-11-06 00:40:32,2026-04-30 23:54:00,540.0,True
25be4474-71ae-4ae8-9b16-6bf9ad6ab22c_5f172295-c0b8-40aa-ad63-863f4c810d29,nycmesh-lbe-424,25be4474-71ae-4ae8-9b16-6bf9ad6ab22c,nycmesh-231-west,5f172295-c0b8-40aa-ad63-863f4c810d29,nycmesh-lbe-424,40.645933,-74.013631,,10.0,40.645834959184,-74.013376102041,5.0,5.0,24.110853264734622,5490.0,ap-ptmp-airmax-mixed,-58.0,-58.0,25be4474-71ae-4ae8-9b16-6bf9ad6ab22c_5f172295-c0b8-40aa-ad63-863f4c810d29,f56e34b5-f6d1-37ac-ac50-ae3b122c7d40,2026-05-07,False,False,False,True,353655,2023-12-01 00:00:40,2023-11-30 23:59:36,-1.0,True
25be4474-71ae-4ae8-9b16-6bf9ad6ab22c_c34bbdd4-02a3-4788-895d-48794a020f95,nycmesh-231-west,25be4474-71ae-4ae8-9b16-6bf9ad6ab22c,nycmesh-231-west,c34bbdd4-02a3-4788-895d-48794a020f95,nycmesh-lbe-866,40.645933,-74.013631,,10.0,40.645835,-74.013376,,5.0,24.11648132617266,5490.0,ap-ptmp-airmax-mixed,-58.0,-68.0,25be4474-71ae-4ae8-9b16-6bf9ad6ab22c_c34bbdd4-02a3-4788-895d-48794a020f95,480eb442-b227-3f5e-9292-889ddf48a13a,2026-05-07,False,False,False,True,350430,2023-12-01 00:00:24,2023-11-30 23:59:20,-1.0,True
2630b421-546f-4bc0-8ae2-f92c038f2eed_00b8f24f-13d2-4714-8585-965c445b3849,nycmesh-lbe-1163,2630b421-546f-4bc0-8ae2-f92c038f2eed,nycmesh-2274-west,00b8f24f-13d2-4714-8585-965c445b3849,nycmesh-lbe-1163,40.725681,-73.983591,,8.0,40.7256814,-73.9835909,7.0,8.0,0.0452692072826273,5570.0,ap-ptmp,-58.0,-65.0,2630b421-546f-4bc0-8ae2-f92c038f2eed_00b8f24f-13d2-4714-8585-965c445b3849,36b39897-22db-39f4-98e9-8c5e5a2e6146,2026-05-07,False,False,False,True,356946,2023-12-01 00:00:32,2023-11-30 23:59:36,-1.0,True
2630b421-546f-4bc0-8ae2-f92c038f2eed_141cf687-8a13-40a7-bcea-7e4cbe821cec,nycmesh-lbe-715,2630b421-546f-4bc0-8ae2-f92c038f2eed,nycmesh-2274-west,141cf687-8a13-40a7-bcea-7e4cbe821cec,nycmesh-lbe-715,40.725681,-73.983591,,8.0,40.7257,-73.9836,7.0,8.0,2.244706578846107,5570.0,ap-ptmp,-58.0,-51.0,2630b421-546f-4bc0-8ae2-f92c038f2eed_141cf687-8a13-40a7-bcea-7e4cbe821cec,75f9002b-8ed2-3123-b06f-e179b98fae06,2026-05-07,False,False,False,True,54833,2024-12-18 00:00:00,2026-04-30 23:54:00,498.0,True
2630b421-546f-4bc0-8ae2-f92c038f2eed_19a2e1d6-c57b-4414-ac01-24ae360f27da,nycmesh-lbe-481,2630b421-546f-4bc0-8ae2-f92c038f2eed,nycmesh-2274-west,19a2e1d6-c57b-4414-ac01-24ae360f27da,nycmesh-lbe-481,40.725681,-73.983591,,8.0,40.7256814,-73.9835909,7.0,8.0,0.0452692072826273,5570.0,ap-ptmp,-58.0,-61.0,2630b421-546f-4bc0-8ae2-f92c038f2eed_19a2e1d6-c57b-4414-ac01-24ae360f27da,d9c9dcae-a346-315b-a988-87ac43c7d01c,2026-05-07,False,False,False,True,355484,2023-12-01 00:00:40,2023-11-30 23:59:44,-1.0,True
2630b421-546f-4bc0-8ae2-f92c038f2eed_45f5991c-7cab-45a4-8bc1-f6eae9fbf564,nycmesh-lbe-160,2630b421-546f-4bc0-8ae2-f92c038f2eed,nycmesh-2274-west,45f5991c-7cab-45a4-8bc1-f6eae9fbf564,nycmesh-lbe-160,40.725681,-73.983591,,8.0,40.7257,-73.9837,7.0,8.0,9.425071809574144,5570.0,ap-ptmp,-58.0,-76.0,2630b421-546f-4bc0-8ae2-f92c038f2eed_45f5991c-7cab-45a4-8bc1-f6eae9fbf564,4b67975c-4b53-38a4-ab13-cbd291a3935c,2026-05-07,False,False,False,True,353458,2023-12-01 00:00:16,2023-11-30 23:59:20,-1.0,True
2630b421-546f-4bc0-8ae2-f92c038f2eed_76ef2af0-1ee3-4958-9397-b9fae3c259c9,nycmesh-nsl-6891,2630b421-546f-4bc0-8ae2-f92c038f2eed,nycmesh-2274-west,76ef2af0-1ee3-4958-9397-b9fae3c259c9,nycmesh-nsl-6891,40.725681,-73.983591,,8.0,40.7256814,-73.9835909,7.0,8.0,0.0452692072826273,5570.0,ap-ptmp,-58.0,-55.0,2630b421-546f-4bc0-8ae2-f92c038f2eed_76ef2af0-1ee3-4958-9397-b9fae3c259c9,50c2e341-328b-36f9-b95b-01d5f05052bd,2026-05-07,False,False,False,True,352588,2023-12-01 00:00:00,2023-11-30 23:59:04,-1.0,True
2630b421-546f-4bc0-8ae2-f92c038f2eed_7792debf-ee97-46b6-9a5e-6957c15319b4,nycmesh-lbe-269,2630b421-546f-4bc0-8ae2-f92c038f2eed,nycmesh-2274-west,7792debf-ee97-46b6-9a5e-6957c15319b4,nycmesh-lbe-269,40.725681,-73.983591,,8.0,40.7256814,-73.9835909,7.0,8.0,0.0452692072826273,5570.0,ap-ptmp,-58.0,-52.0,2630b421-546f-4bc0-8ae2-f92c038f2eed_7792debf-ee97-46b6-9a5e-6957c15319b4,581c6a24-5842-3702-ae80-fb29ab56d773,2026-05-07,False,False,False,True,352721,2023-12-01 00:00:24,2023-11-30 23:59:20,-1.0,True
2630b421-546f-4bc0-8ae2-f92c038f2eed_b8efe02c-bb6d-49ed-bd86-89bc9138b371,nycmesh-lbe-7926,2630b421-546f-4bc0-8ae2-f92c038f2eed,nycmesh-2274-west,b8efe02c-bb6d-49ed-bd86-89bc9138b371,nycmesh-lbe-7926,40.725681,-73.983591,,8.0,40.7256814,-73.9835909,7.0,8.0,0.0452692072826273,5570.0,ap-ptmp,-58.0,-66.0,2630b421-546f-4bc0-8ae2-f92c038f2eed_b8efe02c-bb6d-49ed-bd86-89bc9138b371,18f654b5-2eb0-3b41-984f-e698b987fee0,2026-05-07,False,False,False,True,343073,2023-12-01 00:00:24,2023-11-30 23:59:28,-1.0,True
2630b421-546f-4bc0-8ae2-f92c038f2eed_d0685bdb-70c4-45a2-88e7-42e2a1f4fb3d,nycmesh-lbe-1567,2630b421-546f-4bc0-8ae2-f92c038f2eed,nycmesh-2274-west,d0685bdb-70c4-45a2-88e7-42e2a1f4fb3d,nycmesh-lbe-1567,40.725681,-73.983591,,8.0,40.7257,-73.9837,10.0,8.0,9.425071809574144,5570.0,ap-ptmp,-58.0,-58.0,2630b421-546f-4bc0-8ae2-f92c038f2eed_d0685bdb-70c4-45a2-88e7-42e2a1f4fb3d,2007a55f-0086-3281-9be7-75eee54c3de6,2026-05-07,False,False,False,True,341408,2023-12-01 00:00:48,2023-11-30 23:59:52,-1.0,True
2630b421-546f-4bc0-8ae2-f92c038f2eed_d58b8ed9-7ed0-43c6-9f46-cbf18e24f684,,2630b421-546f-4bc0-8ae2-f92c038f2eed,nycmesh-2274-west,d58b8ed9-7ed0-43c6-9f46-cbf18e24f684,nycmesh-lbe-4116,40.725681,-73.983591,,8.0,40.72847,-73.9831,7.0,8.0,312.870473643041,5570.0,ap-ptmp,-59.0,-72.0,2630b421-546f-4bc0-8ae2-f92c038f2eed_d58b8ed9-7ed0-43c6-9f46-cbf18e24f684,f641930d-d1dc-3089-9d97-6da118c9b5ff,2025-09-30,False,False,False,True,2839,2025-09-01 00:00:00,2025-09-30 23:54:00,29.0,True
2630b421-546f-4bc0-8ae2-f92c038f2eed_f70c5b45-b16a-4bed-adba-297e8aec5ca8,nycmesh-lbe-819,2630b421-546f-4bc0-8ae2-f92c038f2eed,nycmesh-2274-west,f70c5b45-b16a-4bed-adba-297e8aec5ca8,nycmesh-lbe-819,40.725681,-73.983591,,8.0,40.7257,-73.9836,7.0,8.0,2.244706578846107,5570.0,ap-ptmp,-58.0,-44.0,2630b421-546f-4bc0-8ae2-f92c038f2eed_f70c5b45-b16a-4bed-adba-297e8aec5ca8,f69c801f-dbdf-36cd-aca7-1e4160a9e4cd,2026-05-07,False,False,False,True,46167,2025-06-05 18:00:00,2026-04-30 23:54:00,329.0,True
2630b421-546f-4bc0-8ae2-f92c038f2eed_f8f1d9bc-a8fb-4917-8e60-67a271ff317e,nycmesh-lbe-497,2630b421-546f-4bc0-8ae2-f92c038f2eed,nycmesh-2274-west,f8f1d9bc-a8fb-4917-8e60-67a271ff317e,nycmesh-lbe-497,40.725681,-73.983591,,8.0,40.7257,-73.9837,7.0,8.0,9.425071809574144,5570.0,ap-ptmp,-58.0,-55.0,2630b421-546f-4bc0-8ae2-f92c038f2eed_f8f1d9bc-a8fb-4917-8e60-67a271ff317e,d9cefe8d-fa37-36bf-8249-6c2adea5c6b5,2026-05-07,False,False,False,True,356719,2023-12-01 00:00:32,2023-11-30 23:59:28,-1.0,True
2630b421-546f-4bc0-8ae2-f92c038f2eed_faa6f484-3968-4559-8e66-dff416a2145c,nycmesh-2274-west,2630b421-546f-4bc0-8ae2-f92c038f2eed,nycmesh-2274-west,faa6f484-3968-4559-8e66-dff416a2145c,nycmesh-lbe-5833,40.725681,-73.983591,,8.0,40.7256814,-73.9835909,7.0,8.0,0.0452692072826273,5570.0,ap-ptmp,-58.0,-57.0,2630b421-546f-4bc0-8ae2-f92c038f2eed_faa6f484-3968-4559-8e66-dff416a2145c,02448423-e342-31e8-80d7-1e22a8913011,2026-05-07,False,False,False,True,342148,2023-12-01 00:00:40,2023-11-30 23:59:44,-1.0,True
2683fda0-1178-4506-b535-fbf376ac871a_47fe4735-0c2e-4adc-a4e2-6117b6a1b3a9,nycmesh-648-west,2683fda0-1178-4506-b535-fbf376ac871a,nycmesh-648-west,47fe4735-0c2e-4adc-a4e2-6117b6a1b3a9,nycmesh-lbe-737,40.639504,-73.996299,,25.0,40.641546,-73.999453,,5.0,349.82422143932763,5490.0,ap-ptmp-airmax-mixed,-56.0,-57.0,2683fda0-1178-4506-b535-fbf376ac871a_47fe4735-0c2e-4adc-a4e2-6117b6a1b3a9,4e246687-7cb9-352e-a061-39576c30de8d,2026-05-07,False,False,False,True,58473,2025-01-13 23:59:20,2026-04-30 23:54:00,471.0,True
26ff4fad-71ee-4d67-aaee-dcd3b8709b0b_d804641d-e8d2-426f-9f46-d759c54a69ac,nycmesh-240-lbe-238,26ff4fad-71ee-4d67-aaee-dcd3b8709b0b,nycmesh-238-lbe-240,d804641d-e8d2-426f-9f46-d759c54a69ac,nycmesh-240-lbe-238,40.8156,-73.9502,35.0,5.0,40.8156,-73.9502,35.0,5.0,1.0,5560.0,ap-ptp,-53.0,-53.0,26ff4fad-71ee-4d67-aaee-dcd3b8709b0b_d804641d-e8d2-426f-9f46-d759c54a69ac,abe5829a-4c7c-3bd3-9d0e-ecec1e740cc0,2026-05-07,False,False,False,True,221179,2023-12-01 00:00:32,2023-11-30 23:59:28,-1.0,True
27b0f5ac-b0cf-4504-973b-bfa51a23d1e7_6f9cf2c2-31de-49ee-86a5-80298eaffbff,nycmesh-584-wavenano-908,27b0f5ac-b0cf-4504-973b-bfa51a23d1e7,nycmesh-584-wavenano-908,6f9cf2c2-31de-49ee-86a5-80298eaffbff,nycmesh-908-wavenano-584,40.793606,-73.96585,,101.8,40.803143,-73.995274,,70.6,5.0,65880.0,ap-ptp,-64.0,-64.0,27b0f5ac-b0cf-4504-973b-bfa51a23d1e7_6f9cf2c2-31de-49ee-86a5-80298eaffbff,970caa94-4844-304f-b92e-a2e1beacda61,2026-05-07,False,False,False,True,28699,2025-12-07 23:00:00,2026-04-30 23:54:00,144.0,True
2f096d72-117b-4eb4-9091-a35f938dd0ff_9af92dc6-0d44-4981-b7ca-84dbf58cceb7,nycmesh-713-af24hd-3461,2f096d72-117b-4eb4-9091-a35f938dd0ff,nycmesh-713-af24hd-3461,9af92dc6-0d44-4981-b7ca-84dbf58cceb7,nycmesh-3461-af24hd-713,40.657978,-74.004684,,45.32,40.672501,-73.964409,,60.95,3800.0,24100.0,ap-ptp,-58.0,-58.0,2f096d72-117b-4eb4-9091-a35f938dd0ff_9af92dc6-0d44-4981-b7ca-84dbf58cceb7,80c8d98b-43b3-3000-bc53-637bcd7ab277,2026-05-07,False,False,False,True,41757,2025-08-29 18:00:00,2026-04-30 23:54:00,244.0,True
2f157d40-1c46-42e6-a03e-dadf11a6b48a_379ac842-82f3-4e94-ab64-bda396adb7c1,nycmesh-lbe-696,2f157d40-1c46-42e6-a03e-dadf11a6b48a,nycmesh-3606-south,379ac842-82f3-4e94-ab64-bda396adb7c1,nycmesh-lbe-696,40.708452,-73.921893,8.0,30.0,40.704762,-73.923978,8.0,5.0,1.0,5785.0,ap-ptmp,-60.0,-64.0,2f157d40-1c46-42e6-a03e-dadf11a6b48a_379ac842-82f3-4e94-ab64-bda396adb7c1,68b56459-56c1-3645-8698-08af1ce484c7,2026-05-07,False,False,False,True,47115,2024-11-13 23:59:20,2026-04-30 23:54:00,532.0,True
2f157d40-1c46-42e6-a03e-dadf11a6b48a_5ffdecaa-a14d-4f59-9dd9-f0ce28633412,nycmesh-lbe-4534,2f157d40-1c46-42e6-a03e-dadf11a6b48a,nycmesh-3606-south,5ffdecaa-a14d-4f59-9dd9-f0ce28633412,nycmesh-lbe-4534,40.708452,-73.921893,8.0,30.0,40.70771,-73.924719,8.0,5.0,1.0,5785.0,ap-ptmp,-60.0,-51.0,2f157d40-1c46-42e6-a03e-dadf11a6b48a_5ffdecaa-a14d-4f59-9dd9-f0ce28633412,fe05a228-307a-3c84-81e8-42c97d338c45,2026-05-07,False,False,False,True,350595,2023-12-01 00:00:16,2023-11-30 23:59:20,-1.0,True
2f157d40-1c46-42e6-a03e-dadf11a6b48a_7f272a55-b08b-4042-8197-db150f974185,nycmesh-lbe-153,2f157d40-1c46-42e6-a03e-dadf11a6b48a,nycmesh-3606-south,7f272a55-b08b-4042-8197-db150f974185,nycmesh-lbe-153,40.708452,-73.921893,8.0,30.0,40.706868,-73.928185,8.0,5.0,1.0,5785.0,ap-ptmp,-60.0,-53.0,2f157d40-1c46-42e6-a03e-dadf11a6b48a_7f272a55-b08b-4042-8197-db150f974185,78e227d8-0618-35c2-8c30-2d39b8afa7f7,2026-05-07,False,False,False,True,331780,2024-01-01 00:00:48,2023-11-17 22:50:32,-45.0,True
2f157d40-1c46-42e6-a03e-dadf11a6b48a_9caf6f8f-3ebe-41b2-bd98-a9581ef06906,nycmesh-lbe-591,2f157d40-1c46-42e6-a03e-dadf11a6b48a,nycmesh-3606-south,9caf6f8f-3ebe-41b2-bd98-a9581ef06906,nycmesh-lbe-591,40.708452,-73.921893,8.0,30.0,40.705332,-73.92683,8.0,5.0,1.0,5785.0,ap-ptmp,-60.0,-66.0,2f157d40-1c46-42e6-a03e-dadf11a6b48a_9caf6f8f-3ebe-41b2-bd98-a9581ef06906,f4149d2f-02fb-30c4-bfed-54b18a099793,2026-05-07,False,False,False,True,231580,2024-03-30 04:02:00,2026-04-30 23:54:00,761.0,True
2f157d40-1c46-42e6-a03e-dadf11a6b48a_e5a5e7df-3ed5-4654-a297-ff901c3a0488,nycmesh-lbe-221,2f157d40-1c46-42e6-a03e-dadf11a6b48a,nycmesh-3606-south,e5a5e7df-3ed5-4654-a297-ff901c3a0488,nycmesh-lbe-221,40.708452,-73.921893,8.0,30.0,40.70173,-73.924412,8.0,5.0,1.0,5785.0,ap-ptmp,-60.0,-59.0,2f157d40-1c46-42e6-a03e-dadf11a6b48a_e5a5e7df-3ed5-4654-a297-ff901c3a0488,578ab0e9-17d3-3b48-8600-7f46453df15a,2026-05-07,False,False,False,True,44716,2025-01-31 23:59:28,2026-04-02 09:12:00,425.0,True
2f157d40-1c46-42e6-a03e-dadf11a6b48a_fe3d91b2-1e62-4582-86f9-4a3f595ac2a7,nycmesh-lbe-613,2f157d40-1c46-42e6-a03e-dadf11a6b48a,nycmesh-3606-south,fe3d91b2-1e62-4582-86f9-4a3f595ac2a7,nycmesh-lbe-613,40.708452,-73.921893,8.0,30.0,40.704364,-73.924202,22.0,8.0,650.0,5785.0,ap-ptmp,-60.0,-57.0,2f157d40-1c46-42e6-a03e-dadf11a6b48a_fe3d91b2-1e62-4582-86f9-4a3f595ac2a7,2932da57-0c86-3ad8-bb3c-de622b94c7bc,2026-05-07,False,False,False,True,195635,2024-04-14 07:15:36,2026-04-30 23:54:00,746.0,True
2f3775a1-8b83-4d41-bca5-af144a70ff96_c7884a02-28f5-48c3-a76e-4718e3496aa3,,2f3775a1-8b83-4d41-bca5-af144a70ff96,nycmesh-162-af24-2282,c7884a02-28f5-48c3-a76e-4718e3496aa3,nycmesh-2282-af24-162,40.665054,-73.990616,,64.08,40.68298,-73.993843,13.0,18.29,2019.0,24100.0,ap-ptp,-57.0,-57.0,2f3775a1-8b83-4d41-bca5-af144a70ff96_c7884a02-28f5-48c3-a76e-4718e3496aa3,d43ed8eb-0221-3ecd-bee4-33a02f45da03,2025-10-14,False,False,False,True,2865,2025-09-01 00:00:00,2025-09-30 23:54:00,29.0,True
2f919777-61b9-4697-91f1-15523adc46a5_77814236-1bda-4781-9a9c-5c126c4834d5,nycmesh-2701-wavenano,2f919777-61b9-4697-91f1-15523adc46a5,nycmesh-713-waveap-south,77814236-1bda-4781-9a9c-5c126c4834d5,nycmesh-2701-wavenano,40.6576,-74.005102,,71.0,40.647906,-74.000818,45.0,68.3,1164.0,68040.0,ap-ptmp,-57.0,-55.0,2f919777-61b9-4697-91f1-15523adc46a5_77814236-1bda-4781-9a9c-5c126c4834d5,639be35b-e501-301a-9226-9b4c7217ae41,2026-05-07,False,False,False,True,204986,2024-02-22 21:02:40,2024-11-10 00:59:12,261.0,True
2f919777-61b9-4697-91f1-15523adc46a5_bb8a942c-fc9a-42c4-82cd-40d698db33c3,nycmesh-713-waveap-south,2f919777-61b9-4697-91f1-15523adc46a5,nycmesh-713-waveap-south,bb8a942c-fc9a-42c4-82cd-40d698db33c3,nycmesh-552-wavenano,40.6576,-74.005102,,71.0,40.649563,-74.003597,,61.2,926.0,68040.0,ap-ptmp,-57.0,-58.0,2f919777-61b9-4697-91f1-15523adc46a5_bb8a942c-fc9a-42c4-82cd-40d698db33c3,0b00b1ac-37d1-3f6d-bebe-2929666166a3,2026-05-07,False,False,False,True,271668,2024-02-22 21:04:24,2025-01-04 00:59:28,316.0,True
302d0e27-bb14-4835-a7e8-a12ef8b201cf_eef13765-2253-4461-a176-fc590c1a37f6,nycmesh-5916-gbep2-ground,302d0e27-bb14-4835-a7e8-a12ef8b201cf, nycmesh-5916-gbep1-roof (Rob's Test GBE+),eef13765-2253-4461-a176-fc590c1a37f6,nycmesh-5916-gbep2-ground,40.696038,-73.939764,23.0,0.0,40.696038,-73.939764,23.0,67.46,1.0,58320.0,ap-ptp,-55.0,-54.0,302d0e27-bb14-4835-a7e8-a12ef8b201cf_eef13765-2253-4461-a176-fc590c1a37f6,87add6e6-f6f8-3b57-bf79-20b0bd2d4186,2026-05-07,False,False,False,True,0,,,,False
32fc0d5a-0857-44c4-b376-e13617ebeeca_05f2db66-0296-46cf-b88b-e72efd9c32bd,nycmesh-5151-south,32fc0d5a-0857-44c4-b376-e13617ebeeca,nycmesh-5151-south,05f2db66-0296-46cf-b88b-e72efd9c32bd,nycmesh-lbe-857,40.67543,-73.98058,,22.0,40.6754,-73.9806,20.0,5.0,2.0,5490.0,ap-ptmp-airmax-mixed,-56.0,-58.0,32fc0d5a-0857-44c4-b376-e13617ebeeca_05f2db66-0296-46cf-b88b-e72efd9c32bd,6440aaa5-ad39-3590-9bab-731fa26afea3,2026-05-07,False,False,False,True,45335,2025-07-22 17:00:00,2026-04-30 23:54:00,282.0,True
337cfd66-2f68-40c1-93e1-c90d7a8c9fb0_40d2d9e5-6423-4ab8-a135-5d8506273887,nycmesh-295-gbep-1167,337cfd66-2f68-40c1-93e1-c90d7a8c9fb0,nycmesh-1167-gbep-295,40d2d9e5-6423-4ab8-a135-5d8506273887,nycmesh-295-gbep-1167,40.727531,-73.946098,4.0,10.0,40.725616,-73.947094,5.0,10.0,229.0,58320.0,ap-ptp,-50.0,-51.0,337cfd66-2f68-40c1-93e1-c90d7a8c9fb0_40d2d9e5-6423-4ab8-a135-5d8506273887,b73784eb-6867-34fc-968b-77a5ff7a377b,2026-05-07,False,False,False,True,0,,,,False
33ad0fd7-2502-4632-9698-6013613fccf6_4ebdc47f-2795-4ba9-9312-4dbb00a93412,nycmesh-lbe-500,33ad0fd7-2502-4632-9698-6013613fccf6,nycmesh-7512-southeast,4ebdc47f-2795-4ba9-9312-4dbb00a93412,nycmesh-lbe-500,40.698383,-73.972688,,10.0,40.6983825,-73.9726875,,5.0,1.0,5710.0,ap-ptmp-airmax-mixed,,-55.0,33ad0fd7-2502-4632-9698-6013613fccf6_4ebdc47f-2795-4ba9-9312-4dbb00a93412,487a8403-594a-3616-b22e-6381c5f6043c,2026-05-07,False,False,False,True,56297,2023-12-01 00:00:32,2023-11-30 23:59:36,-1.0,True
371df153-99dc-43a3-8ea1-dad940690be8_29de5882-0b0e-43b4-a42a-488ce3894615,nycmesh-lbe-943,371df153-99dc-43a3-8ea1-dad940690be8,nycmesh-sn3-south,29de5882-0b0e-43b4-a42a-488ce3894615,nycmesh-lbe-943,40.657782,-74.004848,,45.32,40.6578,-74.0048,,5.0,1.0,5490.0,ap-ptmp-airmax-mixed,-58.0,-62.0,371df153-99dc-43a3-8ea1-dad940690be8_29de5882-0b0e-43b4-a42a-488ce3894615,bd848508-a9d2-3d60-bfe5-1d74a0089d94,2026-05-07,False,False,False,True,14639,2026-03-01 00:00:00,2026-04-30 23:54:00,60.0,True
371df153-99dc-43a3-8ea1-dad940690be8_2b386e99-2617-4809-9e37-b3cb732d71d4,nycmesh-lbe-2462,371df153-99dc-43a3-8ea1-dad940690be8,nycmesh-sn3-south,2b386e99-2617-4809-9e37-b3cb732d71d4,nycmesh-lbe-2462,40.657782,-74.004848,,45.32,40.6578,-74.0048,,5.0,1.0,5490.0,ap-ptmp-airmax-mixed,-62.0,-68.0,371df153-99dc-43a3-8ea1-dad940690be8_2b386e99-2617-4809-9e37-b3cb732d71d4,cf4ada5a-ef45-327f-96dd-f694ffd67c9d,2026-05-07,False,False,False,True,345743,2023-12-01 00:00:32,2023-11-30 23:59:36,-1.0,True
371df153-99dc-43a3-8ea1-dad940690be8_3f36da33-053e-48fc-9df1-f7d880bee4bb,nycmesh-lbe-610,371df153-99dc-43a3-8ea1-dad940690be8,nycmesh-sn3-south,3f36da33-053e-48fc-9df1-f7d880bee4bb,nycmesh-lbe-610,40.657782,-74.004848,,45.32,40.6577,-74.0051,,5.0,1.0,5490.0,ap-ptmp-airmax-mixed,-69.0,-79.0,371df153-99dc-43a3-8ea1-dad940690be8_3f36da33-053e-48fc-9df1-f7d880bee4bb,9cf1e0b3-2f4a-3e69-866e-6a9081f62646,2026-05-07,False,False,False,True,196387,2024-04-09 19:55:28,2026-04-30 23:54:00,751.0,True
371df153-99dc-43a3-8ea1-dad940690be8_694d970d-6647-4eca-a431-18f1beb9a8d2,nycmesh-lbe-3284,371df153-99dc-43a3-8ea1-dad940690be8,nycmesh-sn3-south,694d970d-6647-4eca-a431-18f1beb9a8d2,nycmesh-lbe-3284,40.657782,-74.004848,,45.32,40.6578,-74.0048,,5.0,1.0,5490.0,ap-ptmp-airmax-mixed,-63.0,-68.0,371df153-99dc-43a3-8ea1-dad940690be8_694d970d-6647-4eca-a431-18f1beb9a8d2,29e654e2-1265-305c-983f-5bd34773026d,2026-05-07,False,False,False,True,341872,2023-12-01 00:00:08,2023-11-30 23:59:12,-1.0,True
371df153-99dc-43a3-8ea1-dad940690be8_72bba1c7-7b26-4536-842e-0ece6b0bb132,nycmesh-sn3-south,371df153-99dc-43a3-8ea1-dad940690be8,nycmesh-sn3-south,72bba1c7-7b26-4536-842e-0ece6b0bb132,nycmesh-lbe-4761,40.657782,-74.004848,,45.32,40.6578,-74.0048,,5.0,1.0,5490.0,ap-ptmp-airmax-mixed,-61.0,-67.0,371df153-99dc-43a3-8ea1-dad940690be8_72bba1c7-7b26-4536-842e-0ece6b0bb132,0403c69d-26b5-36a6-8c27-5f0c789abcc5,2026-05-07,False,False,False,True,342982,2023-12-01 00:00:24,2023-11-30 23:59:28,-1.0,True
371df153-99dc-43a3-8ea1-dad940690be8_94d6cc26-c9c2-432d-83b5-e881c641167f,nycmesh-lbe-217,371df153-99dc-43a3-8ea1-dad940690be8,nycmesh-sn3-south,94d6cc26-c9c2-432d-83b5-e881c641167f,nycmesh-lbe-217,40.657782,-74.004848,,45.32,40.6578,-74.0048,,10.0,888.0,5490.0,ap-ptmp-airmax-mixed,-65.0,-69.0,371df153-99dc-43a3-8ea1-dad940690be8_94d6cc26-c9c2-432d-83b5-e881c641167f,216d1f60-6b30-38bb-946a-a4d606d5d556,2026-05-07,False,False,False,True,368180,2023-12-01 00:00:00,2023-11-30 23:58:56,-1.0,True
371df153-99dc-43a3-8ea1-dad940690be8_a2320164-baa5-4aee-ae61-0b14ec036a08,nycmesh-lbe-811,371df153-99dc-43a3-8ea1-dad940690be8,nycmesh-sn3-south,a2320164-baa5-4aee-ae61-0b14ec036a08,nycmesh-lbe-811,40.657782,-74.004848,,45.32,40.6578,-74.0048,,5.0,1.0,5490.0,ap-ptmp-airmax-mixed,-59.0,-61.0,371df153-99dc-43a3-8ea1-dad940690be8_a2320164-baa5-4aee-ae61-0b14ec036a08,a8f72dd0-20a3-3f86-a025-b3262ffedfa3,2026-05-07,False,False,False,True,41665,2025-08-22 10:00:00,2026-04-30 23:54:00,251.0,True
371df153-99dc-43a3-8ea1-dad940690be8_d88b50d9-dbd2-46c2-8cfc-283031a047bf,nycmesh-lbe-293,371df153-99dc-43a3-8ea1-dad940690be8,nycmesh-sn3-south,d88b50d9-dbd2-46c2-8cfc-283031a047bf,nycmesh-lbe-293,40.657782,-74.004848,,45.32,40.6578,-74.0048,,5.0,1.0,5490.0,ap-ptmp-airmax-mixed,-65.0,-70.0,371df153-99dc-43a3-8ea1-dad940690be8_d88b50d9-dbd2-46c2-8cfc-283031a047bf,239192d4-f0ae-3ed1-92d8-93a8d268b0bb,2026-05-07,False,False,False,True,350860,2023-12-01 00:00:24,2023-11-30 23:59:20,-1.0,True
371df153-99dc-43a3-8ea1-dad940690be8_e3b5c71f-b49b-4302-8f0b-c8779e56cb5c,nycmesh-lbe-503,371df153-99dc-43a3-8ea1-dad940690be8,nycmesh-sn3-south,e3b5c71f-b49b-4302-8f0b-c8779e56cb5c,nycmesh-lbe-503,40.657782,-74.004848,,45.32,40.6577,-74.0051,,5.0,1.0,5490.0,ap-ptmp-airmax-mixed,-58.0,-62.0,371df153-99dc-43a3-8ea1-dad940690be8_e3b5c71f-b49b-4302-8f0b-c8779e56cb5c,4eef2a35-d89d-3afe-8321-43d058981318,2026-05-07,False,False,False,True,352720,2023-12-01 00:00:16,2023-11-30 23:59:12,-1.0,True
371df153-99dc-43a3-8ea1-dad940690be8_f83cfdfe-3f3d-48cc-90f5-4b372bd5b95e,nycmesh-lbe-532,371df153-99dc-43a3-8ea1-dad940690be8,nycmesh-sn3-south,f83cfdfe-3f3d-48cc-90f5-4b372bd5b95e,nycmesh-lbe-532,40.657782,-74.004848,,45.32,40.6577,-74.0051,,5.0,1.0,5490.0,ap-ptmp-airmax-mixed,-64.0,-71.0,371df153-99dc-43a3-8ea1-dad940690be8_f83cfdfe-3f3d-48cc-90f5-4b372bd5b95e,ccb0fe9c-b715-32f5-99ea-3126f36429bc,2026-05-07,False,False,False,True,342920,2023-12-01 00:00:32,2023-11-30 23:59:36,-1.0,True
376fc67d-146a-4018-89ea-d682a0b88d64_18ceeeea-9b31-4268-be92-69eb742e25bb,nycmesh-lbe-921,376fc67d-146a-4018-89ea-d682a0b88d64,nycmesh-5916-east1,18ceeeea-9b31-4268-be92-69eb742e25bb,nycmesh-lbe-921,40.696063,-73.939517,,67.46,40.714537,-73.914361,,10.0,3659.0,5710.0,ap-ptmp-airmax-mixed,-72.0,-72.0,376fc67d-146a-4018-89ea-d682a0b88d64_18ceeeea-9b31-4268-be92-69eb742e25bb,d0f8b6db-4aab-38a1-87a0-7a5f916c9198,2026-05-07,False,False,False,True,28933,2025-12-01 00:00:00,2026-04-30 23:54:00,150.0,True
376fc67d-146a-4018-89ea-d682a0b88d64_25e55781-11c4-4053-9c16-7747157907bf,nycmesh-lbe-411,376fc67d-146a-4018-89ea-d682a0b88d64,nycmesh-5916-east1,25e55781-11c4-4053-9c16-7747157907bf,nycmesh-lbe-411,40.696063,-73.939517,,67.46,40.696038,-73.939764,23.0,5.0,1.0,5710.0,ap-ptmp-airmax-mixed,-72.0,-68.0,376fc67d-146a-4018-89ea-d682a0b88d64_25e55781-11c4-4053-9c16-7747157907bf,452db2fa-1f70-3f2f-9b7d-fb8c8296fdc0,2026-05-07,False,False,False,True,353438,2023-12-01 00:00:48,2023-11-30 23:59:52,-1.0,True
376fc67d-146a-4018-89ea-d682a0b88d64_4f930b45-9a11-4f82-8eff-d9b679c52d51,nycmesh-lbe-864,376fc67d-146a-4018-89ea-d682a0b88d64,nycmesh-5916-east1,4f930b45-9a11-4f82-8eff-d9b679c52d51,nycmesh-lbe-864,40.696063,-73.939517,,67.46,40.696038,-73.939764,23.0,5.0,1.0,5710.0,ap-ptmp-airmax-mixed,-74.0,-72.0,376fc67d-146a-4018-89ea-d682a0b88d64_4f930b45-9a11-4f82-8eff-d9b679c52d51,fe2e1a4d-5577-32d1-bb54-25b66f5ffbc5,2026-05-07,False,False,False,True,44925,2025-07-29 20:00:00,2026-04-30 23:54:00,275.0,True
376fc67d-146a-4018-89ea-d682a0b88d64_50944d69-f392-4f95-b3ff-f58d798257ed,nycmesh-5916-east1,376fc67d-146a-4018-89ea-d682a0b88d64,nycmesh-5916-east1,50944d69-f392-4f95-b3ff-f58d798257ed,nycmesh-lbe-445,40.696063,-73.939517,,67.46,40.696038,-73.939764,23.0,5.0,1.0,5710.0,ap-ptmp-airmax-mixed,-65.0,-65.0,376fc67d-146a-4018-89ea-d682a0b88d64_50944d69-f392-4f95-b3ff-f58d798257ed,0809b953-c617-3a8c-847e-e11cb35fc066,2026-05-07,False,False,False,True,352705,2023-12-01 00:00:16,2023-11-30 23:59:20,-1.0,True
376fc67d-146a-4018-89ea-d682a0b88d64_544b4f42-b545-4462-962b-b2033932e385,nycmesh-lbe-847,376fc67d-146a-4018-89ea-d682a0b88d64,nycmesh-5916-east1,544b4f42-b545-4462-962b-b2033932e385,nycmesh-lbe-847,40.696063,-73.939517,,67.46,40.696,-73.9398,23.0,5.0,1.0,5710.0,ap-ptmp-airmax-mixed,-68.0,-68.0,376fc67d-146a-4018-89ea-d682a0b88d64_544b4f42-b545-4462-962b-b2033932e385,3d0ca46c-644c-328d-b1b7-1bd9e3f99d5f,2026-05-07,False,False,False,True,43749,2025-07-24 09:00:00,2026-04-30 23:54:00,280.0,True
376fc67d-146a-4018-89ea-d682a0b88d64_6bdf35fb-b330-4e0b-bf34-27a1a2d05387,nycmesh-lbe-206,376fc67d-146a-4018-89ea-d682a0b88d64,nycmesh-5916-east1,6bdf35fb-b330-4e0b-bf34-27a1a2d05387,nycmesh-lbe-206,40.696063,-73.939517,,67.46,40.696038,-73.939764,23.0,5.0,1.0,5710.0,ap-ptmp-airmax-mixed,-72.0,-74.0,376fc67d-146a-4018-89ea-d682a0b88d64_6bdf35fb-b330-4e0b-bf34-27a1a2d05387,7edaa973-ed7c-316e-ba17-6b940c642c50,2026-05-07,False,False,False,True,350746,2023-12-01 00:00:16,2023-11-30 23:59:20,-1.0,True
376fc67d-146a-4018-89ea-d682a0b88d64_a1de7fc3-3255-4187-8e41-627f42bf4d60,,376fc67d-146a-4018-89ea-d682a0b88d64,nycmesh-5916-east1,a1de7fc3-3255-4187-8e41-627f42bf4d60,nycmesh-lbe-301,40.69607,-73.939652,,67.46,40.696038,-73.939764,23.0,5.0,1.0,5710.0,ap-ptmp-airmax-mixed,-72.0,-73.0,376fc67d-146a-4018-89ea-d682a0b88d64_a1de7fc3-3255-4187-8e41-627f42bf4d60,5c58898d-e456-3fdf-823b-54ad3268ecff,2025-09-30,False,False,False,True,10,2025-09-01 00:00:00,2025-09-01 09:00:00,0.0,True
376fc67d-146a-4018-89ea-d682a0b88d64_a94d2497-4017-4749-9e7d-b3c884ba04fb,nycmesh-lbe-875,376fc67d-146a-4018-89ea-d682a0b88d64,nycmesh-5916-east1,a94d2497-4017-4749-9e7d-b3c884ba04fb,nycmesh-lbe-875,40.696063,-73.939517,,67.46,40.672531,-73.9641974,,5.0,3327.0,5710.0,ap-ptmp-airmax-mixed,-58.0,-57.0,376fc67d-146a-4018-89ea-d682a0b88d64_a94d2497-4017-4749-9e7d-b3c884ba04fb,47fb8644-0f31-3de0-bcf1-8e06985f2abc,2026-05-07,False,False,False,True,42968,2025-08-13 15:24:00,2026-04-30 23:54:00,260.0,True
376fc67d-146a-4018-89ea-d682a0b88d64_a95b94b7-47d0-4144-8a66-0b3a597e7812,nycmesh-lbe-139,376fc67d-146a-4018-89ea-d682a0b88d64,nycmesh-5916-east1,a95b94b7-47d0-4144-8a66-0b3a597e7812,nycmesh-lbe-139,40.696063,-73.939517,,67.46,40.696,-73.9398,23.0,5.0,1.0,5710.0,ap-ptmp-airmax-mixed,-60.0,-60.0,376fc67d-146a-4018-89ea-d682a0b88d64_a95b94b7-47d0-4144-8a66-0b3a597e7812,d69f837f-006b-37e9-9d8e-930e08733169,2026-05-07,False,False,False,True,344613,2023-12-01 00:00:16,2023-11-30 23:59:12,-1.0,True
376fc67d-146a-4018-89ea-d682a0b88d64_aa23b89d-e080-478d-a85e-6a8a1fd1ea43,nycmesh-lbe-187,376fc67d-146a-4018-89ea-d682a0b88d64,nycmesh-5916-east1,aa23b89d-e080-478d-a85e-6a8a1fd1ea43,nycmesh-lbe-187,40.696063,-73.939517,,67.46,40.696038,-73.939764,23.0,5.0,1.0,5710.0,ap-ptmp-airmax-mixed,-67.0,-69.0,376fc67d-146a-4018-89ea-d682a0b88d64_aa23b89d-e080-478d-a85e-6a8a1fd1ea43,42089e7f-8ec1-36c7-8e30-abf53f7995cc,2026-05-07,False,False,False,True,343415,2023-12-01 00:00:16,2023-11-30 23:59:12,-1.0,True
376fc67d-146a-4018-89ea-d682a0b88d64_ae4f86d9-17d9-422d-b444-3520a8bd32bc,nycmesh-lbe-670,376fc67d-146a-4018-89ea-d682a0b88d64,nycmesh-5916-east1,ae4f86d9-17d9-422d-b444-3520a8bd32bc,nycmesh-lbe-670,40.696063,-73.939517,,67.46,40.7067,-73.9209,23.0,5.0,1.0,5710.0,ap-ptmp-airmax-mixed,-66.0,-68.0,376fc67d-146a-4018-89ea-d682a0b88d64_ae4f86d9-17d9-422d-b444-3520a8bd32bc,0f609c51-c09b-3a98-bef1-0a3b059197f7,2026-05-07,False,False,False,True,58399,2024-09-13 23:59:36,2026-04-30 23:54:00,593.0,True
376fc67d-146a-4018-89ea-d682a0b88d64_e29b3871-f59e-4962-89bb-cda8666fa857,nycmesh-lbe-917,376fc67d-146a-4018-89ea-d682a0b88d64,nycmesh-5916-east1,e29b3871-f59e-4962-89bb-cda8666fa857,nycmesh-lbe-917,40.696063,-73.939517,,67.46,40.696,-73.9398,23.0,5.0,1.0,5710.0,ap-ptmp-airmax-mixed,-71.0,-71.0,376fc67d-146a-4018-89ea-d682a0b88d64_e29b3871-f59e-4962-89bb-cda8666fa857,57c25bec-78ac-33fb-9a17-06584a13e055,2026-05-07,False,False,False,True,26052,2026-01-01 00:00:00,2026-04-30 23:54:00,119.0,True
376fc67d-146a-4018-89ea-d682a0b88d64_e47de9d8-0fa5-46a0-91fd-58365eef04a6,nycmesh-lbelr-265,376fc67d-146a-4018-89ea-d682a0b88d64,nycmesh-5916-east1,e47de9d8-0fa5-46a0-91fd-58365eef04a6,nycmesh-lbelr-265,40.696063,-73.939517,,67.46,40.705347,-73.930856,,24.0,1265.0,5710.0,ap-ptmp-airmax-mixed,-66.0,-62.0,376fc67d-146a-4018-89ea-d682a0b88d64_e47de9d8-0fa5-46a0-91fd-58365eef04a6,c9a6f5a2-746b-3195-8856-65fc530c35a9,2026-05-07,False,False,False,True,168734,2024-04-27 14:03:36,2026-04-30 23:54:00,733.0,True
381c4127-ffc5-4345-8753-092e773285c8_72a884e4-54cb-460d-a754-69797cc2ac7b,nycmesh-333-af60hd-231,381c4127-ffc5-4345-8753-092e773285c8,nycmesh-333-af60hd-231,72a884e4-54cb-460d-a754-69797cc2ac7b,nycmesh-333-core,40.647293,-74.013702,,45.0,40.647385,-74.013668,,10.0,10.62448864864364,,sta-ptp,-51.0,-56.0,381c4127-ffc5-4345-8753-092e773285c8_72a884e4-54cb-460d-a754-69797cc2ac7b,04c2ac37-68cc-4393-8fab-4e45fb430477,2026-05-07,True,False,False,True,0,,,,False
38a3014f-1ded-43c2-80f8-815442951fe7_074da9f7-8a5d-4b71-8e84-a3d1f53f3096,nycmesh-lbe-2883,38a3014f-1ded-43c2-80f8-815442951fe7,nycmesh-231-north,074da9f7-8a5d-4b71-8e84-a3d1f53f3096,nycmesh-lbe-2883,40.645933,-74.013631,,10.0,40.6458,-74.0134,5.0,5.0,24.465163153067557,5810.0,ap-ptmp-airmax-mixed,-53.0,-74.0,38a3014f-1ded-43c2-80f8-815442951fe7_074da9f7-8a5d-4b71-8e84-a3d1f53f3096,fb5a88f2-c910-37c0-9927-9f75b865edfa,2026-05-07,False,False,False,True,336452,2023-12-01 00:00:40,2023-11-30 23:59:44,-1.0,True
38a3014f-1ded-43c2-80f8-815442951fe7_6117edc4-a25b-49ce-8e2f-6c5d81d9728e,nycmesh-231-north,38a3014f-1ded-43c2-80f8-815442951fe7,nycmesh-231-north,6117edc4-a25b-49ce-8e2f-6c5d81d9728e,nycmesh-lbe-575,40.645933,-74.013631,,10.0,40.6458,-74.0134,,5.0,24.465163153067557,5810.0,ap-ptmp-airmax-mixed,-53.0,-55.0,38a3014f-1ded-43c2-80f8-815442951fe7_6117edc4-a25b-49ce-8e2f-6c5d81d9728e,529885b5-76f5-3800-a3dd-2444bf724666,2026-05-07,False,False,False,True,311544,2024-01-14 21:28:40,2026-04-30 23:54:00,837.0,True
38a3014f-1ded-43c2-80f8-815442951fe7_680b0820-7536-41c7-8bbc-2df05884a311,nycmesh-lbe-7574,38a3014f-1ded-43c2-80f8-815442951fe7,nycmesh-231-north,680b0820-7536-41c7-8bbc-2df05884a311,nycmesh-lbe-7574,40.645933,-74.013631,,10.0,40.6458,-74.0134,5.0,5.0,24.465163153067557,5810.0,ap-ptmp-airmax-mixed,-53.0,-54.0,38a3014f-1ded-43c2-80f8-815442951fe7_680b0820-7536-41c7-8bbc-2df05884a311,c081ff6a-aadc-37a9-a852-d3bfaab022e5,2026-05-07,False,False,False,True,352338,2023-12-01 00:00:08,2023-11-30 23:59:12,-1.0,True
39e3a0f6-45c3-4347-b425-5702123c0854_bddea42f-7f66-47b1-be0c-38aaae7de9e0,,39e3a0f6-45c3-4347-b425-5702123c0854,nycmesh-1084-gbep-1167,bddea42f-7f66-47b1-be0c-38aaae7de9e0,nycmesh-1167-gbep-1084,40.729552,-73.945949,4.0,0.0,40.727553,-73.946045,4.0,0.0,222.0,60480.0,ap-ptp,-58.0,-59.0,39e3a0f6-45c3-4347-b425-5702123c0854_bddea42f-7f66-47b1-be0c-38aaae7de9e0,25a4db15-9a18-34a6-947b-05cde71d047c,2026-03-10,False,False,False,True,0,,,,False
3b441eb3-c392-4025-abc3-d23c5994c602_58af147b-e799-4889-8b89-0332a50a7002,nycmesh-lbe-4922,3b441eb3-c392-4025-abc3-d23c5994c602,nycmesh-1971-northwest,58af147b-e799-4889-8b89-0332a50a7002,nycmesh-lbe-4922,40.712811,-73.994744,10.0,30.0,40.712811,-73.994744,,5.0,1.0,5520.0,ap-ptmp-airmax-mixed,-57.0,-63.0,3b441eb3-c392-4025-abc3-d23c5994c602_58af147b-e799-4889-8b89-0332a50a7002,7f19a238-e9a2-3cbe-9907-f43b8c35fa93,2026-05-07,False,False,False,True,341896,2023-12-01 00:00:56,2023-11-30 23:59:52,-1.0,True
3b441eb3-c392-4025-abc3-d23c5994c602_7d579384-d74a-43d4-a546-26beebbf51c8,nycmesh-lbe-7347,3b441eb3-c392-4025-abc3-d23c5994c602,nycmesh-1971-northwest,7d579384-d74a-43d4-a546-26beebbf51c8,nycmesh-lbe-7347,40.712811,-73.994744,10.0,30.0,40.712811,-73.994744,,5.0,1.0,5520.0,ap-ptmp-airmax-mixed,-57.0,-59.0,3b441eb3-c392-4025-abc3-d23c5994c602_7d579384-d74a-43d4-a546-26beebbf51c8,6110b0a2-3493-3563-a00b-347334a2cce3,2026-05-07,False,False,False,True,352683,2023-12-01 00:00:32,2023-11-30 23:59:36,-1.0,True
3b441eb3-c392-4025-abc3-d23c5994c602_91e4be15-3b9e-463f-817a-e942fff5fd39,nycmesh-lbe-581,3b441eb3-c392-4025-abc3-d23c5994c602,nycmesh-1971-northwest,91e4be15-3b9e-463f-817a-e942fff5fd39,nycmesh-lbe-581,40.712811,-73.994744,10.0,30.0,40.7128,-73.9947,,5.0,1.0,5520.0,ap-ptmp-airmax-mixed,-51.0,-49.0,3b441eb3-c392-4025-abc3-d23c5994c602_91e4be15-3b9e-463f-817a-e942fff5fd39,f8db8c71-add8-3bfb-bb3a-222ec5f771d7,2026-05-07,False,False,False,True,276100,2024-02-06 19:00:40,2026-04-30 23:54:00,814.0,True
3b441eb3-c392-4025-abc3-d23c5994c602_9dc3800b-f63f-4eb0-b758-f1cff1464194,nycmesh-1971-northwest,3b441eb3-c392-4025-abc3-d23c5994c602,nycmesh-1971-northwest,9dc3800b-f63f-4eb0-b758-f1cff1464194,nycmesh-lbe-404,40.712811,-73.994744,10.0,30.0,40.7128,-73.9947,,5.0,1.0,5520.0,ap-ptmp-airmax-mixed,-58.0,-56.0,3b441eb3-c392-4025-abc3-d23c5994c602_9dc3800b-f63f-4eb0-b758-f1cff1464194,3f822f18-5a11-38db-8708-6763d5b701a9,2026-05-07,False,False,False,True,348602,2023-12-01 00:00:56,2023-11-30 23:59:52,-1.0,True
3b80519b-6bf1-406a-a945-6ee0b03fb6b8_3fa31cd2-0ed6-470c-978f-b150d91b9f60,nycmesh-lbe-4342,3b80519b-6bf1-406a-a945-6ee0b03fb6b8,nycmesh-168-east,3fa31cd2-0ed6-470c-978f-b150d91b9f60,nycmesh-lbe-4342,40.70995,-73.957916,,35.0,40.710548,-73.953428,13.0,5.0,384.08302869966275,5780.0,ap-ptmp,-50.0,-48.0,3b80519b-6bf1-406a-a945-6ee0b03fb6b8_3fa31cd2-0ed6-470c-978f-b150d91b9f60,d5d0f7fd-4a4a-37fd-90a8-1fd71c5cbde7,2026-05-07,False,False,False,True,357599,2023-12-01 00:00:16,2023-11-30 23:59:12,-1.0,True
3b80519b-6bf1-406a-a945-6ee0b03fb6b8_546e988f-6d34-43eb-aba3-b343ae806cc4,nycmesh-lbe-854,3b80519b-6bf1-406a-a945-6ee0b03fb6b8,nycmesh-168-east,546e988f-6d34-43eb-aba3-b343ae806cc4,nycmesh-lbe-854,40.70995,-73.957916,,35.0,40.7099,-73.958,,10.0,951.0,5780.0,ap-ptmp,-50.0,-52.0,3b80519b-6bf1-406a-a945-6ee0b03fb6b8_546e988f-6d34-43eb-aba3-b343ae806cc4,0eae1fca-d57a-3c9f-800b-b515a7fd74d1,2026-05-07,False,False,False,True,44942,2025-07-31 06:00:00,2026-04-30 23:54:00,273.0,True
3db55d03-77f2-4d71-8b5b-49d659a3cb0a_df6256c2-21a6-470d-bd07-28f494d64666,,3db55d03-77f2-4d71-8b5b-49d659a3cb0a,nycmesh-731-south,df6256c2-21a6-470d-bd07-28f494d64666,nycmesh-nsl-2274,40.724676,-73.98073,,8.0,40.725681,-73.983591,,8.0,266.0,5790.0,ap-ptmp-airmax-mixed,-62.0,-62.0,3db55d03-77f2-4d71-8b5b-49d659a3cb0a_df6256c2-21a6-470d-bd07-28f494d64666,c9f8ca08-dfca-3de8-b29d-6bc30a7190f1,2026-01-07,False,False,False,True,27061,2025-09-01 00:00:00,2026-02-28 23:54:00,180.0,True
3de8e12b-eb92-4d64-966b-4a9a3c30cb54_521c5b94-3319-488a-a23e-19a2b4fa3219,nycmesh-lbe-172,3de8e12b-eb92-4d64-966b-4a9a3c30cb54,nycmesh-5965-west,521c5b94-3319-488a-a23e-19a2b4fa3219,nycmesh-lbe-172,40.606661,-73.992934,,10.0,40.601913,-74.001045,,5.0,16.0,5770.0,ap-ptmp,,-64.0,3de8e12b-eb92-4d64-966b-4a9a3c30cb54_521c5b94-3319-488a-a23e-19a2b4fa3219,275b0c06-a782-356d-8c4d-41ae48ed8886,2026-05-07,False,False,False,True,298034,2023-12-01 00:00:32,2023-11-30 23:59:28,-1.0,True
3e851429-ccde-4c56-a1b7-019e49194141_0ee15d1b-2a6d-401b-af0d-b4e273c3f7b7,nycmesh-lbe-1440,3e851429-ccde-4c56-a1b7-019e49194141,nycmesh-227-ps5ac-northeast2,0ee15d1b-2a6d-401b-af0d-b4e273c3f7b7,nycmesh-lbe-1440,40.711077,-74.001327,,158.0,40.712811,-73.994744,,5.0,585.0,5820.0,ap-ptmp-airmax-mixed,-59.0,-48.0,3e851429-ccde-4c56-a1b7-019e49194141_0ee15d1b-2a6d-401b-af0d-b4e273c3f7b7,aa9b45aa-8e4b-3d5d-9f97-fd85da8c1d92,2026-05-07,False,False,False,True,352863,2023-12-01 00:00:40,2023-11-30 23:59:36,-1.0,True
3e851429-ccde-4c56-a1b7-019e49194141_17f495c8-6ffc-4eb7-a3d9-172f30036836,,3e851429-ccde-4c56-a1b7-019e49194141,nycmesh-227-ps5ac-northeast2,17f495c8-6ffc-4eb7-a3d9-172f30036836,nycmesh-lbe-7941,40.711068,-74.001363,,158.0,40.711954,-73.996137,10.0,8.0,1.0,5820.0,ap-ptmp-airmax-mixed,-60.0,-40.0,3e851429-ccde-4c56-a1b7-019e49194141_17f495c8-6ffc-4eb7-a3d9-172f30036836,4edcf996-0c8e-36d3-b61f-e6825737b66a,2026-03-10,False,False,False,True,41742,2025-09-01 00:00:00,2026-04-30 23:54:00,241.0,True
3e851429-ccde-4c56-a1b7-019e49194141_256e82e6-22f5-4c2b-ab7e-79af29032232,nycmesh-lbe-4334,3e851429-ccde-4c56-a1b7-019e49194141,nycmesh-227-ps5ac-northeast2,256e82e6-22f5-4c2b-ab7e-79af29032232,nycmesh-lbe-4334,40.711077,-74.001327,,158.0,40.712412,-73.995476,10.0,8.0,1.0,5820.0,ap-ptmp-airmax-mixed,-77.0,-60.0,3e851429-ccde-4c56-a1b7-019e49194141_256e82e6-22f5-4c2b-ab7e-79af29032232,6e715c5f-8128-35ba-959e-128e17a5fa90,2026-05-07,False,False,False,True,358073,2023-12-01 00:00:40,2023-11-30 23:59:44,-1.0,True
3e851429-ccde-4c56-a1b7-019e49194141_2c47ff14-3c26-44db-899a-840d82580286,nycmesh-lbe-283,3e851429-ccde-4c56-a1b7-019e49194141,nycmesh-227-ps5ac-northeast2,2c47ff14-3c26-44db-899a-840d82580286,nycmesh-lbe-283,40.711077,-74.001327,,158.0,40.712543,-73.994269,10.0,8.0,1.0,5820.0,ap-ptmp-airmax-mixed,-56.0,-43.0,3e851429-ccde-4c56-a1b7-019e49194141_2c47ff14-3c26-44db-899a-840d82580286,6b10d7f7-7ba7-31d2-92be-7387de9e3152,2026-05-07,False,False,False,True,337745,2023-12-01 00:00:48,2023-11-30 23:59:52,-1.0,True
3e851429-ccde-4c56-a1b7-019e49194141_344946b0-6ce9-418f-8b9c-cc3a95b480d2,nycmesh-lbe-3004,3e851429-ccde-4c56-a1b7-019e49194141,nycmesh-227-ps5ac-northeast2,344946b0-6ce9-418f-8b9c-cc3a95b480d2,nycmesh-lbe-3004,40.711077,-74.001327,,158.0,40.713352,-73.992142,10.0,8.0,1.0,5820.0,ap-ptmp-airmax-mixed,-59.0,-49.0,3e851429-ccde-4c56-a1b7-019e49194141_344946b0-6ce9-418f-8b9c-cc3a95b480d2,e91035bb-6991-3393-9199-5c213adf0bdd,2026-05-07,False,False,False,True,357510,2023-12-01 00:00:40,2023-11-30 23:59:44,-1.0,True
3e851429-ccde-4c56-a1b7-019e49194141_3e091281-0472-412c-be47-5774d20157e9,nycmesh-lbe-6346,3e851429-ccde-4c56-a1b7-019e49194141,nycmesh-227-ps5ac-northeast2,3e091281-0472-412c-be47-5774d20157e9,nycmesh-lbe-6346,40.711077,-74.001327,,158.0,40.713311,-73.993112,10.0,8.0,1.0,5820.0,ap-ptmp-airmax-mixed,-59.0,-47.0,3e851429-ccde-4c56-a1b7-019e49194141_3e091281-0472-412c-be47-5774d20157e9,4fe6ca3e-6c3e-3869-a7fa-0c05bebaac3e,2026-05-07,False,False,False,True,358118,2023-12-01 00:00:16,2023-11-30 23:59:20,-1.0,True
3e851429-ccde-4c56-a1b7-019e49194141_47aecf74-f46f-473c-ba48-9644569fed57,nycmesh-lbe-652,3e851429-ccde-4c56-a1b7-019e49194141,nycmesh-227-ps5ac-northeast2,47aecf74-f46f-473c-ba48-9644569fed57,nycmesh-lbe-652,40.711077,-74.001327,,158.0,40.714185,-73.99044,10.0,8.0,1.0,5820.0,ap-ptmp-airmax-mixed,-60.0,-47.0,3e851429-ccde-4c56-a1b7-019e49194141_47aecf74-f46f-473c-ba48-9644569fed57,e45c1201-1622-3ce2-8351-73d1745ab087,2026-05-07,False,False,False,True,61184,2024-08-09 23:59:20,2026-04-30 23:54:00,628.0,True
3e851429-ccde-4c56-a1b7-019e49194141_4b8b3622-e746-4b3e-a0b9-ec78ae739d8f,nycmesh-lbe-5975,3e851429-ccde-4c56-a1b7-019e49194141,nycmesh-227-ps5ac-northeast2,4b8b3622-e746-4b3e-a0b9-ec78ae739d8f,nycmesh-lbe-5975,40.711077,-74.001327,,158.0,40.71164,-73.995926,10.0,8.0,1.0,5820.0,ap-ptmp-airmax-mixed,-64.0,-51.0,3e851429-ccde-4c56-a1b7-019e49194141_4b8b3622-e746-4b3e-a0b9-ec78ae739d8f,24b5d069-ba0a-35c5-9133-d3e1005f3da7,2026-05-07,False,False,False,True,322792,2023-12-01 00:00:00,2023-11-30 23:59:04,-1.0,True
3e851429-ccde-4c56-a1b7-019e49194141_87466a5c-721f-4a9d-832b-7e3178500cb9,nycmesh-lbe-2350,3e851429-ccde-4c56-a1b7-019e49194141,nycmesh-227-ps5ac-northeast2,87466a5c-721f-4a9d-832b-7e3178500cb9,nycmesh-lbe-2350,40.711077,-74.001327,,158.0,40.712503,-73.996819,10.0,8.0,1.0,5820.0,ap-ptmp-airmax-mixed,-58.0,-43.0,3e851429-ccde-4c56-a1b7-019e49194141_87466a5c-721f-4a9d-832b-7e3178500cb9,6d4d6fba-d7ba-3c11-a5ca-25d6e97079fd,2026-05-07,False,False,False,True,351451,2023-12-01 00:00:40,2023-11-30 23:59:36,-1.0,True
3e851429-ccde-4c56-a1b7-019e49194141_8a8243f2-0a71-43d4-82ba-2087a2677735,nycmesh-lbe-686,3e851429-ccde-4c56-a1b7-019e49194141,nycmesh-227-ps5ac-northeast2,8a8243f2-0a71-43d4-82ba-2087a2677735,nycmesh-lbe-686,40.711077,-74.001327,,158.0,40.71344,-73.991313,10.0,8.0,1.0,5820.0,ap-ptmp-airmax-mixed,-60.0,-45.0,3e851429-ccde-4c56-a1b7-019e49194141_8a8243f2-0a71-43d4-82ba-2087a2677735,2afb202b-88fe-3227-ac24-e5275f12d911,2026-05-07,False,False,False,True,352448,2023-12-01 00:00:16,2023-11-30 23:59:20,-1.0,True
3e851429-ccde-4c56-a1b7-019e49194141_a0356b39-4625-4aa3-80b9-c241704ae95e,nycmesh-nbe-2026,3e851429-ccde-4c56-a1b7-019e49194141,nycmesh-227-ps5ac-northeast2,a0356b39-4625-4aa3-80b9-c241704ae95e,nycmesh-nbe-2026,40.711077,-74.001327,,158.0,40.714533,-73.987983,10.0,8.0,1.0,5820.0,ap-ptmp-airmax-mixed,-74.0,-52.0,3e851429-ccde-4c56-a1b7-019e49194141_a0356b39-4625-4aa3-80b9-c241704ae95e,d312aac7-c2ca-3028-b0e0-c55aa376bc20,2026-05-07,False,False,False,True,352618,2023-12-01 00:00:08,2023-11-30 23:59:04,-1.0,True
3e851429-ccde-4c56-a1b7-019e49194141_a49d69a1-b3b2-4a44-aab1-a9709c5ec07f,nycmesh-227-ps5ac-northeast2,3e851429-ccde-4c56-a1b7-019e49194141,nycmesh-227-ps5ac-northeast2,a49d69a1-b3b2-4a44-aab1-a9709c5ec07f,nycmesh-lbelr-230,40.711077,-74.001327,,158.0,40.712026,-73.995387,10.0,8.0,1.0,5820.0,ap-ptmp-airmax-mixed,-64.0,-46.0,3e851429-ccde-4c56-a1b7-019e49194141_a49d69a1-b3b2-4a44-aab1-a9709c5ec07f,011903a5-67c5-3731-bdc4-a4c05104f5ee,2026-05-07,False,False,False,True,193425,2023-12-01 00:00:40,2023-11-30 23:59:36,-1.0,True
3e851429-ccde-4c56-a1b7-019e49194141_a81596ae-9569-47e8-b312-b157d020b469,nycmesh-lbe-407,3e851429-ccde-4c56-a1b7-019e49194141,nycmesh-227-ps5ac-northeast2,a81596ae-9569-47e8-b312-b157d020b469,nycmesh-lbe-407,40.711077,-74.001327,,158.0,40.713282,-73.99037,,11.42,951.0,5820.0,ap-ptmp-airmax-mixed,-59.0,-50.0,3e851429-ccde-4c56-a1b7-019e49194141_a81596ae-9569-47e8-b312-b157d020b469,9108689f-6ef3-308f-adf5-7827d380b362,2026-05-07,False,False,False,True,54463,2024-11-30 23:59:44,2026-04-30 23:54:00,515.0,True
3e851429-ccde-4c56-a1b7-019e49194141_c06413ed-e659-4081-b30d-d3b153f68924,nycmesh-lbe-249,3e851429-ccde-4c56-a1b7-019e49194141,nycmesh-227-ps5ac-northeast2,c06413ed-e659-4081-b30d-d3b153f68924,nycmesh-lbe-249,40.711077,-74.001327,,158.0,40.712006,-73.996345,10.0,8.0,1.0,5820.0,ap-ptmp-airmax-mixed,-57.0,-45.0,3e851429-ccde-4c56-a1b7-019e49194141_c06413ed-e659-4081-b30d-d3b153f68924,66ec6fb0-78c6-3c8d-a8d5-2bcdcecfedd5,2026-05-07,False,False,False,True,344969,2023-12-01 00:00:48,2023-11-30 23:59:52,-1.0,True
3e851429-ccde-4c56-a1b7-019e49194141_c27f05d0-102c-493f-88d6-86df5c53ebe4,nycmesh-lbe-3037,3e851429-ccde-4c56-a1b7-019e49194141,nycmesh-227-ps5ac-northeast2,c27f05d0-102c-493f-88d6-86df5c53ebe4,nycmesh-lbe-3037,40.711077,-74.001327,,158.0,40.713793,-73.995092,10.0,8.0,1.0,5820.0,ap-ptmp-airmax-mixed,-64.0,-50.0,3e851429-ccde-4c56-a1b7-019e49194141_c27f05d0-102c-493f-88d6-86df5c53ebe4,a18662ee-c2b8-31d6-a330-30cc6c2a54de,2026-05-07,False,False,False,True,349231,2023-12-01 00:00:16,2023-11-30 23:59:12,-1.0,True
3e851429-ccde-4c56-a1b7-019e49194141_ca53a083-d3a1-4152-a813-b44868401b85,nycmesh-pbeiso-3654,3e851429-ccde-4c56-a1b7-019e49194141,nycmesh-227-ps5ac-northeast2,ca53a083-d3a1-4152-a813-b44868401b85,nycmesh-pbeiso-3654,40.711077,-74.001327,,158.0,40.7099,-73.948972,10.0,8.0,1.0,5820.0,ap-ptmp-airmax-mixed,-76.0,-63.0,3e851429-ccde-4c56-a1b7-019e49194141_ca53a083-d3a1-4152-a813-b44868401b85,a0d3a064-8fdb-3ff4-9f30-628f44bc20fa,2026-05-07,False,False,False,True,45336,2025-07-09 05:00:00,2026-04-30 23:54:00,295.0,True
3e851429-ccde-4c56-a1b7-019e49194141_d198bc60-11dd-4a36-8274-bd8f8271d1bc,nycmesh-lbe-1971,3e851429-ccde-4c56-a1b7-019e49194141,nycmesh-227-ps5ac-northeast2,d198bc60-11dd-4a36-8274-bd8f8271d1bc,nycmesh-lbe-1971,40.711077,-74.001327,,158.0,40.712809,-73.994793,10.0,30.0,585.0,5820.0,ap-ptmp-airmax-mixed,-57.0,-47.0,3e851429-ccde-4c56-a1b7-019e49194141_d198bc60-11dd-4a36-8274-bd8f8271d1bc,74a2792a-714d-3389-a026-bbcec603260a,2026-05-07,False,False,False,True,343518,2023-12-01 00:00:24,2023-11-30 23:59:20,-1.0,True
3e851429-ccde-4c56-a1b7-019e49194141_d5c98172-944c-480f-8155-af97740808fa,nycmesh-lbe-1275,3e851429-ccde-4c56-a1b7-019e49194141,nycmesh-227-ps5ac-northeast2,d5c98172-944c-480f-8155-af97740808fa,nycmesh-lbe-1275,40.711077,-74.001327,,158.0,40.711455,-73.994489,10.0,8.0,1.0,5820.0,ap-ptmp-airmax-mixed,-76.0,-63.0,3e851429-ccde-4c56-a1b7-019e49194141_d5c98172-944c-480f-8155-af97740808fa,80cd936f-18fb-373c-b202-ff576d5ff294,2026-05-07,False,False,False,True,348122,2023-12-01 00:00:48,2023-11-30 23:59:44,-1.0,True
3e851429-ccde-4c56-a1b7-019e49194141_fa62378b-cfc9-41b4-910a-911c5a066715,,3e851429-ccde-4c56-a1b7-019e49194141,nycmesh-227-ps5ac-northeast2,fa62378b-cfc9-41b4-910a-911c5a066715,nycmesh-lbelr-1963,40.711053,-74.001338,,158.0,40.710807,-73.967028,10.0,8.0,1.0,5820.0,ap-ptmp-airmax-mixed,-72.0,-56.0,3e851429-ccde-4c56-a1b7-019e49194141_fa62378b-cfc9-41b4-910a-911c5a066715,c71573a3-d0de-36d7-b51a-f5ca81ff73a6,2025-10-28,False,False,False,True,6563,2025-09-01 00:00:00,2025-10-26 23:54:00,55.0,True
3e851429-ccde-4c56-a1b7-019e49194141_fc3a33b3-cdfd-46bc-8a6f-34905aabaeeb,,3e851429-ccde-4c56-a1b7-019e49194141,nycmesh-227-ps5ac-northeast2,fc3a33b3-cdfd-46bc-8a6f-34905aabaeeb,nycmesh-lbe-679,40.711065,-74.001308,,158.0,40.711814,-73.993791,10.0,8.0,1.0,5820.0,ap-ptmp-airmax-mixed,-88.0,-73.0,3e851429-ccde-4c56-a1b7-019e49194141_fc3a33b3-cdfd-46bc-8a6f-34905aabaeeb,e3b4e233-530e-3dd0-bef8-b27d3702bcdc,2026-01-07,False,False,False,True,14356,2025-09-01 00:00:00,2025-12-25 16:00:00,115.0,True
3e851429-ccde-4c56-a1b7-019e49194141_ff76dc36-fa44-4328-a79d-dffcc627e2ac,nycmesh-lbe-3411,3e851429-ccde-4c56-a1b7-019e49194141,nycmesh-227-ps5ac-northeast2,ff76dc36-fa44-4328-a79d-dffcc627e2ac,nycmesh-lbe-3411,40.711077,-74.001327,,158.0,40.713404,-73.979516,10.0,8.0,1.0,5820.0,ap-ptmp-airmax-mixed,-70.0,-59.0,3e851429-ccde-4c56-a1b7-019e49194141_ff76dc36-fa44-4328-a79d-dffcc627e2ac,e00f0ac8-6721-3ecc-a61f-b6ef4602bf30,2026-05-07,False,False,False,True,345687,2023-12-01 00:00:32,2023-11-30 23:59:28,-1.0,True
3f0a8dfb-c789-42a7-8351-8233ee097b11_50f7eead-1bdb-44c7-bc04-7fad6c503083,,3f0a8dfb-c789-42a7-8351-8233ee097b11,nycmesh-5916-lbe-west,50f7eead-1bdb-44c7-bc04-7fad6c503083,nycmesh-lbe-4801,40.696,-73.9398,,67.46,40.695,-73.9522,23.0,5.0,1.0,5490.0,ap-ptmp-airmax-mixed,0.0,-90.0,3f0a8dfb-c789-42a7-8351-8233ee097b11_50f7eead-1bdb-44c7-bc04-7fad6c503083,5a93e84d-6411-3259-aff0-b3f449d49a62,2025-09-30,False,False,False,True,20,2025-09-05 07:00:00,2025-09-13 09:00:00,8.0,True
3f0a8dfb-c789-42a7-8351-8233ee097b11_95c69a1e-c69d-498c-b853-a378fec18642,nycmesh-lbe-430,3f0a8dfb-c789-42a7-8351-8233ee097b11,nycmesh-5916-lbe-west,95c69a1e-c69d-498c-b853-a378fec18642,nycmesh-lbe-430,40.696,-73.9398,,67.46,40.69492,-73.94938,23.0,16.0,821.0,5490.0,ap-ptmp-airmax-mixed,-56.0,-55.0,3f0a8dfb-c789-42a7-8351-8233ee097b11_95c69a1e-c69d-498c-b853-a378fec18642,2cb0801c-4a89-3fce-9d09-a5e4a0b5d440,2026-05-07,False,False,False,True,86927,2024-06-24 21:51:12,2026-04-30 23:54:00,675.0,True
3f0a8dfb-c789-42a7-8351-8233ee097b11_9966657d-2a58-4975-8e77-06ce971c9667,nycmesh-5916-lbe-west,3f0a8dfb-c789-42a7-8351-8233ee097b11,nycmesh-5916-lbe-west,9966657d-2a58-4975-8e77-06ce971c9667,nycmesh-lbe-1779,40.696,-73.9398,,67.46,40.694,-73.955,23.0,25.0,1286.0,5490.0,ap-ptmp-airmax-mixed,-58.0,-60.0,3f0a8dfb-c789-42a7-8351-8233ee097b11_9966657d-2a58-4975-8e77-06ce971c9667,1ec78707-6a4d-3860-85e3-2455c229cdba,2026-05-07,False,False,False,True,346078,2023-12-01 00:00:00,2023-11-30 23:59:04,-1.0,True
3f0a8dfb-c789-42a7-8351-8233ee097b11_d3a01ddc-ab14-4d99-a6a3-a882c4b7f708,nycmesh-lbe-681,3f0a8dfb-c789-42a7-8351-8233ee097b11,nycmesh-5916-lbe-west,d3a01ddc-ab14-4d99-a6a3-a882c4b7f708,nycmesh-lbe-681,40.696,-73.9398,,67.46,40.6959,-73.9397,23.0,5.0,1.0,5490.0,ap-ptmp-airmax-mixed,-62.0,-65.0,3f0a8dfb-c789-42a7-8351-8233ee097b11_d3a01ddc-ab14-4d99-a6a3-a882c4b7f708,862e5662-2ba5-3ba9-9fb4-f4a40251217d,2026-05-07,False,False,False,True,52313,2025-01-17 23:59:44,2026-04-30 23:54:00,467.0,True
3f0a8dfb-c789-42a7-8351-8233ee097b11_fd0470d0-f240-4ef5-b9f5-8a4d223ac15f,nycmesh-lbe-564,3f0a8dfb-c789-42a7-8351-8233ee097b11,nycmesh-5916-lbe-west,fd0470d0-f240-4ef5-b9f5-8a4d223ac15f,nycmesh-lbe-564,40.696,-73.9398,,67.46,40.6912,-73.9661,23.0,5.0,1.0,5490.0,ap-ptmp-airmax-mixed,-63.0,-67.0,3f0a8dfb-c789-42a7-8351-8233ee097b11_fd0470d0-f240-4ef5-b9f5-8a4d223ac15f,c878de51-5e6a-352e-af74-3fd72ec25b2b,2026-05-07,False,False,False,True,289773,2024-01-21 20:05:52,2026-04-30 23:54:00,830.0,True
3f472124-70e0-4c52-9fe1-32ce4ed735c6_b93f2b2b-6944-48f5-b8a0-bcf7983e6a0d,nycmesh-162-af60lr-1635,3f472124-70e0-4c52-9fe1-32ce4ed735c6,nycmesh-162-af60lr-1635,b93f2b2b-6944-48f5-b8a0-bcf7983e6a0d,nycmesh-1635-af60lr-162,40.665005,-73.990477,,69.4,40.667656,-73.982432,33.0,54.0,745.0,66960.0,ap-ptp,-32.0,-32.0,3f472124-70e0-4c52-9fe1-32ce4ed735c6_b93f2b2b-6944-48f5-b8a0-bcf7983e6a0d,4eff177c-d775-3956-9b67-71ed33d17345,2026-05-07,False,False,False,True,0,,,,False
478a956d-2111-4834-b7d4-ee723da569cf_e9886bc5-f29e-40a6-842f-dcda08cf55cb,,478a956d-2111-4834-b7d4-ee723da569cf,nycmesh-632-gbep-1084,e9886bc5-f29e-40a6-842f-dcda08cf55cb,nycmesh-1084-gbep-632,40.734646,-73.95053,,37.0,40.729552,-73.945949,4.0,8.0,685.0,62640.0,ap-ptp,-67.0,-65.0,478a956d-2111-4834-b7d4-ee723da569cf_e9886bc5-f29e-40a6-842f-dcda08cf55cb,4a864bc4-04c3-38de-8978-9e7c55d8ee10,2026-03-10,False,False,False,True,0,,,,False
47a9497a-e34b-4e50-9841-6f925d790baa_490aa134-ed20-4c1a-90ae-2b955daa39ef,nycmesh-7800-af60lr-898,47a9497a-e34b-4e50-9841-6f925d790baa,nycmesh-7800-af60lr-898,490aa134-ed20-4c1a-90ae-2b955daa39ef,nycmesh-898-af60lr-7800,40.815374,-73.950328,35.0,83.0,40.83042,-73.940826,41.0,77.0,1854.2739838042685,65880.0,sta-ptp,-43.0,-44.0,47a9497a-e34b-4e50-9841-6f925d790baa_490aa134-ed20-4c1a-90ae-2b955daa39ef,3222a814-a47f-3db7-b3db-126ffb5aec89,2026-05-07,False,False,False,True,0,,,,False
495499c2-8b14-412c-b13f-38ff838d5290_1a11447c-d054-4ecb-a05a-1dad112c8e94,nycmesh-lbe-463,495499c2-8b14-412c-b13f-38ff838d5290,nycmesh-5151-northeast,1a11447c-d054-4ecb-a05a-1dad112c8e94,nycmesh-lbe-463,40.67543,-73.98058,,22.0,40.6743,-73.9746,20.0,5.0,2.0,5710.0,ap-ptmp-airmax-mixed,-62.0,-68.0,495499c2-8b14-412c-b13f-38ff838d5290_1a11447c-d054-4ecb-a05a-1dad112c8e94,a3adb297-2dc5-3e72-bb1c-13c7ee7708fe,2026-05-07,False,False,False,True,57589,2024-10-15 23:59:44,2026-04-30 23:54:00,561.0,True
495499c2-8b14-412c-b13f-38ff838d5290_aa7c1982-7e39-467a-89c6-800388a742ab,nycmesh-5151-northeast,495499c2-8b14-412c-b13f-38ff838d5290,nycmesh-5151-northeast,aa7c1982-7e39-467a-89c6-800388a742ab,nycmesh-lbe-7825,40.67543,-73.98058,,22.0,40.66755755,-73.982386782639,33.0,5.0,888.0,5710.0,ap-ptmp-airmax-mixed,-49.0,-49.0,495499c2-8b14-412c-b13f-38ff838d5290_aa7c1982-7e39-467a-89c6-800388a742ab,4a02b605-9119-3b92-9896-fd6f168e8e87,2026-05-07,False,False,False,True,351487,2023-12-01 00:00:56,2023-11-30 23:59:52,-1.0,True
495499c2-8b14-412c-b13f-38ff838d5290_b8c190df-2928-43f9-b593-cf5186be9436,nycmesh-lbe-5108,495499c2-8b14-412c-b13f-38ff838d5290,nycmesh-5151-northeast,b8c190df-2928-43f9-b593-cf5186be9436,nycmesh-lbe-5108,40.67543,-73.98058,,22.0,40.6754,-73.9806,20.0,5.0,2.0,5710.0,ap-ptmp-airmax-mixed,-67.0,-74.0,495499c2-8b14-412c-b13f-38ff838d5290_b8c190df-2928-43f9-b593-cf5186be9436,93d3abe1-399a-3ae2-b2bd-6989829a99f8,2026-05-07,False,False,False,True,49017,2025-03-17 23:59:28,2026-04-30 23:54:00,408.0,True
49d5a794-8892-4930-a26f-3f843d6eb110_254bba31-8111-42c4-9d69-c9ba7be50e14,nycmesh-407-lbe-1971,49d5a794-8892-4930-a26f-3f843d6eb110,nycmesh-407-lbe-1971,254bba31-8111-42c4-9d69-c9ba7be50e14,nycmesh-1971-lbe-407,40.713282,-73.99037,,11.42,40.712811,-73.994744,10.0,30.0,372.0,5795.0,ap-ptp,-65.0,-65.0,49d5a794-8892-4930-a26f-3f843d6eb110_254bba31-8111-42c4-9d69-c9ba7be50e14,880e68a6-33d5-32e7-9243-b1228d7253d3,2026-05-07,False,False,False,True,605579,2023-12-01 00:00:16,2023-11-30 23:59:28,-1.0,True
4a88452c-590a-46bd-b01f-3ee51f3fd733_6a7b2cf7-6d09-41df-801b-3a6e3fd792ce,nycmesh-730-wavepro-2299,4a88452c-590a-46bd-b01f-3ee51f3fd733,nycmesh-730-wavepro-2299,6a7b2cf7-6d09-41df-801b-3a6e3fd792ce,nycmesh-2299-wavepro-730,40.84392,-73.89304,,71.9,40.861318,-73.907782,,74.6,2224.0,69120.0,ap-ptp,-38.0,-38.0,4a88452c-590a-46bd-b01f-3ee51f3fd733_6a7b2cf7-6d09-41df-801b-3a6e3fd792ce,19bccc35-dcf6-3caf-968a-c044a0d13d0e,2026-05-07,False,False,False,True,4,2025-06-20 02:30:00,2025-08-02 20:45:00,43.0,True
4c3f2950-d6de-4da8-9677-44df47b59252_2ebb04ae-b235-4368-88fc-57c18ca85562,nycmesh-227-af24-1932,4c3f2950-d6de-4da8-9677-44df47b59252,nycmesh-1932-af24-227,2ebb04ae-b235-4368-88fc-57c18ca85562,nycmesh-227-af24-1932,40.716087,-73.986046,14.0,100.32,40.711098,-74.001289,,161.544,1406.0,24200.0,ap-ptp,-55.0,-55.0,4c3f2950-d6de-4da8-9677-44df47b59252_2ebb04ae-b235-4368-88fc-57c18ca85562,7f399e8e-fe72-36d4-b513-58c9fe25dda7,2026-05-07,False,False,False,True,665055,2023-12-01 00:00:16,2023-11-30 23:59:20,-1.0,True
4db8f29e-d978-4e08-b836-b36ff2958c52_fe37b2e4-48fd-4dc9-bb24-4d6a9ab7f5e9,nycmesh-730-lbelr-2299,4db8f29e-d978-4e08-b836-b36ff2958c52,nycmesh-730-lbelr-2299,fe37b2e4-48fd-4dc9-bb24-4d6a9ab7f5e9,nycmesh-2299-lbe-730,40.8444,-73.8937,,69.000015,40.8614,-73.9077,,10.0,2224.0,5560.0,ap-ptp,-61.0,-61.0,4db8f29e-d978-4e08-b836-b36ff2958c52_fe37b2e4-48fd-4dc9-bb24-4d6a9ab7f5e9,295c132a-752d-3449-a932-dab788eb5dc9,2026-05-07,False,False,False,True,45862,2025-06-29 14:00:00,2026-04-30 23:54:00,305.0,True
4ec70dea-528c-4426-a240-722295c916b1_21d0119b-8b8f-4709-a193-a83726ca0083,nycmesh-lbe-302,4ec70dea-528c-4426-a240-722295c916b1,nycmesh-1340-north2,21d0119b-8b8f-4709-a193-a83726ca0083,nycmesh-lbe-302,40.685992,-73.917543,,12.93,40.696038,-73.939764,23.0,5.0,2210.0,5745.0,ap-ptmp-airmax-mixed,-44.0,-53.0,4ec70dea-528c-4426-a240-722295c916b1_21d0119b-8b8f-4709-a193-a83726ca0083,deb547fa-408a-3229-9470-6cfb07dbee30,2026-05-07,False,False,False,True,353377,2023-12-01 00:00:32,2023-11-30 23:59:28,-1.0,True
4ec70dea-528c-4426-a240-722295c916b1_230c8d49-e488-48d9-b276-f4b90e024aa6,nycmesh-lbe-829,4ec70dea-528c-4426-a240-722295c916b1,nycmesh-1340-north2,230c8d49-e488-48d9-b276-f4b90e024aa6,nycmesh-lbe-829,40.685992,-73.917543,,12.93,40.6858,-73.9173,,25.01,1.0,5745.0,ap-ptmp-airmax-mixed,-44.0,-46.0,4ec70dea-528c-4426-a240-722295c916b1_230c8d49-e488-48d9-b276-f4b90e024aa6,73e2efa2-9ffc-33cb-baac-291c40083c95,2026-05-07,False,False,False,True,46082,2025-06-21 08:00:00,2026-04-30 23:54:00,313.0,True
4ec70dea-528c-4426-a240-722295c916b1_380ebd0f-aab6-4c18-a848-7886459389fa,nycmesh-lbe-192,4ec70dea-528c-4426-a240-722295c916b1,nycmesh-1340-north2,380ebd0f-aab6-4c18-a848-7886459389fa,nycmesh-lbe-192,40.685992,-73.917543,,12.93,40.6858,-73.9173,,25.01,1.0,5745.0,ap-ptmp-airmax-mixed,-44.0,-49.0,4ec70dea-528c-4426-a240-722295c916b1_380ebd0f-aab6-4c18-a848-7886459389fa,236e9ab0-1606-325e-91a5-3cd4af177695,2026-05-07,False,False,False,True,351507,2023-12-01 00:00:08,2023-11-30 23:59:12,-1.0,True
4ec70dea-528c-4426-a240-722295c916b1_97ffb748-f9e5-4fa4-8813-ebe2aeb66d7d,,4ec70dea-528c-4426-a240-722295c916b1,nycmesh-1340-north2,97ffb748-f9e5-4fa4-8813-ebe2aeb66d7d,nycmesh-lbe-2647,40.685988,-73.917573,,12.93,40.685823,-73.917272,,25.01,1.0,5745.0,ap-ptmp-airmax-mixed,-44.0,-53.0,4ec70dea-528c-4426-a240-722295c916b1_97ffb748-f9e5-4fa4-8813-ebe2aeb66d7d,9d4cac59-1744-31e7-8fa2-d41f3cbefe0a,2026-01-07,False,False,False,True,20106,2025-09-01 00:00:00,2026-02-04 01:24:00,156.0,True
4ec70dea-528c-4426-a240-722295c916b1_9a29cd98-823b-47e2-bbba-6e7f1182aa56,,4ec70dea-528c-4426-a240-722295c916b1,nycmesh-1340-north2,9a29cd98-823b-47e2-bbba-6e7f1182aa56,nycmesh-lbe-254,40.685988,-73.917573,,12.93,40.696,-73.9398,23.0,5.0,2210.0,5745.0,ap-ptmp-airmax-mixed,-44.0,-61.0,4ec70dea-528c-4426-a240-722295c916b1_9a29cd98-823b-47e2-bbba-6e7f1182aa56,63e347b4-d323-376e-a1b1-2739c9a80c3a,2026-01-07,False,False,False,True,26243,2025-09-01 00:00:00,2026-02-28 23:54:00,180.0,True
4ec70dea-528c-4426-a240-722295c916b1_9d0652de-3faa-4795-b652-9a0fcb274280,nycmesh-lbe-691,4ec70dea-528c-4426-a240-722295c916b1,nycmesh-1340-north2,9d0652de-3faa-4795-b652-9a0fcb274280,nycmesh-lbe-691,40.685992,-73.917543,,12.93,40.7029,-73.9192,,25.01,1.0,5745.0,ap-ptmp-airmax-mixed,-44.0,-68.0,4ec70dea-528c-4426-a240-722295c916b1_9d0652de-3faa-4795-b652-9a0fcb274280,2126341d-adaa-397f-aefa-2dc8127fca4a,2026-05-07,False,False,False,True,27700,2024-11-14 23:59:28,2025-12-16 19:00:00,396.0,True
4ec70dea-528c-4426-a240-722295c916b1_a303fd5a-19e9-464a-a1db-648cb47588a6,nycmesh-lbe-677,4ec70dea-528c-4426-a240-722295c916b1,nycmesh-1340-north2,a303fd5a-19e9-464a-a1db-648cb47588a6,nycmesh-lbe-677,40.685992,-73.917543,,12.93,40.6858,-73.9173,,25.01,1.0,5745.0,ap-ptmp-airmax-mixed,-44.0,-53.0,4ec70dea-528c-4426-a240-722295c916b1_a303fd5a-19e9-464a-a1db-648cb47588a6,560cf044-ad5a-3b42-be76-510aa20b20ad,2026-05-07,False,False,False,True,57446,2024-10-02 23:59:28,2026-04-30 23:54:00,574.0,True
4ec70dea-528c-4426-a240-722295c916b1_b8a8149e-f1bc-4da1-9c4b-ec938598e6b9,nycmesh-lbe-351,4ec70dea-528c-4426-a240-722295c916b1,nycmesh-1340-north2,b8a8149e-f1bc-4da1-9c4b-ec938598e6b9,nycmesh-lbe-351,40.685992,-73.917543,,12.93,40.685823,-73.9173,,25.01,1.0,5745.0,ap-ptmp-airmax-mixed,-44.0,-53.0,4ec70dea-528c-4426-a240-722295c916b1_b8a8149e-f1bc-4da1-9c4b-ec938598e6b9,5ac30482-2d4e-34fa-9b5a-e9ea9d6f3f13,2026-05-07,False,False,False,True,345478,2023-12-01 00:00:00,2023-11-30 23:59:04,-1.0,True
4ec70dea-528c-4426-a240-722295c916b1_cb6e081c-5837-41ab-a209-06adb9d4dad5,nycmesh-lbe-654,4ec70dea-528c-4426-a240-722295c916b1,nycmesh-1340-north2,cb6e081c-5837-41ab-a209-06adb9d4dad5,nycmesh-lbe-654,40.685992,-73.917543,,12.93,40.6858,-73.9173,,25.01,1.0,5745.0,ap-ptmp-airmax-mixed,-44.0,-50.0,4ec70dea-528c-4426-a240-722295c916b1_cb6e081c-5837-41ab-a209-06adb9d4dad5,39d267d1-3a67-31f6-bf68-b138aefad6ac,2026-05-07,False,False,False,True,59136,2024-08-23 23:59:28,2026-04-30 23:54:00,614.0,True
4ec70dea-528c-4426-a240-722295c916b1_cfa1a62e-5789-48b6-a1ed-243121ddcd41,nycmesh-lbe-922,4ec70dea-528c-4426-a240-722295c916b1,nycmesh-1340-north2,cfa1a62e-5789-48b6-a1ed-243121ddcd41,nycmesh-lbe-922,40.685992,-73.917543,,12.93,40.6858,-73.9173,,25.01,1.0,5745.0,ap-ptmp-airmax-mixed,-44.0,-37.0,4ec70dea-528c-4426-a240-722295c916b1_cfa1a62e-5789-48b6-a1ed-243121ddcd41,21e3dfc3-f20f-3157-a1ee-cad4862ce4df,2026-05-07,False,False,False,True,26420,2026-01-01 00:00:00,2026-04-30 23:54:00,119.0,True
4ec70dea-528c-4426-a240-722295c916b1_d7b5de08-94aa-42ba-80bf-5517c168f6f6,nycmesh-lbe-3233,4ec70dea-528c-4426-a240-722295c916b1,nycmesh-1340-north2,d7b5de08-94aa-42ba-80bf-5517c168f6f6,nycmesh-lbe-3233,40.685992,-73.917543,,12.93,40.685823,-73.917272,,25.01,1.0,5745.0,ap-ptmp-airmax-mixed,-44.0,-48.0,4ec70dea-528c-4426-a240-722295c916b1_d7b5de08-94aa-42ba-80bf-5517c168f6f6,56490e08-ea4a-3f1d-846f-959f1baf27b5,2026-05-07,False,False,False,True,341673,2023-12-01 00:00:16,2023-11-30 23:59:20,-1.0,True
4ec70dea-528c-4426-a240-722295c916b1_ed4dbbd5-f9dc-4eb3-870f-a8d4b88f03f3,nycmesh-1340-north2,4ec70dea-528c-4426-a240-722295c916b1,nycmesh-1340-north2,ed4dbbd5-f9dc-4eb3-870f-a8d4b88f03f3,nycmesh-lbe-233,40.685992,-73.917543,,12.93,40.685823,-73.917272,,25.01,1.0,5745.0,ap-ptmp-airmax-mixed,-44.0,-44.0,4ec70dea-528c-4426-a240-722295c916b1_ed4dbbd5-f9dc-4eb3-870f-a8d4b88f03f3,0e2fc7d3-0c75-3c28-8670-550e91c7a481,2026-05-07,False,False,False,True,341255,2023-12-01 00:00:32,2023-11-30 23:59:36,-1.0,True
4ec70dea-528c-4426-a240-722295c916b1_f1ecf357-f9c3-415d-a2f1-feeb6b4e8210,nycmesh-lbe-625,4ec70dea-528c-4426-a240-722295c916b1,nycmesh-1340-north2,f1ecf357-f9c3-415d-a2f1-feeb6b4e8210,nycmesh-lbe-625,40.685992,-73.917543,,12.93,40.6858,-73.9173,,25.01,1.0,5745.0,ap-ptmp-airmax-mixed,-44.0,-46.0,4ec70dea-528c-4426-a240-722295c916b1_f1ecf357-f9c3-415d-a2f1-feeb6b4e8210,cae5df80-f730-3e61-9e8c-bebdc9507ddc,2026-05-07,False,False,False,True,92021,2024-06-06 07:53:36,2026-02-18 19:30:00,622.0,True
4f9ddbf1-00f5-4cb5-80c4-e768b6c58109_bb1a847e-2c5e-42a9-8b2c-77e135e2b44b,nycmesh-lbe-7103,4f9ddbf1-00f5-4cb5-80c4-e768b6c58109,nycmesh-115-northwest,bb1a847e-2c5e-42a9-8b2c-77e135e2b44b,nycmesh-lbe-7103,40.73391,-73.950594,,8.0,40.73391,-73.950594,5.0,5.0,1.0,5560.0,ap-ptmp-airmax-mixed,-48.0,-48.0,4f9ddbf1-00f5-4cb5-80c4-e768b6c58109_bb1a847e-2c5e-42a9-8b2c-77e135e2b44b,f3e51cf2-5d4e-3216-af74-1aac2235dc71,2026-05-07,False,False,False,True,595296,2023-12-01 00:00:40,2023-11-30 23:59:52,-1.0,True
4fb5de28-719b-4d4c-8efd-9246e4d99758_11862036-2bcf-4646-8a11-1c10ad34849f,nycmesh-lbe-3016,4fb5de28-719b-4d4c-8efd-9246e4d99758,nycmesh-2274-northwest,11862036-2bcf-4646-8a11-1c10ad34849f,nycmesh-lbe-3016,40.72579,-73.98355,,8.0,40.724676,-73.98073,6.0,8.0,266.0,5710.0,ap-ptmp-airmax-mixed,-49.0,-54.0,4fb5de28-719b-4d4c-8efd-9246e4d99758_11862036-2bcf-4646-8a11-1c10ad34849f,5ee9797d-2b55-3652-b277-c52342694de7,2026-05-07,False,False,False,True,355107,2023-12-01 00:00:48,2023-11-30 23:59:44,-1.0,True
4fb5de28-719b-4d4c-8efd-9246e4d99758_6442f900-a419-4429-8380-a63807c2e7a6,nycmesh-lbe-2786,4fb5de28-719b-4d4c-8efd-9246e4d99758,nycmesh-2274-northwest,6442f900-a419-4429-8380-a63807c2e7a6,nycmesh-lbe-2786,40.72579,-73.98355,,8.0,40.7256814,-73.9835909,7.0,8.0,12.557986063617026,5710.0,ap-ptmp-airmax-mixed,-53.0,-55.0,4fb5de28-719b-4d4c-8efd-9246e4d99758_6442f900-a419-4429-8380-a63807c2e7a6,2f41ba30-415a-3b30-90ba-367e2ed13ade,2026-05-07,False,False,False,True,353457,2023-12-01 00:00:16,2023-11-30 23:59:12,-1.0,True
4fb5de28-719b-4d4c-8efd-9246e4d99758_6a34d49e-0416-49a5-8db9-1b86978cf547,nycmesh-lbe-7789,4fb5de28-719b-4d4c-8efd-9246e4d99758,nycmesh-2274-northwest,6a34d49e-0416-49a5-8db9-1b86978cf547,nycmesh-lbe-7789,40.72579,-73.98355,,8.0,40.7256814,-73.9835909,7.0,8.0,12.557986063617026,5710.0,ap-ptmp-airmax-mixed,-57.0,-59.0,4fb5de28-719b-4d4c-8efd-9246e4d99758_6a34d49e-0416-49a5-8db9-1b86978cf547,27d6bcc6-780c-3b8e-acb3-cfc7dde861ed,2026-05-07,False,False,False,True,353105,2023-12-01 00:00:48,2023-11-30 23:59:44,-1.0,True
4fb5de28-719b-4d4c-8efd-9246e4d99758_6e8eaa11-1fb7-48a0-80f4-f46f42d3f743,nycmesh-lbe-3578,4fb5de28-719b-4d4c-8efd-9246e4d99758,nycmesh-2274-northwest,6e8eaa11-1fb7-48a0-80f4-f46f42d3f743,nycmesh-lbe-3578,40.72579,-73.98355,,8.0,40.7256814,-73.9835909,7.0,8.0,12.557986063617026,5710.0,ap-ptmp-airmax-mixed,-54.0,-59.0,4fb5de28-719b-4d4c-8efd-9246e4d99758_6e8eaa11-1fb7-48a0-80f4-f46f42d3f743,4b6d3433-602b-3f75-a2d6-763f61b297ee,2026-05-07,False,False,False,True,353186,2023-12-01 00:00:40,2023-11-30 23:59:36,-1.0,True
4fb5de28-719b-4d4c-8efd-9246e4d99758_b29ab384-7349-482f-be1d-c31848d85c53,nycmesh-lbe-797,4fb5de28-719b-4d4c-8efd-9246e4d99758,nycmesh-2274-northwest,b29ab384-7349-482f-be1d-c31848d85c53,nycmesh-lbe-797,40.72579,-73.98355,,8.0,40.7257,-73.9836,7.0,8.0,10.858347362317245,5710.0,ap-ptmp-airmax-mixed,-55.0,-59.0,4fb5de28-719b-4d4c-8efd-9246e4d99758_b29ab384-7349-482f-be1d-c31848d85c53,65c99169-8572-304e-9025-91bc7b2ea3b5,2026-05-07,False,False,False,True,47253,2025-04-23 21:00:00,2026-04-30 23:54:00,372.0,True
4fb5de28-719b-4d4c-8efd-9246e4d99758_d58b8ed9-7ed0-43c6-9f46-cbf18e24f684,nycmesh-lbe-4116,4fb5de28-719b-4d4c-8efd-9246e4d99758,nycmesh-2274-northwest,d58b8ed9-7ed0-43c6-9f46-cbf18e24f684,nycmesh-lbe-4116,40.72579,-73.98355,,8.0,40.72847,-73.9831,7.0,8.0,300.40530616691007,5710.0,ap-ptmp-airmax-mixed,-56.0,-60.0,4fb5de28-719b-4d4c-8efd-9246e4d99758_d58b8ed9-7ed0-43c6-9f46-cbf18e24f684,af8673d4-8eb7-3d82-b9e9-b4675cd58caa,2026-05-07,False,False,False,True,340379,2023-12-01 00:00:40,2023-11-30 23:59:36,-1.0,True
4fb5de28-719b-4d4c-8efd-9246e4d99758_dd6ba8ff-a005-450e-89aa-680adc3b4f4e,nycmesh-pbe-711,4fb5de28-719b-4d4c-8efd-9246e4d99758,nycmesh-2274-northwest,dd6ba8ff-a005-450e-89aa-680adc3b4f4e,nycmesh-pbe-711,40.72579,-73.98355,,8.0,40.7256814,-73.9835909,7.0,8.0,12.557986063617026,5710.0,ap-ptmp-airmax-mixed,-55.0,-54.0,4fb5de28-719b-4d4c-8efd-9246e4d99758_dd6ba8ff-a005-450e-89aa-680adc3b4f4e,bffa8fad-4fa5-3e8e-ac96-77306c9e7c8e,2026-05-07,False,False,False,True,47730,2025-01-13 23:59:52,2026-04-10 20:54:00,451.0,True
4fc345e6-8b1c-42d2-a2d5-eaeac36f9ea9_182c44f5-fb5c-4ee0-ad8d-9b3e4c78a2d9,nycmesh-lbe-6774,4fc345e6-8b1c-42d2-a2d5-eaeac36f9ea9,nycmesh-2282-southwest,182c44f5-fb5c-4ee0-ad8d-9b3e4c78a2d9,nycmesh-lbe-6774,40.682967,-73.99399,13.0,18.29,40.681797,-73.994738,13.0,5.0,1.0,5490.0,ap-ptmp-airmax-mixed,-54.0,-53.0,4fc345e6-8b1c-42d2-a2d5-eaeac36f9ea9_182c44f5-fb5c-4ee0-ad8d-9b3e4c78a2d9,cd88da38-2ab9-33aa-a5e7-34cc424ed004,2026-05-07,False,False,False,True,355402,2023-12-01 00:00:08,2023-11-30 23:59:04,-1.0,True
4fc345e6-8b1c-42d2-a2d5-eaeac36f9ea9_f6fd4f17-43f7-4d44-8872-a8063b4ed2af,nycmesh-lbe-466,4fc345e6-8b1c-42d2-a2d5-eaeac36f9ea9,nycmesh-2282-southwest,f6fd4f17-43f7-4d44-8872-a8063b4ed2af,nycmesh-lbe-466,40.682967,-73.99399,13.0,18.29,40.682995,-73.993789,13.0,5.0,1.0,5490.0,ap-ptmp-airmax-mixed,-54.0,-46.0,4fc345e6-8b1c-42d2-a2d5-eaeac36f9ea9_f6fd4f17-43f7-4d44-8872-a8063b4ed2af,b31bf2b4-4078-3cb6-8428-b6d750c92494,2026-05-07,False,False,False,True,300381,2023-12-01 00:00:24,2023-11-30 23:59:28,-1.0,True
5371a07d-fe35-4cb0-93ac-85481bd58b32_230b8bbe-9811-4824-8b3a-60ab4b71443d,nycmesh-899-wavenano-5151,5371a07d-fe35-4cb0-93ac-85481bd58b32,nycmesh-5151-wavenano-899,230b8bbe-9811-4824-8b3a-60ab4b71443d,nycmesh-899-wavenano-5151,40.675497,-73.98061,,30.9,40.677333,-73.987485,20.0,34.4,2.0,64800.0,ap-ptp,-64.0,-65.0,5371a07d-fe35-4cb0-93ac-85481bd58b32_230b8bbe-9811-4824-8b3a-60ab4b71443d,77af129f-e575-32ec-a9ab-399dfc7bd90b,2026-05-07,False,False,False,True,36381,2025-10-18 00:18:00,2026-04-30 23:54:00,194.0,True
53e532d7-eed0-42fe-96d7-97d1be8ead92_bc344faf-f130-4cd4-817c-8b917d4de6c0,nycmesh-2482-nbe-6248,53e532d7-eed0-42fe-96d7-97d1be8ead92,nycmesh-2482-nbe-6248,bc344faf-f130-4cd4-817c-8b917d4de6c0,nycmesh-6248-lbe-2482,40.6997,-73.9243,23.0,10.0,40.696,-73.9398,23.0,5.0,1369.9415621219594,5770.0,ap-ptp,-44.0,-43.0,53e532d7-eed0-42fe-96d7-97d1be8ead92_bc344faf-f130-4cd4-817c-8b917d4de6c0,af798f13-e008-339f-8814-9a0908f44809,2026-05-07,False,False,False,True,611977,2023-12-01 00:00:16,2023-11-30 23:59:36,-1.0,True
54942615-95be-4e77-9316-0f4789213aff_7e909d93-404a-47bd-a544-efdf6ff3f120,nycmesh-1933-wavenano,54942615-95be-4e77-9316-0f4789213aff,nycmesh-1933-wavenano,7e909d93-404a-47bd-a544-efdf6ff3f120,nycmesh-227-waveapmicro-north,40.715567,-73.984437,,100.5,40.711178,-74.001353,10.0,180.8,1506.9585886385985,69120.0,sta-ptmp,-62.0,-62.0,54942615-95be-4e77-9316-0f4789213aff_7e909d93-404a-47bd-a544-efdf6ff3f120,575bb81a-02f9-373c-811d-c31e8f56ad82,2026-05-07,False,False,False,True,4844,2024-09-21 23:59:28,2026-04-30 20:18:00,585.0,True
58b882fe-41d0-41ab-bbac-0759a4cbd8bd_805be807-d0cb-4e08-bd93-72789aac812f,nycmesh-nbe-280,58b882fe-41d0-41ab-bbac-0759a4cbd8bd,nycmesh-7800-south,805be807-d0cb-4e08-bd93-72789aac812f,nycmesh-nbe-280,40.815332,-73.950358,,10.0,40.8156286,-73.9502282,35.0,5.0,34.7422641459465,5710.0,ap-ptmp-airmax-mixed,-64.0,-65.0,58b882fe-41d0-41ab-bbac-0759a4cbd8bd_805be807-d0cb-4e08-bd93-72789aac812f,5122e777-2872-3973-8841-4f4e10e87311,2026-05-07,False,False,False,True,352424,2023-12-01 00:00:16,2023-11-30 23:59:12,-1.0,True
58b882fe-41d0-41ab-bbac-0759a4cbd8bd_fffb01c1-245a-4fa5-8394-cc09e3dc411e,nycmesh-7800-south,58b882fe-41d0-41ab-bbac-0759a4cbd8bd,nycmesh-7800-south,fffb01c1-245a-4fa5-8394-cc09e3dc411e,nycmesh-lbe-688,40.815332,-73.950358,,10.0,40.8156,-73.9502,35.0,5.0,32.632015337012724,5710.0,ap-ptmp-airmax-mixed,-64.0,-69.0,58b882fe-41d0-41ab-bbac-0759a4cbd8bd_fffb01c1-245a-4fa5-8394-cc09e3dc411e,4e8568f2-6233-3b73-b1cb-f2e904d16ee5,2026-05-07,False,False,False,True,51873,2024-11-17 23:59:52,2026-04-30 23:54:00,528.0,True
59452811-fa27-4cc9-a672-bd957b02b146_0792a5c8-125b-482c-aa34-c73f4a5f7285,nycmesh-lbe-639,59452811-fa27-4cc9-a672-bd957b02b146,nycmesh-527-east,0792a5c8-125b-482c-aa34-c73f4a5f7285,nycmesh-lbe-639,40.635004,-73.950213,,10.0,40.635,-73.9502,,5.0,1.183718262529019,5560.0,ap-ptmp-airmax-mixed,-64.0,-64.0,59452811-fa27-4cc9-a672-bd957b02b146_0792a5c8-125b-482c-aa34-c73f4a5f7285,aa8b947d-057d-345d-96e6-56d862d61a00,2026-05-07,False,False,False,True,76823,2024-07-12 15:57:36,2026-04-30 23:54:00,657.0,True
5949ca17-7037-406c-a276-8db9228d762c_0b32eae8-51aa-436b-af3b-80c06865e95e,nycmesh-lbe-881,5949ca17-7037-406c-a276-8db9228d762c,nycmesh-1340-west1,0b32eae8-51aa-436b-af3b-80c06865e95e,nycmesh-lbe-881,40.685975,-73.917645,,12.93,40.6858,-73.9173,,25.01,1.0,5710.0,ap-ptmp-airmax-mixed,-58.0,-58.0,5949ca17-7037-406c-a276-8db9228d762c_0b32eae8-51aa-436b-af3b-80c06865e95e,57f2744c-e38b-3095-b2bf-06668b3cafac,2026-05-07,False,False,False,True,41708,2025-08-29 21:45:00,2026-04-30 23:54:00,244.0,True
5949ca17-7037-406c-a276-8db9228d762c_219b434d-5c4d-44f9-b195-73259699d879,nycmesh-lbe-5421,5949ca17-7037-406c-a276-8db9228d762c,nycmesh-1340-west1,219b434d-5c4d-44f9-b195-73259699d879,nycmesh-lbe-5421,40.685975,-73.917645,,12.93,40.685823,-73.917272,,25.01,1.0,5710.0,ap-ptmp-airmax-mixed,-60.0,-60.0,5949ca17-7037-406c-a276-8db9228d762c_219b434d-5c4d-44f9-b195-73259699d879,916067bf-3597-34f3-84dd-8be63d62dcca,2026-05-07,False,False,False,True,353944,2023-12-01 00:00:24,2023-11-30 23:59:20,-1.0,True
5949ca17-7037-406c-a276-8db9228d762c_277a1e94-6cc5-4391-aa6d-3b8b2ceb7319,nycmesh-lbe-4018,5949ca17-7037-406c-a276-8db9228d762c,nycmesh-1340-west1,277a1e94-6cc5-4391-aa6d-3b8b2ceb7319,nycmesh-lbe-4018,40.685975,-73.917645,,12.93,40.685823,-73.917272,,25.01,1.0,5710.0,ap-ptmp-airmax-mixed,-74.0,-77.0,5949ca17-7037-406c-a276-8db9228d762c_277a1e94-6cc5-4391-aa6d-3b8b2ceb7319,df78cc57-3caa-31cd-b53a-28de54c2390d,2026-05-07,False,False,False,True,353579,2023-12-01 00:00:16,2023-11-30 23:59:20,-1.0,True
5949ca17-7037-406c-a276-8db9228d762c_439469ad-50ec-463f-8afb-bb923fd2327a,nycmesh-lbe-4768,5949ca17-7037-406c-a276-8db9228d762c,nycmesh-1340-west1,439469ad-50ec-463f-8afb-bb923fd2327a,nycmesh-lbe-4768,40.685975,-73.917645,,12.93,40.685823,-73.917272,,25.01,1.0,5710.0,ap-ptmp-airmax-mixed,-62.0,-64.0,5949ca17-7037-406c-a276-8db9228d762c_439469ad-50ec-463f-8afb-bb923fd2327a,daa6e73d-bd17-3577-b111-adfd756a47f9,2026-05-07,False,False,False,True,337708,2023-12-01 00:00:16,2023-11-30 23:59:12,-1.0,True
5949ca17-7037-406c-a276-8db9228d762c_4c9ee60c-15a5-4540-ad51-75d989df9126,nycmesh-lbe-6845,5949ca17-7037-406c-a276-8db9228d762c,nycmesh-1340-west1,4c9ee60c-15a5-4540-ad51-75d989df9126,nycmesh-lbe-6845,40.685975,-73.917645,,12.93,40.684,-73.941,,25.01,1.0,5710.0,ap-ptmp-airmax-mixed,-65.0,-67.0,5949ca17-7037-406c-a276-8db9228d762c_4c9ee60c-15a5-4540-ad51-75d989df9126,baee1031-ba41-3345-b44f-9691666c04a1,2026-05-07,False,False,False,True,350886,2023-12-01 00:00:00,2023-11-30 23:58:56,-1.0,True
5949ca17-7037-406c-a276-8db9228d762c_4e1a7456-7e5e-45fb-add4-d0dbee8d36b8,nycmesh-1340-west1,5949ca17-7037-406c-a276-8db9228d762c,nycmesh-1340-west1,4e1a7456-7e5e-45fb-add4-d0dbee8d36b8,nycmesh-lbe2-944,40.685975,-73.917645,,12.93,40.680283,-73.954819,,8.0,3225.0,5710.0,ap-ptmp-airmax-mixed,-70.0,-88.0,5949ca17-7037-406c-a276-8db9228d762c_4e1a7456-7e5e-45fb-add4-d0dbee8d36b8,11740e62-3e2f-3dda-b891-84743372d37a,2026-05-07,False,True,False,True,328141,2023-12-01 00:00:16,2023-11-30 23:59:20,-1.0,True
5949ca17-7037-406c-a276-8db9228d762c_695b8e30-ed38-4e96-ae73-91c529413721,nycmesh-lbe-6901,5949ca17-7037-406c-a276-8db9228d762c,nycmesh-1340-west1,695b8e30-ed38-4e96-ae73-91c529413721,nycmesh-lbe-6901,40.685975,-73.917645,,12.93,40.685823,-73.917272,,25.01,1.0,5710.0,ap-ptmp-airmax-mixed,-59.0,-59.0,5949ca17-7037-406c-a276-8db9228d762c_695b8e30-ed38-4e96-ae73-91c529413721,54b2c2af-898f-3b55-840d-484f033f555f,2026-05-07,False,False,False,True,352839,2023-12-01 00:00:00,2023-11-30 23:58:56,-1.0,True
5949ca17-7037-406c-a276-8db9228d762c_7780b00f-5832-43c0-9c34-cae5324e12f7,nycmesh-lbe-484,5949ca17-7037-406c-a276-8db9228d762c,nycmesh-1340-west1,7780b00f-5832-43c0-9c34-cae5324e12f7,nycmesh-lbe-484,40.685975,-73.917645,,12.93,40.6858,-73.9173,,25.01,1.0,5710.0,ap-ptmp-airmax-mixed,-63.0,-66.0,5949ca17-7037-406c-a276-8db9228d762c_7780b00f-5832-43c0-9c34-cae5324e12f7,f661623f-fb87-3b35-a531-314bfbdb08ea,2026-05-07,False,False,False,True,353305,2023-12-01 00:00:08,2023-11-30 23:59:04,-1.0,True
5949ca17-7037-406c-a276-8db9228d762c_a9a0572d-4f0b-4efd-a31a-5602e2619289,,5949ca17-7037-406c-a276-8db9228d762c,nycmesh-1340-west1,a9a0572d-4f0b-4efd-a31a-5602e2619289,nycmesh-lbe-7582,40.686117,-73.917818,,12.93,40.685823,-73.917272,,25.01,1.0,5710.0,ap-ptmp-airmax-mixed,-54.0,-52.0,5949ca17-7037-406c-a276-8db9228d762c_a9a0572d-4f0b-4efd-a31a-5602e2619289,ff772c4e-e218-3856-8573-cca2c24bc7cb,2026-01-07,False,False,False,True,19207,2025-09-01 00:00:00,2026-02-28 23:54:00,180.0,True
5949ca17-7037-406c-a276-8db9228d762c_ca59bb13-74a6-4098-8a45-a67aae761b6a,nycmesh-lbe-307,5949ca17-7037-406c-a276-8db9228d762c,nycmesh-1340-west1,ca59bb13-74a6-4098-8a45-a67aae761b6a,nycmesh-lbe-307,40.685975,-73.917645,,12.93,40.685823,-73.9173,,25.01,1.0,5710.0,ap-ptmp-airmax-mixed,-60.0,-62.0,5949ca17-7037-406c-a276-8db9228d762c_ca59bb13-74a6-4098-8a45-a67aae761b6a,871b2460-68f8-342e-853a-2ee205253dfe,2026-05-07,False,False,False,True,344008,2023-12-01 00:00:00,2023-11-30 23:58:56,-1.0,True
5949ca17-7037-406c-a276-8db9228d762c_dd8d67be-9081-42af-9146-df018e5808b2,nycmesh-lbe-7065,5949ca17-7037-406c-a276-8db9228d762c,nycmesh-1340-west1,dd8d67be-9081-42af-9146-df018e5808b2,nycmesh-lbe-7065,40.685975,-73.917645,,12.93,40.685823,-73.917272,,25.01,1.0,5710.0,ap-ptmp-airmax-mixed,-62.0,-63.0,5949ca17-7037-406c-a276-8db9228d762c_dd8d67be-9081-42af-9146-df018e5808b2,9f68feb0-586d-3f15-8623-d884c4c8839d,2026-05-07,False,False,False,True,343046,2023-12-01 00:00:32,2023-11-30 23:59:28,-1.0,True
5949ca17-7037-406c-a276-8db9228d762c_ea81e31b-ae78-46b3-9e25-a1b766f80039,nycmesh-lbe-357,5949ca17-7037-406c-a276-8db9228d762c,nycmesh-1340-west1,ea81e31b-ae78-46b3-9e25-a1b766f80039,nycmesh-lbe-357,40.685975,-73.917645,,12.93,40.696,-73.9398,23.0,25.01,1.0,5710.0,ap-ptmp-airmax-mixed,-62.0,-64.0,5949ca17-7037-406c-a276-8db9228d762c_ea81e31b-ae78-46b3-9e25-a1b766f80039,6a85e930-196b-375c-b013-461cf7306283,2026-05-07,False,False,False,True,326375,2023-12-01 00:00:00,2023-11-30 23:59:52,-1.0,True
5949ca17-7037-406c-a276-8db9228d762c_eae0b2a9-8da3-4087-8a16-2ccac90c6a9b,nycmesh-lbelr-5127,5949ca17-7037-406c-a276-8db9228d762c,nycmesh-1340-west1,eae0b2a9-8da3-4087-8a16-2ccac90c6a9b,nycmesh-lbelr-5127,40.685975,-73.917645,,12.93,40.685823,-73.917272,,25.01,1.0,5710.0,ap-ptmp-airmax-mixed,-63.0,-65.0,5949ca17-7037-406c-a276-8db9228d762c_eae0b2a9-8da3-4087-8a16-2ccac90c6a9b,2b15febb-a0c3-32b0-99f8-16a2b727a681,2026-05-07,False,False,False,True,342707,2023-12-01 00:00:08,2023-11-30 23:59:12,-1.0,True
5949ca17-7037-406c-a276-8db9228d762c_eece186d-0315-4bf4-b1c6-cc299006f9b4,nycmesh-lbe-5276,5949ca17-7037-406c-a276-8db9228d762c,nycmesh-1340-west1,eece186d-0315-4bf4-b1c6-cc299006f9b4,nycmesh-lbe-5276,40.685975,-73.917645,,12.93,40.685823,-73.917272,,25.01,1.0,5710.0,ap-ptmp-airmax-mixed,-72.0,-67.0,5949ca17-7037-406c-a276-8db9228d762c_eece186d-0315-4bf4-b1c6-cc299006f9b4,4dc94941-0828-3ff1-a123-103b39b080bb,2026-05-07,False,False,False,True,343317,2023-12-01 00:00:48,2023-11-30 23:59:52,-1.0,True
5949ca17-7037-406c-a276-8db9228d762c_f354fcb4-2f50-4784-b966-46ad8d8b3df7,nycmesh-lbe-6268,5949ca17-7037-406c-a276-8db9228d762c,nycmesh-1340-west1,f354fcb4-2f50-4784-b966-46ad8d8b3df7,nycmesh-lbe-6268,40.685975,-73.917645,,12.93,40.685823,-73.917272,,25.01,1.0,5710.0,ap-ptmp-airmax-mixed,-62.0,-63.0,5949ca17-7037-406c-a276-8db9228d762c_f354fcb4-2f50-4784-b966-46ad8d8b3df7,91f6b7ca-a8ec-32aa-b7f8-e92f82dc0441,2026-05-07,False,False,False,True,342532,2023-12-01 00:00:40,2023-11-30 23:59:36,-1.0,True
5949ca17-7037-406c-a276-8db9228d762c_f4b77ab9-bc6c-4d11-87b4-ba6efe5720e7,nycmesh-lbe-1893,5949ca17-7037-406c-a276-8db9228d762c,nycmesh-1340-west1,f4b77ab9-bc6c-4d11-87b4-ba6efe5720e7,nycmesh-lbe-1893,40.685975,-73.917645,,12.93,40.685823,-73.917272,,25.01,1.0,5710.0,ap-ptmp-airmax-mixed,-63.0,-65.0,5949ca17-7037-406c-a276-8db9228d762c_f4b77ab9-bc6c-4d11-87b4-ba6efe5720e7,63e8156d-22d6-370b-8e47-bf62d675ab9a,2026-05-07,False,False,False,True,326103,2023-12-01 00:00:00,2023-11-30 23:58:56,-1.0,True
595ecb28-d306-4b59-8825-ae5bd9f704ae_c986fc58-5779-48e1-b35e-ecd8b5c1d2fe,,595ecb28-d306-4b59-8825-ae5bd9f704ae,nycmesh-1933-waveap-northeast,c986fc58-5779-48e1-b35e-ecd8b5c1d2fe,nycmesh-632-af60lr,40.715592,-73.984382,,98.8,40.734339,-73.950358,,16.2,3562.0,69120.0,ap-ptmp,-64.0,-65.0,595ecb28-d306-4b59-8825-ae5bd9f704ae_c986fc58-5779-48e1-b35e-ecd8b5c1d2fe,0318d38f-30e3-35e4-baf3-aa4f93206ef2,2025-11-14,False,False,False,True,0,,,,False
595ecb28-d306-4b59-8825-ae5bd9f704ae_f9fa45a5-797a-44d9-ba96-3c85b7dda3be,nycmesh-1933-waveap-northeast,595ecb28-d306-4b59-8825-ae5bd9f704ae,nycmesh-1933-waveap-northeast,f9fa45a5-797a-44d9-ba96-3c85b7dda3be,nycmesh-Mohammad-af60lr-1933,40.715551,-73.98443,,106.4,40.7154671,-73.9844008,,0.0,9.648395829198972,69120.0,ap-ptmp,-59.0,-59.0,595ecb28-d306-4b59-8825-ae5bd9f704ae_f9fa45a5-797a-44d9-ba96-3c85b7dda3be,a6e8ed92-c9cb-3d2c-84ba-fcdd92575fbe,2026-05-07,False,False,False,True,326001,2023-12-01 00:00:48,2023-11-30 23:59:52,-1.0,True
5a8fb98b-64be-4f5a-939c-122cde5dd088_2bcc2782-cfa3-47b7-8326-92f66adf8192,nycmesh-lbe-714,5a8fb98b-64be-4f5a-939c-122cde5dd088,nycmesh-641-south,2bcc2782-cfa3-47b7-8326-92f66adf8192,nycmesh-lbe-714,40.7988,-73.9387,,10.0,40.7992,-73.9367,,5.0,174.12696352501712,5825.0,ap-ptmp,-55.0,-50.0,5a8fb98b-64be-4f5a-939c-122cde5dd088_2bcc2782-cfa3-47b7-8326-92f66adf8192,a1f153ee-9012-3a22-be43-83e4b13e3d94,2026-05-07,False,False,False,True,51184,2024-12-07 23:59:52,2026-04-30 23:54:00,508.0,True
5a8fb98b-64be-4f5a-939c-122cde5dd088_6e8aacfc-5138-4336-82e3-9ff87d8ac6e3,nycmesh-lbe-634,5a8fb98b-64be-4f5a-939c-122cde5dd088,nycmesh-641-south,6e8aacfc-5138-4336-82e3-9ff87d8ac6e3,nycmesh-lbe-634,40.7988,-73.9387,,10.0,40.7992,-73.9367,,5.0,174.12696352501712,5825.0,ap-ptmp,-55.0,-60.0,5a8fb98b-64be-4f5a-939c-122cde5dd088_6e8aacfc-5138-4336-82e3-9ff87d8ac6e3,1cab646f-e20f-37f9-aa60-2296728201aa,2026-05-07,False,False,False,True,40679,2025-09-16 10:00:00,2026-04-30 23:54:00,226.0,True
5aaf1f69-e23d-4da9-b67d-8f2bbd9ea95f_1f70f8e2-8cb0-4c6c-9ff1-2d324033a8af,,5aaf1f69-e23d-4da9-b67d-8f2bbd9ea95f,nycmesh-5916-gbepSW (gnd),1f70f8e2-8cb0-4c6c-9ff1-2d324033a8af,nycmesh-5916-gbepNW,40.696038,-73.939764,,0.0,40.696038,-73.939764,,67.46,0.0,64800.0,sta-ptp,-51.0,-51.0,5aaf1f69-e23d-4da9-b67d-8f2bbd9ea95f_1f70f8e2-8cb0-4c6c-9ff1-2d324033a8af,02add469-5a86-387c-a1c0-de64929cd80e,2026-03-10,False,False,False,True,0,,,,False
5b8114e6-2a29-4200-a88c-9fe098796fcd_1b18fb32-0c79-4944-8e45-e408a42ec210,nycmesh-lbelr-6747,5b8114e6-2a29-4200-a88c-9fe098796fcd,nycmesh-231-south,1b18fb32-0c79-4944-8e45-e408a42ec210,nycmesh-lbelr-6747,40.645835,-74.013376,,10.0,40.645834959184,-74.013376102041,5.0,5.0,0.0097321723977801,5745.0,ap-ptmp-airmax-ac,-45.0,-67.0,5b8114e6-2a29-4200-a88c-9fe098796fcd_1b18fb32-0c79-4944-8e45-e408a42ec210,52332cff-4f41-3097-95a8-cd3e0a9dee12,2026-05-07,False,False,False,True,338736,2023-12-01 00:00:56,2023-11-30 23:59:52,-1.0,True
5b8114e6-2a29-4200-a88c-9fe098796fcd_21aa5ef7-4d64-44c5-943b-75634b193905,nycmesh-lbe-6872,5b8114e6-2a29-4200-a88c-9fe098796fcd,nycmesh-231-south,21aa5ef7-4d64-44c5-943b-75634b193905,nycmesh-lbe-6872,40.645835,-74.013376,,10.0,40.6458,-74.0134,5.0,5.0,4.387065700916344,5745.0,ap-ptmp-airmax-ac,-45.0,-59.0,5b8114e6-2a29-4200-a88c-9fe098796fcd_21aa5ef7-4d64-44c5-943b-75634b193905,76ff8d94-b85e-31dc-b261-529f490ef4a1,2026-05-07,False,False,False,True,31106,2023-12-01 00:00:00,2023-11-30 23:59:04,-1.0,True
5b8114e6-2a29-4200-a88c-9fe098796fcd_2bbd165c-707a-4d27-9901-126be9e95c53,nycmesh-231-south,5b8114e6-2a29-4200-a88c-9fe098796fcd,nycmesh-231-south,2bbd165c-707a-4d27-9901-126be9e95c53,nycmesh-lbe-919,40.645835,-74.013376,,10.0,40.645834959184,-74.013376102041,,5.0,0.0097321723977801,5745.0,ap-ptmp-airmax-ac,-45.0,-45.0,5b8114e6-2a29-4200-a88c-9fe098796fcd_2bbd165c-707a-4d27-9901-126be9e95c53,193b1f46-4be6-3b57-b41e-3171dd6b8abc,2026-05-07,False,False,False,True,315123,2024-01-07 00:00:32,2026-04-30 23:54:00,844.0,True
5cb0ebbc-f7d7-4e13-a36d-03df3814b156_5386c9f9-021d-40ef-9ad3-a6f5535091ee,nycmesh-lbe-425,5cb0ebbc-f7d7-4e13-a36d-03df3814b156,nycmesh-1635-southwest,5386c9f9-021d-40ef-9ad3-a6f5535091ee,nycmesh-lbe-425,40.667569,-73.98239,33.0,10.0,40.6676,-73.9824,33.0,5.0,1.0,5550.0,ap-ptmp-airmax-mixed,-53.0,-50.0,5cb0ebbc-f7d7-4e13-a36d-03df3814b156_5386c9f9-021d-40ef-9ad3-a6f5535091ee,12e34316-f802-38f4-98f7-4937edf62c5e,2026-05-07,False,False,False,True,353072,2023-12-01 00:00:08,2023-11-30 23:59:04,-1.0,True
5cb0ebbc-f7d7-4e13-a36d-03df3814b156_973954b8-8102-4c64-b3b2-b62fda600b66,nycmesh-lbe-546,5cb0ebbc-f7d7-4e13-a36d-03df3814b156,nycmesh-1635-southwest,973954b8-8102-4c64-b3b2-b62fda600b66,nycmesh-lbe-546,40.667569,-73.98239,33.0,10.0,40.6676,-73.9824,33.0,5.0,1.0,5550.0,ap-ptmp-airmax-mixed,-55.0,-53.0,5cb0ebbc-f7d7-4e13-a36d-03df3814b156_973954b8-8102-4c64-b3b2-b62fda600b66,a901b9ca-b7ac-3424-a6a4-72ebbab5f539,2026-05-07,False,False,False,True,337901,2023-12-01 00:00:56,2023-11-30 23:59:52,-1.0,True
5cb0ebbc-f7d7-4e13-a36d-03df3814b156_f3b8f686-a485-4cad-81f4-9635d84b943c,nycmesh-1635-southwest,5cb0ebbc-f7d7-4e13-a36d-03df3814b156,nycmesh-1635-southwest,f3b8f686-a485-4cad-81f4-9635d84b943c,nycmesh-lbe-3641,40.667569,-73.98239,33.0,10.0,40.66755755,-73.982386782639,33.0,5.0,1.0,5550.0,ap-ptmp-airmax-mixed,-60.0,-59.0,5cb0ebbc-f7d7-4e13-a36d-03df3814b156_f3b8f686-a485-4cad-81f4-9635d84b943c,09b73c85-055e-3016-a68a-a424a14e532c,2026-05-07,False,False,False,True,342490,2023-12-01 00:00:40,2023-11-30 23:59:44,-1.0,True
5cdab5e9-4a51-4623-b036-0cded15875be_23ee5ba3-6ef8-4744-b004-03abb768f3e5,nycmesh-lbe-5989,5cdab5e9-4a51-4623-b036-0cded15875be,nycmesh-162-south,23ee5ba3-6ef8-4744-b004-03abb768f3e5,nycmesh-lbe-5989,40.664997,-73.990543,,40.0,40.6577,-74.0051,5.0,5.0,3.0,5545.0,ap-ptmp-airmax-mixed,-58.0,-66.0,5cdab5e9-4a51-4623-b036-0cded15875be_23ee5ba3-6ef8-4744-b004-03abb768f3e5,a82a34db-a062-36cb-ba74-07aa53d2a7fb,2026-05-07,False,False,False,True,230069,2024-03-17 16:13:36,2026-04-30 23:54:00,774.0,True
5cdab5e9-4a51-4623-b036-0cded15875be_33fada1f-ec6e-44a1-95bc-cc6f402033bf,nycmesh-162-south,5cdab5e9-4a51-4623-b036-0cded15875be,nycmesh-162-south,33fada1f-ec6e-44a1-95bc-cc6f402033bf,nycmesh-lbe-824,40.664997,-73.990543,,40.0,40.665,-73.9906,,5.0,3.0,5545.0,ap-ptmp-airmax-mixed,-59.0,-64.0,5cdab5e9-4a51-4623-b036-0cded15875be_33fada1f-ec6e-44a1-95bc-cc6f402033bf,2f052766-7c70-3da4-b4de-cdf43100e222,2026-05-07,False,False,False,True,54551,2024-07-24 23:59:04,2026-04-30 23:54:00,644.0,True
5cdab5e9-4a51-4623-b036-0cded15875be_6cbd6357-8e9f-487d-9215-22ad1d790016,nycmesh-lbelr-2481,5cdab5e9-4a51-4623-b036-0cded15875be,nycmesh-162-south,6cbd6357-8e9f-487d-9215-22ad1d790016,nycmesh-lbelr-2481,40.664997,-73.990543,,40.0,40.665,-73.9906,,5.0,3.0,5545.0,ap-ptmp-airmax-mixed,-68.0,-72.0,5cdab5e9-4a51-4623-b036-0cded15875be_6cbd6357-8e9f-487d-9215-22ad1d790016,31116389-9bf1-38f5-8f82-65e7edff0731,2026-05-07,False,False,False,True,46459,2025-05-27 00:00:00,2026-04-30 23:54:00,338.0,True
5d3f50e7-31cd-45dc-8bb6-35eef8b03fe4_20663e0c-3c70-436b-ab44-cdf0744b5fd1,nycmesh-lbe-7770,5d3f50e7-31cd-45dc-8bb6-35eef8b03fe4,nycmesh-5916-south3,20663e0c-3c70-436b-ab44-cdf0744b5fd1,nycmesh-lbe-7770,40.696038,-73.939764,,67.46,40.696038,-73.939764,23.0,5.0,1.0,5290.0,ap-ptmp-airmax-mixed,-59.0,-63.0,5d3f50e7-31cd-45dc-8bb6-35eef8b03fe4_20663e0c-3c70-436b-ab44-cdf0744b5fd1,9b5a13d3-83b0-3290-a504-495d9f7a615a,2026-05-07,False,False,False,True,353437,2023-12-01 00:00:24,2023-11-30 23:59:28,-1.0,True
5d3f50e7-31cd-45dc-8bb6-35eef8b03fe4_3692d735-2587-4d32-9bc5-5743d50b5af4,nycmesh-lbe-480,5d3f50e7-31cd-45dc-8bb6-35eef8b03fe4,nycmesh-5916-south3,3692d735-2587-4d32-9bc5-5743d50b5af4,nycmesh-lbe-480,40.696038,-73.939764,,67.46,40.696038,-73.939764,23.0,5.0,1.0,5290.0,ap-ptmp-airmax-mixed,-59.0,-64.0,5d3f50e7-31cd-45dc-8bb6-35eef8b03fe4_3692d735-2587-4d32-9bc5-5743d50b5af4,eb14c6a5-dcc5-3cf1-8355-e8c482ae8a94,2026-05-07,False,False,False,True,353469,2023-12-01 00:00:16,2023-11-30 23:59:12,-1.0,True
5d3f50e7-31cd-45dc-8bb6-35eef8b03fe4_666c19e8-9455-4f23-903e-5b2279f886e1,,5d3f50e7-31cd-45dc-8bb6-35eef8b03fe4,nycmesh-5916-south3,666c19e8-9455-4f23-903e-5b2279f886e1,nycmesh-lbe-341,40.696038,-73.939764,,67.46,40.696038,-73.939764,23.0,5.0,1.0,5290.0,ap-ptmp-airmax-mixed,-59.0,-66.0,5d3f50e7-31cd-45dc-8bb6-35eef8b03fe4_666c19e8-9455-4f23-903e-5b2279f886e1,190bd57f-691a-38d8-ae6b-7fcbb2921cc5,2025-09-30,False,False,False,True,2797,2025-09-01 00:00:00,2025-09-30 19:42:00,29.0,True
5d3f50e7-31cd-45dc-8bb6-35eef8b03fe4_9c10ccad-fb4c-489c-902b-d46999f71d33,nycmesh-5916-south3,5d3f50e7-31cd-45dc-8bb6-35eef8b03fe4,nycmesh-5916-south3,9c10ccad-fb4c-489c-902b-d46999f71d33,nycmesh-lbe-2012,40.696038,-73.939764,,67.46,40.689,-73.939,23.0,5.0,1.0,5290.0,ap-ptmp-airmax-mixed,-59.0,-59.0,5d3f50e7-31cd-45dc-8bb6-35eef8b03fe4_9c10ccad-fb4c-489c-902b-d46999f71d33,18b04ab5-f636-3178-ab61-681ad21d5ffe,2026-05-07,False,False,False,True,346829,2023-12-01 00:00:24,2023-11-30 23:59:20,-1.0,True
5d3f50e7-31cd-45dc-8bb6-35eef8b03fe4_e9a0af57-33e9-42dc-92ea-8eff30da1651,nycmesh-lbe-147,5d3f50e7-31cd-45dc-8bb6-35eef8b03fe4,nycmesh-5916-south3,e9a0af57-33e9-42dc-92ea-8eff30da1651,nycmesh-lbe-147,40.696038,-73.939764,,67.46,40.696038,-73.939764,23.0,5.0,1.0,5290.0,ap-ptmp-airmax-mixed,-59.0,-64.0,5d3f50e7-31cd-45dc-8bb6-35eef8b03fe4_e9a0af57-33e9-42dc-92ea-8eff30da1651,5a49d77b-3c70-3cd9-b5a1-cc2a05476f5d,2026-05-07,False,False,False,True,341243,2023-12-01 00:00:00,2023-11-30 23:58:56,-1.0,True
5f280691-5063-4c95-b3ca-ce28466a4bca_223756b7-4353-4031-81b3-d47a10d2a865,nycmesh-691-southwest,5f280691-5063-4c95-b3ca-ce28466a4bca,nycmesh-691-southwest,223756b7-4353-4031-81b3-d47a10d2a865,nycmesh-pb-693,40.7029,-73.9192,,20.0,40.701,-73.9218,,5.0,304.42242619216006,5760.0,ap-ptmp,-45.0,-46.0,5f280691-5063-4c95-b3ca-ce28466a4bca_223756b7-4353-4031-81b3-d47a10d2a865,0558a979-7c33-3736-afb2-87771ee60698,2026-05-07,False,False,False,True,56027,2024-11-15 23:59:44,2026-04-30 23:54:00,530.0,True
5f280691-5063-4c95-b3ca-ce28466a4bca_79664c89-9df1-43d2-b390-1e200b860a2e,nycmesh-nb-695,5f280691-5063-4c95-b3ca-ce28466a4bca,nycmesh-691-southwest,79664c89-9df1-43d2-b390-1e200b860a2e,nycmesh-nb-695,40.7029,-73.9192,,20.0,40.701,-73.9218,,5.0,304.42242619216006,5760.0,ap-ptmp,-45.0,-44.0,5f280691-5063-4c95-b3ca-ce28466a4bca_79664c89-9df1-43d2-b390-1e200b860a2e,124f38c6-38e7-368c-aa36-b68c552d3902,2026-05-07,False,False,False,True,55471,2024-11-15 23:59:28,2026-04-30 23:54:00,530.0,True
5f280691-5063-4c95-b3ca-ce28466a4bca_d9f8e12b-10d0-4f76-9401-ad0e73c6bedc,,5f280691-5063-4c95-b3ca-ce28466a4bca,nycmesh-691-southwest,d9f8e12b-10d0-4f76-9401-ad0e73c6bedc,nycmesh-lbe-821,40.7029,-73.9192,,20.0,40.7029,-73.9192,,5.0,0.0,5760.0,ap-ptmp,-45.0,-63.0,5f280691-5063-4c95-b3ca-ce28466a4bca_d9f8e12b-10d0-4f76-9401-ad0e73c6bedc,609185bb-28dc-3059-86bb-1ce130afcaf0,2026-03-10,False,False,False,True,6608,2025-09-01 00:00:00,2025-11-02 22:00:00,62.0,True
61793c9b-2512-4ae8-b6a9-c397d2490a91_c82bb62b-ddf2-4011-8556-12b170f43ef2,nycmesh-1340-west,61793c9b-2512-4ae8-b6a9-c397d2490a91,nycmesh-lbe-155,c82bb62b-ddf2-4011-8556-12b170f43ef2,nycmesh-1340-west,40.679873,-73.942457,18.0,10.0,40.686016,-73.917493,,53.3,2213.0746663669634,5570.0,sta-ptmp,-69.0,-67.0,61793c9b-2512-4ae8-b6a9-c397d2490a91_c82bb62b-ddf2-4011-8556-12b170f43ef2,d41517ed-657c-3cc6-b1f0-68ec0baf1982,2026-05-07,False,False,False,True,147848,2024-05-13 19:46:08,2026-04-30 23:54:00,717.0,True
62bc0c2d-3458-4451-acba-2f31f50c0ce4_9accd84c-9df4-4719-acd2-e5cc83b50e28,,62bc0c2d-3458-4451-acba-2f31f50c0ce4,nycmesh-5916-ltulr-1417,9accd84c-9df4-4719-acd2-e5cc83b50e28,nycmesh-1417-ltulr-5916,40.696038,-73.939764,,67.46,40.71363,-73.935641,7.0,14.0,1986.0,5300.0,ap-ptp,-46.0,-44.0,62bc0c2d-3458-4451-acba-2f31f50c0ce4_9accd84c-9df4-4719-acd2-e5cc83b50e28,c27032ec-5856-36e2-b5fb-75fc8bf5fa36,2025-10-28,False,False,False,True,3723,2025-10-01 00:00:00,2025-10-26 23:54:00,25.0,True
67bcd939-6734-41e7-8845-aba2dfe120f9_10ee4aff-c2aa-4cd0-95e7-367a6d9e7b36,nycmesh-lbelr-5089,67bcd939-6734-41e7-8845-aba2dfe120f9,nycmesh-2701-southeast,10ee4aff-c2aa-4cd0-95e7-367a6d9e7b36,nycmesh-lbelr-5089,40.6478,-74.0007,45.0,10.0,40.6343,-73.973,45.0,5.0,1.0,5760.0,ap-ptmp-airmax-mixed,-68.0,-59.0,67bcd939-6734-41e7-8845-aba2dfe120f9_10ee4aff-c2aa-4cd0-95e7-367a6d9e7b36,a0907942-d582-39a8-9e84-49cc630a5969,2026-05-07,False,False,False,True,354583,2023-12-01 00:00:00,2023-11-30 23:59:04,-1.0,True
67bcd939-6734-41e7-8845-aba2dfe120f9_2a5528c2-d9bf-44d9-967f-0ab8b0e8d3e9,nycmesh-nsl-941,67bcd939-6734-41e7-8845-aba2dfe120f9,nycmesh-2701-southeast,2a5528c2-d9bf-44d9-967f-0ab8b0e8d3e9,nycmesh-nsl-941,40.6478,-74.0007,45.0,10.0,40.6478,-74.0008,45.0,5.0,1.0,5760.0,ap-ptmp-airmax-mixed,-57.0,-38.0,67bcd939-6734-41e7-8845-aba2dfe120f9_2a5528c2-d9bf-44d9-967f-0ab8b0e8d3e9,ed29f047-fb8d-3f9a-9382-bbcbdf2d90a1,2026-05-07,False,False,False,True,13368,2026-03-01 00:00:00,2026-04-25 17:00:00,55.0,True
67bcd939-6734-41e7-8845-aba2dfe120f9_362e4ab8-606c-4180-ad13-6314c4139082,nycmesh-2701-southeast,67bcd939-6734-41e7-8845-aba2dfe120f9,nycmesh-2701-southeast,362e4ab8-606c-4180-ad13-6314c4139082,nycmesh-lbe-531,40.6478,-74.0007,45.0,10.0,40.647,-74.0,45.0,5.0,1.0,5760.0,ap-ptmp-airmax-mixed,-49.0,-32.0,67bcd939-6734-41e7-8845-aba2dfe120f9_362e4ab8-606c-4180-ad13-6314c4139082,173f85a3-5fc9-3650-ae0c-bc390e7e60b4,2026-05-07,False,False,False,True,41577,2025-08-19 00:00:00,2026-04-30 23:54:00,254.0,True
67bcd939-6734-41e7-8845-aba2dfe120f9_7f12f01f-6dd4-4a9c-86e8-b93674e410e5,nycmesh-lbe-245,67bcd939-6734-41e7-8845-aba2dfe120f9,nycmesh-2701-southeast,7f12f01f-6dd4-4a9c-86e8-b93674e410e5,nycmesh-lbe-245,40.6478,-74.0007,45.0,10.0,40.6472,-74.0008,45.0,5.0,1.0,5760.0,ap-ptmp-airmax-mixed,-48.0,-31.0,67bcd939-6734-41e7-8845-aba2dfe120f9_7f12f01f-6dd4-4a9c-86e8-b93674e410e5,e12ec5a9-75e1-33be-b807-b818aee775f9,2026-05-07,False,False,False,True,339774,2023-12-01 00:00:40,2023-11-30 23:59:44,-1.0,True
67bcd939-6734-41e7-8845-aba2dfe120f9_a90e8904-0798-4072-a8c5-28b6cd247471,nycmesh-lbe-648,67bcd939-6734-41e7-8845-aba2dfe120f9,nycmesh-2701-southeast,a90e8904-0798-4072-a8c5-28b6cd247471,nycmesh-lbe-648,40.6478,-74.0007,45.0,10.0,40.6478,-74.0008,45.0,25.0,989.0,5760.0,ap-ptmp-airmax-mixed,-58.0,-52.0,67bcd939-6734-41e7-8845-aba2dfe120f9_a90e8904-0798-4072-a8c5-28b6cd247471,2035999f-4a25-322b-a7da-2f7db98132c2,2026-05-07,False,False,False,True,60130,2024-08-08 23:59:36,2026-04-30 23:54:00,629.0,True
67bcd939-6734-41e7-8845-aba2dfe120f9_b595556d-1f79-4ed7-afcf-858d2cfe3460,nycmesh-pbe-527,67bcd939-6734-41e7-8845-aba2dfe120f9,nycmesh-2701-southeast,b595556d-1f79-4ed7-afcf-858d2cfe3460,nycmesh-pbe-527,40.6478,-74.0007,45.0,10.0,40.635,-73.9504,,10.0,4495.0,5760.0,ap-ptmp-airmax-mixed,-75.0,-70.0,67bcd939-6734-41e7-8845-aba2dfe120f9_b595556d-1f79-4ed7-afcf-858d2cfe3460,73169fdc-b3cb-36d9-9410-68b6537fd947,2026-05-07,False,False,False,True,343553,2023-12-01 00:00:48,2023-11-30 23:59:52,-1.0,True
67c600e1-20de-4d70-88c4-04948195d890_894ee0d9-2d2b-425a-bcf5-13a6920cad6d,nycmesh-649-west,67c600e1-20de-4d70-88c4-04948195d890,nycmesh-649-west,894ee0d9-2d2b-425a-bcf5-13a6920cad6d,nycmesh-lbe-837,40.660151,-73.940068,,10.0,40.6602,-73.9401,,5.0,6.080508044460312,5530.0,ap-ptmp-airmax-mixed,-67.0,-54.0,67c600e1-20de-4d70-88c4-04948195d890_894ee0d9-2d2b-425a-bcf5-13a6920cad6d,00e18716-0423-3adb-a678-a9b8aeedca3d,2026-05-07,False,False,False,True,58238,2024-08-17 23:59:28,2026-04-30 23:54:00,620.0,True
67c600e1-20de-4d70-88c4-04948195d890_e5a415f3-f1cb-45a8-9e9e-1f6a9a12a1bf,nycmesh-lbe-651,67c600e1-20de-4d70-88c4-04948195d890,nycmesh-649-west,e5a415f3-f1cb-45a8-9e9e-1f6a9a12a1bf,nycmesh-lbe-651,40.660151,-73.940068,,10.0,40.6602,-73.9401,,5.0,6.080508044460312,5530.0,ap-ptmp-airmax-mixed,-67.0,-65.0,67c600e1-20de-4d70-88c4-04948195d890_e5a415f3-f1cb-45a8-9e9e-1f6a9a12a1bf,9048014c-59f0-335e-901c-b4ccf36d0ff0,2026-05-07,False,False,False,True,59183,2024-08-17 23:59:12,2026-04-30 23:54:00,620.0,True
68b3fc90-93e0-49a4-900f-e9df98fb9361_150bd10f-234e-4b29-b982-642013227297,nycmesh-lbe-750,68b3fc90-93e0-49a4-900f-e9df98fb9361,nycmesh-5916-west1,150bd10f-234e-4b29-b982-642013227297,nycmesh-lbe-750,40.696067,-73.93987,,67.46,40.695935,-73.93972,23.0,5.0,1.0,5710.0,ap-ptmp-airmax-mixed,-61.0,-58.0,68b3fc90-93e0-49a4-900f-e9df98fb9361_150bd10f-234e-4b29-b982-642013227297,a90ad90c-d9d8-3d7b-a14b-55e0a4f1a6cd,2026-05-07,False,False,False,True,27576,2025-02-03 00:00:00,2026-01-17 02:00:00,348.0,True
68b3fc90-93e0-49a4-900f-e9df98fb9361_3d20a9bf-9804-4818-a28f-22fd23b3e258,nycmesh-lbe-6732,68b3fc90-93e0-49a4-900f-e9df98fb9361,nycmesh-5916-west1,3d20a9bf-9804-4818-a28f-22fd23b3e258,nycmesh-lbe-6732,40.696067,-73.93987,,67.46,40.696038,-73.939764,23.0,5.0,1.0,5710.0,ap-ptmp-airmax-mixed,-62.0,-58.0,68b3fc90-93e0-49a4-900f-e9df98fb9361_3d20a9bf-9804-4818-a28f-22fd23b3e258,54d6b16d-b0f0-3d12-9e68-324e3c18abc1,2026-05-07,False,False,False,True,41579,2025-08-18 15:36:00,2026-04-30 23:54:00,255.0,True
68b3fc90-93e0-49a4-900f-e9df98fb9361_48dc21dd-c34b-48cb-a439-9175f616a4d6,,68b3fc90-93e0-49a4-900f-e9df98fb9361,nycmesh-5916-west1,48dc21dd-c34b-48cb-a439-9175f616a4d6,nycmesh-lbe-799,40.696027,-73.939855,,67.46,40.696,-73.9398,23.0,5.0,1.0,5710.0,ap-ptmp-airmax-mixed,-66.0,-64.0,68b3fc90-93e0-49a4-900f-e9df98fb9361_48dc21dd-c34b-48cb-a439-9175f616a4d6,cb826a22-49e3-32a7-a1f0-27d2d7874197,2026-03-10,False,False,False,True,12441,2025-09-01 00:00:00,2025-12-02 23:54:00,92.0,True
68b3fc90-93e0-49a4-900f-e9df98fb9361_58e28d72-2fc9-47d9-a814-23adb64a01d8,nycmesh-lbelr2-854,68b3fc90-93e0-49a4-900f-e9df98fb9361,nycmesh-5916-west1,58e28d72-2fc9-47d9-a814-23adb64a01d8,nycmesh-lbelr2-854,40.696067,-73.93987,,67.46,40.711568,-73.946966,,10.0,1830.0,5710.0,ap-ptmp-airmax-mixed,-79.0,-70.0,68b3fc90-93e0-49a4-900f-e9df98fb9361_58e28d72-2fc9-47d9-a814-23adb64a01d8,2d53aa49-42ad-3ffc-bd79-800bd4860ceb,2026-05-07,False,False,False,True,43862,2025-08-02 00:00:00,2026-04-30 23:54:00,271.0,True
68b3fc90-93e0-49a4-900f-e9df98fb9361_7955d767-3b38-430a-a237-4aa2953c019d,nycmesh-5916-west1,68b3fc90-93e0-49a4-900f-e9df98fb9361,nycmesh-5916-west1,7955d767-3b38-430a-a237-4aa2953c019d,nycmesh-lbe-618,40.696067,-73.93987,,67.46,40.696,-73.9398,23.0,5.0,1.0,5710.0,ap-ptmp-airmax-mixed,-76.0,-69.0,68b3fc90-93e0-49a4-900f-e9df98fb9361_7955d767-3b38-430a-a237-4aa2953c019d,16470e82-3e41-3519-9a0b-0669b46bdc68,2026-05-07,False,False,False,True,308410,2024-01-01 00:00:32,2026-04-30 23:54:00,850.0,True
68b3fc90-93e0-49a4-900f-e9df98fb9361_ad990975-b999-47a6-8118-958f60fd0092,nycmesh-lbe-629,68b3fc90-93e0-49a4-900f-e9df98fb9361,nycmesh-5916-west1,ad990975-b999-47a6-8118-958f60fd0092,nycmesh-lbe-629,40.696067,-73.93987,,67.46,40.696,-73.9398,23.0,5.0,1.0,5710.0,ap-ptmp-airmax-mixed,-72.0,-68.0,68b3fc90-93e0-49a4-900f-e9df98fb9361_ad990975-b999-47a6-8118-958f60fd0092,9cc806cd-5a45-320f-826f-ebe0fc54c924,2026-05-07,False,False,False,True,85321,2024-06-25 17:22:16,2026-04-30 23:54:00,674.0,True
68b3fc90-93e0-49a4-900f-e9df98fb9361_b32e0d08-e837-4de3-94e2-ddc3c7c6576d,nycmesh-lbe-569,68b3fc90-93e0-49a4-900f-e9df98fb9361,nycmesh-5916-west1,b32e0d08-e837-4de3-94e2-ddc3c7c6576d,nycmesh-lbe-569,40.696067,-73.93987,,67.46,40.696,-73.9398,23.0,5.0,1.0,5710.0,ap-ptmp-airmax-mixed,-66.0,-58.0,68b3fc90-93e0-49a4-900f-e9df98fb9361_b32e0d08-e837-4de3-94e2-ddc3c7c6576d,5fb27557-9188-3b2c-b181-da0c413b37c7,2026-05-07,False,False,False,True,322037,2024-01-01 00:00:08,2026-04-30 23:54:00,850.0,True
69fb29ed-89db-46e6-b5b5-2b6bd063ed9a_923cd9e8-7794-4a86-93d1-6751c16e97d7,nycmesh-lbe-839,69fb29ed-89db-46e6-b5b5-2b6bd063ed9a,nycmesh-2282-southeast,923cd9e8-7794-4a86-93d1-6751c16e97d7,nycmesh-lbe-839,40.682874,-73.993678,13.0,18.29,40.681869,-73.994017,13.0,5.0,1.0,5710.0,ap-ptmp-airmax-mixed,-58.0,-59.0,69fb29ed-89db-46e6-b5b5-2b6bd063ed9a_923cd9e8-7794-4a86-93d1-6751c16e97d7,24523aae-2b8a-3faa-8cd8-442db4ad2f01,2026-05-07,False,False,False,True,348865,2023-12-01 00:00:16,2023-11-30 23:59:12,-1.0,True
6bdaa816-ebe8-4ca7-bd84-412859705b80_0ee15d1b-2a6d-401b-af0d-b4e273c3f7b7,,6bdaa816-ebe8-4ca7-bd84-412859705b80,nycmesh-1971-southwest,0ee15d1b-2a6d-401b-af0d-b4e273c3f7b7,nycmesh-lbe-1440,40.712811,-73.994744,10.0,30.0,40.712811,-73.994744,,5.0,1.0,5560.0,ap-ptmp-airmax-mixed,-62.0,-65.0,6bdaa816-ebe8-4ca7-bd84-412859705b80_0ee15d1b-2a6d-401b-af0d-b4e273c3f7b7,13d3e6df-5077-3b36-90aa-9b3728b17d0e,2025-10-14,False,False,False,True,2855,2025-09-01 00:00:00,2025-09-30 23:54:00,29.0,True
6bdaa816-ebe8-4ca7-bd84-412859705b80_58af147b-e799-4889-8b89-0332a50a7002,,6bdaa816-ebe8-4ca7-bd84-412859705b80,nycmesh-1971-southwest,58af147b-e799-4889-8b89-0332a50a7002,nycmesh-lbe-4922,40.712811,-73.994744,10.0,30.0,40.712811,-73.994744,,5.0,1.0,5560.0,ap-ptmp-airmax-mixed,-66.0,-72.0,6bdaa816-ebe8-4ca7-bd84-412859705b80_58af147b-e799-4889-8b89-0332a50a7002,5d17e98a-e468-3e33-83c0-ca30bfe3289b,2025-09-30,False,False,False,True,2835,2025-09-01 00:00:00,2025-09-30 23:54:00,29.0,True
6bdaa816-ebe8-4ca7-bd84-412859705b80_a11c8b73-c718-4eef-ae58-ff85ca0a8ec0,nycmesh-1971-southwest,6bdaa816-ebe8-4ca7-bd84-412859705b80,nycmesh-1971-southwest,a11c8b73-c718-4eef-ae58-ff85ca0a8ec0,nycmesh-lbelr-136,40.712811,-73.994744,10.0,30.0,40.712811,-73.994744,,5.0,1.0,5560.0,ap-ptmp-airmax-ac,-58.0,-73.0,6bdaa816-ebe8-4ca7-bd84-412859705b80_a11c8b73-c718-4eef-ae58-ff85ca0a8ec0,63d96978-bbd4-3cd6-8672-3aa19838e8fd,2026-05-07,False,False,False,True,286425,2024-01-28 09:30:00,2026-04-30 23:54:00,823.0,True
6bdaa816-ebe8-4ca7-bd84-412859705b80_f134993b-a0e6-44ac-93a7-8c67849c5a85,nycmesh-lbe-248,6bdaa816-ebe8-4ca7-bd84-412859705b80,nycmesh-1971-southwest,f134993b-a0e6-44ac-93a7-8c67849c5a85,nycmesh-lbe-248,40.712811,-73.994744,10.0,30.0,40.7128,-73.9947,10.0,5.0,1.0,5560.0,ap-ptmp-airmax-ac,-60.0,-61.0,6bdaa816-ebe8-4ca7-bd84-412859705b80_f134993b-a0e6-44ac-93a7-8c67849c5a85,d75b9228-2500-3a25-8739-02c472e2a0bb,2026-05-07,False,False,False,True,343270,2023-12-01 00:00:40,2023-11-30 23:59:36,-1.0,True
6bdaa816-ebe8-4ca7-bd84-412859705b80_f9af1b63-a8db-44f7-80b5-79afc77b8f7a,nycmesh-lbe-1329,6bdaa816-ebe8-4ca7-bd84-412859705b80,nycmesh-1971-southwest,f9af1b63-a8db-44f7-80b5-79afc77b8f7a,nycmesh-lbe-1329,40.712811,-73.994744,10.0,30.0,40.711759,-73.99498,10.0,8.0,585.0,5560.0,ap-ptmp-airmax-ac,-68.0,-68.0,6bdaa816-ebe8-4ca7-bd84-412859705b80_f9af1b63-a8db-44f7-80b5-79afc77b8f7a,d54466c1-bf6d-385f-9c96-3e6e8ddfc965,2026-05-07,False,False,False,True,345936,2023-12-01 00:00:16,2023-11-30 23:59:12,-1.0,True
6c7c7fb3-55c1-4493-b96d-bd0bd2282db2_145789f8-182e-405c-bba0-a66f022b7b7c,nycmesh-lbe-304,6c7c7fb3-55c1-4493-b96d-bd0bd2282db2,nycmesh-1933-east-s2,145789f8-182e-405c-bba0-a66f022b7b7c,nycmesh-lbe-304,40.715467,-73.984401,,97.0,40.7154671,-73.9844008,,8.0,0.0201934488953462,5560.0,ap-ptmp-airmax-mixed,-72.0,-73.0,6c7c7fb3-55c1-4493-b96d-bd0bd2282db2_145789f8-182e-405c-bba0-a66f022b7b7c,99299ac6-4b0f-3baa-bfc6-7f89f69e7707,2026-05-07,False,False,False,True,353201,2023-12-01 00:00:32,2023-11-30 23:59:28,-1.0,True
6c7c7fb3-55c1-4493-b96d-bd0bd2282db2_5a74a99a-773f-44a8-96e8-d9820565badc,nycmesh-lbe-863,6c7c7fb3-55c1-4493-b96d-bd0bd2282db2,nycmesh-1933-east-s2,5a74a99a-773f-44a8-96e8-d9820565badc,nycmesh-lbe-863,40.715467,-73.984401,,97.0,40.7155,-73.9844,,8.0,3.670400353959759,5560.0,ap-ptmp-airmax-mixed,-64.0,-65.0,6c7c7fb3-55c1-4493-b96d-bd0bd2282db2_5a74a99a-773f-44a8-96e8-d9820565badc,8c40667f-e483-3b2f-b3eb-d38f494d2fff,2026-05-07,False,False,False,True,44911,2025-07-28 17:00:00,2026-04-30 23:54:00,276.0,True
6c7c7fb3-55c1-4493-b96d-bd0bd2282db2_9b49571b-b55b-4639-9e68-2dc112b4b3e5,nycmesh-1933-east-s2,6c7c7fb3-55c1-4493-b96d-bd0bd2282db2,nycmesh-1933-east-s2,9b49571b-b55b-4639-9e68-2dc112b4b3e5,nycmesh-lbelr-168,40.715467,-73.984401,,97.0,40.709792,-73.958118,,10.0,2307.0,5560.0,ap-ptmp-airmax-mixed,-67.0,-64.0,6c7c7fb3-55c1-4493-b96d-bd0bd2282db2_9b49571b-b55b-4639-9e68-2dc112b4b3e5,49d8e283-f94d-3d53-92aa-14aa9d6cd66f,2026-05-07,False,False,False,True,45657,2025-06-26 19:00:00,2026-04-30 23:54:00,308.0,True
6c7c7fb3-55c1-4493-b96d-bd0bd2282db2_daa0f02b-e292-4a8e-afd6-79c07f94df0e,nycmesh-lbe-2741,6c7c7fb3-55c1-4493-b96d-bd0bd2282db2,nycmesh-1933-east-s2,daa0f02b-e292-4a8e-afd6-79c07f94df0e,nycmesh-lbe-2741,40.715467,-73.984401,,97.0,40.718978,-73.958505,,8.0,2217.1292980349895,5560.0,ap-ptmp-airmax-mixed,-69.0,-69.0,6c7c7fb3-55c1-4493-b96d-bd0bd2282db2_daa0f02b-e292-4a8e-afd6-79c07f94df0e,e1b76df6-f58d-3d2c-b16f-885ed1db9865,2026-05-07,False,False,False,True,313742,2023-12-01 00:00:00,2023-11-30 23:59:04,-1.0,True
6e1b70af-ea3a-4564-a1fe-af590d68a56d_06593603-aac3-4bd6-a78d-c10f586aba80,nycmesh-2701-wavenano-648,6e1b70af-ea3a-4564-a1fe-af590d68a56d,nycmesh-2701-wavenano-648,06593603-aac3-4bd6-a78d-c10f586aba80,nycmesh-648-wavenano-2701,40.647777,-74.000722,45.0,72.0,40.639918,-73.99654,,58.7,942.425441959032,68040.0,sta-ptp,-37.0,-37.0,6e1b70af-ea3a-4564-a1fe-af590d68a56d_06593603-aac3-4bd6-a78d-c10f586aba80,5c955e14-0abc-30a6-8bde-3016223cd39f,2026-05-07,False,False,False,True,0,,,,False
6f6fc142-0052-4dd3-ae95-63851ad54e1b_428003b2-399b-4b48-81a3-907df8eb87e1,nycmesh-2463-gbep-2274,6f6fc142-0052-4dd3-ae95-63851ad54e1b,nycmesh-2463-gbep-2274,428003b2-399b-4b48-81a3-907df8eb87e1,nycmesh-2274-gbep-2463,40.720668,-73.988049,11.0,0.0,40.725903,-73.983635,,0.0,744.0,62640.0,ap-ptp,-57.0,-56.0,6f6fc142-0052-4dd3-ae95-63851ad54e1b_428003b2-399b-4b48-81a3-907df8eb87e1,008a1966-2f34-3385-986b-13d602d42ba3,2026-05-07,False,False,False,True,0,,,,False
7450eaef-3a24-4cd4-82b4-a3faf84b6a67_09e53032-ef9d-4449-acaa-147a45b1deb9,nycmesh-lbe-4507,7450eaef-3a24-4cd4-82b4-a3faf84b6a67,nycmesh-lbe-4507,09e53032-ef9d-4449-acaa-147a45b1deb9,nycmesh-486-south,40.6555,-73.9592,,10.0,40.658948,-73.96112,,10.0,416.2055735874938,5500.0,sta-ptmp,-56.0,-55.0,7450eaef-3a24-4cd4-82b4-a3faf84b6a67_09e53032-ef9d-4449-acaa-147a45b1deb9,0b2f473d-23cc-3ad2-bb96-bfb08a707f23,2026-05-07,False,False,False,True,49862,2025-03-09 00:00:00,2026-04-30 23:54:00,417.0,True
7703cd0d-0513-4590-8d89-48e32cf0b652_9bb3a58f-c6a4-4393-8f71-d3ef1c5f6dd1,nycmesh-5916-gbe-s-sw,7703cd0d-0513-4590-8d89-48e32cf0b652,nycmesh-5916-gbe-sw-s,9bb3a58f-c6a4-4393-8f71-d3ef1c5f6dd1,nycmesh-5916-gbe-s-sw,40.696038,-73.939764,23.0,67.46,40.696038,-73.939764,23.0,67.46,0.0,64800.0,sta-ptp,-58.0,-56.0,7703cd0d-0513-4590-8d89-48e32cf0b652_9bb3a58f-c6a4-4393-8f71-d3ef1c5f6dd1,3165f04c-9a4a-3af6-abce-313e27aa7c1c,2026-05-07,False,False,False,True,360700,2023-12-01 00:00:00,2023-11-30 23:58:56,-1.0,True
7894a19b-b729-4350-8a79-367c890f1442_a90838c1-42b4-47c0-908f-745d23131d6e,nycmesh-155-south,7894a19b-b729-4350-8a79-367c890f1442,nycmesh-155-south,a90838c1-42b4-47c0-908f-745d23131d6e,nycmesh-lbe-469,40.679873,-73.942457,18.0,10.0,40.6799,-73.9425,18.0,5.0,1.0,5820.0,ap-ptmp,-53.0,-46.0,7894a19b-b729-4350-8a79-367c890f1442_a90838c1-42b4-47c0-908f-745d23131d6e,198866f4-4dce-3574-bd05-6b0559492748,2026-05-07,False,False,False,True,340540,2023-12-01 00:00:00,2023-11-30 23:58:56,-1.0,True
7adf0e38-79e9-4b45-9421-4371643cd4f0_a6a50739-7832-4fa0-ad9b-3ee7ab7c7344,nycmesh-lbe-6925,7adf0e38-79e9-4b45-9421-4371643cd4f0,nycmesh-7512-southwest,a6a50739-7832-4fa0-ad9b-3ee7ab7c7344,nycmesh-lbe-6925,40.698383,-73.972688,,10.0,40.6983825,-73.9726875,,5.0,1.0,5560.0,ap-ptmp-airmax-mixed,,-59.0,7adf0e38-79e9-4b45-9421-4371643cd4f0_a6a50739-7832-4fa0-ad9b-3ee7ab7c7344,2199d19e-3a9f-3ac0-a592-88c338a6469d,2026-05-07,False,False,False,True,56253,2023-12-01 00:00:16,2023-11-30 23:59:20,-1.0,True
7aeddb2e-9508-476a-907d-e7089c2569bc_7ac94d3a-6d8f-48fa-9eab-f8f18d7c9579,nycmesh-921-af60lr,7aeddb2e-9508-476a-907d-e7089c2569bc,nycmesh-5916-waveap-northeast,7ac94d3a-6d8f-48fa-9eab-f8f18d7c9579,nycmesh-921-af60lr,40.696247,-73.939965,,62.3,40.714514,-73.914371,,22.6,3659.0,68040.0,ap-ptmp,-60.0,-55.0,7aeddb2e-9508-476a-907d-e7089c2569bc_7ac94d3a-6d8f-48fa-9eab-f8f18d7c9579,f4bfbe90-5cf7-4df9-9c97-d31e571fbe14,2026-05-07,False,False,False,True,0,,,,False
7aeddb2e-9508-476a-907d-e7089c2569bc_9080c01f-13f8-4a8b-b418-0e4187289f32,nycmesh-664-af60lr,7aeddb2e-9508-476a-907d-e7089c2569bc,nycmesh-5916-waveap-northeast,9080c01f-13f8-4a8b-b418-0e4187289f32,nycmesh-664-af60lr,40.696247,-73.939965,,62.3,40.705706,-73.9152,,37.3,2326.0,68040.0,ap-ptmp,-60.0,-65.0,7aeddb2e-9508-476a-907d-e7089c2569bc_9080c01f-13f8-4a8b-b418-0e4187289f32,999a9102-58b5-31ff-802a-262aef3214f3,2026-05-07,False,False,False,True,0,,,,False
7aeddb2e-9508-476a-907d-e7089c2569bc_bbb7f053-93c3-4ad4-85f6-460aa467abd1,nycmesh-5916-waveap-northeast,7aeddb2e-9508-476a-907d-e7089c2569bc,nycmesh-5916-waveap-northeast,bbb7f053-93c3-4ad4-85f6-460aa467abd1,nycmesh-169-af60lr,40.696247,-73.939965,,62.3,40.708582,-73.921626,8.0,30.0,2043.0,68040.0,ap-ptmp,-60.0,-57.0,7aeddb2e-9508-476a-907d-e7089c2569bc_bbb7f053-93c3-4ad4-85f6-460aa467abd1,1c5542fd-0c9d-33ec-966b-71f5bbc99373,2026-05-07,False,False,False,True,105706,2024-04-22 22:33:44,2024-07-14 23:59:28,83.0,True
7aeddb2e-9508-476a-907d-e7089c2569bc_d9d0b631-8230-43dd-a22e-b1a9045d5390,nycmesh-2482-af60lr,7aeddb2e-9508-476a-907d-e7089c2569bc,nycmesh-5916-waveap-northeast,d9d0b631-8230-43dd-a22e-b1a9045d5390,nycmesh-2482-af60lr,40.696247,-73.939965,,62.3,40.699686,-73.924371,,29.8,1367.0,68040.0,ap-ptmp,-60.0,-59.0,7aeddb2e-9508-476a-907d-e7089c2569bc_d9d0b631-8230-43dd-a22e-b1a9045d5390,2982c6cf-dff5-3745-923a-641572a0c568,2026-05-07,False,False,False,True,0,,,,False
7b044371-6cb5-46cb-992b-f6cba37500e7_077cdc3e-ecd3-4cc4-9bc1-db074623211f,nycmesh-227-ps5ac-northeast1,7b044371-6cb5-46cb-992b-f6cba37500e7,nycmesh-227-ps5ac-northeast1,077cdc3e-ecd3-4cc4-9bc1-db074623211f,nycmesh-lbe-433,40.710886,-74.001202,,161.544,40.716029,-73.989768,10.0,8.0,1.0,5305.0,ap-ptmp-airmax-mixed,-68.0,-66.0,7b044371-6cb5-46cb-992b-f6cba37500e7_077cdc3e-ecd3-4cc4-9bc1-db074623211f,1021d5df-eebf-3674-a21f-a8d821851d21,2026-05-07,False,False,False,True,358217,2023-12-01 00:00:24,2023-11-30 23:59:20,-1.0,True
7b044371-6cb5-46cb-992b-f6cba37500e7_0a174838-e193-429c-8165-a457db517678,nycmesh-lbe-1625,7b044371-6cb5-46cb-992b-f6cba37500e7,nycmesh-227-ps5ac-northeast1,0a174838-e193-429c-8165-a457db517678,nycmesh-lbe-1625,40.710886,-74.001202,,161.544,40.71231,-73.998069,10.0,8.0,1.0,5305.0,ap-ptmp-airmax-mixed,-59.0,-58.0,7b044371-6cb5-46cb-992b-f6cba37500e7_0a174838-e193-429c-8165-a457db517678,86b06bde-a2ba-33e9-90b8-b8cf6d8a9294,2026-05-07,False,False,False,True,360105,2023-12-01 00:00:24,2023-11-30 23:59:20,-1.0,True
7b044371-6cb5-46cb-992b-f6cba37500e7_17f495c8-6ffc-4eb7-a3d9-172f30036836,nycmesh-lbe-7941,7b044371-6cb5-46cb-992b-f6cba37500e7,nycmesh-227-ps5ac-northeast1,17f495c8-6ffc-4eb7-a3d9-172f30036836,nycmesh-lbe-7941,40.710886,-74.001202,,161.544,40.711954,-73.996137,10.0,8.0,1.0,5305.0,ap-ptmp-airmax-mixed,-65.0,-63.0,7b044371-6cb5-46cb-992b-f6cba37500e7_17f495c8-6ffc-4eb7-a3d9-172f30036836,16ba39d3-f22d-3970-a8fd-fbea6a0944c0,2026-05-07,False,False,False,True,316621,2023-12-01 00:00:08,2023-11-30 23:59:12,-1.0,True
7b044371-6cb5-46cb-992b-f6cba37500e7_1e9e4b13-6723-47a9-8ecb-bdbf1d53c8fb,nycmesh-lbe-517,7b044371-6cb5-46cb-992b-f6cba37500e7,nycmesh-227-ps5ac-northeast1,1e9e4b13-6723-47a9-8ecb-bdbf1d53c8fb,nycmesh-lbe-517,40.710886,-74.001202,,161.544,40.712682,-73.998146,10.0,8.0,1.0,5305.0,ap-ptmp-airmax-mixed,-59.0,-53.0,7b044371-6cb5-46cb-992b-f6cba37500e7_1e9e4b13-6723-47a9-8ecb-bdbf1d53c8fb,1f255fb3-65d3-3e52-a8dd-8c868bbad03c,2026-05-07,False,False,False,True,359408,2023-12-01 00:00:00,2023-11-30 23:59:04,-1.0,True
7b044371-6cb5-46cb-992b-f6cba37500e7_21a3af60-b696-45e5-ad9d-e27a4072c7f3,nycmesh-lbe-150,7b044371-6cb5-46cb-992b-f6cba37500e7,nycmesh-227-ps5ac-northeast1,21a3af60-b696-45e5-ad9d-e27a4072c7f3,nycmesh-lbe-150,40.710886,-74.001202,,161.544,40.713143,-73.995973,10.0,8.0,1.0,5305.0,ap-ptmp-airmax-mixed,-61.0,-58.0,7b044371-6cb5-46cb-992b-f6cba37500e7_21a3af60-b696-45e5-ad9d-e27a4072c7f3,8612f8ef-0a6b-37fe-a740-f9ecf6d63aab,2026-05-07,False,False,False,True,358311,2023-12-01 00:00:32,2023-11-30 23:59:36,-1.0,True
7b044371-6cb5-46cb-992b-f6cba37500e7_2b4ff5fb-639e-4d64-8c1c-cfa3f963d442,nycmesh-lbe-6677,7b044371-6cb5-46cb-992b-f6cba37500e7,nycmesh-227-ps5ac-northeast1,2b4ff5fb-639e-4d64-8c1c-cfa3f963d442,nycmesh-lbe-6677,40.710886,-74.001202,,161.544,40.715667,-73.991789,10.0,8.0,1.0,5305.0,ap-ptmp-airmax-mixed,-70.0,-66.0,7b044371-6cb5-46cb-992b-f6cba37500e7_2b4ff5fb-639e-4d64-8c1c-cfa3f963d442,4d9a04ce-b404-3343-a026-dd9b4bd03d79,2026-05-07,False,False,False,True,300336,2024-01-01 00:00:32,2025-11-07 20:00:00,676.0,True
7b044371-6cb5-46cb-992b-f6cba37500e7_3d4b2605-28fa-4993-814a-094bbc707ebc,,7b044371-6cb5-46cb-992b-f6cba37500e7,nycmesh-227-ps5ac-northeast1,3d4b2605-28fa-4993-814a-094bbc707ebc,nycmesh-lbelr-3,40.71107,-74.001382,,161.544,40.72487,-73.987851,,-32.0,1916.0,5305.0,ap-ptmp-airmax-mixed,-76.0,-74.0,7b044371-6cb5-46cb-992b-f6cba37500e7_3d4b2605-28fa-4993-814a-094bbc707ebc,d302c73e-ec3d-30fb-b908-957a6f234e82,2025-11-19,False,False,False,True,5040,2025-11-01 00:00:00,2025-11-30 23:54:00,29.0,True
7b044371-6cb5-46cb-992b-f6cba37500e7_4c25a662-a5f8-445c-8926-1f849dafd912,nycmesh-lbe-451,7b044371-6cb5-46cb-992b-f6cba37500e7,nycmesh-227-ps5ac-northeast1,4c25a662-a5f8-445c-8926-1f849dafd912,nycmesh-lbe-451,40.710886,-74.001202,,161.544,40.713418,-73.995217,10.0,8.0,1.0,5305.0,ap-ptmp-airmax-mixed,-61.0,-58.0,7b044371-6cb5-46cb-992b-f6cba37500e7_4c25a662-a5f8-445c-8926-1f849dafd912,4a7ee98a-2ba0-3154-b531-09771d441b31,2026-05-07,False,False,False,True,315981,2023-12-01 00:00:00,2023-11-30 23:58:56,-1.0,True
7b044371-6cb5-46cb-992b-f6cba37500e7_8034e567-a8f6-44dd-8a1a-70a10b70016b,nycmesh-lbe-1848,7b044371-6cb5-46cb-992b-f6cba37500e7,nycmesh-227-ps5ac-northeast1,8034e567-a8f6-44dd-8a1a-70a10b70016b,nycmesh-lbe-1848,40.710886,-74.001202,,161.544,40.713087,-73.996954,10.0,8.0,1.0,5305.0,ap-ptmp-airmax-mixed,-58.0,-55.0,7b044371-6cb5-46cb-992b-f6cba37500e7_8034e567-a8f6-44dd-8a1a-70a10b70016b,2bb0a069-b2ec-33b7-8753-598b63431115,2026-05-07,False,False,False,True,356870,2023-12-01 00:00:16,2023-11-30 23:59:12,-1.0,True
7b044371-6cb5-46cb-992b-f6cba37500e7_a2f78e65-e3b4-46d6-94b5-577c5423dac1,nycmesh-lbe-3531,7b044371-6cb5-46cb-992b-f6cba37500e7,nycmesh-227-ps5ac-northeast1,a2f78e65-e3b4-46d6-94b5-577c5423dac1,nycmesh-lbe-3531,40.710886,-74.001202,,161.544,40.7109,-74.0012,10.0,8.0,1.0,5305.0,ap-ptmp-airmax-mixed,-62.0,-59.0,7b044371-6cb5-46cb-992b-f6cba37500e7_a2f78e65-e3b4-46d6-94b5-577c5423dac1,e91ca8a4-9b46-3301-aeba-2f3959ebef48,2026-05-07,False,False,False,True,347126,2023-12-01 00:00:40,2023-11-30 23:59:36,-1.0,True
7bb038a4-609b-4094-a25d-7f4acea6d50e_ed6780df-4974-4de3-847c-49dbeec8a4c0,nycmesh-2090-lbe-2463,7bb038a4-609b-4094-a25d-7f4acea6d50e,nycmesh-2090-lbe-2463,ed6780df-4974-4de3-847c-49dbeec8a4c0,nycmesh-2463-lbe-2090,40.725618,-73.954074,,8.0,40.719898,-73.988024,11.0,8.0,2930.876268069924,5560.0,sta-ptp,-61.0,-62.0,7bb038a4-609b-4094-a25d-7f4acea6d50e_ed6780df-4974-4de3-847c-49dbeec8a4c0,645867cb-7d5f-3cdf-a8d1-b175cc609724,2026-05-07,False,False,False,True,602371,2023-12-01 00:00:40,2023-11-30 23:59:52,-1.0,True
7bfb4d7a-a78e-4620-a084-4d420a9d8c51_1bb715dd-9d22-4a44-a05e-096ce1eeb456,nycmesh-lbe-7591,7bfb4d7a-a78e-4620-a084-4d420a9d8c51,nycmesh-5916-south2,1bb715dd-9d22-4a44-a05e-096ce1eeb456,nycmesh-lbe-7591,40.696042,-73.9398,,67.46,40.689857,-73.946546,23.0,5.0,1.0,5550.0,ap-ptmp-airmax-mixed,-73.0,-67.0,7bfb4d7a-a78e-4620-a084-4d420a9d8c51_1bb715dd-9d22-4a44-a05e-096ce1eeb456,cf92f40e-2336-31cb-ba5f-4c2ba37443b8,2026-05-07,False,False,False,True,354213,2023-12-01 00:00:08,2023-11-30 23:59:04,-1.0,True
7bfb4d7a-a78e-4620-a084-4d420a9d8c51_1d373081-0387-4cb6-b9de-3fd5a40baa51,nycmesh-lbe-400,7bfb4d7a-a78e-4620-a084-4d420a9d8c51,nycmesh-5916-south2,1d373081-0387-4cb6-b9de-3fd5a40baa51,nycmesh-lbe-400,40.696042,-73.9398,,67.46,40.696038,-73.939764,23.0,5.0,1.0,5550.0,ap-ptmp-airmax-mixed,-65.0,-59.0,7bfb4d7a-a78e-4620-a084-4d420a9d8c51_1d373081-0387-4cb6-b9de-3fd5a40baa51,0d00c8b0-bb58-36f2-99db-7e1095fecd42,2026-05-07,False,False,False,True,256516,2024-02-22 00:27:12,2026-04-30 23:54:00,798.0,True
7bfb4d7a-a78e-4620-a084-4d420a9d8c51_21c6a6dd-0447-4525-a6a5-286dbe3c7e1d,nycmesh-lbe-7037,7bfb4d7a-a78e-4620-a084-4d420a9d8c51,nycmesh-5916-south2,21c6a6dd-0447-4525-a6a5-286dbe3c7e1d,nycmesh-lbe-7037,40.696042,-73.9398,,67.46,40.696,-73.9398,23.0,5.0,1.0,5550.0,ap-ptmp-airmax-mixed,-62.0,-56.0,7bfb4d7a-a78e-4620-a084-4d420a9d8c51_21c6a6dd-0447-4525-a6a5-286dbe3c7e1d,9f2d4ad9-2bc5-3ddb-98cb-035a0de5e8f5,2026-05-07,False,False,False,True,353406,2023-12-01 00:00:00,2023-11-30 23:58:56,-1.0,True
7bfb4d7a-a78e-4620-a084-4d420a9d8c51_338f28ee-7689-4a63-a7ae-ea0d463432e3,nycmesh-lbe-448,7bfb4d7a-a78e-4620-a084-4d420a9d8c51,nycmesh-5916-south2,338f28ee-7689-4a63-a7ae-ea0d463432e3,nycmesh-lbe-448,40.696042,-73.9398,,67.46,40.696038,-73.939764,23.0,5.0,1.0,5550.0,ap-ptmp-airmax-mixed,-67.0,-61.0,7bfb4d7a-a78e-4620-a084-4d420a9d8c51_338f28ee-7689-4a63-a7ae-ea0d463432e3,887f1e3e-3e49-3cbd-97ee-dc3aa672454a,2026-05-07,False,False,False,True,355068,2023-12-01 00:00:24,2023-11-30 23:59:20,-1.0,True
7bfb4d7a-a78e-4620-a084-4d420a9d8c51_34036505-b670-4fd1-aed7-35153d4aa5a2,nycmesh-5916-south2,7bfb4d7a-a78e-4620-a084-4d420a9d8c51,nycmesh-5916-south2,34036505-b670-4fd1-aed7-35153d4aa5a2,nycmesh-lbe-675,40.696042,-73.9398,,67.46,40.696,-73.9398,23.0,5.0,1.0,5550.0,ap-ptmp-airmax-mixed,-57.0,-50.0,7bfb4d7a-a78e-4620-a084-4d420a9d8c51_34036505-b670-4fd1-aed7-35153d4aa5a2,099ce074-1cd3-39b8-a0a6-374646aa97b6,2026-05-07,False,False,False,True,58375,2024-10-01 23:59:52,2026-04-30 23:54:00,575.0,True
7bfb4d7a-a78e-4620-a084-4d420a9d8c51_3a9f82aa-51bb-4dc4-bf5a-f8995e5c04e5,,7bfb4d7a-a78e-4620-a084-4d420a9d8c51,nycmesh-5916-south2,3a9f82aa-51bb-4dc4-bf5a-f8995e5c04e5,nycmesh-lbe-835,40.69605,-73.939787,,67.46,40.6852,-73.9546,,10.0,1735.0,5550.0,ap-ptmp-airmax-mixed,-63.0,-59.0,7bfb4d7a-a78e-4620-a084-4d420a9d8c51_3a9f82aa-51bb-4dc4-bf5a-f8995e5c04e5,570ff95a-c00d-3b09-b868-822b6a111187,2025-09-30,False,False,False,True,2318,2025-09-14 13:00:00,2025-09-30 23:54:00,16.0,True
7bfb4d7a-a78e-4620-a084-4d420a9d8c51_40b56e95-e9ee-443c-bc89-42ff8d6a37cc,nycmesh-lbe-3607,7bfb4d7a-a78e-4620-a084-4d420a9d8c51,nycmesh-5916-south2,40b56e95-e9ee-443c-bc89-42ff8d6a37cc,nycmesh-lbe-3607,40.696042,-73.9398,,67.46,40.683,-73.946,23.0,10.0,1563.0,5550.0,ap-ptmp-airmax-mixed,-66.0,-59.0,7bfb4d7a-a78e-4620-a084-4d420a9d8c51_40b56e95-e9ee-443c-bc89-42ff8d6a37cc,1f2cd20e-637e-304a-96e9-21c16caa603e,2026-05-07,False,False,False,True,25178,2025-04-22 04:00:00,2026-01-27 14:24:00,280.0,True
7bfb4d7a-a78e-4620-a084-4d420a9d8c51_41d319c7-d3cf-4c35-8086-18e218fe1e47,nycmesh-lbe-247,7bfb4d7a-a78e-4620-a084-4d420a9d8c51,nycmesh-5916-south2,41d319c7-d3cf-4c35-8086-18e218fe1e47,nycmesh-lbe-247,40.696042,-73.9398,,67.46,40.696038,-73.939764,23.0,5.0,1.0,5550.0,ap-ptmp-airmax-mixed,-63.0,-58.0,7bfb4d7a-a78e-4620-a084-4d420a9d8c51_41d319c7-d3cf-4c35-8086-18e218fe1e47,4c9a9b3b-6180-3627-adab-7198abab63f3,2026-05-07,False,False,False,True,194534,2024-04-11 10:56:08,2026-04-30 23:54:00,749.0,True
7bfb4d7a-a78e-4620-a084-4d420a9d8c51_4921b04a-1233-4930-8be8-de6c0c9e8267,nycmesh-lbe-290,7bfb4d7a-a78e-4620-a084-4d420a9d8c51,nycmesh-5916-south2,4921b04a-1233-4930-8be8-de6c0c9e8267,nycmesh-lbe-290,40.696042,-73.9398,,67.46,40.696038,-73.939764,23.0,5.0,1.0,5550.0,ap-ptmp-airmax-mixed,-67.0,-61.0,7bfb4d7a-a78e-4620-a084-4d420a9d8c51_4921b04a-1233-4930-8be8-de6c0c9e8267,48798a9d-5fd5-3ff1-bb5e-6a695444bbf5,2026-05-07,False,False,False,True,352707,2023-12-01 00:00:40,2023-11-30 23:59:36,-1.0,True
7bfb4d7a-a78e-4620-a084-4d420a9d8c51_4afd3258-48cb-41bf-aca4-94849d32cdea,nycmesh-lbe-668,7bfb4d7a-a78e-4620-a084-4d420a9d8c51,nycmesh-5916-south2,4afd3258-48cb-41bf-aca4-94849d32cdea,nycmesh-lbe-668,40.696042,-73.9398,,67.46,40.696,-73.9398,23.0,5.0,1.0,5550.0,ap-ptmp-airmax-mixed,-57.0,-53.0,7bfb4d7a-a78e-4620-a084-4d420a9d8c51_4afd3258-48cb-41bf-aca4-94849d32cdea,c29637d5-014e-3926-bc0a-0cc1ef613d56,2026-05-07,False,False,False,True,23772,2024-09-04 23:59:28,2025-10-30 18:00:00,420.0,True
7bfb4d7a-a78e-4620-a084-4d420a9d8c51_5b937066-ace3-48b2-99ce-e61ce57efed2,nycmesh-lbe-417,7bfb4d7a-a78e-4620-a084-4d420a9d8c51,nycmesh-5916-south2,5b937066-ace3-48b2-99ce-e61ce57efed2,nycmesh-lbe-417,40.696042,-73.9398,,67.46,40.685837,-73.95558,23.0,5.0,1.0,5550.0,ap-ptmp-airmax-mixed,-66.0,-59.0,7bfb4d7a-a78e-4620-a084-4d420a9d8c51_5b937066-ace3-48b2-99ce-e61ce57efed2,7d873b29-a003-3592-87de-8e253b9b4a9d,2026-05-07,False,False,False,True,352638,2023-12-01 00:00:08,2023-11-30 23:59:04,-1.0,True
7bfb4d7a-a78e-4620-a084-4d420a9d8c51_7451b3c0-ec08-4571-8301-b04277e059e8,nycmesh-lbe-7708,7bfb4d7a-a78e-4620-a084-4d420a9d8c51,nycmesh-5916-south2,7451b3c0-ec08-4571-8301-b04277e059e8,nycmesh-lbe-7708,40.696042,-73.9398,,67.46,40.691147,-73.944961,23.0,5.0,1.0,5550.0,ap-ptmp-airmax-mixed,-69.0,-62.0,7bfb4d7a-a78e-4620-a084-4d420a9d8c51_7451b3c0-ec08-4571-8301-b04277e059e8,b59c1e67-043e-3742-9a92-315f51f13137,2026-05-07,False,False,False,True,335983,2023-12-01 00:00:32,2023-11-30 23:59:28,-1.0,True
7bfb4d7a-a78e-4620-a084-4d420a9d8c51_7dc72b8c-d03f-482e-a810-6f8915f05fdb,nycmesh-lbe-4153,7bfb4d7a-a78e-4620-a084-4d420a9d8c51,nycmesh-5916-south2,7dc72b8c-d03f-482e-a810-6f8915f05fdb,nycmesh-lbe-4153,40.696042,-73.9398,,67.46,40.696038,-73.939764,23.0,5.0,1.0,5550.0,ap-ptmp-airmax-mixed,-74.0,-65.0,7bfb4d7a-a78e-4620-a084-4d420a9d8c51_7dc72b8c-d03f-482e-a810-6f8915f05fdb,b75a4f5c-2141-3b8b-ba16-d0fcc18d1983,2026-05-07,False,False,False,True,11481,2025-06-11 15:00:00,2025-11-06 02:00:00,147.0,True
7bfb4d7a-a78e-4620-a084-4d420a9d8c51_83c3f3c7-d69b-4306-a952-a64f3cf79347,nycmesh-lbe-512,7bfb4d7a-a78e-4620-a084-4d420a9d8c51,nycmesh-5916-south2,83c3f3c7-d69b-4306-a952-a64f3cf79347,nycmesh-lbe-512,40.696042,-73.9398,,67.46,40.696,-73.9398,23.0,5.0,1.0,5550.0,ap-ptmp-airmax-mixed,-73.0,-67.0,7bfb4d7a-a78e-4620-a084-4d420a9d8c51_83c3f3c7-d69b-4306-a952-a64f3cf79347,68e5b356-f5af-3ae5-8ba8-ea45cec4db69,2026-05-07,False,False,False,True,299737,2023-12-01 00:00:40,2023-11-30 23:59:44,-1.0,True
7bfb4d7a-a78e-4620-a084-4d420a9d8c51_9640ec79-b7f4-4488-bdfa-a23b204a72d1,nycmesh-lbe-930,7bfb4d7a-a78e-4620-a084-4d420a9d8c51,nycmesh-5916-south2,9640ec79-b7f4-4488-bdfa-a23b204a72d1,nycmesh-lbe-930,40.696042,-73.9398,,67.46,40.696,-73.9398,23.0,5.0,1.0,5550.0,ap-ptmp-airmax-mixed,-70.0,-62.0,7bfb4d7a-a78e-4620-a084-4d420a9d8c51_9640ec79-b7f4-4488-bdfa-a23b204a72d1,1d53c7a8-5d03-31e8-941a-54aad2ce5d67,2026-05-07,False,False,False,True,14639,2026-03-01 00:00:00,2026-04-30 23:54:00,60.0,True
7bfb4d7a-a78e-4620-a084-4d420a9d8c51_96e19086-d70f-4b2f-88d8-b9580e606028,nycmesh-lbe-436,7bfb4d7a-a78e-4620-a084-4d420a9d8c51,nycmesh-5916-south2,96e19086-d70f-4b2f-88d8-b9580e606028,nycmesh-lbe-436,40.696042,-73.9398,,67.46,40.696,-73.9398,23.0,15.0,2136.0,5550.0,ap-ptmp-airmax-mixed,-72.0,-65.0,7bfb4d7a-a78e-4620-a084-4d420a9d8c51_96e19086-d70f-4b2f-88d8-b9580e606028,550834b9-3023-3834-8ebd-132f83d6cc30,2026-05-07,False,False,False,True,212663,2023-12-01 00:00:40,2023-11-30 23:59:44,-1.0,True
7bfb4d7a-a78e-4620-a084-4d420a9d8c51_98cae4ff-b850-4fc3-b750-d13bef5f3eb0,nycmesh-lbe-439,7bfb4d7a-a78e-4620-a084-4d420a9d8c51,nycmesh-5916-south2,98cae4ff-b850-4fc3-b750-d13bef5f3eb0,nycmesh-lbe-439,40.696042,-73.9398,,67.46,40.68672,-73.95693,23.0,5.0,1.0,5550.0,ap-ptmp-airmax-mixed,-66.0,-59.0,7bfb4d7a-a78e-4620-a084-4d420a9d8c51_98cae4ff-b850-4fc3-b750-d13bef5f3eb0,2e139be0-c620-3a4c-9014-911051f38c1e,2026-05-07,False,False,False,True,349079,2023-12-01 00:00:56,2023-11-30 23:59:52,-1.0,True
7bfb4d7a-a78e-4620-a084-4d420a9d8c51_9cd5b587-9b60-455c-b65b-641c2a3c2e0c,nycmesh-lbe-358,7bfb4d7a-a78e-4620-a084-4d420a9d8c51,nycmesh-5916-south2,9cd5b587-9b60-455c-b65b-641c2a3c2e0c,nycmesh-lbe-358,40.696042,-73.9398,,67.46,40.696038,-73.939764,23.0,5.0,1.0,5550.0,ap-ptmp-airmax-mixed,-71.0,-67.0,7bfb4d7a-a78e-4620-a084-4d420a9d8c51_9cd5b587-9b60-455c-b65b-641c2a3c2e0c,e4cf26b5-2540-3836-9413-1bfa3c598a5f,2026-05-07,False,False,False,True,347705,2023-12-01 00:00:40,2023-11-30 23:59:44,-1.0,True
7bfb4d7a-a78e-4620-a084-4d420a9d8c51_9de50d59-4805-45d9-9477-1cd018ad898a,nycmesh-lbe-2827,7bfb4d7a-a78e-4620-a084-4d420a9d8c51,nycmesh-5916-south2,9de50d59-4805-45d9-9477-1cd018ad898a,nycmesh-lbe-2827,40.696042,-73.9398,,67.46,40.696,-73.9398,23.0,5.0,1.0,5550.0,ap-ptmp-airmax-mixed,-62.0,-57.0,7bfb4d7a-a78e-4620-a084-4d420a9d8c51_9de50d59-4805-45d9-9477-1cd018ad898a,dc809d16-422e-3115-a336-f3a458d6cdbd,2026-05-07,False,False,False,True,46480,2025-05-24 20:00:00,2026-04-30 23:54:00,341.0,True
7bfb4d7a-a78e-4620-a084-4d420a9d8c51_bb8bd561-cd26-4df2-9087-7151f6ab7dfd,nycmesh-lbe-541,7bfb4d7a-a78e-4620-a084-4d420a9d8c51,nycmesh-5916-south2,bb8bd561-cd26-4df2-9087-7151f6ab7dfd,nycmesh-lbe-541,40.696042,-73.9398,,67.46,40.696,-73.9398,23.0,5.0,1.0,5550.0,ap-ptmp-airmax-mixed,-73.0,-65.0,7bfb4d7a-a78e-4620-a084-4d420a9d8c51_bb8bd561-cd26-4df2-9087-7151f6ab7dfd,c9bbf5e7-166e-332c-bdf5-2a75624858e2,2026-05-07,False,False,False,True,250254,2024-02-20 20:15:36,2026-04-30 23:54:00,800.0,True
7bfb4d7a-a78e-4620-a084-4d420a9d8c51_d7b71ae2-5a08-4f87-a32a-c47dc7907dbd,nycmesh-lbe-321,7bfb4d7a-a78e-4620-a084-4d420a9d8c51,nycmesh-5916-south2,d7b71ae2-5a08-4f87-a32a-c47dc7907dbd,nycmesh-lbe-321,40.696042,-73.9398,,67.46,40.696038,-73.939764,23.0,5.0,1.0,5550.0,ap-ptmp-airmax-mixed,-70.0,-64.0,7bfb4d7a-a78e-4620-a084-4d420a9d8c51_d7b71ae2-5a08-4f87-a32a-c47dc7907dbd,cf0afb3c-6b42-3bd0-bc4d-d15e54abf97f,2026-05-07,False,False,False,True,334696,2023-12-01 00:00:00,2023-11-30 23:58:56,-1.0,True
7bfb4d7a-a78e-4620-a084-4d420a9d8c51_d95d902f-d0d2-455a-967b-53d156799753,nycmesh-lbe-1159,7bfb4d7a-a78e-4620-a084-4d420a9d8c51,nycmesh-5916-south2,d95d902f-d0d2-455a-967b-53d156799753,nycmesh-lbe-1159,40.696042,-73.9398,,67.46,40.696038,-73.939764,23.0,5.0,1.0,5550.0,ap-ptmp-airmax-mixed,-64.0,-59.0,7bfb4d7a-a78e-4620-a084-4d420a9d8c51_d95d902f-d0d2-455a-967b-53d156799753,98576354-f223-3c76-a0aa-e973df05744c,2026-05-07,False,False,False,True,308847,2023-12-01 00:00:56,2023-11-30 23:59:52,-1.0,True
7bfb4d7a-a78e-4620-a084-4d420a9d8c51_dbb22bae-728b-4976-b11c-1945cfd36614,nycmesh-lbe-1350,7bfb4d7a-a78e-4620-a084-4d420a9d8c51,nycmesh-5916-south2,dbb22bae-728b-4976-b11c-1945cfd36614,nycmesh-lbe-1350,40.696042,-73.9398,,67.46,40.687437,-73.947464,,30.0,1156.0,5550.0,ap-ptmp-airmax-mixed,-65.0,-59.0,7bfb4d7a-a78e-4620-a084-4d420a9d8c51_dbb22bae-728b-4976-b11c-1945cfd36614,116134bc-7cd0-3497-959c-3f377febd02d,2026-05-07,False,False,False,True,342141,2023-12-01 00:00:32,2023-11-30 23:59:28,-1.0,True
7bfb4d7a-a78e-4620-a084-4d420a9d8c51_ebc0357e-e575-45ae-a24f-22704504cedd,nycmesh-lbe-199,7bfb4d7a-a78e-4620-a084-4d420a9d8c51,nycmesh-5916-south2,ebc0357e-e575-45ae-a24f-22704504cedd,nycmesh-lbe-199,40.696042,-73.9398,,67.46,40.696038,-73.939764,23.0,5.0,1.0,5550.0,ap-ptmp-airmax-mixed,-62.0,-56.0,7bfb4d7a-a78e-4620-a084-4d420a9d8c51_ebc0357e-e575-45ae-a24f-22704504cedd,80f811c4-deb2-3a80-b7c9-6b8e9f6b8419,2026-05-07,False,False,False,True,319558,2023-12-01 00:00:16,2023-11-30 23:59:12,-1.0,True
7bfb4d7a-a78e-4620-a084-4d420a9d8c51_ec5afc30-6da1-4ac6-bc37-c20dac53d46d,nycmesh-lbe-7325,7bfb4d7a-a78e-4620-a084-4d420a9d8c51,nycmesh-5916-south2,ec5afc30-6da1-4ac6-bc37-c20dac53d46d,nycmesh-lbe-7325,40.696042,-73.9398,,67.46,40.689,-73.952,23.0,5.0,1310.0,5550.0,ap-ptmp-airmax-mixed,-62.0,-55.0,7bfb4d7a-a78e-4620-a084-4d420a9d8c51_ec5afc30-6da1-4ac6-bc37-c20dac53d46d,6cbbe296-c2ee-350e-99e6-f72b8e1c5bf4,2026-05-07,False,False,False,True,248785,2024-02-22 00:26:24,2026-04-30 23:54:00,798.0,True
7bfb4d7a-a78e-4620-a084-4d420a9d8c51_ecd5e611-dd00-4520-994b-ee5e72f9ae32,nycmesh-lbe-4126,7bfb4d7a-a78e-4620-a084-4d420a9d8c51,nycmesh-5916-south2,ecd5e611-dd00-4520-994b-ee5e72f9ae32,nycmesh-lbe-4126,40.696042,-73.9398,,67.46,40.696,-73.9398,23.0,10.0,1310.0,5550.0,ap-ptmp-airmax-mixed,-65.0,-60.0,7bfb4d7a-a78e-4620-a084-4d420a9d8c51_ecd5e611-dd00-4520-994b-ee5e72f9ae32,8f0f43d5-deee-3533-8c86-dc84de5022d8,2026-05-07,False,False,False,True,341190,2023-12-01 00:00:48,2023-11-30 23:59:52,-1.0,True
7bfb4d7a-a78e-4620-a084-4d420a9d8c51_fad2de9c-d704-456a-b701-90397242de4e,nycmesh-lbe-937,7bfb4d7a-a78e-4620-a084-4d420a9d8c51,nycmesh-5916-south2,fad2de9c-d704-456a-b701-90397242de4e,nycmesh-lbe-937,40.696042,-73.9398,,67.46,40.696,-73.9398,23.0,5.0,1.0,5550.0,ap-ptmp-airmax-mixed,-66.0,-62.0,7bfb4d7a-a78e-4620-a084-4d420a9d8c51_fad2de9c-d704-456a-b701-90397242de4e,746dd47b-b156-3d3e-875e-73a63d94beec,2026-05-07,False,False,False,True,13128,2026-03-01 00:00:00,2026-04-26 14:06:00,56.0,True
7c384988-9655-48a5-a9dc-c58d04cfda10_b9d74e79-958d-43da-807c-67f08b368138,,7c384988-9655-48a5-a9dc-c58d04cfda10,nycmesh-1635-gbelr-5151,b9d74e79-958d-43da-807c-67f08b368138,nycmesh-5151-gbelr-1635,40.66756,-73.98242,33.0,0.0,40.67545,-73.98061,,0.0,890.5089782260426,62640.0,sta-ptp,-59.0,-55.0,7c384988-9655-48a5-a9dc-c58d04cfda10_b9d74e79-958d-43da-807c-67f08b368138,c228f223-b033-3aeb-824c-b8ad3ff33ff5,2025-10-14,False,False,False,True,0,,,,False
7c3ac40a-a0de-4c12-969a-258e391debe3_e0acc8ec-6f21-46b9-aba4-db74c19cdd66,nycmesh-2299-ltulr-898,7c3ac40a-a0de-4c12-969a-258e391debe3,nycmesh-2299-ltulr-898,e0acc8ec-6f21-46b9-aba4-db74c19cdd66,nycmesh-898-ltulr-2299,40.861367,-73.907738,,10.0,40.830454,-73.941171,41.0,10.0,4441.194677912252,5510.0,sta-ptp,-71.0,-71.0,7c3ac40a-a0de-4c12-969a-258e391debe3_e0acc8ec-6f21-46b9-aba4-db74c19cdd66,51992b90-f15a-3f08-b472-dda4db59ec5d,2026-05-07,False,False,False,True,109422,2024-06-23 22:34:16,2026-04-30 23:54:00,676.0,True
7ca4cf74-d1b4-45a1-8a08-797d51351865_62a1d8ca-ce9b-484e-bd5c-b7c2a240d527,nycmesh-lbe-1930,7ca4cf74-d1b4-45a1-8a08-797d51351865,nycmesh-731-east,62a1d8ca-ce9b-484e-bd5c-b7c2a240d527,nycmesh-lbe-1930,40.724676,-73.98073,,8.0,40.724676,-73.98073,6.0,8.0,1.0,5545.0,ap-ptmp-airmax-mixed,0.0,-48.0,7ca4cf74-d1b4-45a1-8a08-797d51351865_62a1d8ca-ce9b-484e-bd5c-b7c2a240d527,9509ebc6-e9d1-3145-9916-9e747d4bbb2a,2026-05-07,False,False,False,True,352872,2023-12-01 00:00:00,2023-11-30 23:58:56,-1.0,True
7ca4cf74-d1b4-45a1-8a08-797d51351865_64e72aa1-8281-456f-aba5-16662bbd5975,nycmesh-nbe-621,7ca4cf74-d1b4-45a1-8a08-797d51351865,nycmesh-731-east,64e72aa1-8281-456f-aba5-16662bbd5975,nycmesh-nbe-621,40.724676,-73.98073,,8.0,40.724676,-73.98073,6.0,8.0,1.0,5545.0,ap-ptmp-airmax-mixed,0.0,-63.0,7ca4cf74-d1b4-45a1-8a08-797d51351865_64e72aa1-8281-456f-aba5-16662bbd5975,8a13361e-2afc-356c-b27c-d6aa327ffec9,2026-05-07,False,False,False,True,40446,2025-09-01 00:00:00,2026-04-30 23:54:00,241.0,True
7ca4cf74-d1b4-45a1-8a08-797d51351865_65dfa2e0-11b9-4406-9f5a-be7f7af187e0,nycmesh-lbe-138,7ca4cf74-d1b4-45a1-8a08-797d51351865,nycmesh-731-east,65dfa2e0-11b9-4406-9f5a-be7f7af187e0,nycmesh-lbe-138,40.724676,-73.98073,,8.0,40.724676,-73.98073,6.0,8.0,1.0,5545.0,ap-ptmp-airmax-mixed,0.0,-59.0,7ca4cf74-d1b4-45a1-8a08-797d51351865_65dfa2e0-11b9-4406-9f5a-be7f7af187e0,70cea53d-36b9-3fe9-a64f-26f767299130,2026-05-07,False,False,False,True,353352,2023-12-01 00:00:56,2023-11-30 23:59:52,-1.0,True
7ca4cf74-d1b4-45a1-8a08-797d51351865_88928dc4-e8e2-4f78-866d-dd29ab673eb3,nycmesh-731-east,7ca4cf74-d1b4-45a1-8a08-797d51351865,nycmesh-731-east,88928dc4-e8e2-4f78-866d-dd29ab673eb3,nycmesh-lbe-2950,40.724676,-73.98073,,8.0,40.724676,-73.98073,6.0,8.0,1.0,5545.0,ap-ptmp-airmax-mixed,0.0,-62.0,7ca4cf74-d1b4-45a1-8a08-797d51351865_88928dc4-e8e2-4f78-866d-dd29ab673eb3,188363c3-6060-3d85-920e-f131f8699929,2026-05-07,False,False,False,True,351659,2023-12-01 00:00:32,2023-11-30 23:59:36,-1.0,True
7ca4cf74-d1b4-45a1-8a08-797d51351865_89f94686-6dce-49ee-88ee-5dd45a095942,nycmesh-lbe-4441,7ca4cf74-d1b4-45a1-8a08-797d51351865,nycmesh-731-east,89f94686-6dce-49ee-88ee-5dd45a095942,nycmesh-lbe-4441,40.724676,-73.98073,,8.0,40.724,-73.9783,,5.0,814.0,5545.0,ap-ptmp-airmax-mixed,0.0,-61.0,7ca4cf74-d1b4-45a1-8a08-797d51351865_89f94686-6dce-49ee-88ee-5dd45a095942,e92152e0-78a9-3006-8f6a-013603801c47,2026-05-07,False,False,False,True,310171,2023-12-01 00:00:40,2023-11-30 23:59:36,-1.0,True
7ca4cf74-d1b4-45a1-8a08-797d51351865_91a2c449-12f3-4f6d-86b6-5fe5ffbd43b7,nycmesh-lbe-556,7ca4cf74-d1b4-45a1-8a08-797d51351865,nycmesh-731-east,91a2c449-12f3-4f6d-86b6-5fe5ffbd43b7,nycmesh-lbe-556,40.724676,-73.98073,,8.0,40.724676,-73.98073,6.0,8.0,1.0,5545.0,ap-ptmp-airmax-mixed,0.0,-62.0,7ca4cf74-d1b4-45a1-8a08-797d51351865_91a2c449-12f3-4f6d-86b6-5fe5ffbd43b7,fd4b008e-1b49-3b90-9593-820b62c309d3,2026-05-07,False,False,False,True,323273,2023-12-01 00:00:00,2023-11-30 23:59:04,-1.0,True
7ca4cf74-d1b4-45a1-8a08-797d51351865_9fc28ff8-6ff0-408e-8dce-2aa827f44382,nycmesh-lbe-1983,7ca4cf74-d1b4-45a1-8a08-797d51351865,nycmesh-731-east,9fc28ff8-6ff0-408e-8dce-2aa827f44382,nycmesh-lbe-1983,40.724676,-73.98073,,8.0,40.724676,-73.98073,6.0,8.0,1.0,5545.0,ap-ptmp-airmax-mixed,0.0,-64.0,7ca4cf74-d1b4-45a1-8a08-797d51351865_9fc28ff8-6ff0-408e-8dce-2aa827f44382,b33fe147-bcfb-35e6-ad6b-adb43f5690ab,2026-05-07,False,False,False,True,347008,2023-12-01 00:00:48,2023-11-30 23:59:44,-1.0,True
7ca4cf74-d1b4-45a1-8a08-797d51351865_acf8a5ea-901d-43b1-9e1d-c54fe2712646,nycmesh-lbe-771,7ca4cf74-d1b4-45a1-8a08-797d51351865,nycmesh-731-east,acf8a5ea-901d-43b1-9e1d-c54fe2712646,nycmesh-lbe-771,40.724676,-73.98073,,8.0,40.7247,-73.9807,6.0,8.0,1.0,5545.0,ap-ptmp-airmax-mixed,0.0,-69.0,7ca4cf74-d1b4-45a1-8a08-797d51351865_acf8a5ea-901d-43b1-9e1d-c54fe2712646,93bc3cdf-c3ec-3eba-8a35-a4ac713732ec,2026-05-07,False,False,False,True,49443,2025-03-14 23:59:20,2026-04-30 23:54:00,411.0,True
7da835e9-e0b3-4ad0-ba3e-6374e740f6b8_2e8bf071-3a54-453e-a8c8-a068bdfe86d5,nycmesh-lbe-7674,7da835e9-e0b3-4ad0-ba3e-6374e740f6b8,nycmesh-329-west,2e8bf071-3a54-453e-a8c8-a068bdfe86d5,nycmesh-lbe-7674,40.717473,-73.941814,11.0,8.0,40.7174547,-73.941827257951,,5.0,2.0,5815.0,ap-ptmp-airmax-ac,-68.0,-69.0,7da835e9-e0b3-4ad0-ba3e-6374e740f6b8_2e8bf071-3a54-453e-a8c8-a068bdfe86d5,e99472a6-b76f-3aa7-83f1-7493a40ac7ce,2026-05-07,False,False,False,True,351626,2023-12-01 00:00:08,2023-11-30 23:59:12,-1.0,True
7dda936a-fbc5-48eb-9030-dd6d3dd32a20_7cbd13d9-9e28-4291-9e80-ab9dfff2b548,nycmesh-lbe-5639,7dda936a-fbc5-48eb-9030-dd6d3dd32a20,nycmesh-407-south,7cbd13d9-9e28-4291-9e80-ab9dfff2b548,nycmesh-lbe-5639,40.713282,-73.99037,,11.42,40.7132633,-73.9903429,10.0,8.0,3.0,5560.0,ap-ptmp-airmax-mixed,-58.0,-62.0,7dda936a-fbc5-48eb-9030-dd6d3dd32a20_7cbd13d9-9e28-4291-9e80-ab9dfff2b548,5cbb9884-6155-3733-8619-e0ee537b51d3,2026-05-07,False,False,False,True,528824,2023-12-01 00:00:08,2023-11-30 23:59:36,-1.0,True
7dda936a-fbc5-48eb-9030-dd6d3dd32a20_e8ac2ef1-66c2-4ea4-82d2-f00ca1422e06,nycmesh-lbe-620,7dda936a-fbc5-48eb-9030-dd6d3dd32a20,nycmesh-407-south,e8ac2ef1-66c2-4ea4-82d2-f00ca1422e06,nycmesh-lbe-620,40.713282,-73.99037,,11.42,40.7133,-73.9904,10.0,8.0,3.0,5560.0,ap-ptmp-airmax-mixed,-58.0,-61.0,7dda936a-fbc5-48eb-9030-dd6d3dd32a20_e8ac2ef1-66c2-4ea4-82d2-f00ca1422e06,d947992c-9d28-31ab-84fd-953adedfb14c,2026-05-07,False,False,False,True,109673,2024-06-06 08:57:20,2026-04-30 23:54:00,693.0,True
7e909d93-404a-47bd-a544-efdf6ff3f120_9dfa4eae-d163-4462-93b8-ef4788ec2579,nycmesh-3-wavenano,7e909d93-404a-47bd-a544-efdf6ff3f120,nycmesh-227-waveapmicro-north,9dfa4eae-d163-4462-93b8-ef4788ec2579,nycmesh-3-wavenano,40.711178,-74.001353,10.0,180.8,40.72476,-73.988015,10.0,22.1,1916.0,69120.0,ap-ptmp,-60.0,-63.0,7e909d93-404a-47bd-a544-efdf6ff3f120_9dfa4eae-d163-4462-93b8-ef4788ec2579,6edf24a3-3cb9-32bd-aa7e-d71f901d4524,2026-05-07,False,False,False,True,2066,2026-03-01 00:06:00,2026-04-30 20:18:00,60.0,True
7e909d93-404a-47bd-a544-efdf6ff3f120_bdbfec3c-fa33-46cc-80ad-92f781cba7c0,nycmesh-544-af60lr,7e909d93-404a-47bd-a544-efdf6ff3f120,nycmesh-227-waveapmicro-north,bdbfec3c-fa33-46cc-80ad-92f781cba7c0,nycmesh-544-af60lr,40.711178,-74.001353,10.0,180.8,40.718519,-73.996174,,38.1,955.0,69120.0,ap-ptmp,-60.0,-56.0,7e909d93-404a-47bd-a544-efdf6ff3f120_bdbfec3c-fa33-46cc-80ad-92f781cba7c0,5cb7cc93-9b42-332b-8550-f370fcc06795,2026-05-07,False,False,False,True,0,,,,False
7e909d93-404a-47bd-a544-efdf6ff3f120_d9a2e922-4c12-4313-ae53-165f7938296a,nycmesh-168-wavelr,7e909d93-404a-47bd-a544-efdf6ff3f120,nycmesh-227-waveapmicro-north,d9a2e922-4c12-4313-ae53-165f7938296a,nycmesh-168-wavelr,40.711178,-74.001353,10.0,180.8,40.709885,-73.958033,,0.0,3640.0,69120.0,ap-ptmp,-60.0,-75.0,7e909d93-404a-47bd-a544-efdf6ff3f120_d9a2e922-4c12-4313-ae53-165f7938296a,14974c58-efc7-312f-8368-e889a458548e,2026-05-07,False,False,False,True,1,2026-04-30 03:06:00,2026-04-30 03:06:00,0.0,True
7fbf54a9-7877-4ab5-87e9-8bf1e7bdc00c_98fe6737-77d3-47b2-8695-8ebb77493aa9,nycmesh-6925-af60lr-1933,7fbf54a9-7877-4ab5-87e9-8bf1e7bdc00c,nycmesh-1933-af60lr-6925,98fe6737-77d3-47b2-8695-8ebb77493aa9,nycmesh-6925-af60lr-1933,40.715637,-73.984377,,94.0,40.692136,-73.968987,,46.0,2917.4972993003908,64800.0,ap-ptp,-67.0,-68.0,7fbf54a9-7877-4ab5-87e9-8bf1e7bdc00c_98fe6737-77d3-47b2-8695-8ebb77493aa9,b6fc42e6-5be7-32f3-968e-2719ff4ddeaa,2026-05-07,False,False,False,True,0,,,,False
7ff31813-0a6d-4bfd-81df-7386cde7bd4c_06c7af84-955d-42b7-89bb-0b438bde9d2f,nycmesh-lbe-672,7ff31813-0a6d-4bfd-81df-7386cde7bd4c,nycmesh-1340-north,06c7af84-955d-42b7-89bb-0b438bde9d2f,nycmesh-lbe-672,40.686016,-73.917493,,12.93,40.685823,-73.917272,,25.01,1.0,5490.0,ap-ptmp-airmax-mixed,-81.0,-81.0,7ff31813-0a6d-4bfd-81df-7386cde7bd4c_06c7af84-955d-42b7-89bb-0b438bde9d2f,f5ec5409-9791-345c-b536-6a983139d83f,2026-05-07,False,False,False,True,3766,2025-04-25 22:00:00,2025-11-17 04:06:00,205.0,True
7ff31813-0a6d-4bfd-81df-7386cde7bd4c_1d6b3ed5-7856-41f6-b05e-e4f181415e30,nycmesh-lbe-5020,7ff31813-0a6d-4bfd-81df-7386cde7bd4c,nycmesh-1340-north,1d6b3ed5-7856-41f6-b05e-e4f181415e30,nycmesh-lbe-5020,40.686016,-73.917493,,12.93,40.685823,-73.917272,,25.01,1.0,5490.0,ap-ptmp-airmax-mixed,-64.0,-66.0,7ff31813-0a6d-4bfd-81df-7386cde7bd4c_1d6b3ed5-7856-41f6-b05e-e4f181415e30,5370be2c-9c3d-30e6-b300-36ada9a47042,2026-05-07,False,False,False,True,354425,2023-12-01 00:00:32,2023-11-30 23:59:36,-1.0,True
7ff31813-0a6d-4bfd-81df-7386cde7bd4c_298cf011-258a-4a03-8972-28e2deded43c,nycmesh-lbelr-3396,7ff31813-0a6d-4bfd-81df-7386cde7bd4c,nycmesh-1340-north,298cf011-258a-4a03-8972-28e2deded43c,nycmesh-lbelr-3396,40.686016,-73.917493,,12.93,40.685823,-73.917272,,25.01,1.0,5490.0,ap-ptmp-airmax-mixed,-68.0,-79.0,7ff31813-0a6d-4bfd-81df-7386cde7bd4c_298cf011-258a-4a03-8972-28e2deded43c,f464d88b-350f-3c12-bcef-87e4d385e477,2026-05-07,False,False,False,True,350409,2023-12-01 00:00:00,2023-11-30 23:59:04,-1.0,True
7ff31813-0a6d-4bfd-81df-7386cde7bd4c_33ca23fc-7bf1-43b5-b945-266cbf539403,nycmesh-lbe-4462,7ff31813-0a6d-4bfd-81df-7386cde7bd4c,nycmesh-1340-north,33ca23fc-7bf1-43b5-b945-266cbf539403,nycmesh-lbe-4462,40.686016,-73.917493,,12.93,40.685823,-73.917272,,25.01,1.0,5490.0,ap-ptmp-airmax-mixed,-56.0,-53.0,7ff31813-0a6d-4bfd-81df-7386cde7bd4c_33ca23fc-7bf1-43b5-b945-266cbf539403,85101bc0-1395-3756-bfad-a87012e0544c,2026-05-07,False,False,False,True,351248,2023-12-01 00:00:40,2023-11-30 23:59:36,-1.0,True
7ff31813-0a6d-4bfd-81df-7386cde7bd4c_33d81a42-e8f8-4b10-893d-69fdced52831,nycmesh-lbe-5588,7ff31813-0a6d-4bfd-81df-7386cde7bd4c,nycmesh-1340-north,33d81a42-e8f8-4b10-893d-69fdced52831,nycmesh-lbe-5588,40.686016,-73.917493,,12.93,40.685823,-73.917272,,25.01,1.0,5490.0,ap-ptmp-airmax-mixed,-64.0,-64.0,7ff31813-0a6d-4bfd-81df-7386cde7bd4c_33d81a42-e8f8-4b10-893d-69fdced52831,e4121100-dbce-3f98-b4b3-1883f5ca2785,2026-05-07,False,False,False,True,352389,2023-12-01 00:00:16,2023-11-30 23:59:20,-1.0,True
7ff31813-0a6d-4bfd-81df-7386cde7bd4c_39d291df-a96c-4872-8963-b580db80606f,nycmesh-lbe-1659,7ff31813-0a6d-4bfd-81df-7386cde7bd4c,nycmesh-1340-north,39d291df-a96c-4872-8963-b580db80606f,nycmesh-lbe-1659,40.686016,-73.917493,,12.93,40.6858,-73.9173,,25.01,1.0,5490.0,ap-ptmp-airmax-mixed,-70.0,-71.0,7ff31813-0a6d-4bfd-81df-7386cde7bd4c_39d291df-a96c-4872-8963-b580db80606f,07803e57-498d-3ec2-b9c3-5252b0fdea5e,2026-05-07,False,False,False,True,46100,2025-06-21 08:00:00,2026-04-30 23:54:00,313.0,True
7ff31813-0a6d-4bfd-81df-7386cde7bd4c_3b393c1b-a2af-47b6-86a9-45e90e265969,nycmesh-lbe-4232,7ff31813-0a6d-4bfd-81df-7386cde7bd4c,nycmesh-1340-north,3b393c1b-a2af-47b6-86a9-45e90e265969,nycmesh-lbe-4232,40.686016,-73.917493,,12.93,40.685823,-73.917272,,25.01,1.0,5490.0,ap-ptmp-airmax-mixed,-61.0,-65.0,7ff31813-0a6d-4bfd-81df-7386cde7bd4c_3b393c1b-a2af-47b6-86a9-45e90e265969,71513b91-b52d-39d9-997e-5a4dfc689b22,2026-05-07,False,False,False,True,349526,2023-12-01 00:00:32,2023-11-30 23:59:36,-1.0,True
7ff31813-0a6d-4bfd-81df-7386cde7bd4c_7f492ec2-516b-4f43-9099-06f8a3a2a488,nycmesh-lbe-222,7ff31813-0a6d-4bfd-81df-7386cde7bd4c,nycmesh-1340-north,7f492ec2-516b-4f43-9099-06f8a3a2a488,nycmesh-lbe-222,40.686016,-73.917493,,12.93,40.685823,-73.917272,,25.01,1.0,5490.0,ap-ptmp-airmax-mixed,-64.0,-65.0,7ff31813-0a6d-4bfd-81df-7386cde7bd4c_7f492ec2-516b-4f43-9099-06f8a3a2a488,d6524d8b-00e5-3e60-bcee-e50402ccd3d4,2026-05-07,False,False,False,True,352360,2023-12-01 00:00:32,2023-11-30 23:59:36,-1.0,True
7ff31813-0a6d-4bfd-81df-7386cde7bd4c_866b7605-5e3b-46d0-9086-a42b377d06a8,nycmesh-nbe-2039,7ff31813-0a6d-4bfd-81df-7386cde7bd4c,nycmesh-1340-north,866b7605-5e3b-46d0-9086-a42b377d06a8,nycmesh-nbe-2039,40.686016,-73.917493,,12.93,40.685823,-73.917272,,25.01,1.0,5490.0,ap-ptmp-airmax-mixed,-65.0,-75.0,7ff31813-0a6d-4bfd-81df-7386cde7bd4c_866b7605-5e3b-46d0-9086-a42b377d06a8,f3f1dd6b-ed8e-377a-bf4b-ff3e0d845223,2026-05-07,False,False,False,True,354163,2023-12-01 00:00:48,2023-11-30 23:59:44,-1.0,True
7ff31813-0a6d-4bfd-81df-7386cde7bd4c_8d231c9c-fa67-454d-872d-291571214220,nycmesh-lbe-3213,7ff31813-0a6d-4bfd-81df-7386cde7bd4c,nycmesh-1340-north,8d231c9c-fa67-454d-872d-291571214220,nycmesh-lbe-3213,40.686016,-73.917493,,12.93,40.685823,-73.917272,,25.01,1.0,5490.0,ap-ptmp-airmax-mixed,-73.0,-75.0,7ff31813-0a6d-4bfd-81df-7386cde7bd4c_8d231c9c-fa67-454d-872d-291571214220,dc77a1b6-6ab1-3215-a406-a492a3fbafc4,2026-05-07,False,False,False,True,330900,2023-12-01 00:00:32,2023-11-30 23:59:36,-1.0,True
7ff31813-0a6d-4bfd-81df-7386cde7bd4c_ad9d2341-7ecc-438c-94e2-4fbd6a0a5a84,nycmesh-1340-north,7ff31813-0a6d-4bfd-81df-7386cde7bd4c,nycmesh-1340-north,ad9d2341-7ecc-438c-94e2-4fbd6a0a5a84,nycmesh-lbe-906,40.686016,-73.917493,,12.93,40.6858,-73.9173,,25.01,1.0,5490.0,ap-ptmp-airmax-mixed,-72.0,-74.0,7ff31813-0a6d-4bfd-81df-7386cde7bd4c_ad9d2341-7ecc-438c-94e2-4fbd6a0a5a84,01b7ffa3-7a82-3b18-a6f6-3be1466829a7,2026-05-07,False,False,False,True,36594,2025-10-15 16:42:00,2026-04-30 23:54:00,197.0,True
7ff31813-0a6d-4bfd-81df-7386cde7bd4c_c677de23-2a68-41ed-8895-a30f1c942b29,nycmesh-lbe-203,7ff31813-0a6d-4bfd-81df-7386cde7bd4c,nycmesh-1340-north,c677de23-2a68-41ed-8895-a30f1c942b29,nycmesh-lbe-203,40.686016,-73.917493,,12.93,40.6858,-73.9173,,25.01,1.0,5490.0,ap-ptmp-airmax-mixed,-87.0,-91.0,7ff31813-0a6d-4bfd-81df-7386cde7bd4c_c677de23-2a68-41ed-8895-a30f1c942b29,54a2e6a5-28a8-3188-9cb5-97350378219b,2026-05-07,False,False,False,True,323040,2023-12-01 00:00:40,2023-11-30 23:59:44,-1.0,True
7ff31813-0a6d-4bfd-81df-7386cde7bd4c_dc8f8637-c9a7-417d-8c54-e35440b4c1ee,nycmesh-lbe-2932,7ff31813-0a6d-4bfd-81df-7386cde7bd4c,nycmesh-1340-north,dc8f8637-c9a7-417d-8c54-e35440b4c1ee,nycmesh-lbe-2932,40.686016,-73.917493,,12.93,40.685823,-73.917272,,25.01,1.0,5490.0,ap-ptmp-airmax-mixed,-71.0,-72.0,7ff31813-0a6d-4bfd-81df-7386cde7bd4c_dc8f8637-c9a7-417d-8c54-e35440b4c1ee,f6a807de-cc24-3b16-aa15-6df23c98775b,2026-05-07,False,False,False,True,342675,2023-12-01 00:00:00,2023-11-30 23:58:56,-1.0,True
7ff31813-0a6d-4bfd-81df-7386cde7bd4c_e9d1e3cb-290b-46ce-99f5-35a22e523503,nycmesh-lbe-2961,7ff31813-0a6d-4bfd-81df-7386cde7bd4c,nycmesh-1340-north,e9d1e3cb-290b-46ce-99f5-35a22e523503,nycmesh-lbe-2961,40.686016,-73.917493,,12.93,40.6858,-73.9173,,25.01,1.0,5490.0,ap-ptmp-airmax-mixed,-61.0,-64.0,7ff31813-0a6d-4bfd-81df-7386cde7bd4c_e9d1e3cb-290b-46ce-99f5-35a22e523503,5cd67f21-ec62-30ee-b1f5-046eaed9f080,2026-05-07,False,False,False,True,10440,2024-10-04 23:59:52,2025-06-04 20:15:00,242.0,True
7ff31813-0a6d-4bfd-81df-7386cde7bd4c_f33c1539-6bfb-4b13-ab44-521a19e4c2ed,nycmesh-lbe-420,7ff31813-0a6d-4bfd-81df-7386cde7bd4c,nycmesh-1340-north,f33c1539-6bfb-4b13-ab44-521a19e4c2ed,nycmesh-lbe-420,40.686016,-73.917493,,12.93,40.6858,-73.9173,,25.01,1.0,5490.0,ap-ptmp-airmax-mixed,-71.0,-73.0,7ff31813-0a6d-4bfd-81df-7386cde7bd4c_f33c1539-6bfb-4b13-ab44-521a19e4c2ed,b768cae8-3bbf-3caa-983f-d56b139c812f,2026-05-07,False,False,False,True,35911,2025-10-18 15:24:00,2026-04-30 23:54:00,194.0,True
7ff31813-0a6d-4bfd-81df-7386cde7bd4c_f35ac1ff-2e06-45a0-90d1-1220bc4e3d73,nycmesh-lbe-793,7ff31813-0a6d-4bfd-81df-7386cde7bd4c,nycmesh-1340-north,f35ac1ff-2e06-45a0-90d1-1220bc4e3d73,nycmesh-lbe-793,40.686016,-73.917493,,12.93,40.685823,-73.917272,,25.01,1.0,5490.0,ap-ptmp-airmax-mixed,-58.0,-58.0,7ff31813-0a6d-4bfd-81df-7386cde7bd4c_f35ac1ff-2e06-45a0-90d1-1220bc4e3d73,45fa93d2-dd52-3b92-9df3-a91a60764d1d,2026-05-07,False,False,False,True,47338,2025-04-21 00:00:00,2026-04-30 23:54:00,374.0,True
8098999b-3a3c-4a40-8402-2f6d1653258c_e8f0155b-d4c3-402a-b93e-3c0d10de676b,nycmesh-854-lbelr-329,8098999b-3a3c-4a40-8402-2f6d1653258c,nycmesh-854-lbelr-329,e8f0155b-d4c3-402a-b93e-3c0d10de676b,nycmesh-329-lbe-854,40.7175,-73.9418,,10.0,40.7175,-73.9418,11.0,8.0,0.0,5550.0,sta-ptp,-60.0,-58.0,8098999b-3a3c-4a40-8402-2f6d1653258c_e8f0155b-d4c3-402a-b93e-3c0d10de676b,6efd4236-b1f5-3b1c-bc33-b712cbed44bf,2026-05-07,False,False,False,True,38655,2025-07-31 05:00:00,2026-04-30 23:54:00,273.0,True
80a823d6-4547-4375-b2af-e7f0add85e7e_b316b734-40e5-4d5b-86c7-3d2e97d46221,nycmesh-584-wavelr-7800,80a823d6-4547-4375-b2af-e7f0add85e7e,nycmesh-7800-wavelr-584,b316b734-40e5-4d5b-86c7-3d2e97d46221,nycmesh-584-wavelr-7800,40.815289,-73.950341,35.0,85.0,40.793624,-73.965736,,97.1,2735.413895021376,68040.0,sta-ptp,-50.0,-50.0,80a823d6-4547-4375-b2af-e7f0add85e7e_b316b734-40e5-4d5b-86c7-3d2e97d46221,a7f71831-5cb1-3846-98c8-749404d5b2ad,2026-05-07,False,False,False,True,70541,2024-07-02 23:32:40,2026-04-30 23:54:00,667.0,True
81d53085-8fff-425a-922c-e19beda99166_98ebe512-5cd5-45fa-9dd0-035e91624463,nycmesh-115-gbep-5712,81d53085-8fff-425a-922c-e19beda99166,nycmesh-5712-gbep-115,98ebe512-5cd5-45fa-9dd0-035e91624463,nycmesh-115-gbep-5712,40.73676,-73.95441,4.0,0.0,40.733902,-73.950604,,0.0,466.0,62640.0,ap-ptp,-59.0,-57.0,81d53085-8fff-425a-922c-e19beda99166_98ebe512-5cd5-45fa-9dd0-035e91624463,c03c093c-0044-3abe-992b-e224e26d8488,2026-05-07,False,False,False,True,0,,,,False
823f33a1-7896-44fa-9d9c-dfdd9a2c3c6c_056c7138-7be0-45be-8195-a356d88c5bfe,,823f33a1-7896-44fa-9d9c-dfdd9a2c3c6c,nycmesh-162-east,056c7138-7be0-45be-8195-a356d88c5bfe,nycmesh-lbe-899,40.664997,-73.990543,,40.0,40.6754,-73.9806,20.0,5.0,1428.742949865859,5490.0,ap-ptmp-airmax-mixed,,,823f33a1-7896-44fa-9d9c-dfdd9a2c3c6c_056c7138-7be0-45be-8195-a356d88c5bfe,ddeb8368-7bc3-3dc7-941d-ae464bd00cb7,2026-03-10,False,False,False,True,11,2025-10-03 20:00:00,2025-10-07 00:00:00,3.0,True
823f33a1-7896-44fa-9d9c-dfdd9a2c3c6c_0c15d5e0-414d-41d1-bfb1-9b2577ef3c5b,,823f33a1-7896-44fa-9d9c-dfdd9a2c3c6c,nycmesh-162-east,0c15d5e0-414d-41d1-bfb1-9b2577ef3c5b,nycmesh-lbe-763,40.664997,-73.990543,,40.0,40.66501,-73.99058,,5.0,3.0,5490.0,ap-ptmp-airmax-mixed,-62.0,-69.0,823f33a1-7896-44fa-9d9c-dfdd9a2c3c6c_0c15d5e0-414d-41d1-bfb1-9b2577ef3c5b,40f5dba9-8f38-33e5-a047-f28fde0421b9,2026-03-10,False,False,False,True,7032,2025-09-01 00:00:00,2025-11-10 14:00:00,70.0,True
823f33a1-7896-44fa-9d9c-dfdd9a2c3c6c_102d6353-deb7-4532-aa77-d03444854dda,nycmesh-lbe-289,823f33a1-7896-44fa-9d9c-dfdd9a2c3c6c,nycmesh-162-east,102d6353-deb7-4532-aa77-d03444854dda,nycmesh-lbe-289,40.664997,-73.990543,,40.0,40.665,-73.9906,,5.0,3.0,5490.0,ap-ptmp-airmax-mixed,-57.0,-57.0,823f33a1-7896-44fa-9d9c-dfdd9a2c3c6c_102d6353-deb7-4532-aa77-d03444854dda,bb7f6009-65e7-36b1-aab0-5efe4d70c5c9,2026-05-07,False,False,False,True,312747,2023-12-01 00:00:32,2023-11-30 23:59:36,-1.0,True
823f33a1-7896-44fa-9d9c-dfdd9a2c3c6c_3f25f742-81ea-4123-830e-8407f8f6156a,nycmesh-lbe-1606,823f33a1-7896-44fa-9d9c-dfdd9a2c3c6c,nycmesh-162-east,3f25f742-81ea-4123-830e-8407f8f6156a,nycmesh-lbe-1606,40.664997,-73.990543,,40.0,40.6578,-74.0048,5.0,5.0,3.0,5490.0,ap-ptmp-airmax-mixed,-57.0,-64.0,823f33a1-7896-44fa-9d9c-dfdd9a2c3c6c_3f25f742-81ea-4123-830e-8407f8f6156a,a2b236b6-a715-3148-a16c-81adb61785b1,2026-05-07,False,False,False,True,353316,2023-12-01 00:00:40,2023-11-30 23:59:36,-1.0,True
823f33a1-7896-44fa-9d9c-dfdd9a2c3c6c_675c27fc-caba-46a9-85b3-69366bc75b2e,nycmesh-lbe-925,823f33a1-7896-44fa-9d9c-dfdd9a2c3c6c,nycmesh-162-east,675c27fc-caba-46a9-85b3-69366bc75b2e,nycmesh-lbe-925,40.664997,-73.990543,,40.0,40.665,-73.9906,,5.0,3.0,5490.0,ap-ptmp-airmax-mixed,-60.0,-66.0,823f33a1-7896-44fa-9d9c-dfdd9a2c3c6c_675c27fc-caba-46a9-85b3-69366bc75b2e,10bfbb05-1daf-4244-8d08-2f9d1aa8c025,2026-05-07,False,False,False,True,29632,2025-12-01 00:00:00,2026-04-30 23:54:00,150.0,True
823f33a1-7896-44fa-9d9c-dfdd9a2c3c6c_6b468d9b-f25a-468c-8907-dbf56baaf788,nycmesh-lbe-858,823f33a1-7896-44fa-9d9c-dfdd9a2c3c6c,nycmesh-162-east,6b468d9b-f25a-468c-8907-dbf56baaf788,nycmesh-lbe-858,40.664997,-73.990543,,40.0,40.665,-73.9906,,5.0,3.0,5490.0,ap-ptmp-airmax-mixed,-61.0,-66.0,823f33a1-7896-44fa-9d9c-dfdd9a2c3c6c_6b468d9b-f25a-468c-8907-dbf56baaf788,8a009c28-7ffa-3efd-bd38-411f64c8609b,2026-05-07,False,False,False,True,45013,2025-07-24 20:00:00,2026-04-30 23:54:00,280.0,True
823f33a1-7896-44fa-9d9c-dfdd9a2c3c6c_aa463743-4ed2-4c89-b0b6-0e2e2dc276cb,nycmesh-162-east,823f33a1-7896-44fa-9d9c-dfdd9a2c3c6c,nycmesh-162-east,aa463743-4ed2-4c89-b0b6-0e2e2dc276cb,nycmesh-lbe-6571,40.664997,-73.990543,,40.0,40.661764,-73.988911,5.0,5.0,3.0,5490.0,ap-ptmp-airmax-mixed,-54.0,-56.0,823f33a1-7896-44fa-9d9c-dfdd9a2c3c6c_aa463743-4ed2-4c89-b0b6-0e2e2dc276cb,088a915c-e95d-3973-ae88-1ba978a3ef89,2026-05-07,False,False,False,True,346878,2023-12-01 00:00:48,2023-11-30 23:59:52,-1.0,True
823f33a1-7896-44fa-9d9c-dfdd9a2c3c6c_dcef225a-bd16-41f0-a1ed-8c019b8d5f74,nycmesh-lbe-6911,823f33a1-7896-44fa-9d9c-dfdd9a2c3c6c,nycmesh-162-east,dcef225a-bd16-41f0-a1ed-8c019b8d5f74,nycmesh-lbe-6911,40.664997,-73.990543,,40.0,40.659457,-73.991573,,5.0,3.0,5490.0,ap-ptmp-airmax-mixed,-69.0,-74.0,823f33a1-7896-44fa-9d9c-dfdd9a2c3c6c_dcef225a-bd16-41f0-a1ed-8c019b8d5f74,dee3aaf7-dc90-3730-a4f7-2dc3a2c4b5ff,2026-05-07,False,False,False,True,51762,2025-01-27 23:59:28,2026-04-30 23:54:00,457.0,True
823f33a1-7896-44fa-9d9c-dfdd9a2c3c6c_e3961b7c-e4c6-4efd-9e74-b8874129ce76,nycmesh-lbe-716,823f33a1-7896-44fa-9d9c-dfdd9a2c3c6c,nycmesh-162-east,e3961b7c-e4c6-4efd-9e74-b8874129ce76,nycmesh-lbe-716,40.664997,-73.990543,,40.0,40.665,-73.9906,,5.0,3.0,5490.0,ap-ptmp-airmax-mixed,-54.0,-55.0,823f33a1-7896-44fa-9d9c-dfdd9a2c3c6c_e3961b7c-e4c6-4efd-9e74-b8874129ce76,c0951f73-7c54-3923-b2b9-c8167d69314f,2026-05-07,False,False,False,True,53472,2024-12-25 23:59:04,2026-04-30 23:54:00,490.0,True
825234ea-5150-4872-ac6e-02c6d0e75665_c5a72b7f-7d84-4865-a4e6-5a5acff9cc4b,nycmesh-2299-af24-898,825234ea-5150-4872-ac6e-02c6d0e75665,nycmesh-2299-af24-898,c5a72b7f-7d84-4865-a4e6-5a5acff9cc4b,nycmesh-898-af24-2299,40.861412,-73.907829,,10.0,40.830494,-73.94104,41.0,10.0,4429.824085473763,24100.0,sta-ptp,-66.0,-66.0,825234ea-5150-4872-ac6e-02c6d0e75665_c5a72b7f-7d84-4865-a4e6-5a5acff9cc4b,5d35232b-6671-392a-b9d9-cee615312e38,2026-05-07,False,False,False,True,109735,2024-06-19 03:45:28,2026-04-30 23:54:00,680.0,True
875e2e0e-b9fe-4a6b-bb8a-00182497ae1f_022c5679-dada-4c1b-9ca7-fd9404368654,nycmesh-5916-waveap-south,875e2e0e-b9fe-4a6b-bb8a-00182497ae1f,nycmesh-5916-waveap-south,022c5679-dada-4c1b-9ca7-fd9404368654,nycmesh-512-af60lr,40.696033,-73.939746,,101.3,40.696038,-73.939764,23.0,0.0,1.0,66960.0,ap-ptmp,-59.0,-71.0,875e2e0e-b9fe-4a6b-bb8a-00182497ae1f_022c5679-dada-4c1b-9ca7-fd9404368654,1ef5f840-b0f7-35b1-98c5-2c392f2e24c4,2026-05-07,False,False,False,True,320046,2023-12-01 00:00:00,2023-11-30 23:58:56,-1.0,True
875e2e0e-b9fe-4a6b-bb8a-00182497ae1f_0b4dd06c-6e0e-4354-a594-62a96d40e4d7,nycmesh-219-af60lr,875e2e0e-b9fe-4a6b-bb8a-00182497ae1f,nycmesh-5916-waveap-south,0b4dd06c-6e0e-4354-a594-62a96d40e4d7,nycmesh-219-af60lr,40.696033,-73.939746,,101.3,40.674442,-73.940327,23.0,50.1,2410.0,66960.0,ap-ptmp,-59.0,-57.0,875e2e0e-b9fe-4a6b-bb8a-00182497ae1f_0b4dd06c-6e0e-4354-a594-62a96d40e4d7,5324de28-8fd8-32df-af3e-5482faf4b2c7,2026-05-07,False,False,False,True,0,,,,False
875e2e0e-b9fe-4a6b-bb8a-00182497ae1f_0bd5bc7b-b23a-42ce-9b25-5201f0e7465a,nycmesh-155-af60lr,875e2e0e-b9fe-4a6b-bb8a-00182497ae1f,nycmesh-5916-waveap-south,0bd5bc7b-b23a-42ce-9b25-5201f0e7465a,nycmesh-155-af60lr,40.696033,-73.939746,,101.3,40.679833,-73.942416,18.0,45.1,1811.0,66960.0,ap-ptmp,-59.0,-55.0,875e2e0e-b9fe-4a6b-bb8a-00182497ae1f_0bd5bc7b-b23a-42ce-9b25-5201f0e7465a,46f52415-78da-377b-ab0f-18ec197055ec,2026-05-07,False,False,False,True,0,,,,False
875e2e0e-b9fe-4a6b-bb8a-00182497ae1f_578dbe55-1857-4d2f-ba63-ed622981a100,nycmesh-3607-af60lr,875e2e0e-b9fe-4a6b-bb8a-00182497ae1f,nycmesh-5916-waveap-south,578dbe55-1857-4d2f-ba63-ed622981a100,nycmesh-3607-af60lr,40.696033,-73.939746,,101.3,40.68282,-73.9459,,30.7,1563.0,66960.0,ap-ptmp,-59.0,-53.0,875e2e0e-b9fe-4a6b-bb8a-00182497ae1f_578dbe55-1857-4d2f-ba63-ed622981a100,67ba853c-35da-38ea-94a7-68dda5a65b40,2026-05-07,False,False,False,True,0,,,,False
87db6884-346a-4699-a113-4c0d03d278c6_d447836e-951d-4b74-97ce-453e9449b82b,nycmesh-7489-lbelr-1340,87db6884-346a-4699-a113-4c0d03d278c6,nycmesh-1340-lbelr-7489,d447836e-951d-4b74-97ce-453e9449b82b,nycmesh-7489-lbelr-1340,40.685823,-73.917272,,12.93,40.659676,-73.913529,10.0,31.1,2924.0,5505.0,ap-ptmp,-62.0,-60.0,87db6884-346a-4699-a113-4c0d03d278c6_d447836e-951d-4b74-97ce-453e9449b82b,82d3ebd6-85e1-31de-97a9-9a4b53332a92,2026-05-07,False,False,False,True,567656,2023-12-01 00:00:08,2023-11-30 23:59:52,-1.0,True
882c4808-3ed2-488b-8c1c-c38c156f67a1_021fa91a-28c2-492c-9bf9-fdba7579db9d,nycmesh-lbe-766,882c4808-3ed2-488b-8c1c-c38c156f67a1,nycmesh-407-east,021fa91a-28c2-492c-9bf9-fdba7579db9d,nycmesh-lbe-766,40.713282,-73.99037,,11.42,40.7133,-73.9903,10.0,8.0,3.0,5710.0,ap-ptmp-airmax-mixed,-48.0,-53.0,882c4808-3ed2-488b-8c1c-c38c156f67a1_021fa91a-28c2-492c-9bf9-fdba7579db9d,bbcaa16c-a444-311d-a5f2-3098e2000e23,2026-05-07,False,False,False,True,50329,2025-03-07 23:59:20,2026-04-30 23:54:00,418.0,True
882c4808-3ed2-488b-8c1c-c38c156f67a1_77e44405-aeb3-4df3-82ec-8bee59b78aaa,nycmesh-407-east,882c4808-3ed2-488b-8c1c-c38c156f67a1,nycmesh-407-east,77e44405-aeb3-4df3-82ec-8bee59b78aaa,nycmesh-lbe-465,40.713282,-73.99037,,11.42,40.7132633,-73.9903429,10.0,8.0,3.0,5710.0,ap-ptmp-airmax-mixed,-56.0,-58.0,882c4808-3ed2-488b-8c1c-c38c156f67a1_77e44405-aeb3-4df3-82ec-8bee59b78aaa,076bfacc-7747-3882-8964-9c93c6fc04c1,2026-05-07,False,False,False,True,353269,2023-12-01 00:00:08,2023-11-30 23:59:04,-1.0,True
882c4808-3ed2-488b-8c1c-c38c156f67a1_7c819333-a566-4a74-abb8-ce5d97a8a5c2,nycmesh-lbe-1384,882c4808-3ed2-488b-8c1c-c38c156f67a1,nycmesh-407-east,7c819333-a566-4a74-abb8-ce5d97a8a5c2,nycmesh-lbe-1384,40.713282,-73.99037,,11.42,40.7133,-73.9903,10.0,8.0,3.0,5710.0,ap-ptmp-airmax-mixed,-57.0,-67.0,882c4808-3ed2-488b-8c1c-c38c156f67a1_7c819333-a566-4a74-abb8-ce5d97a8a5c2,9cb5af3a-4ecc-3df8-b1d3-63c8693ce337,2026-05-07,False,False,False,True,300479,2023-12-01 00:00:24,2023-11-30 23:59:28,-1.0,True
882c4808-3ed2-488b-8c1c-c38c156f67a1_891e3b17-a51d-4e0f-9a66-f7301114cfe7,nycmesh-lbe-7016,882c4808-3ed2-488b-8c1c-c38c156f67a1,nycmesh-407-east,891e3b17-a51d-4e0f-9a66-f7301114cfe7,nycmesh-lbe-7016,40.713282,-73.99037,,11.42,40.7132633,-73.9903429,10.0,8.0,3.0,5710.0,ap-ptmp-airmax-mixed,-45.0,-50.0,882c4808-3ed2-488b-8c1c-c38c156f67a1_891e3b17-a51d-4e0f-9a66-f7301114cfe7,8d41a1c5-2650-30bb-8a3b-5c833a358a37,2026-05-07,False,False,False,True,351822,2023-12-01 00:00:16,2023-11-30 23:59:20,-1.0,True
882c4808-3ed2-488b-8c1c-c38c156f67a1_f75a3325-8695-40e4-8886-cb33ff0b13cf,,882c4808-3ed2-488b-8c1c-c38c156f67a1,nycmesh-407-east,f75a3325-8695-40e4-8886-cb33ff0b13cf,nycmesh-lbe-1384,40.713282,-73.99037,,11.42,40.7132633,-73.9903429,10.0,8.0,3.0,5710.0,ap-ptmp-airmax-mixed,-61.0,-69.0,882c4808-3ed2-488b-8c1c-c38c156f67a1_f75a3325-8695-40e4-8886-cb33ff0b13cf,d4557163-39bd-3681-8dfe-e877ba7fb27e,2026-05-07,False,False,False,True,16663,2025-09-01 00:00:00,2026-01-15 20:00:00,136.0,True
8914aa03-f119-4062-9de3-abb9e69a116a_2c8d53fe-ad12-4e00-a532-a39ae92340c9,nycmesh-5916-waveapmicro-southeast,8914aa03-f119-4062-9de3-abb9e69a116a,nycmesh-5916-waveapmicro-southeast,2c8d53fe-ad12-4e00-a532-a39ae92340c9,nycmesh-158-af60lr,40.69603,-73.939578,,94.3,40.691688,-73.924392,23.0,37.1,1382.0,64800.0,ap-ptmp,-55.0,-55.0,8914aa03-f119-4062-9de3-abb9e69a116a_2c8d53fe-ad12-4e00-a532-a39ae92340c9,99cf92ce-b389-3ffb-b42f-4d7ddc044e69,2026-05-07,False,False,False,True,0,,,,False
895e81e8-470a-4ed0-8b94-3abff821baec_0d645e82-889b-4c46-a284-d4465884d9d4,nycmesh-2090-north,895e81e8-470a-4ed0-8b94-3abff821baec,nycmesh-2090-north,0d645e82-889b-4c46-a284-d4465884d9d4,nycmesh-nsl-3721,40.725618,-73.954074,,8.0,40.726617,-73.954687,6.0,8.0,1.0,5700.0,ap-ptmp,-63.0,-52.0,895e81e8-470a-4ed0-8b94-3abff821baec_0d645e82-889b-4c46-a284-d4465884d9d4,9eab06a3-ddb4-3da2-8bf5-993b8f0f0a4d,2026-05-07,False,False,False,True,355261,2023-12-01 00:00:48,2023-11-30 23:59:52,-1.0,True
895e81e8-470a-4ed0-8b94-3abff821baec_2a3cc8e0-80b8-4db2-a3a1-2ba9c3fa375b,nycmesh-lbe-4693,895e81e8-470a-4ed0-8b94-3abff821baec,nycmesh-2090-north,2a3cc8e0-80b8-4db2-a3a1-2ba9c3fa375b,nycmesh-lbe-4693,40.725618,-73.954074,,8.0,40.72561005,-73.954067881464,6.0,8.0,1.0,5700.0,ap-ptmp,-63.0,-73.0,895e81e8-470a-4ed0-8b94-3abff821baec_2a3cc8e0-80b8-4db2-a3a1-2ba9c3fa375b,f33e688b-f40e-360f-91eb-2e05d7eb77f3,2026-05-07,False,False,False,True,352933,2023-12-01 00:00:56,2023-11-30 23:59:52,-1.0,True
8a69e161-5fb1-4838-82a0-00ac5fe3874f_4e69fb2f-1520-4ddd-b01d-c91cbd9920e8,nycmesh-lbe-928,8a69e161-5fb1-4838-82a0-00ac5fe3874f,nycmesh-664-north,4e69fb2f-1520-4ddd-b01d-c91cbd9920e8,nycmesh-lbe-928,40.705693,-73.915192,,8.0,40.7056,-73.9152,22.0,8.0,10.36309209206543,5810.0,ap-ptmp,-50.0,-56.0,8a69e161-5fb1-4838-82a0-00ac5fe3874f_4e69fb2f-1520-4ddd-b01d-c91cbd9920e8,55d4a664-9e55-34c5-bd2a-d2a273bceb15,2026-05-07,False,False,False,True,25620,2025-12-28 00:00:00,2026-04-30 23:54:00,123.0,True
8a69e161-5fb1-4838-82a0-00ac5fe3874f_535248a0-89ea-44e5-b7fc-89760abcbba3,nycmesh-lbe-601,8a69e161-5fb1-4838-82a0-00ac5fe3874f,nycmesh-664-north,535248a0-89ea-44e5-b7fc-89760abcbba3,nycmesh-lbe-601,40.705693,-73.915192,,8.0,40.7056,-73.9152,22.0,8.0,10.36309209206543,5810.0,ap-ptmp,-50.0,-43.0,8a69e161-5fb1-4838-82a0-00ac5fe3874f_535248a0-89ea-44e5-b7fc-89760abcbba3,225cdab4-0ba7-3ec9-b33d-ded9db65b1f6,2026-05-07,False,False,False,True,190997,2024-04-13 18:38:16,2026-04-30 23:54:00,747.0,True
8a69e161-5fb1-4838-82a0-00ac5fe3874f_7917cbe1-2978-4a92-abd2-c842061c47ac,nycmesh-lbe-7503,8a69e161-5fb1-4838-82a0-00ac5fe3874f,nycmesh-664-north,7917cbe1-2978-4a92-abd2-c842061c47ac,nycmesh-lbe-7503,40.705693,-73.915192,,8.0,40.70562115,-73.915237255446,22.0,8.0,8.853363930863795,5810.0,ap-ptmp,-50.0,-43.0,8a69e161-5fb1-4838-82a0-00ac5fe3874f_7917cbe1-2978-4a92-abd2-c842061c47ac,c690f11c-6dd5-34b7-b393-3a955fe60f3c,2026-05-07,False,False,False,True,352655,2023-12-01 00:00:32,2023-11-30 23:59:36,-1.0,True
8a69e161-5fb1-4838-82a0-00ac5fe3874f_8144b572-e823-4f26-89a3-2ff0865148ec,nycmesh-lbe-483,8a69e161-5fb1-4838-82a0-00ac5fe3874f,nycmesh-664-north,8144b572-e823-4f26-89a3-2ff0865148ec,nycmesh-lbe-483,40.705693,-73.915192,,8.0,40.7056,-73.9152,22.0,8.0,10.36309209206543,5810.0,ap-ptmp,-50.0,-84.0,8a69e161-5fb1-4838-82a0-00ac5fe3874f_8144b572-e823-4f26-89a3-2ff0865148ec,ca5c3d8a-f895-3cb3-b6c9-a85de3a18b71,2026-05-07,False,False,False,True,195667,2024-04-01 01:31:44,2026-04-30 20:00:00,759.0,True
8a69e161-5fb1-4838-82a0-00ac5fe3874f_8f2607ee-5f99-4a58-a1b0-bb5f34738115,nycmesh-lbe-612,8a69e161-5fb1-4838-82a0-00ac5fe3874f,nycmesh-664-north,8f2607ee-5f99-4a58-a1b0-bb5f34738115,nycmesh-lbe-612,40.705693,-73.915192,,8.0,40.7056,-73.9152,22.0,8.0,10.36309209206543,5810.0,ap-ptmp,-50.0,-39.0,8a69e161-5fb1-4838-82a0-00ac5fe3874f_8f2607ee-5f99-4a58-a1b0-bb5f34738115,75b4500f-90ee-35ee-a7fa-00736e981c48,2026-05-07,False,False,False,True,170062,2024-04-13 19:33:44,2026-03-28 13:54:00,713.0,True
8a69e161-5fb1-4838-82a0-00ac5fe3874f_a2d07190-3dd7-4be6-b264-52d10b8ed4ed,nycmesh-lbe-942,8a69e161-5fb1-4838-82a0-00ac5fe3874f,nycmesh-664-north,a2d07190-3dd7-4be6-b264-52d10b8ed4ed,nycmesh-lbe-942,40.705693,-73.915192,,8.0,40.696,-73.9398,23.0,5.0,2326.0,5810.0,ap-ptmp,-50.0,-69.0,8a69e161-5fb1-4838-82a0-00ac5fe3874f_a2d07190-3dd7-4be6-b264-52d10b8ed4ed,cb8acd56-0e1d-3838-8c54-146634e06693,2026-05-07,False,False,False,True,14636,2026-03-01 00:00:00,2026-04-30 23:54:00,60.0,True
8a69e161-5fb1-4838-82a0-00ac5fe3874f_ae4bc9d9-b38b-4d96-90bb-dab1c4eac409,nycmesh-lbe-607,8a69e161-5fb1-4838-82a0-00ac5fe3874f,nycmesh-664-north,ae4bc9d9-b38b-4d96-90bb-dab1c4eac409,nycmesh-lbe-607,40.705693,-73.915192,,8.0,40.7056,-73.9152,22.0,8.0,10.36309209206543,5810.0,ap-ptmp,-50.0,-43.0,8a69e161-5fb1-4838-82a0-00ac5fe3874f_ae4bc9d9-b38b-4d96-90bb-dab1c4eac409,c6835124-4fea-3f93-88f8-e74c2b769b68,2026-05-07,False,False,False,True,183007,2024-04-14 00:00:08,2026-04-30 23:54:00,746.0,True
8a69e161-5fb1-4838-82a0-00ac5fe3874f_e756c543-aa23-492e-8401-e50183c35695,nycmesh-664-north,8a69e161-5fb1-4838-82a0-00ac5fe3874f,nycmesh-664-north,e756c543-aa23-492e-8401-e50183c35695,nycmesh-lbe-3110,40.705693,-73.915192,,8.0,40.70562115,-73.915237255446,22.0,8.0,8.853363930863795,5810.0,ap-ptmp,-50.0,-31.0,8a69e161-5fb1-4838-82a0-00ac5fe3874f_e756c543-aa23-492e-8401-e50183c35695,01d123c8-1c21-3cc1-ba06-d24780312f43,2026-05-07,False,False,False,True,342856,2023-12-01 00:00:48,2023-11-30 23:59:52,-1.0,True
8c83ed05-bc0a-4ee0-b42e-3f83e2d89b34_0619f700-ea61-4e50-bfc8-5258fdd948cd,nycmesh-lbe-264,8c83ed05-bc0a-4ee0-b42e-3f83e2d89b34,nycmesh-898-south,0619f700-ea61-4e50-bfc8-5258fdd948cd,nycmesh-lbe-264,40.83045,-73.941132,41.0,10.0,40.8305,-73.9412,,5.0,7.977653412960565,5710.0,ap-ptmp-airmax-mixed,-51.0,-59.0,8c83ed05-bc0a-4ee0-b42e-3f83e2d89b34_0619f700-ea61-4e50-bfc8-5258fdd948cd,82d5a4ac-ef13-33ac-b5a4-b0b059010929,2026-05-07,False,False,False,True,356370,2023-12-01 00:00:16,2023-11-30 23:59:20,-1.0,True
8c83ed05-bc0a-4ee0-b42e-3f83e2d89b34_7b3e48e7-eb5a-455d-af8f-3354cac441fc,nycmesh-lbe-816,8c83ed05-bc0a-4ee0-b42e-3f83e2d89b34,nycmesh-898-south,7b3e48e7-eb5a-455d-af8f-3354cac441fc,nycmesh-lbe-816,40.83045,-73.941132,41.0,10.0,40.8305,-73.9412,,5.0,7.977653412960565,5710.0,ap-ptmp-airmax-mixed,-49.0,-54.0,8c83ed05-bc0a-4ee0-b42e-3f83e2d89b34_7b3e48e7-eb5a-455d-af8f-3354cac441fc,2b03c24e-ffe5-3730-ab80-8331d2bd28ef,2026-05-07,False,False,False,True,46252,2025-06-05 03:00:00,2026-04-30 23:54:00,329.0,True
8c83ed05-bc0a-4ee0-b42e-3f83e2d89b34_e7a5d354-23c7-4d8b-99b9-d6d5635ae267,nycmesh-898-south,8c83ed05-bc0a-4ee0-b42e-3f83e2d89b34,nycmesh-898-south,e7a5d354-23c7-4d8b-99b9-d6d5635ae267,nycmesh-lbe-758,40.83045,-73.941132,41.0,10.0,40.8305,-73.9412,,5.0,7.977653412960565,5710.0,ap-ptmp-airmax-mixed,-53.0,-60.0,8c83ed05-bc0a-4ee0-b42e-3f83e2d89b34_e7a5d354-23c7-4d8b-99b9-d6d5635ae267,13140dce-f3e5-3cb1-b3c0-0f1ad22ed31d,2026-05-07,False,False,False,True,150467,2024-04-16 00:00:32,2026-04-30 23:54:00,744.0,True
8de11c1b-28c6-474e-9aae-a3b9fdca5e21_e0f46918-a846-41ab-a7a0-a919b56d90ac,nycmesh-3654-ltulr-4342,8de11c1b-28c6-474e-9aae-a3b9fdca5e21,nycmesh-4342-ltulr-3654,e0f46918-a846-41ab-a7a0-a919b56d90ac,nycmesh-3654-ltulr-4342,40.709885,-73.958032,,5.0,40.709885,-73.958032,10.0,5.0,1.0,5740.0,ap-ptp,-61.0,-61.0,8de11c1b-28c6-474e-9aae-a3b9fdca5e21_e0f46918-a846-41ab-a7a0-a919b56d90ac,3e8fa458-2eba-386f-bdb0-ee9e8713738e,2026-05-07,False,False,False,True,45303,2025-07-09 13:00:00,2026-04-30 23:54:00,295.0,True
933b9f9c-7734-4a9f-9e25-15d51c49c2a5_4ab9cef7-9de5-4482-80e5-830317dcebf0,nycmesh-lbe-513,933b9f9c-7734-4a9f-9e25-15d51c49c2a5,nycmesh-2282-northwest,4ab9cef7-9de5-4482-80e5-830317dcebf0,nycmesh-lbe-513,40.683101,-73.993882,13.0,39.0,40.682995,-73.993789,13.0,5.0,1.0,5770.0,ap-ptmp,-62.0,-62.0,933b9f9c-7734-4a9f-9e25-15d51c49c2a5_4ab9cef7-9de5-4482-80e5-830317dcebf0,eade1c1b-a905-3410-828f-1fc0de45941a,2026-05-07,False,False,False,True,614819,2023-12-01 00:00:16,2023-11-30 23:59:52,-1.0,True
935e28a2-6929-42df-a743-c3466da486b2_9b3f3f6d-31a1-49f9-912a-e79e3fdfeea5,,935e28a2-6929-42df-a743-c3466da486b2,nycmesh-5916-gbe1,9b3f3f6d-31a1-49f9-912a-e79e3fdfeea5,nycmesh-5916-gbe2,40.696038,-73.939764,23.0,67.46,40.696038,-73.939764,23.0,67.46,1.0,64800.0,ap-ptp,-57.0,-58.0,935e28a2-6929-42df-a743-c3466da486b2_9b3f3f6d-31a1-49f9-912a-e79e3fdfeea5,57b29ed6-28f5-3f33-b749-334387acd6cd,2026-01-07,False,False,False,True,0,,,,False
94802f4b-dd73-4924-88b4-553ea777fd89_25986233-fa40-4445-a53e-fa2d5d4f7685,nycmesh-lbe-4356,94802f4b-dd73-4924-88b4-553ea777fd89,nycmesh-162-north,25986233-fa40-4445-a53e-fa2d5d4f7685,nycmesh-lbe-4356,40.664997,-73.990543,,40.0,40.665,-73.9906,,5.0,3.0,5810.0,ap-ptmp,-47.0,-49.0,94802f4b-dd73-4924-88b4-553ea777fd89_25986233-fa40-4445-a53e-fa2d5d4f7685,5bacf484-5e88-3a7b-b7ec-dee380364535,2026-05-07,False,False,False,True,61190,2024-08-12 23:59:44,2026-04-30 23:54:00,625.0,True
94802f4b-dd73-4924-88b4-553ea777fd89_698eb556-38cc-422a-b441-b1fea6592714,nycmesh-lbe-828,94802f4b-dd73-4924-88b4-553ea777fd89,nycmesh-162-north,698eb556-38cc-422a-b441-b1fea6592714,nycmesh-lbe-828,40.664997,-73.990543,,40.0,40.665,-73.9906,,5.0,3.0,5810.0,ap-ptmp,-47.0,-48.0,94802f4b-dd73-4924-88b4-553ea777fd89_698eb556-38cc-422a-b441-b1fea6592714,8c7f2f4c-15d0-3033-8633-d6c060a13a90,2026-05-07,False,False,False,True,43673,2025-07-01 02:00:00,2026-04-30 23:54:00,303.0,True
94802f4b-dd73-4924-88b4-553ea777fd89_9b2b3f69-b9b4-4fdd-98d3-2ee78769b84a,nycmesh-lbe-638,94802f4b-dd73-4924-88b4-553ea777fd89,nycmesh-162-north,9b2b3f69-b9b4-4fdd-98d3-2ee78769b84a,nycmesh-lbe-638,40.664997,-73.990543,,40.0,40.66501,-73.99058,,5.0,3.0,5810.0,ap-ptmp,-47.0,-49.0,94802f4b-dd73-4924-88b4-553ea777fd89_9b2b3f69-b9b4-4fdd-98d3-2ee78769b84a,dd978b4f-fbb4-354d-b5c2-89abe74bf412,2026-05-07,False,False,False,True,71291,2024-07-05 20:08:32,2026-04-30 23:54:00,664.0,True
94802f4b-dd73-4924-88b4-553ea777fd89_e2fad006-b6bd-4509-925b-cf2d48ee8323,nycmesh-lbe-889,94802f4b-dd73-4924-88b4-553ea777fd89,nycmesh-162-north,e2fad006-b6bd-4509-925b-cf2d48ee8323,nycmesh-lbe-889,40.664997,-73.990543,,40.0,40.665,-73.9906,,5.0,3.0,5810.0,ap-ptmp,-47.0,-44.0,94802f4b-dd73-4924-88b4-553ea777fd89_e2fad006-b6bd-4509-925b-cf2d48ee8323,e67d480a-fd10-37e6-a933-6d000d3bce78,2026-05-07,False,False,False,True,40340,2025-09-21 18:48:00,2026-04-30 23:54:00,221.0,True
94802f4b-dd73-4924-88b4-553ea777fd89_f987416e-d381-4807-9b7c-8455f4ddf218,nycmesh-162-north,94802f4b-dd73-4924-88b4-553ea777fd89,nycmesh-162-north,f987416e-d381-4807-9b7c-8455f4ddf218,nycmesh-lbe-870,40.664997,-73.990543,,40.0,40.665,-73.9906,,5.0,3.0,5810.0,ap-ptmp,-47.0,-44.0,94802f4b-dd73-4924-88b4-553ea777fd89_f987416e-d381-4807-9b7c-8455f4ddf218,4a6a5790-a98e-3dea-8874-ddf0b665d9d8,2026-05-07,False,False,False,True,81167,2024-06-08 00:13:12,2026-04-30 23:54:00,691.0,True
95236977-7ce0-4b20-8ba5-6e0118d0b3ef_9841a5b0-9cab-4c15-8f46-47926f361036,nycmesh-lbe-2699,95236977-7ce0-4b20-8ba5-6e0118d0b3ef,nycmesh-2090-southeast,9841a5b0-9cab-4c15-8f46-47926f361036,nycmesh-lbe-2699,40.725618,-73.954074,,8.0,40.72561005,-73.954067881464,6.0,8.0,1.0,5500.0,ap-ptmp,-74.0,-83.0,95236977-7ce0-4b20-8ba5-6e0118d0b3ef_9841a5b0-9cab-4c15-8f46-47926f361036,d9fc30f4-eea8-3208-a8a7-30560411f8bd,2026-05-07,False,False,False,True,345855,2023-12-01 00:00:00,2023-11-30 23:58:56,-1.0,True
95236977-7ce0-4b20-8ba5-6e0118d0b3ef_e70c1391-f298-4e97-91a1-3f7a701d1752,nycmesh-2090-southeast,95236977-7ce0-4b20-8ba5-6e0118d0b3ef,nycmesh-2090-southeast,e70c1391-f298-4e97-91a1-3f7a701d1752,nycmesh-lbe-7909,40.725618,-73.954074,,8.0,40.7296,-73.9459,6.0,8.0,1.0,5500.0,ap-ptmp,-74.0,-65.0,95236977-7ce0-4b20-8ba5-6e0118d0b3ef_e70c1391-f298-4e97-91a1-3f7a701d1752,638c360b-1333-3919-ba31-09b787df6ebb,2026-05-07,False,False,False,True,324349,2024-01-01 00:00:00,2026-04-30 23:54:00,850.0,True
953aad6d-a4b5-49c2-910f-4846478f94cd_e258faf8-95b3-44bd-a7d6-31c212ecbe54,nycmesh-713-ltulr-2282,953aad6d-a4b5-49c2-910f-4846478f94cd,nycmesh-713-ltulr-2282,e258faf8-95b3-44bd-a7d6-31c212ecbe54,nycmesh-2282-ltulr-713,40.657782,-74.004848,,45.32,40.682995,-73.993789,13.0,18.29,2954.0,5815.0,ap-ptp,-48.0,-47.0,953aad6d-a4b5-49c2-910f-4846478f94cd_e258faf8-95b3-44bd-a7d6-31c212ecbe54,a96d2162-db07-3054-a123-8763b7280125,2026-05-07,False,False,False,True,293905,2024-04-19 21:07:04,2026-04-30 23:54:00,741.0,True
9600af45-a3a7-43eb-af30-01b070ab7150_6bb30a25-b72e-46f9-a1ad-0dd87a5a4c42,nycmesh-lbe-48,9600af45-a3a7-43eb-af30-01b070ab7150,nycmesh-3461-southwest,6bb30a25-b72e-46f9-a1ad-0dd87a5a4c42,nycmesh-lbe-48,40.672531,-73.964197,,60.95,40.6725,-73.9642,,5.0,3.4563153488510543,5555.0,ap-ptmp-airmax-mixed,-66.0,-65.0,9600af45-a3a7-43eb-af30-01b070ab7150_6bb30a25-b72e-46f9-a1ad-0dd87a5a4c42,a830debf-97b4-3810-a938-be70b9246244,2026-05-07,False,False,False,True,353382,2023-12-01 00:00:00,2023-11-30 23:58:56,-1.0,True
9600af45-a3a7-43eb-af30-01b070ab7150_975d5663-0ce7-4d10-bf68-f360e26e0023,nycmesh-3461-southwest,9600af45-a3a7-43eb-af30-01b070ab7150,nycmesh-3461-southwest,975d5663-0ce7-4d10-bf68-f360e26e0023,nycmesh-lbe-2889,40.672531,-73.964197,,60.95,40.6725,-73.9642,,5.0,3.4563153488510543,5555.0,ap-ptmp-airmax-mixed,-67.0,-65.0,9600af45-a3a7-43eb-af30-01b070ab7150_975d5663-0ce7-4d10-bf68-f360e26e0023,27492452-4816-361a-8077-83267c713f31,2026-05-07,False,False,False,True,349591,2023-12-01 00:00:08,2023-11-30 23:59:12,-1.0,True
9600af45-a3a7-43eb-af30-01b070ab7150_b72e0bc3-0349-4ef4-a4f4-d725cf9181ed,nycmesh-lbe-419,9600af45-a3a7-43eb-af30-01b070ab7150,nycmesh-3461-southwest,b72e0bc3-0349-4ef4-a4f4-d725cf9181ed,nycmesh-lbe-419,40.672531,-73.964197,,60.95,40.6725,-73.9642,,5.0,3.4563153488510543,5555.0,ap-ptmp-airmax-mixed,-57.0,-54.0,9600af45-a3a7-43eb-af30-01b070ab7150_b72e0bc3-0349-4ef4-a4f4-d725cf9181ed,9f4cf195-16ad-3eab-90ac-12ea5cd0db6e,2026-05-07,False,False,False,True,345743,2023-12-01 00:00:16,2023-11-30 23:59:20,-1.0,True
96a1c830-00a5-46d7-a37d-39ee9ae128a4_a35df5c8-ec92-4224-87f3-4fac9e543086,nycmesh-5300-lbe-498,96a1c830-00a5-46d7-a37d-39ee9ae128a4,nycmesh-5300-lbe-498,a35df5c8-ec92-4224-87f3-4fac9e543086,nycmesh-498-lbe-5300,40.659761,-73.99199,5.0,10.0,40.6578,-74.0048,,5.0,1106.0,5750.0,ap-ptp,-51.0,-49.0,96a1c830-00a5-46d7-a37d-39ee9ae128a4_a35df5c8-ec92-4224-87f3-4fac9e543086,6594ac6b-88a1-310c-aed6-1672b23d6ae7,2026-05-07,False,False,False,True,234177,2024-02-10 00:23:28,2025-08-31 23:00:00,568.0,True
96a1c830-00a5-46d7-a37d-39ee9ae128a4_e14b1ec8-bb0b-42f3-8af4-4908525be808,,96a1c830-00a5-46d7-a37d-39ee9ae128a4,nycmesh-5300-lbe-498,e14b1ec8-bb0b-42f3-8af4-4908525be808,nycmesh-498-lbe-5300,40.659761,-73.99199,5.0,10.0,40.659761,-73.99199,,10.0,1.0,5750.0,ap-ptp,-45.0,-45.0,96a1c830-00a5-46d7-a37d-39ee9ae128a4_e14b1ec8-bb0b-42f3-8af4-4908525be808,bd3356f0-7729-3a2e-a8e0-4c98826aad05,2026-01-07,False,False,False,True,25393,2025-09-01 00:00:00,2026-02-28 23:54:00,180.0,True
98ddde37-1641-4354-ba0b-31688ca774e1_c23e468e-08e1-4b64-9bde-7490fb250563,nycmesh-7489-west,98ddde37-1641-4354-ba0b-31688ca774e1,nycmesh-7489-west,c23e468e-08e1-4b64-9bde-7490fb250563,nycmesh-lbe-190,40.659676,-73.913529,,31.1,40.65967565,-73.913529345429,,5.0,0.048617111387043,5310.0,ap-ptmp-airmax-mixed,-74.0,-74.0,98ddde37-1641-4354-ba0b-31688ca774e1_c23e468e-08e1-4b64-9bde-7490fb250563,5bc045a8-9d5c-3376-b392-0200fff85254,2026-05-07,False,False,False,True,560759,2023-12-01 00:00:00,2023-11-30 23:59:36,-1.0,True
99625c67-f1b3-46d8-b0e8-175774246422_db447f7d-fe98-4e0f-bb3c-6b944e1c8c91,nycmesh-731-gbelr-1932,99625c67-f1b3-46d8-b0e8-175774246422,nycmesh-1932-gbelr-731,db447f7d-fe98-4e0f-bb3c-6b944e1c8c91,nycmesh-731-gbelr-1932,40.716098,-73.985997,14.0,0.0,40.724676,-73.98073,,8.0,1052.0539764929235,60480.0,sta-ptp,-56.0,-58.0,99625c67-f1b3-46d8-b0e8-175774246422_db447f7d-fe98-4e0f-bb3c-6b944e1c8c91,a702b639-03e8-330e-8901-deda6ecb90ed,2026-05-07,False,False,False,True,560339,2023-12-01 00:00:08,2023-11-30 23:59:12,-1.0,True
9a293f55-02b4-4201-baaa-9ecedb334bd4_36309bd5-e6c2-42df-8d5d-947ee950b809,nycmesh-lbe-6794,9a293f55-02b4-4201-baaa-9ecedb334bd4,nycmesh-295-south,36309bd5-e6c2-42df-8d5d-947ee950b809,nycmesh-lbe-6794,40.72578,-73.94702,5.0,10.0,40.725616,-73.947094,5.0,5.0,1.0,5570.0,ap-ptmp,,,9a293f55-02b4-4201-baaa-9ecedb334bd4_36309bd5-e6c2-42df-8d5d-947ee950b809,84f39384-30a2-384b-8e5e-5531ba3ba0bc,2026-05-07,False,False,False,True,502674,2023-12-01 00:00:48,2023-11-30 23:59:52,-1.0,True
9a9df01c-d99d-4a10-9134-5e643ced89d8_3e1e930f-4ae4-42d0-a615-cc4e9521fecf,nycmesh-1340-af60lr-5916,9a9df01c-d99d-4a10-9134-5e643ced89d8,nycmesh-5916-af60lr-1340,3e1e930f-4ae4-42d0-a615-cc4e9521fecf,nycmesh-1340-af60lr-5916,40.69584,-73.939921,23.0,99.9,40.686047,-73.917483,,60.7,2182.8112712792513,65880.0,sta-ptp,-54.0,-54.0,9a9df01c-d99d-4a10-9134-5e643ced89d8_3e1e930f-4ae4-42d0-a615-cc4e9521fecf,c384ab62-623c-3937-8a50-2af6eafbe888,2026-05-07,False,False,False,True,0,,,,False
9b3f3f6d-31a1-49f9-912a-e79e3fdfeea5_935e28a2-6929-42df-a743-c3466da486b2,nycmesh-5916-gbe1,9b3f3f6d-31a1-49f9-912a-e79e3fdfeea5,nycmesh-5916-gbe2,935e28a2-6929-42df-a743-c3466da486b2,nycmesh-5916-gbe1,40.696038,-73.939764,23.0,67.46,40.696038,-73.939764,23.0,67.46,0.0,64800.0,sta-ptp,-64.0,-57.0,9b3f3f6d-31a1-49f9-912a-e79e3fdfeea5_935e28a2-6929-42df-a743-c3466da486b2,57b29ed6-28f5-3f33-b749-334387acd6cd,2026-05-07,False,False,False,True,0,,,,False
9db264a2-e7f1-4d97-8107-34d2999f0c8f_7da835e9-e0b3-4ad0-ba3e-6374e740f6b8,nycmesh-lbe-255,9db264a2-e7f1-4d97-8107-34d2999f0c8f,nycmesh-lbe-255,7da835e9-e0b3-4ad0-ba3e-6374e740f6b8,nycmesh-329-west,40.7179,-73.9436,11.0,10.0,40.717473,-73.941814,11.0,8.0,157.83206222854912,5825.0,sta-ptmp,-51.0,-68.0,9db264a2-e7f1-4d97-8107-34d2999f0c8f_7da835e9-e0b3-4ad0-ba3e-6374e740f6b8,dbfd50b9-64aa-352e-bff3-d96ca244f8ef,2026-05-07,False,False,False,True,337941,2023-12-01 00:00:56,2023-11-30 23:59:52,-1.0,True
9e2a74d5-e888-4817-9c41-e8dfb830e11d_0a3abe08-d225-4636-9c20-15638338ad6b,nycmesh-4126-af60lr,9e2a74d5-e888-4817-9c41-e8dfb830e11d,nycmesh-5916-waveap-west,0a3abe08-d225-4636-9c20-15638338ad6b,nycmesh-4126-af60lr,40.696189,-73.939914,,108.3,40.692257,-73.954525,,54.0,1310.0,66960.0,ap-ptmp,-60.0,-50.0,9e2a74d5-e888-4817-9c41-e8dfb830e11d_0a3abe08-d225-4636-9c20-15638338ad6b,4dde71cc-5747-343d-8bc1-ada2903d1297,2026-05-07,False,False,False,True,0,,,,False
9e2a74d5-e888-4817-9c41-e8dfb830e11d_11e4d564-bda0-4325-ae54-f809dc747ca6,nycmesh-1779-af60lr,9e2a74d5-e888-4817-9c41-e8dfb830e11d,nycmesh-5916-waveap-west,11e4d564-bda0-4325-ae54-f809dc747ca6,nycmesh-1779-af60lr,40.696189,-73.939914,,108.3,40.694267,-73.954819,23.0,38.3,1286.0,66960.0,ap-ptmp,-60.0,-55.0,9e2a74d5-e888-4817-9c41-e8dfb830e11d_11e4d564-bda0-4325-ae54-f809dc747ca6,bbc8e281-8b60-3406-a1c6-1ecfdb874062,2026-05-07,False,False,False,True,0,,,,False
9e2a74d5-e888-4817-9c41-e8dfb830e11d_3d16530c-356f-44b7-b168-2471e9929c6f,nycmesh-436-af60lr,9e2a74d5-e888-4817-9c41-e8dfb830e11d,nycmesh-5916-waveap-west,3d16530c-356f-44b7-b168-2471e9929c6f,nycmesh-436-af60lr,40.696189,-73.939914,,108.3,40.685997,-73.961353,23.0,40.5,2136.0,66960.0,ap-ptmp,-60.0,-71.0,9e2a74d5-e888-4817-9c41-e8dfb830e11d_3d16530c-356f-44b7-b168-2471e9929c6f,14faf0f6-62ad-3a37-bc05-26718390f6fe,2026-05-07,False,False,False,True,0,,,,False
9e2a74d5-e888-4817-9c41-e8dfb830e11d_50e0abe2-d07f-4ccc-a395-0884c89bee43,nycmesh-5916-waveap-west,9e2a74d5-e888-4817-9c41-e8dfb830e11d,nycmesh-5916-waveap-west,50e0abe2-d07f-4ccc-a395-0884c89bee43,ncymesh-430-af60lr,40.696189,-73.939914,,108.3,40.694917,-73.949455,23.0,31.5,821.0,66960.0,ap-ptmp,-60.0,-56.0,9e2a74d5-e888-4817-9c41-e8dfb830e11d_50e0abe2-d07f-4ccc-a395-0884c89bee43,002b1d2f-3ae7-3063-96f8-f65c05a39494,2026-05-07,False,False,False,True,0,,,,False
9e2a74d5-e888-4817-9c41-e8dfb830e11d_b78a8536-1719-4dba-b1d6-20bff6aeec4a,nycmesh-884-wavenano,9e2a74d5-e888-4817-9c41-e8dfb830e11d,nycmesh-5916-waveap-west,b78a8536-1719-4dba-b1d6-20bff6aeec4a,nycmesh-884-wavenano,40.696189,-73.939914,,108.3,40.693512,-73.944386,23.0,39.5,1.0,66960.0,ap-ptmp,-60.0,-67.0,9e2a74d5-e888-4817-9c41-e8dfb830e11d_b78a8536-1719-4dba-b1d6-20bff6aeec4a,c304b6c5-d3f7-3f2f-a98f-e3ba85259d92,2026-05-07,False,False,False,True,0,,,,False
9ec55494-cdd1-4b62-be3a-0ce25031aeba_0985541f-a287-46d0-bed0-782e6e09fe37,nycmesh-lbe-883,9ec55494-cdd1-4b62-be3a-0ce25031aeba,nycmesh-227-ps5ac-north1,0985541f-a287-46d0-bed0-782e6e09fe37,nycmesh-lbe-883,40.71109,-74.001367,,161.544,40.7109,-74.0012,10.0,8.0,1.0,5490.0,ap-ptmp-airmax-mixed,-65.0,-61.0,9ec55494-cdd1-4b62-be3a-0ce25031aeba_0985541f-a287-46d0-bed0-782e6e09fe37,ba9e727d-0aa1-3b2e-af59-82d886293cff,2026-05-07,False,False,False,True,41659,2025-09-04 09:00:00,2026-04-30 23:54:00,238.0,True
9ec55494-cdd1-4b62-be3a-0ce25031aeba_1d2abf36-8382-4b5b-b847-46bf37e42353,nycmesh-lbe-7232,9ec55494-cdd1-4b62-be3a-0ce25031aeba,nycmesh-227-ps5ac-north1,1d2abf36-8382-4b5b-b847-46bf37e42353,nycmesh-lbe-7232,40.71109,-74.001367,,161.544,40.719055,-74.00187,10.0,8.0,1.0,5490.0,ap-ptmp-airmax-mixed,-67.0,-64.0,9ec55494-cdd1-4b62-be3a-0ce25031aeba_1d2abf36-8382-4b5b-b847-46bf37e42353,13571648-b76f-3af0-b694-150acaa1ca1f,2026-05-07,False,False,False,True,357163,2023-12-01 00:00:24,2023-11-30 23:59:28,-1.0,True
9ec55494-cdd1-4b62-be3a-0ce25031aeba_3484bf80-e977-4d77-a751-88a2babedd85,nycmesh-lbe-464,9ec55494-cdd1-4b62-be3a-0ce25031aeba,nycmesh-227-ps5ac-north1,3484bf80-e977-4d77-a751-88a2babedd85,nycmesh-lbe-464,40.71109,-74.001367,,161.544,40.713266,-73.997911,10.0,8.0,1.0,5490.0,ap-ptmp-airmax-mixed,-62.0,-59.0,9ec55494-cdd1-4b62-be3a-0ce25031aeba_3484bf80-e977-4d77-a751-88a2babedd85,9db4aaa2-3368-39b6-bf66-23420ecde94c,2026-05-07,False,False,False,True,350564,2023-12-01 00:00:16,2023-11-30 23:59:12,-1.0,True
9ec55494-cdd1-4b62-be3a-0ce25031aeba_4ffc733b-a42e-4d2d-a1a4-a0d6734d3c49,nycmesh-lbe2-645,9ec55494-cdd1-4b62-be3a-0ce25031aeba,nycmesh-227-ps5ac-north1,4ffc733b-a42e-4d2d-a1a4-a0d6734d3c49,nycmesh-lbe2-645,40.71109,-74.001367,,161.544,40.71749,-73.99756,10.0,8.0,1.0,5490.0,ap-ptmp-airmax-mixed,-74.0,-71.0,9ec55494-cdd1-4b62-be3a-0ce25031aeba_4ffc733b-a42e-4d2d-a1a4-a0d6734d3c49,c6c49a1b-cf56-3384-b937-aad997b802e2,2026-05-07,False,False,False,True,43521,2025-04-28 18:00:00,2026-04-30 23:54:00,367.0,True
9ec55494-cdd1-4b62-be3a-0ce25031aeba_5bcf5029-b878-48a7-b39b-47469708a18f,nycmesh-227-ps5ac-north1,9ec55494-cdd1-4b62-be3a-0ce25031aeba,nycmesh-227-ps5ac-north1,5bcf5029-b878-48a7-b39b-47469708a18f,nycmesh-lbe-789,40.71109,-74.001367,,161.544,40.72198,-73.99594,10.0,8.0,1.0,5490.0,ap-ptmp-airmax-mixed,-61.0,-59.0,9ec55494-cdd1-4b62-be3a-0ce25031aeba_5bcf5029-b878-48a7-b39b-47469708a18f,128383e0-00bf-3850-8e0a-f403e373e240,2026-05-07,False,False,False,True,357453,2023-12-01 00:00:40,2023-11-30 23:59:44,-1.0,True
9ec55494-cdd1-4b62-be3a-0ce25031aeba_68e5f053-0e19-41f1-bb5a-73d9afe06f11,nycmesh-lbe-909,9ec55494-cdd1-4b62-be3a-0ce25031aeba,nycmesh-227-ps5ac-north1,68e5f053-0e19-41f1-bb5a-73d9afe06f11,nycmesh-lbe-909,40.71109,-74.001367,,161.544,40.7257,-73.9836,10.0,8.0,1.0,5490.0,ap-ptmp-airmax-mixed,-59.0,-54.0,9ec55494-cdd1-4b62-be3a-0ce25031aeba_68e5f053-0e19-41f1-bb5a-73d9afe06f11,b825472f-9ff3-3e9a-9fde-e48f46d20e1d,2026-05-07,False,False,False,True,34725,2025-11-01 00:00:00,2026-04-30 23:54:00,180.0,True
9ec55494-cdd1-4b62-be3a-0ce25031aeba_bd4045a1-144d-4554-9703-c012c5f3460b,nycmesh-lbe-886,9ec55494-cdd1-4b62-be3a-0ce25031aeba,nycmesh-227-ps5ac-north1,bd4045a1-144d-4554-9703-c012c5f3460b,nycmesh-lbe-886,40.71109,-74.001367,,161.544,40.71088,-74.0012,10.0,8.0,1.0,5490.0,ap-ptmp-airmax-mixed,-60.0,-57.0,9ec55494-cdd1-4b62-be3a-0ce25031aeba_bd4045a1-144d-4554-9703-c012c5f3460b,1ca45b42-380f-3cdd-9ceb-21b3608a3edd,2026-05-07,False,False,False,True,41297,2025-09-06 15:00:00,2026-04-30 23:54:00,236.0,True
9ec55494-cdd1-4b62-be3a-0ce25031aeba_caa53685-8578-4b8b-b617-96ad3ebb38b3,nycmesh-lbe2-544,9ec55494-cdd1-4b62-be3a-0ce25031aeba,nycmesh-227-ps5ac-north1,caa53685-8578-4b8b-b617-96ad3ebb38b3,nycmesh-lbe2-544,40.71109,-74.001367,,161.544,40.718504,-73.995954,10.0,25.0,955.0,5490.0,ap-ptmp-airmax-mixed,-63.0,-58.0,9ec55494-cdd1-4b62-be3a-0ce25031aeba_caa53685-8578-4b8b-b617-96ad3ebb38b3,5e7675c3-b9e3-35bc-91f3-02ab6395ac23,2026-05-07,False,False,False,True,305315,2024-01-14 07:29:36,2026-04-30 23:54:00,837.0,True
9ec55494-cdd1-4b62-be3a-0ce25031aeba_cf9cfa9d-0b2e-4fcc-90db-c1fe18e21503,nycmesh-lbe-7869,9ec55494-cdd1-4b62-be3a-0ce25031aeba,nycmesh-227-ps5ac-north1,cf9cfa9d-0b2e-4fcc-90db-c1fe18e21503,nycmesh-lbe-7869,40.71109,-74.001367,,161.544,40.715394,-73.999422,10.0,8.0,1.0,5490.0,ap-ptmp-airmax-mixed,-62.0,-61.0,9ec55494-cdd1-4b62-be3a-0ce25031aeba_cf9cfa9d-0b2e-4fcc-90db-c1fe18e21503,8505154e-6b8b-3c89-8105-c765b884db1c,2026-05-07,False,False,False,True,347426,2023-12-01 00:00:08,2023-11-30 23:59:04,-1.0,True
9ec55494-cdd1-4b62-be3a-0ce25031aeba_e5e765b9-29cc-44d3-8ff8-fcae87586867,nycmesh-lbe-2415,9ec55494-cdd1-4b62-be3a-0ce25031aeba,nycmesh-227-ps5ac-north1,e5e765b9-29cc-44d3-8ff8-fcae87586867,nycmesh-lbe-2415,40.71109,-74.001367,,161.544,40.715002,-73.998567,10.0,8.0,1.0,5490.0,ap-ptmp-airmax-mixed,-62.0,-58.0,9ec55494-cdd1-4b62-be3a-0ce25031aeba_e5e765b9-29cc-44d3-8ff8-fcae87586867,b05b4e8b-6041-3add-8c56-672cc644fec0,2026-05-07,False,False,False,True,323546,2023-12-01 00:00:32,2023-11-30 23:59:28,-1.0,True
9ec55494-cdd1-4b62-be3a-0ce25031aeba_e8264de3-afb9-4bb2-8a21-1b7c48bdf5c1,nycmesh-lbe-3127,9ec55494-cdd1-4b62-be3a-0ce25031aeba,nycmesh-227-ps5ac-north1,e8264de3-afb9-4bb2-8a21-1b7c48bdf5c1,nycmesh-lbe-3127,40.71109,-74.001367,,161.544,40.724523,-73.994684,10.0,8.0,1.0,5490.0,ap-ptmp-airmax-mixed,-64.0,-62.0,9ec55494-cdd1-4b62-be3a-0ce25031aeba_e8264de3-afb9-4bb2-8a21-1b7c48bdf5c1,1f1a4cf6-e334-3704-80d4-5319d9cb2b44,2026-05-07,False,False,False,True,347195,2023-12-01 00:00:24,2023-11-30 23:59:20,-1.0,True
9ec55494-cdd1-4b62-be3a-0ce25031aeba_ecb037f9-907e-44a4-b465-b686410862b8,nycmesh-lbe-699,9ec55494-cdd1-4b62-be3a-0ce25031aeba,nycmesh-227-ps5ac-north1,ecb037f9-907e-44a4-b465-b686410862b8,nycmesh-lbe-699,40.71109,-74.001367,,161.544,40.71088,-74.0012,10.0,8.0,1.0,5490.0,ap-ptmp-airmax-mixed,-68.0,-64.0,9ec55494-cdd1-4b62-be3a-0ce25031aeba_ecb037f9-907e-44a4-b465-b686410862b8,2392ffaf-1aae-31ea-a46e-509f9ab8078f,2026-05-07,False,False,False,True,206691,2023-12-01 00:00:40,2023-11-30 23:59:36,-1.0,True
9ec55494-cdd1-4b62-be3a-0ce25031aeba_f1fa8266-33bf-4303-99c8-6c695e852a96,nycmesh-lbe-270,9ec55494-cdd1-4b62-be3a-0ce25031aeba,nycmesh-227-ps5ac-north1,f1fa8266-33bf-4303-99c8-6c695e852a96,nycmesh-lbe-270,40.71109,-74.001367,,161.544,40.71088,-74.0012,10.0,8.0,1.0,5490.0,ap-ptmp-airmax-mixed,-64.0,-59.0,9ec55494-cdd1-4b62-be3a-0ce25031aeba_f1fa8266-33bf-4303-99c8-6c695e852a96,811093c2-50ef-3164-b017-74cba6c24745,2026-05-07,False,False,False,True,103721,2023-12-01 00:00:48,2023-11-30 23:59:44,-1.0,True
a02480b9-09be-4691-87a4-9f99c013c262_33caf4e4-7f84-49bb-8317-b63cb5caf4e7,nycmesh-5134-af60lr,a02480b9-09be-4691-87a4-9f99c013c262,nycmesh-3461-waveap-north,33caf4e4-7f84-49bb-8317-b63cb5caf4e7,nycmesh-5134-af60lr,40.672675,-73.964176,,98.9,40.673532,-73.96407,,68.7,95.71243745126026,66960.0,ap-ptmp,-55.0,-61.0,a02480b9-09be-4691-87a4-9f99c013c262_33caf4e4-7f84-49bb-8317-b63cb5caf4e7,1aafbdfe-2cd9-313e-8168-8f4984e12839,2026-05-07,False,False,False,True,315496,2023-12-01 00:00:24,2023-11-30 23:59:20,-1.0,True
a02480b9-09be-4691-87a4-9f99c013c262_49ae26d2-cc3c-4856-98f8-a2131b803366,nycmesh-177-af60lr,a02480b9-09be-4691-87a4-9f99c013c262,nycmesh-3461-waveap-north,49ae26d2-cc3c-4856-98f8-a2131b803366,nycmesh-177-af60lr,40.672675,-73.964176,,98.9,40.678127,-73.962475,,47.5,622.9751267118983,66960.0,ap-ptmp,-55.0,-49.0,a02480b9-09be-4691-87a4-9f99c013c262_49ae26d2-cc3c-4856-98f8-a2131b803366,b44c81a3-f825-35b4-8abe-1cf1d1a3a94e,2026-05-07,False,False,False,True,0,,,,False
a02480b9-09be-4691-87a4-9f99c013c262_4baae161-21a6-4842-9513-98de0f38e43e,nycmesh-251-af60lr,a02480b9-09be-4691-87a4-9f99c013c262,nycmesh-3461-waveap-north,4baae161-21a6-4842-9513-98de0f38e43e,nycmesh-251-af60lr,40.672675,-73.964176,,98.9,40.680173,-73.963217,,47.0,837.652727019201,66960.0,ap-ptmp,-55.0,-50.0,a02480b9-09be-4691-87a4-9f99c013c262_4baae161-21a6-4842-9513-98de0f38e43e,942912a1-5372-3989-a34d-9dabb9d057b9,2026-05-07,False,False,False,True,0,,,,False
a3e126fb-591f-44b0-9c89-e75bdcf7aa91_ac1267c9-b110-4f41-a4fd-21761d4fbaec,nycmesh-641-lbe-640,a3e126fb-591f-44b0-9c89-e75bdcf7aa91,nycmesh-640-lbe-641,ac1267c9-b110-4f41-a4fd-21761d4fbaec,nycmesh-641-lbe-640,40.798844,-73.938739,,10.0,40.7988,-73.9387,,10.0,175.0,5520.0,ap-ptp,-51.0,-51.0,a3e126fb-591f-44b0-9c89-e75bdcf7aa91_ac1267c9-b110-4f41-a4fd-21761d4fbaec,861d0bb6-c2b8-3d12-ab46-0c0d62eea079,2026-05-07,False,False,False,True,71788,2024-07-21 23:59:04,2026-04-30 23:54:00,647.0,True
a4b508b2-62b6-4bb2-ae6a-c593d8191759_ffa84622-0fdc-4c5c-9296-021abecfa700,nycmesh-lbe-7537,a4b508b2-62b6-4bb2-ae6a-c593d8191759,nycmesh-835-northwest,ffa84622-0fdc-4c5c-9296-021abecfa700,nycmesh-lbe-7537,40.685214,-73.954595,,10.0,40.683061,-73.961386,,5.0,1617.0,5710.0,ap-ptmp-airmax-mixed,-59.0,-59.0,a4b508b2-62b6-4bb2-ae6a-c593d8191759_ffa84622-0fdc-4c5c-9296-021abecfa700,d462ec24-efe2-3b29-8b07-b14b66738fa9,2026-05-07,False,False,False,True,345272,2023-12-01 00:00:32,2023-11-30 23:59:36,-1.0,True
a68ca131-0721-4a0d-9884-be31564e36a3_2fb57934-d476-4718-a8d0-bc854206c70b,nycmesh-527-wavelr,a68ca131-0721-4a0d-9884-be31564e36a3,nycmesh-3461-waveap-south,2fb57934-d476-4718-a8d0-bc854206c70b,nycmesh-527-wavelr,40.672533,-73.964421,,96.3,40.635155,-73.95048,,33.8,4335.0,68040.0,ap-ptmp,-58.0,-65.0,a68ca131-0721-4a0d-9884-be31564e36a3_2fb57934-d476-4718-a8d0-bc854206c70b,4d0f8a79-0c40-304d-8a00-ab0ae637931a,2026-05-07,False,False,False,True,0,,,,False
a68ca131-0721-4a0d-9884-be31564e36a3_938035b0-5f2c-41d6-a901-8a94aaeb0918,nycmesh-228-af60lr,a68ca131-0721-4a0d-9884-be31564e36a3,nycmesh-3461-waveap-south,938035b0-5f2c-41d6-a901-8a94aaeb0918,nycmesh-228-af60lr,40.672533,-73.964421,,96.3,40.660824,-73.96042,,43.2,1344.0,68040.0,ap-ptmp,-58.0,-51.0,a68ca131-0721-4a0d-9884-be31564e36a3_938035b0-5f2c-41d6-a901-8a94aaeb0918,f386b377-4ba1-3895-8ea3-8044e04c4f9c,2026-05-07,False,False,False,True,0,,,,False
a68ca131-0721-4a0d-9884-be31564e36a3_f296e3be-f158-46fc-b591-d7d476f55e09,nycmesh-4402-wavelr,a68ca131-0721-4a0d-9884-be31564e36a3,nycmesh-3461-waveap-south,f296e3be-f158-46fc-b591-d7d476f55e09,nycmesh-4402-wavelr,40.672533,-73.964421,,96.3,40.655613,-73.956836,,35.8,1987.217693227033,68040.0,ap-ptmp,-58.0,-58.0,a68ca131-0721-4a0d-9884-be31564e36a3_f296e3be-f158-46fc-b591-d7d476f55e09,2361f315-df2e-3e34-b866-c47bae525ee6,2026-05-07,False,False,False,True,0,,,,False
a68ca131-0721-4a0d-9884-be31564e36a3_fedaa7a4-daf4-40bc-9ecc-38dda513b9aa,nycmesh-3461-waveap-south,a68ca131-0721-4a0d-9884-be31564e36a3,nycmesh-3461-waveap-south,fedaa7a4-daf4-40bc-9ecc-38dda513b9aa,nycmesh-4507-af60lr,40.672533,-73.964421,,96.3,40.655545,-73.959143,,34.5,1944.0,68040.0,ap-ptmp,-58.0,-55.0,a68ca131-0721-4a0d-9884-be31564e36a3_fedaa7a4-daf4-40bc-9ecc-38dda513b9aa,0954119e-ef2e-37a5-bd34-f0077a568d3c,2026-05-07,False,False,False,True,315845,2023-12-01 00:00:48,2023-11-30 23:59:52,-1.0,True
ab004b00-e617-4a51-a9c9-2d7b7a683a6c_0f6c9269-f14d-4b02-be62-cb496fe89eae,nycmesh-835-southeast,ab004b00-e617-4a51-a9c9-2d7b7a683a6c,nycmesh-835-southeast,0f6c9269-f14d-4b02-be62-cb496fe89eae,nycmesh-lbe-7516,40.685214,-73.954595,,10.0,40.684582,-73.953083,,5.0,128.0,5760.0,ap-ptmp,-54.0,-70.0,ab004b00-e617-4a51-a9c9-2d7b7a683a6c_0f6c9269-f14d-4b02-be62-cb496fe89eae,1a941509-a9dd-37d6-a5aa-57b9282631c2,2026-05-07,False,False,False,True,44952,2025-06-27 02:00:00,2026-04-30 23:54:00,307.0,True
ab004b00-e617-4a51-a9c9-2d7b7a683a6c_2d3747ef-4d5f-43f8-8aaa-12527d6f561d,nycmesh-lbe2-7516,ab004b00-e617-4a51-a9c9-2d7b7a683a6c,nycmesh-835-southeast,2d3747ef-4d5f-43f8-8aaa-12527d6f561d,nycmesh-lbe2-7516,40.685214,-73.954595,,10.0,40.684651,-73.952688,,5.0,172.5544226550942,5760.0,ap-ptmp,-54.0,-39.0,ab004b00-e617-4a51-a9c9-2d7b7a683a6c_2d3747ef-4d5f-43f8-8aaa-12527d6f561d,4961e802-e109-3c9a-89c7-a1ff449119ee,2026-05-07,False,False,False,True,45929,2025-06-27 20:00:00,2026-04-30 23:54:00,307.0,True
ab004b00-e617-4a51-a9c9-2d7b7a683a6c_67bb2999-912c-49dc-afc6-1123465c1d13,nycmesh-lbe-846,ab004b00-e617-4a51-a9c9-2d7b7a683a6c,nycmesh-835-southeast,67bb2999-912c-49dc-afc6-1123465c1d13,nycmesh-lbe-846,40.685214,-73.954595,,10.0,40.680818,-73.954737,,5.0,488.95952744231266,5760.0,ap-ptmp,-54.0,-58.0,ab004b00-e617-4a51-a9c9-2d7b7a683a6c_67bb2999-912c-49dc-afc6-1123465c1d13,9a60e5f7-3800-3ef4-b20d-612c28d2671a,2026-05-07,False,False,False,True,40966,2025-09-04 01:00:00,2026-04-30 23:54:00,238.0,True
ab004b00-e617-4a51-a9c9-2d7b7a683a6c_898907ad-87ab-4079-98b4-e4597a226f0b,nycmesh-lbe-427,ab004b00-e617-4a51-a9c9-2d7b7a683a6c,nycmesh-835-southeast,898907ad-87ab-4079-98b4-e4597a226f0b,nycmesh-lbe-427,40.685214,-73.954595,,10.0,40.6725,-73.9642,,5.0,1617.0,5760.0,ap-ptmp,-54.0,-63.0,ab004b00-e617-4a51-a9c9-2d7b7a683a6c_898907ad-87ab-4079-98b4-e4597a226f0b,2fd87bc5-5413-3722-a2d6-f63c70fb2d68,2026-05-07,False,False,False,True,14634,2026-03-01 00:00:00,2026-04-30 23:54:00,60.0,True
ac1527e3-a635-4ede-ac50-0e0d1a8a4be6_d52bd105-ff36-4ecb-ab86-96af3f28cb07,nycmesh-lbe-3234,ac1527e3-a635-4ede-ac50-0e0d1a8a4be6,nycmesh-1417-west,d52bd105-ff36-4ecb-ab86-96af3f28cb07,nycmesh-lbe-3234,40.713724,-73.935549,7.0,14.0,40.7136163,-73.935641,7.0,8.0,2.0,5710.0,ap-ptmp-airmax-mixed,-58.0,-58.0,ac1527e3-a635-4ede-ac50-0e0d1a8a4be6_d52bd105-ff36-4ecb-ab86-96af3f28cb07,e13cf98c-910f-38f4-88b2-4c94431ccc9f,2026-05-07,False,False,False,True,346504,2023-12-01 00:00:40,2023-11-30 23:59:36,-1.0,True
af879361-59ac-4b14-913a-ad418c5e519b_259438b0-b190-42e0-82b9-19464f979cb5,nycmesh-1635-southeast,af879361-59ac-4b14-913a-ad418c5e519b,nycmesh-1635-southeast,259438b0-b190-42e0-82b9-19464f979cb5,nycmesh-lbe-542,40.667569,-73.98239,33.0,10.0,40.6676,-73.9824,33.0,5.0,1.0,5760.0,ap-ptmp-airmax-mixed,-47.0,-47.0,af879361-59ac-4b14-913a-ad418c5e519b_259438b0-b190-42e0-82b9-19464f979cb5,16f8b500-8580-330c-8231-7a44ccca15a6,2026-05-07,False,False,False,True,353452,2023-12-01 00:00:08,2023-11-30 23:59:04,-1.0,True
af879361-59ac-4b14-913a-ad418c5e519b_673cb9d4-7365-4714-8129-1c38cd697988,nycmesh-lbe-7817,af879361-59ac-4b14-913a-ad418c5e519b,nycmesh-1635-southeast,673cb9d4-7365-4714-8129-1c38cd697988,nycmesh-lbe-7817,40.667569,-73.98239,33.0,10.0,40.66755755,-73.982386782639,33.0,5.0,1.0,5760.0,ap-ptmp-airmax-mixed,-47.0,-47.0,af879361-59ac-4b14-913a-ad418c5e519b_673cb9d4-7365-4714-8129-1c38cd697988,af6bf84c-3487-3c4c-a7a4-293368d7a078,2026-05-07,False,False,False,True,352127,2023-12-01 00:00:00,2023-11-30 23:58:56,-1.0,True
b12680c6-06df-4078-b94a-28bcea18b75c_59ed0716-c970-482b-ab1e-b16023a58c35,nycmesh-lbe-276,b12680c6-06df-4078-b94a-28bcea18b75c,nycmesh-7489-north,59ed0716-c970-482b-ab1e-b16023a58c35,nycmesh-lbe-276,40.659676,-73.913529,,31.1,40.65967565,-73.913529345429,,5.0,0.048617111387043,5560.0,ap-ptmp-airmax-mixed,-71.0,-71.0,b12680c6-06df-4078-b94a-28bcea18b75c_59ed0716-c970-482b-ab1e-b16023a58c35,cfe5ce3e-38ac-39d6-b0d4-fd46413ec587,2026-05-07,False,False,False,True,553692,2023-12-01 00:00:40,2023-11-30 23:59:36,-1.0,True
b1d00aa0-4684-4436-83c0-43ddb299e9da_9239b6cd-66b2-409f-9ac1-4062154a37b2,nycmesh-730-af24-3959,b1d00aa0-4684-4436-83c0-43ddb299e9da,nycmesh-730-af24-3959,9239b6cd-66b2-409f-9ac1-4062154a37b2,nycmesh-3959-af24-730,40.843864,-73.893074,,69.0,40.841686,-73.941879,,10.0,4061.0,24100.0,ap-ptp,-70.0,-70.0,b1d00aa0-4684-4436-83c0-43ddb299e9da_9239b6cd-66b2-409f-9ac1-4062154a37b2,786e6c3b-9cf3-3195-926a-57da2cb561d3,2026-05-07,False,False,False,True,26752,2025-11-16 02:18:00,2026-04-30 23:54:00,165.0,True
b57493cd-83d8-4d49-9ede-c9392cc16f47_1956df19-95db-4e6b-bd9d-ebf24936470c,nycmesh-5014-north,b57493cd-83d8-4d49-9ede-c9392cc16f47,nycmesh-5014-north,1956df19-95db-4e6b-bd9d-ebf24936470c,nycmesh-lbe-926,40.693819,-73.906361,,8.0,40.6938,-73.9064,,8.0,3.9082827774909727,5560.0,ap-ptmp-airmax-mixed,-63.0,-65.0,b57493cd-83d8-4d49-9ede-c9392cc16f47_1956df19-95db-4e6b-bd9d-ebf24936470c,06c0401a-b131-3c20-98eb-ce679fdd49e8,2026-05-07,False,False,False,True,12908,2026-03-08 04:12:00,2026-04-30 23:54:00,53.0,True
b57493cd-83d8-4d49-9ede-c9392cc16f47_209bbffa-f339-46e8-9190-c25927adefdc,nycmesh-lbe-446,b57493cd-83d8-4d49-9ede-c9392cc16f47,nycmesh-5014-north,209bbffa-f339-46e8-9190-c25927adefdc,nycmesh-lbe-446,40.693819,-73.906361,,8.0,40.6938,-73.9064,,8.0,3.9082827774909727,5560.0,ap-ptmp-airmax-mixed,-60.0,-61.0,b57493cd-83d8-4d49-9ede-c9392cc16f47_209bbffa-f339-46e8-9190-c25927adefdc,6426d8d9-cb43-31c8-a78e-a33149fdaa9b,2026-05-07,False,False,False,True,352736,2023-12-01 00:00:16,2023-11-30 23:59:20,-1.0,True
b57493cd-83d8-4d49-9ede-c9392cc16f47_89bfca97-9f94-4488-ba24-15ef070ecd31,nycmesh-lbe-751,b57493cd-83d8-4d49-9ede-c9392cc16f47,nycmesh-5014-north,89bfca97-9f94-4488-ba24-15ef070ecd31,nycmesh-lbe-751,40.693819,-73.906361,,8.0,40.6938,-73.9064,,8.0,3.9082827774909727,5560.0,ap-ptmp-airmax-mixed,-61.0,-60.0,b57493cd-83d8-4d49-9ede-c9392cc16f47_89bfca97-9f94-4488-ba24-15ef070ecd31,44e4d477-086a-396e-ab16-870de6c8565c,2026-05-07,False,False,False,True,51772,2025-02-01 23:59:28,2026-04-30 23:54:00,452.0,True
b57493cd-83d8-4d49-9ede-c9392cc16f47_9a512a08-70ce-4e2f-92e8-0ebce91372a2,nycmesh-lbe-394,b57493cd-83d8-4d49-9ede-c9392cc16f47,nycmesh-5014-north,9a512a08-70ce-4e2f-92e8-0ebce91372a2,nycmesh-lbe-394,40.693819,-73.906361,,8.0,40.6938191,-73.9063608,,8.0,0.0201980233079971,5560.0,ap-ptmp-airmax-mixed,-56.0,-55.0,b57493cd-83d8-4d49-9ede-c9392cc16f47_9a512a08-70ce-4e2f-92e8-0ebce91372a2,3d4b74b7-c0e4-37da-bf99-dec24cc0dbfa,2026-05-07,False,False,False,True,348549,2023-12-01 00:00:40,2023-11-30 23:59:36,-1.0,True
b57493cd-83d8-4d49-9ede-c9392cc16f47_9ef1bbc4-3d4f-4079-8240-089be8bc5c3e,nycmesh-lbe-186,b57493cd-83d8-4d49-9ede-c9392cc16f47,nycmesh-5014-north,9ef1bbc4-3d4f-4079-8240-089be8bc5c3e,nycmesh-lbe-186,40.693819,-73.906361,,8.0,40.6938191,-73.9063608,,8.0,0.0201980233079971,5560.0,ap-ptmp-airmax-mixed,-65.0,-67.0,b57493cd-83d8-4d49-9ede-c9392cc16f47_9ef1bbc4-3d4f-4079-8240-089be8bc5c3e,6798b070-00d9-397e-9923-79dd7d019fbf,2026-05-07,False,False,False,True,337697,2023-12-01 00:00:00,2023-11-30 23:58:56,-1.0,True
b57493cd-83d8-4d49-9ede-c9392cc16f47_b52141d7-01b7-4734-9e54-d3b62eeb26ed,nycmesh-lbe-5107,b57493cd-83d8-4d49-9ede-c9392cc16f47,nycmesh-5014-north,b52141d7-01b7-4734-9e54-d3b62eeb26ed,nycmesh-lbe-5107,40.693819,-73.906361,,8.0,40.693819,-73.906361,23.0,8.0,0.0,5560.0,ap-ptmp-airmax-mixed,-57.0,-55.0,b57493cd-83d8-4d49-9ede-c9392cc16f47_b52141d7-01b7-4734-9e54-d3b62eeb26ed,df63066d-5dbd-3cb7-a938-4b3d6dae30ce,2026-05-07,False,False,False,True,294808,2023-12-01 00:00:48,2023-11-30 23:59:44,-1.0,True
b57493cd-83d8-4d49-9ede-c9392cc16f47_c96cd1a4-7254-4c46-98be-8abc344104d3,nycmesh-lbe-149,b57493cd-83d8-4d49-9ede-c9392cc16f47,nycmesh-5014-north,c96cd1a4-7254-4c46-98be-8abc344104d3,nycmesh-lbe-149,40.693819,-73.906361,,8.0,40.6938191,-73.9063608,,8.0,0.0201980233079971,5560.0,ap-ptmp-airmax-mixed,-75.0,-76.0,b57493cd-83d8-4d49-9ede-c9392cc16f47_c96cd1a4-7254-4c46-98be-8abc344104d3,0e3ae682-c2f9-3f61-a196-837dc5caf839,2026-05-07,False,False,False,True,341410,2023-12-01 00:00:56,2023-11-30 23:59:52,-1.0,True
b57493cd-83d8-4d49-9ede-c9392cc16f47_cf1e9af0-f6ed-4171-86fa-7b1f85038473,nycmesh-lbe-832,b57493cd-83d8-4d49-9ede-c9392cc16f47,nycmesh-5014-north,cf1e9af0-f6ed-4171-86fa-7b1f85038473,nycmesh-lbe-832,40.693819,-73.906361,,8.0,40.6938,-73.9064,,8.0,3.9082827774909727,5560.0,ap-ptmp-airmax-mixed,-57.0,-57.0,b57493cd-83d8-4d49-9ede-c9392cc16f47_cf1e9af0-f6ed-4171-86fa-7b1f85038473,b982844e-6260-3c68-b383-9389ed19a32d,2026-05-07,False,False,False,True,45642,2025-06-25 18:00:00,2026-04-30 23:54:00,309.0,True
b57493cd-83d8-4d49-9ede-c9392cc16f47_d888e380-df17-45af-8fe1-1fa9a0d6724b,nycmesh-lbe-1547,b57493cd-83d8-4d49-9ede-c9392cc16f47,nycmesh-5014-north,d888e380-df17-45af-8fe1-1fa9a0d6724b,nycmesh-lbe-1547,40.693819,-73.906361,,8.0,40.6938191,-73.9063608,,8.0,0.0201980233079971,5560.0,ap-ptmp-airmax-mixed,-76.0,-78.0,b57493cd-83d8-4d49-9ede-c9392cc16f47_d888e380-df17-45af-8fe1-1fa9a0d6724b,a5e5424f-24e2-3090-940b-09ebb66ae08e,2026-05-07,False,False,False,True,342183,2023-12-01 00:00:48,2023-11-30 23:59:44,-1.0,True
b57493cd-83d8-4d49-9ede-c9392cc16f47_e5ce8e51-4e2c-4fe1-85e3-05bcc0fae3e7,nycmesh-lbe-188,b57493cd-83d8-4d49-9ede-c9392cc16f47,nycmesh-5014-north,e5ce8e51-4e2c-4fe1-85e3-05bcc0fae3e7,nycmesh-lbe-188,40.693819,-73.906361,,8.0,40.6938191,-73.9063608,,8.0,0.0201980233079971,5560.0,ap-ptmp-airmax-mixed,-72.0,-72.0,b57493cd-83d8-4d49-9ede-c9392cc16f47_e5ce8e51-4e2c-4fe1-85e3-05bcc0fae3e7,13f2807b-d8e4-3c99-a3fa-861cec3707c3,2026-05-07,False,False,False,True,328514,2023-12-01 00:00:08,2023-11-30 23:59:12,-1.0,True
b6920950-8acf-40c6-b6e1-78b8082d8367_0228bfb5-590d-49f3-b553-00821d4de872,nycmesh-2463-south,b6920950-8acf-40c6-b6e1-78b8082d8367,nycmesh-2463-south,0228bfb5-590d-49f3-b553-00821d4de872,nycmesh-lbe-643,40.719898,-73.988024,11.0,8.0,40.7199,-73.988,,5.0,2.0,5560.0,ap-ptmp-airmax-mixed,-62.0,-64.0,b6920950-8acf-40c6-b6e1-78b8082d8367_0228bfb5-590d-49f3-b553-00821d4de872,11e4a443-250c-3ee5-9428-39704339181a,2026-05-07,False,False,False,True,63008,2024-07-15 23:59:44,2026-04-30 23:54:00,653.0,True
b6920950-8acf-40c6-b6e1-78b8082d8367_4d63a84a-dc65-46b4-a49b-b7b1a5b0c0ab,nycmesh-lbe-410,b6920950-8acf-40c6-b6e1-78b8082d8367,nycmesh-2463-south,4d63a84a-dc65-46b4-a49b-b7b1a5b0c0ab,nycmesh-lbe-410,40.719898,-73.988024,11.0,8.0,40.719898,-73.988024,,5.0,2.0,5560.0,ap-ptmp-airmax-mixed,-64.0,-68.0,b6920950-8acf-40c6-b6e1-78b8082d8367_4d63a84a-dc65-46b4-a49b-b7b1a5b0c0ab,a2fef053-00fb-3e3f-8b41-ad43b33592d7,2026-05-07,False,False,False,True,353414,2023-12-01 00:00:56,2023-11-30 23:59:52,-1.0,True
b6920950-8acf-40c6-b6e1-78b8082d8367_b902e2d7-bc2d-4d06-86c9-ba31d45d6134,nycmesh-lbe-2537,b6920950-8acf-40c6-b6e1-78b8082d8367,nycmesh-2463-south,b902e2d7-bc2d-4d06-86c9-ba31d45d6134,nycmesh-lbe-2537,40.719898,-73.988024,11.0,8.0,40.719897625,-73.98805175,,5.0,2.0,5560.0,ap-ptmp-airmax-mixed,-62.0,-57.0,b6920950-8acf-40c6-b6e1-78b8082d8367_b902e2d7-bc2d-4d06-86c9-ba31d45d6134,5550d325-3524-3ce7-b1fa-5f2ecea1dc0c,2026-05-07,False,False,False,True,14639,2026-03-01 00:00:00,2026-04-30 23:54:00,60.0,True
b6920950-8acf-40c6-b6e1-78b8082d8367_cec13a53-9132-4262-9c41-ec9cdef89cfa,nycmesh-lbe-454,b6920950-8acf-40c6-b6e1-78b8082d8367,nycmesh-2463-south,cec13a53-9132-4262-9c41-ec9cdef89cfa,nycmesh-lbe-454,40.719898,-73.988024,11.0,8.0,40.719898,-73.988024,,5.0,2.0,5560.0,ap-ptmp-airmax-mixed,-58.0,-60.0,b6920950-8acf-40c6-b6e1-78b8082d8367_cec13a53-9132-4262-9c41-ec9cdef89cfa,2f9a0b5d-2fd0-3b7a-a753-7cbc5d1486e9,2026-05-07,False,False,False,True,343597,2023-12-01 00:00:00,2023-11-30 23:58:56,-1.0,True
b6920950-8acf-40c6-b6e1-78b8082d8367_d4c5ba5f-84f1-4e74-9081-5f995fdac57e,nycmesh-lbe-506,b6920950-8acf-40c6-b6e1-78b8082d8367,nycmesh-2463-south,d4c5ba5f-84f1-4e74-9081-5f995fdac57e,nycmesh-lbe-506,40.719898,-73.988024,11.0,8.0,40.7199,-73.988,,5.0,2.0,5560.0,ap-ptmp-airmax-mixed,-55.0,-62.0,b6920950-8acf-40c6-b6e1-78b8082d8367_d4c5ba5f-84f1-4e74-9081-5f995fdac57e,a860ee42-65fc-3483-a9fd-ae4030c038df,2026-05-07,False,False,False,True,343879,2023-12-01 00:00:32,2023-11-30 23:59:28,-1.0,True
b6920950-8acf-40c6-b6e1-78b8082d8367_dc8a821b-15d4-45ec-b5a2-3f07f9367d6a,nycmesh-lbe-369,b6920950-8acf-40c6-b6e1-78b8082d8367,nycmesh-2463-south,dc8a821b-15d4-45ec-b5a2-3f07f9367d6a,nycmesh-lbe-369,40.719898,-73.988024,11.0,8.0,40.719897625,-73.98805175,,5.0,2.0,5560.0,ap-ptmp-airmax-mixed,-57.0,-56.0,b6920950-8acf-40c6-b6e1-78b8082d8367_dc8a821b-15d4-45ec-b5a2-3f07f9367d6a,a470e76f-a357-3ba9-98a7-ec87636621d7,2026-05-07,False,False,False,True,340646,2023-12-01 00:00:08,2023-11-30 23:59:04,-1.0,True
b6ed7b18-8c1e-497a-b8b7-3bab229980c4_2c2b5c96-8cf0-450f-bc12-b7b8e1a55166,nycmesh-lbe-205,b6ed7b18-8c1e-497a-b8b7-3bab229980c4,nycmesh-5916-south1,2c2b5c96-8cf0-450f-bc12-b7b8e1a55166,nycmesh-lbe-205,40.696043,-73.939783,,67.46,40.696038,-73.939764,23.0,5.0,1.0,5490.0,ap-ptmp-airmax-mixed,-61.0,-57.0,b6ed7b18-8c1e-497a-b8b7-3bab229980c4_2c2b5c96-8cf0-450f-bc12-b7b8e1a55166,621d37df-4df1-326d-99ca-6375f555c8c2,2026-05-07,False,False,False,True,353038,2023-12-01 00:00:24,2023-11-30 23:59:20,-1.0,True
b6ed7b18-8c1e-497a-b8b7-3bab229980c4_36ab65ef-c7bc-489b-b728-3cc865ab5a23,nycmesh-lbe-158,b6ed7b18-8c1e-497a-b8b7-3bab229980c4,nycmesh-5916-south1,36ab65ef-c7bc-489b-b728-3cc865ab5a23,nycmesh-lbe-158,40.696043,-73.939783,,67.46,40.691635,-73.924396,23.0,10.0,1382.0,5490.0,ap-ptmp-airmax-mixed,-61.0,-60.0,b6ed7b18-8c1e-497a-b8b7-3bab229980c4_36ab65ef-c7bc-489b-b728-3cc865ab5a23,6e94cf03-3087-3bf7-b3ac-15a7dca452ba,2026-05-07,False,False,False,True,54720,2024-12-18 00:00:00,2026-04-30 23:54:00,498.0,True
b6ed7b18-8c1e-497a-b8b7-3bab229980c4_3c738017-f2d0-4774-b37d-ffe67c89552e,nycmesh-lbe-325,b6ed7b18-8c1e-497a-b8b7-3bab229980c4,nycmesh-5916-south1,3c738017-f2d0-4774-b37d-ffe67c89552e,nycmesh-lbe-325,40.696043,-73.939783,,67.46,40.696038,-73.939764,23.0,5.0,1.0,5490.0,ap-ptmp-airmax-mixed,-62.0,-58.0,b6ed7b18-8c1e-497a-b8b7-3bab229980c4_3c738017-f2d0-4774-b37d-ffe67c89552e,99e779f9-769c-37aa-a012-a80007bd3891,2026-05-07,False,False,False,True,353408,2023-12-01 00:00:16,2023-11-30 23:59:20,-1.0,True
b6ed7b18-8c1e-497a-b8b7-3bab229980c4_4580888c-25ee-4e38-9519-603a9409d350,nycmesh-lbe-938,b6ed7b18-8c1e-497a-b8b7-3bab229980c4,nycmesh-5916-south1,4580888c-25ee-4e38-9519-603a9409d350,nycmesh-lbe-938,40.696043,-73.939783,,67.46,40.692985,-73.91376,23.0,5.0,1.0,5490.0,ap-ptmp-airmax-mixed,-64.0,-62.0,b6ed7b18-8c1e-497a-b8b7-3bab229980c4_4580888c-25ee-4e38-9519-603a9409d350,5897abc1-3ff5-3067-a62c-3af9f0d54162,2026-05-07,False,False,False,True,14638,2026-03-01 00:00:00,2026-04-30 23:54:00,60.0,True
b6ed7b18-8c1e-497a-b8b7-3bab229980c4_4a45afaa-104c-4f6f-bd9a-ded7387038a1,nycmesh-lbe-798,b6ed7b18-8c1e-497a-b8b7-3bab229980c4,nycmesh-5916-south1,4a45afaa-104c-4f6f-bd9a-ded7387038a1,nycmesh-lbe-798,40.696043,-73.939783,,67.46,40.696038,-73.939764,23.0,5.0,1.0,5490.0,ap-ptmp-airmax-mixed,-65.0,-58.0,b6ed7b18-8c1e-497a-b8b7-3bab229980c4_4a45afaa-104c-4f6f-bd9a-ded7387038a1,bfc045e5-5ff2-3f75-adab-e7dfbef81df3,2026-05-07,False,False,False,True,42722,2025-05-08 17:00:00,2026-04-29 22:48:00,356.0,True
b6ed7b18-8c1e-497a-b8b7-3bab229980c4_697d4125-d0f5-4359-98e2-4be27290a309,nycmesh-lbe-267,b6ed7b18-8c1e-497a-b8b7-3bab229980c4,nycmesh-5916-south1,697d4125-d0f5-4359-98e2-4be27290a309,nycmesh-lbe-267,40.696043,-73.939783,,67.46,40.696038,-73.939764,23.0,5.0,1.0,5490.0,ap-ptmp-airmax-mixed,-69.0,-63.0,b6ed7b18-8c1e-497a-b8b7-3bab229980c4_697d4125-d0f5-4359-98e2-4be27290a309,2b9e3579-dab7-38b5-9811-7ecf95df7106,2026-05-07,False,False,False,True,352621,2023-12-01 00:00:08,2023-11-30 23:59:12,-1.0,True
b6ed7b18-8c1e-497a-b8b7-3bab229980c4_6a2d0360-d3f6-42db-8d83-b2a57228b6f5,nycmesh-lbe-831,b6ed7b18-8c1e-497a-b8b7-3bab229980c4,nycmesh-5916-south1,6a2d0360-d3f6-42db-8d83-b2a57228b6f5,nycmesh-lbe-831,40.696043,-73.939783,,67.46,40.696,-73.9398,23.0,5.0,1.0,5490.0,ap-ptmp-airmax-mixed,-59.0,-56.0,b6ed7b18-8c1e-497a-b8b7-3bab229980c4_6a2d0360-d3f6-42db-8d83-b2a57228b6f5,3cf1d626-aa5e-3523-b518-820af2b387f6,2026-05-07,False,False,False,True,45763,2025-06-24 17:00:00,2026-04-30 23:54:00,310.0,True
b6ed7b18-8c1e-497a-b8b7-3bab229980c4_6a6f5669-6da5-4df9-be27-631d3a10876b,nycmesh-lbe-680,b6ed7b18-8c1e-497a-b8b7-3bab229980c4,nycmesh-5916-south1,6a6f5669-6da5-4df9-be27-631d3a10876b,nycmesh-lbe-680,40.696043,-73.939783,,67.46,40.6725,-73.9642,23.0,5.0,1.0,5490.0,ap-ptmp-airmax-mixed,-63.0,-57.0,b6ed7b18-8c1e-497a-b8b7-3bab229980c4_6a6f5669-6da5-4df9-be27-631d3a10876b,f4e01eb0-e235-30ff-b155-c57bdd3613e9,2026-05-07,False,False,False,True,57491,2024-10-09 23:59:20,2026-04-30 23:54:00,567.0,True
b6ed7b18-8c1e-497a-b8b7-3bab229980c4_7a2c80bd-f196-4741-8029-26a6c4a3be5c,nycmesh-lbe-213,b6ed7b18-8c1e-497a-b8b7-3bab229980c4,nycmesh-5916-south1,7a2c80bd-f196-4741-8029-26a6c4a3be5c,nycmesh-lbe-213,40.696043,-73.939783,,67.46,40.696,-73.9398,23.0,5.0,1.0,5490.0,ap-ptmp-airmax-mixed,-74.0,-67.0,b6ed7b18-8c1e-497a-b8b7-3bab229980c4_7a2c80bd-f196-4741-8029-26a6c4a3be5c,721a316e-493a-307f-bb4e-084eb54f97bb,2026-05-07,False,False,False,True,311111,2023-12-01 00:00:00,2023-11-30 23:58:56,-1.0,True
b6ed7b18-8c1e-497a-b8b7-3bab229980c4_b950baed-b559-4323-ba76-a2086328db90,nycmesh-5916-south1,b6ed7b18-8c1e-497a-b8b7-3bab229980c4,nycmesh-5916-south1,b950baed-b559-4323-ba76-a2086328db90,nycmesh-lbe-929,40.696043,-73.939783,,67.46,40.6826,-73.9316,23.0,5.0,1.0,5490.0,ap-ptmp-airmax-mixed,-73.0,-67.0,b6ed7b18-8c1e-497a-b8b7-3bab229980c4_b950baed-b559-4323-ba76-a2086328db90,00998e3b-2a90-372b-81f9-4813e22d6536,2026-05-07,False,False,False,True,14511,2026-03-01 00:00:00,2026-04-30 23:54:00,60.0,True
b6ed7b18-8c1e-497a-b8b7-3bab229980c4_c377d603-854c-48b7-b6d6-f1a3b5f4ab0e,nycmesh-lbe-728,b6ed7b18-8c1e-497a-b8b7-3bab229980c4,nycmesh-5916-south1,c377d603-854c-48b7-b6d6-f1a3b5f4ab0e,nycmesh-lbe-728,40.696043,-73.939783,,67.46,40.69499,-73.934315,23.0,5.0,1.0,5490.0,ap-ptmp-airmax-mixed,-55.0,-51.0,b6ed7b18-8c1e-497a-b8b7-3bab229980c4_c377d603-854c-48b7-b6d6-f1a3b5f4ab0e,74cc422d-81be-3e4d-9b25-8c181ab19c52,2026-05-07,False,False,False,True,53909,2024-12-18 00:00:00,2026-04-30 23:54:00,498.0,True
b6ed7b18-8c1e-497a-b8b7-3bab229980c4_c40ff93b-d7f2-4938-b2be-bdbbf039d876,nycmesh-lbe-6929,b6ed7b18-8c1e-497a-b8b7-3bab229980c4,nycmesh-5916-south1,c40ff93b-d7f2-4938-b2be-bdbbf039d876,nycmesh-lbe-6929,40.696043,-73.939783,,67.46,40.696,-73.9398,23.0,5.0,1.0,5490.0,ap-ptmp-airmax-mixed,-56.0,-51.0,b6ed7b18-8c1e-497a-b8b7-3bab229980c4_c40ff93b-d7f2-4938-b2be-bdbbf039d876,aa623383-a1a7-35b8-a5e6-20ecae0b75ad,2026-05-07,False,False,False,True,345438,2023-12-01 00:00:00,2023-11-30 23:58:56,-1.0,True
b6ed7b18-8c1e-497a-b8b7-3bab229980c4_c7dbc709-f694-451b-9dd9-12940a419f4a,nycmesh-lbe-287,b6ed7b18-8c1e-497a-b8b7-3bab229980c4,nycmesh-5916-south1,c7dbc709-f694-451b-9dd9-12940a419f4a,nycmesh-lbe-287,40.696043,-73.939783,,67.46,40.696038,-73.939764,23.0,5.0,1.0,5490.0,ap-ptmp-airmax-mixed,-68.0,-61.0,b6ed7b18-8c1e-497a-b8b7-3bab229980c4_c7dbc709-f694-451b-9dd9-12940a419f4a,89d1cb83-603c-3047-b6c4-40a266522d34,2026-05-07,False,False,False,True,342832,2023-12-01 00:00:00,2023-11-30 23:58:56,-1.0,True
b6ed7b18-8c1e-497a-b8b7-3bab229980c4_cf3f7533-c328-49e5-a6f7-28ba4d062854,nycmesh-lbe-256,b6ed7b18-8c1e-497a-b8b7-3bab229980c4,nycmesh-5916-south1,cf3f7533-c328-49e5-a6f7-28ba4d062854,nycmesh-lbe-256,40.696043,-73.939783,,67.46,40.696038,-73.939764,23.0,5.0,1.0,5490.0,ap-ptmp-airmax-mixed,-59.0,-56.0,b6ed7b18-8c1e-497a-b8b7-3bab229980c4_cf3f7533-c328-49e5-a6f7-28ba4d062854,9ecae3e7-649e-33f8-8420-135ac0338192,2026-05-07,False,False,False,True,332843,2023-12-01 00:00:08,2023-11-30 23:59:04,-1.0,True
b6ed7b18-8c1e-497a-b8b7-3bab229980c4_e1d3f24d-9b57-421e-8b5e-1b80389f5bbd,nycmesh-lbe-6992,b6ed7b18-8c1e-497a-b8b7-3bab229980c4,nycmesh-5916-south1,e1d3f24d-9b57-421e-8b5e-1b80389f5bbd,nycmesh-lbe-6992,40.696043,-73.939783,,67.46,40.6959,-73.9397,23.0,5.0,1.0,5490.0,ap-ptmp-airmax-mixed,-62.0,-55.0,b6ed7b18-8c1e-497a-b8b7-3bab229980c4_e1d3f24d-9b57-421e-8b5e-1b80389f5bbd,4463f391-4896-322a-9ab5-1524b37fc50d,2026-05-07,False,False,False,True,343442,2023-12-01 00:00:08,2023-11-30 23:59:04,-1.0,True
b6ed7b18-8c1e-497a-b8b7-3bab229980c4_e2d544d6-6461-4980-9404-2ea1f0ce90f9,nycmesh-lbe-901,b6ed7b18-8c1e-497a-b8b7-3bab229980c4,nycmesh-5916-south1,e2d544d6-6461-4980-9404-2ea1f0ce90f9,nycmesh-lbe-901,40.696043,-73.939783,,67.46,40.696,-73.9398,23.0,5.0,1.0,5490.0,ap-ptmp-airmax-mixed,-62.0,-60.0,b6ed7b18-8c1e-497a-b8b7-3bab229980c4_e2d544d6-6461-4980-9404-2ea1f0ce90f9,58f744d6-ff27-3d24-9160-b287fe325514,2026-05-07,False,False,False,True,37547,2025-10-07 15:00:00,2026-04-30 23:54:00,205.0,True
b6ed7b18-8c1e-497a-b8b7-3bab229980c4_eac64196-73d4-4d92-8753-d97e74b34b36,nycmesh-lbe-415,b6ed7b18-8c1e-497a-b8b7-3bab229980c4,nycmesh-5916-south1,eac64196-73d4-4d92-8753-d97e74b34b36,nycmesh-lbe-415,40.696043,-73.939783,,67.46,40.696,-73.9398,23.0,5.0,1.0,5490.0,ap-ptmp-airmax-mixed,-67.0,-62.0,b6ed7b18-8c1e-497a-b8b7-3bab229980c4_eac64196-73d4-4d92-8753-d97e74b34b36,5731373a-3eb4-344c-9a06-61de2ddbcb28,2026-05-07,False,False,False,True,339219,2023-12-01 00:00:48,2023-11-30 23:59:44,-1.0,True
b9c2b771-359e-48c3-8f58-f02ed9f66afe_01e49540-17f2-410f-a685-44eec4a359d6,nycmesh-nbe-2590,b9c2b771-359e-48c3-8f58-f02ed9f66afe,nycmesh-2463-northeast,01e49540-17f2-410f-a685-44eec4a359d6,nycmesh-nbe-2590,40.719898,-73.988024,11.0,8.0,40.7207,-73.986,,5.0,2.0,5770.0,ap-ptmp-airmax-ac,-74.0,-51.0,b9c2b771-359e-48c3-8f58-f02ed9f66afe_01e49540-17f2-410f-a685-44eec4a359d6,6c45612d-dda4-3776-a937-561185753142,2026-05-07,False,False,False,True,354987,2023-12-01 00:00:56,2023-11-30 23:59:52,-1.0,True
b9c2b771-359e-48c3-8f58-f02ed9f66afe_25aea4e8-e036-4b3d-a327-ccc1baefbffc,nycmesh-lbe-1158,b9c2b771-359e-48c3-8f58-f02ed9f66afe,nycmesh-2463-northeast,25aea4e8-e036-4b3d-a327-ccc1baefbffc,nycmesh-lbe-1158,40.719898,-73.988024,11.0,8.0,40.719897625,-73.98805175,,5.0,2.0,5770.0,ap-ptmp-airmax-ac,-74.0,-59.0,b9c2b771-359e-48c3-8f58-f02ed9f66afe_25aea4e8-e036-4b3d-a327-ccc1baefbffc,f25e0b35-cdae-3a17-bc6b-a427aa92a9b5,2026-05-07,False,False,False,True,354099,2023-12-01 00:00:08,2023-11-30 23:59:04,-1.0,True
b9c2b771-359e-48c3-8f58-f02ed9f66afe_55986c61-f62f-42c5-8e46-d17f4d2dc443,nycmesh-lbe-3175,b9c2b771-359e-48c3-8f58-f02ed9f66afe,nycmesh-2463-northeast,55986c61-f62f-42c5-8e46-d17f4d2dc443,nycmesh-lbe-3175,40.719898,-73.988024,11.0,8.0,40.719897625,-73.98805175,,5.0,2.0,5770.0,ap-ptmp-airmax-ac,-62.0,-43.0,b9c2b771-359e-48c3-8f58-f02ed9f66afe_55986c61-f62f-42c5-8e46-d17f4d2dc443,39a05aec-7a80-3ddb-a7af-7306e21200e2,2026-05-07,False,False,False,True,353823,2023-12-01 00:00:00,2023-11-30 23:59:04,-1.0,True
b9c2b771-359e-48c3-8f58-f02ed9f66afe_5c9057ec-9154-4ea0-b584-e9c5ad7da527,nycmesh-lbe-4745,b9c2b771-359e-48c3-8f58-f02ed9f66afe,nycmesh-2463-northeast,5c9057ec-9154-4ea0-b584-e9c5ad7da527,nycmesh-lbe-4745,40.719898,-73.988024,11.0,8.0,40.719897625,-73.98805175,,5.0,2.0,5770.0,ap-ptmp-airmax-ac,-76.0,-61.0,b9c2b771-359e-48c3-8f58-f02ed9f66afe_5c9057ec-9154-4ea0-b584-e9c5ad7da527,860b5823-64b5-3c8b-a93a-71992232aab3,2026-05-07,False,False,False,True,353533,2023-12-01 00:00:24,2023-11-30 23:59:20,-1.0,True
b9c2b771-359e-48c3-8f58-f02ed9f66afe_64c38d4b-a404-45ba-a131-3283e76e451e,nycmesh-lbe-239,b9c2b771-359e-48c3-8f58-f02ed9f66afe,nycmesh-2463-northeast,64c38d4b-a404-45ba-a131-3283e76e451e,nycmesh-lbe-239,40.719898,-73.988024,11.0,8.0,40.719898,-73.988024,,5.0,2.0,5770.0,ap-ptmp-airmax-ac,-64.0,-44.0,b9c2b771-359e-48c3-8f58-f02ed9f66afe_64c38d4b-a404-45ba-a131-3283e76e451e,de677667-4ff5-302b-9617-f85e3eecd021,2026-05-07,False,False,False,True,353498,2023-12-01 00:00:08,2023-11-30 23:59:04,-1.0,True
b9c2b771-359e-48c3-8f58-f02ed9f66afe_6aebac6a-7105-473c-9479-412e5a7d8030,nycmesh-lbe-1430,b9c2b771-359e-48c3-8f58-f02ed9f66afe,nycmesh-2463-northeast,6aebac6a-7105-473c-9479-412e5a7d8030,nycmesh-lbe-1430,40.719898,-73.988024,11.0,8.0,40.719897625,-73.98805175,,5.0,2.0,5770.0,ap-ptmp-airmax-ac,-65.0,-48.0,b9c2b771-359e-48c3-8f58-f02ed9f66afe_6aebac6a-7105-473c-9479-412e5a7d8030,b5c84763-6fb7-381c-871b-63cbe52165ee,2026-05-07,False,False,False,True,353362,2023-12-01 00:00:24,2023-11-30 23:59:20,-1.0,True
b9c2b771-359e-48c3-8f58-f02ed9f66afe_7a14c2c0-c86e-4c39-9893-d9647bfca871,nycmesh-lbe-4697,b9c2b771-359e-48c3-8f58-f02ed9f66afe,nycmesh-2463-northeast,7a14c2c0-c86e-4c39-9893-d9647bfca871,nycmesh-lbe-4697,40.719898,-73.988024,11.0,8.0,40.7199,-73.9881,,5.0,2.0,5770.0,ap-ptmp-airmax-ac,-71.0,-59.0,b9c2b771-359e-48c3-8f58-f02ed9f66afe_7a14c2c0-c86e-4c39-9893-d9647bfca871,e5622abf-27a4-3362-a9ef-0e7d564d46f3,2026-05-07,False,False,False,True,41741,2025-05-02 20:00:00,2026-04-08 18:06:00,340.0,True
b9c2b771-359e-48c3-8f58-f02ed9f66afe_7ccb5ecd-695e-4600-918b-b792e64e1616,nycmesh-lbe-2539,b9c2b771-359e-48c3-8f58-f02ed9f66afe,nycmesh-2463-northeast,7ccb5ecd-695e-4600-918b-b792e64e1616,nycmesh-lbe-2539,40.719898,-73.988024,11.0,8.0,40.719897625,-73.98805175,,5.0,2.0,5770.0,ap-ptmp-airmax-ac,-71.0,-56.0,b9c2b771-359e-48c3-8f58-f02ed9f66afe_7ccb5ecd-695e-4600-918b-b792e64e1616,a9d3c593-e9d5-35d1-926a-219445809a1c,2026-05-07,False,False,False,True,352329,2023-12-01 00:00:16,2023-11-30 23:59:12,-1.0,True
b9c2b771-359e-48c3-8f58-f02ed9f66afe_a203a58c-79b2-4c38-8d45-0b7f680ff725,nycmesh-2463-northeast,b9c2b771-359e-48c3-8f58-f02ed9f66afe,nycmesh-2463-northeast,a203a58c-79b2-4c38-8d45-0b7f680ff725,nycmesh-lbe-3623,40.719898,-73.988024,11.0,8.0,40.719897625,-73.98805175,,5.0,2.0,5770.0,ap-ptmp-airmax-ac,-69.0,-56.0,b9c2b771-359e-48c3-8f58-f02ed9f66afe_a203a58c-79b2-4c38-8d45-0b7f680ff725,19e4bb0f-f263-3342-9dd1-073087c3756f,2026-05-07,False,False,False,True,345590,2023-12-01 00:00:56,2023-11-30 23:59:52,-1.0,True
b9c2b771-359e-48c3-8f58-f02ed9f66afe_a2e98083-0fa0-4042-82a8-67f6c2188c50,nycmesh-lbe-907,b9c2b771-359e-48c3-8f58-f02ed9f66afe,nycmesh-2463-northeast,a2e98083-0fa0-4042-82a8-67f6c2188c50,nycmesh-lbe-907,40.719898,-73.988024,11.0,8.0,40.7199,-73.9881,,5.0,2.0,5770.0,ap-ptmp-airmax-ac,-67.0,-58.0,b9c2b771-359e-48c3-8f58-f02ed9f66afe_a2e98083-0fa0-4042-82a8-67f6c2188c50,a55f110b-4fe3-3317-b72f-cfa3309e667d,2026-05-07,False,False,False,True,35551,2025-10-22 14:00:00,2026-04-30 23:54:00,190.0,True
b9c2b771-359e-48c3-8f58-f02ed9f66afe_af8bf61a-1a21-4045-a565-1467204bec91,nycmesh-lbe-939,b9c2b771-359e-48c3-8f58-f02ed9f66afe,nycmesh-2463-northeast,af8bf61a-1a21-4045-a565-1467204bec91,nycmesh-lbe-939,40.719898,-73.988024,11.0,8.0,40.7199,-73.9881,,5.0,2.0,5770.0,ap-ptmp-airmax-ac,-63.0,-50.0,b9c2b771-359e-48c3-8f58-f02ed9f66afe_af8bf61a-1a21-4045-a565-1467204bec91,9fe18b35-d0e0-3b1f-b058-cff380212730,2026-05-07,False,False,False,True,14638,2026-03-01 00:00:00,2026-04-30 23:54:00,60.0,True
b9c2b771-359e-48c3-8f58-f02ed9f66afe_b764197c-f921-46ea-850a-b637d9925f5c,nycmesh-lbe-19,b9c2b771-359e-48c3-8f58-f02ed9f66afe,nycmesh-2463-northeast,b764197c-f921-46ea-850a-b637d9925f5c,nycmesh-lbe-19,40.719898,-73.988024,11.0,8.0,40.719897625,-73.98805175,,5.0,2.0,5770.0,ap-ptmp-airmax-ac,-61.0,-46.0,b9c2b771-359e-48c3-8f58-f02ed9f66afe_b764197c-f921-46ea-850a-b637d9925f5c,46607f34-44f8-3838-afc2-6993b0826ac1,2026-05-07,False,False,False,True,343498,2023-12-01 00:00:08,2023-11-30 23:59:12,-1.0,True
b9d74e79-958d-43da-807c-67f08b368138_7c384988-9655-48a5-a9dc-c58d04cfda10,nycmesh-1635-gbelr-5151,b9d74e79-958d-43da-807c-67f08b368138,nycmesh-5151-gbelr-1635,7c384988-9655-48a5-a9dc-c58d04cfda10,nycmesh-1635-gbelr-5151,40.67545,-73.98061,,0.0,40.66756,-73.98242,33.0,0.0,887.0,62640.0,ap-ptp,-57.0,-57.0,b9d74e79-958d-43da-807c-67f08b368138_7c384988-9655-48a5-a9dc-c58d04cfda10,c228f223-b033-3aeb-824c-b8ad3ff33ff5,2026-05-07,False,False,False,True,0,,,,False
bd940043-fefd-42eb-8f9a-0f63cd428035_03ea29f0-82b2-4686-9a18-51d59b98f336,nycmesh-lbe-784,bd940043-fefd-42eb-8f9a-0f63cd428035,nycmesh-731-north,03ea29f0-82b2-4686-9a18-51d59b98f336,nycmesh-lbe-784,40.724676,-73.98073,,8.0,40.7247,-73.9807,6.0,8.0,1.0,5770.0,ap-ptmp,-42.0,-46.0,bd940043-fefd-42eb-8f9a-0f63cd428035_03ea29f0-82b2-4686-9a18-51d59b98f336,a3a96d00-c5e0-36c7-a508-3e9acae9ec1f,2026-05-07,False,False,False,True,49018,2025-03-29 23:59:12,2026-04-30 23:54:00,396.0,True
bd940043-fefd-42eb-8f9a-0f63cd428035_91a2c449-12f3-4f6d-86b6-5fe5ffbd43b7,,bd940043-fefd-42eb-8f9a-0f63cd428035,nycmesh-731-north,91a2c449-12f3-4f6d-86b6-5fe5ffbd43b7,nycmesh-lbe-556,40.724676,-73.98073,,8.0,40.724676,-73.98073,6.0,8.0,1.0,5770.0,ap-ptmp,-43.0,-55.0,bd940043-fefd-42eb-8f9a-0f63cd428035_91a2c449-12f3-4f6d-86b6-5fe5ffbd43b7,53e48def-3a0d-35b3-a5b4-05f81e5124f8,2026-01-07,False,False,False,True,25710,2025-09-01 00:00:00,2026-02-28 23:54:00,180.0,True
bd940043-fefd-42eb-8f9a-0f63cd428035_a33652d1-fd72-4317-a732-f518a397060d,nycmesh-731-north,bd940043-fefd-42eb-8f9a-0f63cd428035,nycmesh-731-north,a33652d1-fd72-4317-a732-f518a397060d,nycmesh-lbe-690,40.724676,-73.98073,,8.0,40.724676,-73.98073,6.0,8.0,1.0,5770.0,ap-ptmp,-42.0,-31.0,bd940043-fefd-42eb-8f9a-0f63cd428035_a33652d1-fd72-4317-a732-f518a397060d,25272157-8416-3e9f-9b10-d4ed3de660dc,2026-05-07,False,False,False,True,345662,2023-12-01 00:00:24,2023-11-30 23:59:28,-1.0,True
bd940043-fefd-42eb-8f9a-0f63cd428035_b54ceb39-c146-4cd4-8a65-3352c8c50b00,nycmesh-lbe-141,bd940043-fefd-42eb-8f9a-0f63cd428035,nycmesh-731-north,b54ceb39-c146-4cd4-8a65-3352c8c50b00,nycmesh-lbe-141,40.724676,-73.98073,,8.0,40.724676,-73.98073,6.0,8.0,1.0,5770.0,ap-ptmp,-42.0,-51.0,bd940043-fefd-42eb-8f9a-0f63cd428035_b54ceb39-c146-4cd4-8a65-3352c8c50b00,640ae9f7-3c65-3bef-a45e-37108cee2ef7,2026-05-07,False,False,False,True,278693,2024-02-04 05:34:48,2026-04-30 23:54:00,816.0,True
bd940043-fefd-42eb-8f9a-0f63cd428035_c249a851-a646-473f-9a52-5806ef149522,nycmesh-lbe-579,bd940043-fefd-42eb-8f9a-0f63cd428035,nycmesh-731-north,c249a851-a646-473f-9a52-5806ef149522,nycmesh-lbe-579,40.724676,-73.98073,,8.0,40.724676,-73.98073,6.0,8.0,1.0,5770.0,ap-ptmp,-42.0,-40.0,bd940043-fefd-42eb-8f9a-0f63cd428035_c249a851-a646-473f-9a52-5806ef149522,54dcba49-6113-3ae9-b374-b8e35bb5e863,2026-05-07,False,False,False,True,272632,2024-02-04 18:33:28,2026-04-30 23:54:00,816.0,True
bd940043-fefd-42eb-8f9a-0f63cd428035_c295e5a2-f8ce-4c5f-8c26-5802db70a2d7,nycmesh-lbe-1397,bd940043-fefd-42eb-8f9a-0f63cd428035,nycmesh-731-north,c295e5a2-f8ce-4c5f-8c26-5802db70a2d7,nycmesh-lbe-1397,40.724676,-73.98073,,8.0,40.724676,-73.98073,6.0,8.0,1.0,5770.0,ap-ptmp,-42.0,-41.0,bd940043-fefd-42eb-8f9a-0f63cd428035_c295e5a2-f8ce-4c5f-8c26-5802db70a2d7,a7ac66d6-8fff-33da-811c-a2138f3ac26d,2026-05-07,False,False,False,True,344545,2023-12-01 00:00:40,2023-11-30 23:59:36,-1.0,True
bdcc73d9-a78e-4f46-99a7-cc35947b0d35_03d2c7ea-a3ed-4ce3-8c95-3d20027be634,nycmesh-pbe-898,bdcc73d9-a78e-4f46-99a7-cc35947b0d35,nycmesh-7800-north,03d2c7ea-a3ed-4ce3-8c95-3d20027be634,nycmesh-pbe-898,40.815391,-73.950305,35.0,10.0,40.830454,-73.941171,41.0,10.0,1816.0,5560.0,ap-ptmp-airmax-mixed,-63.0,-67.0,bdcc73d9-a78e-4f46-99a7-cc35947b0d35_03d2c7ea-a3ed-4ce3-8c95-3d20027be634,5dcf6ec0-79e9-3355-9b42-df9951f32df5,2026-05-07,False,False,False,True,356290,2023-12-01 00:00:16,2023-11-30 23:59:12,-1.0,True
bdcc73d9-a78e-4f46-99a7-cc35947b0d35_d35620c4-1822-47e2-b69e-777a9bcf9a36,nycmesh-lbe-843,bdcc73d9-a78e-4f46-99a7-cc35947b0d35,nycmesh-7800-north,d35620c4-1822-47e2-b69e-777a9bcf9a36,nycmesh-lbe-843,40.815391,-73.950305,35.0,10.0,40.8156,-73.9502,35.0,5.0,24.862905341896237,5560.0,ap-ptmp-airmax-mixed,-58.0,-62.0,bdcc73d9-a78e-4f46-99a7-cc35947b0d35_d35620c4-1822-47e2-b69e-777a9bcf9a36,11ec8474-964b-3900-b329-6837c9273728,2026-05-07,False,False,False,True,336835,2023-12-01 00:00:24,2023-11-30 23:59:20,-1.0,True
bddea42f-7f66-47b1-be0c-38aaae7de9e0_39e3a0f6-45c3-4347-b425-5702123c0854,nycmesh-1167-gbep-1084,bddea42f-7f66-47b1-be0c-38aaae7de9e0,nycmesh-1167-gbep-1084,39e3a0f6-45c3-4347-b425-5702123c0854,nycmesh-1084-gbep-1167,40.727553,-73.946045,4.0,0.0,40.729552,-73.945949,4.0,0.0,222.42580852822203,60480.0,sta-ptp,-61.0,-61.0,bddea42f-7f66-47b1-be0c-38aaae7de9e0_39e3a0f6-45c3-4347-b425-5702123c0854,25a4db15-9a18-34a6-947b-05cde71d047c,2026-05-07,False,False,False,True,0,,,,False
be1e29b8-a5f4-4755-b43c-1f76b6f3a74c_d3573027-f3fc-4f15-8687-7dc5e239fbe4,nycmesh-lbe-851,be1e29b8-a5f4-4755-b43c-1f76b6f3a74c,nycmesh-648-north,d3573027-f3fc-4f15-8687-7dc5e239fbe4,nycmesh-lbe-851,40.639504,-73.996299,,25.0,40.644198,-73.994055,,5.0,555.2285882624063,5550.0,ap-ptmp-airmax-mixed,-59.0,-58.0,be1e29b8-a5f4-4755-b43c-1f76b6f3a74c_d3573027-f3fc-4f15-8687-7dc5e239fbe4,b6e2b84f-0ee6-314e-b189-67d435e32f92,2026-05-07,False,False,False,True,44831,2025-07-28 23:00:00,2026-04-30 23:54:00,276.0,True
c2375c5f-f25d-4c98-ba5a-efb0e1afe191_6ff7b194-f3d4-4e15-95cc-98f504c20c00,nycmesh-lbe-644,c2375c5f-f25d-4c98-ba5a-efb0e1afe191,nycmesh-1417-east,6ff7b194-f3d4-4e15-95cc-98f504c20c00,nycmesh-lbe-644,40.713698,-73.935514,7.0,14.0,40.7136,-73.9356,7.0,8.0,2.0,5570.0,ap-ptmp,-59.0,-59.0,c2375c5f-f25d-4c98-ba5a-efb0e1afe191_6ff7b194-f3d4-4e15-95cc-98f504c20c00,69747b8d-a8cc-3f32-8ff0-9705c53357c2,2026-05-07,False,False,False,True,113001,2024-06-12 00:00:56,2026-04-30 23:54:00,687.0,True
c4095443-47b1-44f2-bc54-bc1a9b041ea2_0f755aea-e8f7-4425-b033-8412093266f6,nycmesh-lbe-5635,c4095443-47b1-44f2-bc54-bc1a9b041ea2,nycmesh-3461-north,0f755aea-e8f7-4425-b033-8412093266f6,nycmesh-lbe-5635,40.672531,-73.964197,,60.95,40.680166,-73.955294,,5.0,1133.3355432938947,5310.0,ap-ptmp-airmax-mixed,-69.0,-70.0,c4095443-47b1-44f2-bc54-bc1a9b041ea2_0f755aea-e8f7-4425-b033-8412093266f6,b655c934-d5b4-3f82-825f-ab6de0f7dc2e,2026-05-07,False,False,False,True,269982,2024-02-13 18:06:56,2026-04-30 23:54:00,807.0,True
c4095443-47b1-44f2-bc54-bc1a9b041ea2_4e3630af-d77a-4cea-b8e2-319950bd7f07,nycmesh-lbe-3424,c4095443-47b1-44f2-bc54-bc1a9b041ea2,nycmesh-3461-north,4e3630af-d77a-4cea-b8e2-319950bd7f07,nycmesh-lbe-3424,40.672531,-73.964197,,60.95,40.6725,-73.9642,,5.0,3.4563153488510543,5310.0,ap-ptmp-airmax-mixed,-60.0,-61.0,c4095443-47b1-44f2-bc54-bc1a9b041ea2_4e3630af-d77a-4cea-b8e2-319950bd7f07,54b69b05-560b-31d8-a3ca-c13d58aef252,2026-05-07,False,False,False,True,358426,2023-12-01 00:00:56,2023-11-30 23:59:52,-1.0,True
c4095443-47b1-44f2-bc54-bc1a9b041ea2_7059d14e-cb3d-44b4-85bb-47714ef4b56c,nycmesh-lbe-944,c4095443-47b1-44f2-bc54-bc1a9b041ea2,nycmesh-3461-north,7059d14e-cb3d-44b4-85bb-47714ef4b56c,nycmesh-lbe-944,40.672531,-73.964197,,60.95,40.680269,-73.954802,,8.0,1165.0,5310.0,ap-ptmp-airmax-mixed,-79.0,-80.0,c4095443-47b1-44f2-bc54-bc1a9b041ea2_7059d14e-cb3d-44b4-85bb-47714ef4b56c,d630b3d3-858b-3713-9996-cff738a5fc3e,2026-05-07,False,False,False,True,305975,2023-12-01 00:00:08,2023-11-30 23:59:04,-1.0,True
c4095443-47b1-44f2-bc54-bc1a9b041ea2_78e5f088-fb2b-4a49-aa1b-cba1e291065a,nycmesh-lbe-279,c4095443-47b1-44f2-bc54-bc1a9b041ea2,nycmesh-3461-north,78e5f088-fb2b-4a49-aa1b-cba1e291065a,nycmesh-lbe-279,40.672531,-73.964197,,60.95,40.6725,-73.9642,,5.0,3.4563153488510543,5310.0,ap-ptmp-airmax-mixed,-59.0,-60.0,c4095443-47b1-44f2-bc54-bc1a9b041ea2_78e5f088-fb2b-4a49-aa1b-cba1e291065a,3a1aa631-af0e-32fd-ab2a-d79fab70a6a0,2026-05-07,False,False,False,True,353820,2023-12-01 00:00:24,2023-11-30 23:59:28,-1.0,True
c4095443-47b1-44f2-bc54-bc1a9b041ea2_899ff379-65f3-49e2-8643-eee8a7d4dfee,nycmesh-3461-north,c4095443-47b1-44f2-bc54-bc1a9b041ea2,nycmesh-3461-north,899ff379-65f3-49e2-8643-eee8a7d4dfee,nycmesh-lbe-746,40.672531,-73.964197,,60.95,40.6725,-73.9642,,5.0,3.4563153488510543,5310.0,ap-ptmp-airmax-mixed,-62.0,-65.0,c4095443-47b1-44f2-bc54-bc1a9b041ea2_899ff379-65f3-49e2-8643-eee8a7d4dfee,0f35ba06-eae1-3db1-98a8-5e417e44d8fe,2026-05-07,False,False,False,True,51786,2025-02-02 23:59:52,2026-04-30 23:54:00,451.0,True
c4095443-47b1-44f2-bc54-bc1a9b041ea2_f672ff9b-8f5d-4f37-b580-dd6c062abc52,nycmesh-lbe-291,c4095443-47b1-44f2-bc54-bc1a9b041ea2,nycmesh-3461-north,f672ff9b-8f5d-4f37-b580-dd6c062abc52,nycmesh-lbe-291,40.672531,-73.964197,,60.95,40.6725,-73.9642,23.0,5.0,3.4563153488510543,5310.0,ap-ptmp-airmax-mixed,-59.0,-61.0,c4095443-47b1-44f2-bc54-bc1a9b041ea2_f672ff9b-8f5d-4f37-b580-dd6c062abc52,77ff0896-98f2-3ef5-8f09-5ec1ec7f42d5,2026-05-07,False,False,False,True,341107,2023-12-01 00:00:16,2023-11-30 23:59:20,-1.0,True
c4095443-47b1-44f2-bc54-bc1a9b041ea2_f988c4b6-9aa6-48f6-836f-4074bb819f78,nycmesh-lbe-516,c4095443-47b1-44f2-bc54-bc1a9b041ea2,nycmesh-3461-north,f988c4b6-9aa6-48f6-836f-4074bb819f78,nycmesh-lbe-516,40.672531,-73.964197,,60.95,40.6725,-73.9642,,5.0,3.4563153488510543,5310.0,ap-ptmp-airmax-mixed,-65.0,-64.0,c4095443-47b1-44f2-bc54-bc1a9b041ea2_f988c4b6-9aa6-48f6-836f-4074bb819f78,918f0443-d44b-39ff-9615-c1dd4e2c9b77,2026-05-07,False,False,False,True,341712,2023-12-01 00:00:24,2023-11-30 23:59:28,-1.0,True
c4095443-47b1-44f2-bc54-bc1a9b041ea2_ffe7f58b-605b-4974-9786-d8dd72f66034,nycmesh-lbe-732,c4095443-47b1-44f2-bc54-bc1a9b041ea2,nycmesh-3461-north,ffe7f58b-605b-4974-9786-d8dd72f66034,nycmesh-lbe-732,40.672531,-73.964197,,60.95,40.672531,-73.964197,,5.0,0.0,5310.0,ap-ptmp-airmax-mixed,-68.0,-69.0,c4095443-47b1-44f2-bc54-bc1a9b041ea2_ffe7f58b-605b-4974-9786-d8dd72f66034,681a7f9e-1414-3d47-8407-4ea63752f029,2026-05-07,False,False,False,True,53193,2024-12-21 23:59:44,2026-04-30 23:54:00,494.0,True
c64ac7ee-a6dd-4be2-9322-64ec0df6f330_13c8da93-2352-4f69-84e2-46df96fba97a,nycmesh-lbe-818,c64ac7ee-a6dd-4be2-9322-64ec0df6f330,nycmesh-5916-west2,13c8da93-2352-4f69-84e2-46df96fba97a,nycmesh-lbe-818,40.696,-73.9398,23.0,67.46,40.696,-73.9398,23.0,5.0,1.0,5770.0,ap-ptmp-airmax-mixed,-53.0,-32.0,c64ac7ee-a6dd-4be2-9322-64ec0df6f330_13c8da93-2352-4f69-84e2-46df96fba97a,2ecc8b67-f116-3adc-98f5-d33bbb42915d,2026-05-07,False,False,False,True,46507,2025-06-05 09:00:00,2026-04-30 23:54:00,329.0,True
c64ac7ee-a6dd-4be2-9322-64ec0df6f330_151d6407-2ca8-4e54-bf7f-28f42a924022,nycmesh-lbe-860,c64ac7ee-a6dd-4be2-9322-64ec0df6f330,nycmesh-5916-west2,151d6407-2ca8-4e54-bf7f-28f42a924022,nycmesh-lbe-860,40.696,-73.9398,23.0,67.46,40.696038,-73.939764,23.0,5.0,1.0,5770.0,ap-ptmp-airmax-mixed,-64.0,-51.0,c64ac7ee-a6dd-4be2-9322-64ec0df6f330_151d6407-2ca8-4e54-bf7f-28f42a924022,15082457-065d-39ce-8f84-abd704c684c4,2026-05-07,False,False,False,True,44991,2025-07-25 08:00:00,2026-04-30 23:54:00,279.0,True
c64ac7ee-a6dd-4be2-9322-64ec0df6f330_2172a5bb-c077-4be7-b08b-c09e6be11441,nycmesh-lbe-224,c64ac7ee-a6dd-4be2-9322-64ec0df6f330,nycmesh-5916-west2,2172a5bb-c077-4be7-b08b-c09e6be11441,nycmesh-lbe-224,40.696,-73.9398,23.0,67.46,40.696,-73.9398,23.0,5.0,1.0,5770.0,ap-ptmp-airmax-mixed,-56.0,-43.0,c64ac7ee-a6dd-4be2-9322-64ec0df6f330_2172a5bb-c077-4be7-b08b-c09e6be11441,c61444a1-b36e-3248-9aa1-bd14da3a4fd5,2026-05-07,False,False,False,True,353160,2023-12-01 00:00:40,2023-11-30 23:59:44,-1.0,True
c64ac7ee-a6dd-4be2-9322-64ec0df6f330_25cd218c-d5bb-4e4e-9371-3c215befa33d,nycmesh-lbe-362,c64ac7ee-a6dd-4be2-9322-64ec0df6f330,nycmesh-5916-west2,25cd218c-d5bb-4e4e-9371-3c215befa33d,nycmesh-lbe-362,40.696,-73.9398,23.0,67.46,40.696,-73.9398,23.0,5.0,1.0,5770.0,ap-ptmp-airmax-mixed,-59.0,-47.0,c64ac7ee-a6dd-4be2-9322-64ec0df6f330_25cd218c-d5bb-4e4e-9371-3c215befa33d,4b7aa7bc-e1f8-3f18-9a62-e1f1a6d0cce7,2026-05-07,False,False,False,True,353458,2023-12-01 00:00:48,2023-11-30 23:59:44,-1.0,True
c64ac7ee-a6dd-4be2-9322-64ec0df6f330_6ce8a562-ec94-4290-a83f-850510015fb0,nycmesh-lbe-7912,c64ac7ee-a6dd-4be2-9322-64ec0df6f330,nycmesh-5916-west2,6ce8a562-ec94-4290-a83f-850510015fb0,nycmesh-lbe-7912,40.696,-73.9398,23.0,67.46,40.696038,-73.939764,23.0,5.0,1.0,5770.0,ap-ptmp-airmax-mixed,-58.0,-43.0,c64ac7ee-a6dd-4be2-9322-64ec0df6f330_6ce8a562-ec94-4290-a83f-850510015fb0,cb503f5a-6992-3359-9113-470b90970492,2026-05-07,False,False,False,True,352418,2023-12-01 00:00:32,2023-11-30 23:59:28,-1.0,True
c64ac7ee-a6dd-4be2-9322-64ec0df6f330_89f83226-6b92-443f-aace-ec71faaba3b8,nycmesh-lbe-508,c64ac7ee-a6dd-4be2-9322-64ec0df6f330,nycmesh-5916-west2,89f83226-6b92-443f-aace-ec71faaba3b8,nycmesh-lbe-508,40.696,-73.9398,23.0,67.46,40.696,-73.9398,23.0,5.0,1.0,5770.0,ap-ptmp-airmax-mixed,-54.0,-38.0,c64ac7ee-a6dd-4be2-9322-64ec0df6f330_89f83226-6b92-443f-aace-ec71faaba3b8,7d8b7de1-e558-3301-b253-e323baabb2c7,2026-05-07,False,False,False,True,352460,2023-12-01 00:00:40,2023-11-30 23:59:44,-1.0,True
c64ac7ee-a6dd-4be2-9322-64ec0df6f330_9ae8ffcc-7eff-4c40-8532-f2e5c8bdff4f,nycmesh-lbe-209,c64ac7ee-a6dd-4be2-9322-64ec0df6f330,nycmesh-5916-west2,9ae8ffcc-7eff-4c40-8532-f2e5c8bdff4f,nycmesh-lbe-209,40.696,-73.9398,23.0,67.46,40.696038,-73.939764,23.0,5.0,1.0,5770.0,ap-ptmp-airmax-mixed,-61.0,-46.0,c64ac7ee-a6dd-4be2-9322-64ec0df6f330_9ae8ffcc-7eff-4c40-8532-f2e5c8bdff4f,9cf1e72e-e783-3d1d-9efa-c935e441d1df,2026-05-07,False,False,False,True,349462,2023-12-01 00:00:24,2023-11-30 23:59:20,-1.0,True
c64ac7ee-a6dd-4be2-9322-64ec0df6f330_cc6ff533-938e-4342-bb5d-b04eb59f2d59,nycmesh-lbe-5425,c64ac7ee-a6dd-4be2-9322-64ec0df6f330,nycmesh-5916-west2,cc6ff533-938e-4342-bb5d-b04eb59f2d59,nycmesh-lbe-5425,40.696,-73.9398,23.0,67.46,40.696,-73.9398,23.0,5.0,1.0,5770.0,ap-ptmp-airmax-mixed,-60.0,-47.0,c64ac7ee-a6dd-4be2-9322-64ec0df6f330_cc6ff533-938e-4342-bb5d-b04eb59f2d59,526942f5-5098-3573-85b3-f618f97b0d42,2026-05-07,False,False,False,True,344174,2023-12-01 00:00:00,2023-11-30 23:59:04,-1.0,True
c64ac7ee-a6dd-4be2-9322-64ec0df6f330_de092af4-cce0-4dd9-8531-c257adab97a1,nycmesh-lbe-587,c64ac7ee-a6dd-4be2-9322-64ec0df6f330,nycmesh-5916-west2,de092af4-cce0-4dd9-8531-c257adab97a1,nycmesh-lbe-587,40.696,-73.9398,23.0,67.46,40.696,-73.9398,23.0,5.0,1.0,5770.0,ap-ptmp-airmax-mixed,-56.0,-42.0,c64ac7ee-a6dd-4be2-9322-64ec0df6f330_de092af4-cce0-4dd9-8531-c257adab97a1,2dda97bb-2b10-35a7-ae56-4ae92a63b504,2026-05-07,False,False,False,True,234501,2024-03-01 19:38:24,2026-04-30 23:54:00,790.0,True
c661fb92-4219-45d3-989f-8ce9f4d2f0b7_33346643-f7a4-4055-aaf9-4f397d4ccd8d,nycmesh-lbe-7985,c661fb92-4219-45d3-989f-8ce9f4d2f0b7,nycmesh-219-west,33346643-f7a4-4055-aaf9-4f397d4ccd8d,nycmesh-lbe-7985,40.67441,-73.94024,,10.0,40.67596,-73.94076,23.0,15.0,181.0,5510.0,ap-ptmp-airmax-mixed,-46.0,-47.0,c661fb92-4219-45d3-989f-8ce9f4d2f0b7_33346643-f7a4-4055-aaf9-4f397d4ccd8d,8bd4a4f9-c318-3f38-a86b-ea6f42ac2959,2026-05-07,False,False,False,True,87116,2024-06-25 15:28:40,2026-04-30 23:54:00,674.0,True
c661fb92-4219-45d3-989f-8ce9f4d2f0b7_677b5288-fb82-4d23-a83c-0a9c55f7991c,nycmesh-lbe-876,c661fb92-4219-45d3-989f-8ce9f4d2f0b7,nycmesh-219-west,677b5288-fb82-4d23-a83c-0a9c55f7991c,nycmesh-lbe-876,40.67441,-73.94024,,10.0,40.6744,-73.9403,,5.0,5.180721405020117,5510.0,ap-ptmp-airmax-mixed,-44.0,-48.0,c661fb92-4219-45d3-989f-8ce9f4d2f0b7_677b5288-fb82-4d23-a83c-0a9c55f7991c,fa2b0f41-f98a-3c99-84d6-70eea4366f87,2026-05-07,False,False,False,True,29548,2025-12-01 00:00:00,2026-04-30 23:54:00,150.0,True
c661fb92-4219-45d3-989f-8ce9f4d2f0b7_94f4f4ac-d3f9-4829-bba3-0f46198fd9cd,nycmesh-lbe-207,c661fb92-4219-45d3-989f-8ce9f4d2f0b7,nycmesh-219-west,94f4f4ac-d3f9-4829-bba3-0f46198fd9cd,nycmesh-lbe-207,40.67441,-73.94024,,10.0,40.67436585,-73.9402839,23.0,5.0,6.1487599782203715,5510.0,ap-ptmp-airmax-mixed,-45.0,-48.0,c661fb92-4219-45d3-989f-8ce9f4d2f0b7_94f4f4ac-d3f9-4829-bba3-0f46198fd9cd,7f101dad-734c-3d73-9cac-569bad53e4a9,2026-05-07,False,False,False,True,372263,2023-12-01 00:00:00,2023-11-30 23:58:56,-1.0,True
c661fb92-4219-45d3-989f-8ce9f4d2f0b7_982ca20a-c179-4795-bb1c-8668c4105f78,nycmesh-lbe-259,c661fb92-4219-45d3-989f-8ce9f4d2f0b7,nycmesh-219-west,982ca20a-c179-4795-bb1c-8668c4105f78,nycmesh-lbe-259,40.67441,-73.94024,,10.0,40.6744,-73.9403,,5.0,5.180721405020117,5510.0,ap-ptmp-airmax-mixed,-40.0,-42.0,c661fb92-4219-45d3-989f-8ce9f4d2f0b7_982ca20a-c179-4795-bb1c-8668c4105f78,b3a52d5a-048e-38a8-95bb-7d3a75727a9b,2026-05-07,False,False,False,True,59213,2024-08-31 23:59:36,2026-04-30 23:54:00,606.0,True
c6e5cad9-95d0-4440-86ce-65437fede532_01f8baa4-6744-4b66-b3d1-411dcd2b9248,nycmesh-lbe-812,c6e5cad9-95d0-4440-86ce-65437fede532,nycmesh-sn3-north,01f8baa4-6744-4b66-b3d1-411dcd2b9248,nycmesh-lbe-812,40.6579,-74.0049,,45.32,40.6578,-74.0048,,5.0,1.0,5560.0,ap-ptmp-airmax-mixed,-57.0,-58.0,c6e5cad9-95d0-4440-86ce-65437fede532_01f8baa4-6744-4b66-b3d1-411dcd2b9248,44033e10-5ce0-361a-bc13-ea460fa73bbe,2026-05-07,False,False,False,True,46821,2025-05-24 22:00:00,2026-04-30 23:54:00,341.0,True
c6e5cad9-95d0-4440-86ce-65437fede532_1d6f2385-7b1b-4ba8-9af6-4365a586315a,nycmesh-lbe-526,c6e5cad9-95d0-4440-86ce-65437fede532,nycmesh-sn3-north,1d6f2385-7b1b-4ba8-9af6-4365a586315a,nycmesh-lbe-526,40.6579,-74.0049,,45.32,40.6578,-74.0048,5.0,5.0,1.0,5560.0,ap-ptmp-airmax-mixed,-58.0,-58.0,c6e5cad9-95d0-4440-86ce-65437fede532_1d6f2385-7b1b-4ba8-9af6-4365a586315a,e589be43-cad8-31ab-916b-baca64351f6d,2026-05-07,False,False,False,True,354600,2023-12-01 00:00:56,2023-11-30 23:59:52,-1.0,True
c6e5cad9-95d0-4440-86ce-65437fede532_23a1d601-dcb6-4bf9-ba65-91b29e5b5e66,nycmesh-lbe-6450,c6e5cad9-95d0-4440-86ce-65437fede532,nycmesh-sn3-north,23a1d601-dcb6-4bf9-ba65-91b29e5b5e66,nycmesh-lbe-6450,40.6579,-74.0049,,45.32,40.6578,-74.0048,5.0,5.0,1.0,5560.0,ap-ptmp-airmax-mixed,-57.0,-59.0,c6e5cad9-95d0-4440-86ce-65437fede532_23a1d601-dcb6-4bf9-ba65-91b29e5b5e66,8456d5a6-a344-37a1-9872-40e5c3c6bcab,2026-05-07,False,False,False,True,353982,2023-12-01 00:00:24,2023-11-30 23:59:20,-1.0,True
c6e5cad9-95d0-4440-86ce-65437fede532_26956443-4ef2-4dad-9d71-f3125dc6148f,nycmesh-lbe-300,c6e5cad9-95d0-4440-86ce-65437fede532,nycmesh-sn3-north,26956443-4ef2-4dad-9d71-f3125dc6148f,nycmesh-lbe-300,40.6579,-74.0049,,45.32,40.6578,-74.0048,5.0,5.0,1.0,5560.0,ap-ptmp-airmax-mixed,-69.0,-69.0,c6e5cad9-95d0-4440-86ce-65437fede532_26956443-4ef2-4dad-9d71-f3125dc6148f,f2e09f63-50d3-3942-b428-f6833527b823,2026-05-07,False,False,False,True,358396,2023-12-01 00:00:24,2023-11-30 23:59:20,-1.0,True
c6e5cad9-95d0-4440-86ce-65437fede532_3a639314-59fa-4de7-b9a6-2de92af9317c,nycmesh-lbe-6622,c6e5cad9-95d0-4440-86ce-65437fede532,nycmesh-sn3-north,3a639314-59fa-4de7-b9a6-2de92af9317c,nycmesh-lbe-6622,40.6579,-74.0049,,45.32,40.6578,-74.0048,5.0,5.0,1.0,5560.0,ap-ptmp-airmax-mixed,-61.0,-63.0,c6e5cad9-95d0-4440-86ce-65437fede532_3a639314-59fa-4de7-b9a6-2de92af9317c,1265c02d-232f-337e-b798-c0e288ef2ec0,2026-05-07,False,False,False,True,353994,2023-12-01 00:00:00,2023-11-30 23:58:56,-1.0,True
c6e5cad9-95d0-4440-86ce-65437fede532_3bbcba9e-6c4d-4976-8213-7cc403e6feb5,nycmesh-lbe-175,c6e5cad9-95d0-4440-86ce-65437fede532,nycmesh-sn3-north,3bbcba9e-6c4d-4976-8213-7cc403e6feb5,nycmesh-lbe-175,40.6579,-74.0049,,45.32,40.659446,-73.993038,5.0,5.0,1.0,5560.0,ap-ptmp-airmax-mixed,-61.0,-61.0,c6e5cad9-95d0-4440-86ce-65437fede532_3bbcba9e-6c4d-4976-8213-7cc403e6feb5,f3bebc1e-9780-3164-a103-e95adb563451,2026-05-07,False,False,False,True,354037,2023-12-01 00:00:32,2023-11-30 23:59:36,-1.0,True
c6e5cad9-95d0-4440-86ce-65437fede532_4a6bc52d-8896-498f-9e54-f0e364d3f8cd,nycmesh-lbe-778,c6e5cad9-95d0-4440-86ce-65437fede532,nycmesh-sn3-north,4a6bc52d-8896-498f-9e54-f0e364d3f8cd,nycmesh-lbe-778,40.6579,-74.0049,,45.32,40.6578,-74.0048,,5.0,1.0,5560.0,ap-ptmp-airmax-mixed,-61.0,-61.0,c6e5cad9-95d0-4440-86ce-65437fede532_4a6bc52d-8896-498f-9e54-f0e364d3f8cd,9bff2bde-4ef7-3d23-bafe-42f092b4dbf8,2026-05-07,False,False,False,True,48191,2025-04-11 23:59:20,2026-04-30 23:54:00,383.0,True
c6e5cad9-95d0-4440-86ce-65437fede532_53af1ae8-b7d7-47e7-8bad-34dbb39bf6e2,nycmesh-lbe-611,c6e5cad9-95d0-4440-86ce-65437fede532,nycmesh-sn3-north,53af1ae8-b7d7-47e7-8bad-34dbb39bf6e2,nycmesh-lbe-611,40.6579,-74.0049,,45.32,40.6958,-73.9931,5.0,5.0,1.0,5560.0,ap-ptmp-airmax-mixed,-79.0,-78.0,c6e5cad9-95d0-4440-86ce-65437fede532_53af1ae8-b7d7-47e7-8bad-34dbb39bf6e2,59dd6efc-8e14-34a6-8d08-8b10adf73fc8,2026-05-07,False,False,False,True,194333,2024-04-11 00:37:52,2026-04-30 23:54:00,749.0,True
c6e5cad9-95d0-4440-86ce-65437fede532_5c63008f-6e81-4076-90d1-46b84c452a62,nycmesh-lbe-682,c6e5cad9-95d0-4440-86ce-65437fede532,nycmesh-sn3-north,5c63008f-6e81-4076-90d1-46b84c452a62,nycmesh-lbe-682,40.6579,-74.0049,,45.32,40.6578,-74.0048,,5.0,1.0,5560.0,ap-ptmp-airmax-mixed,-63.0,-68.0,c6e5cad9-95d0-4440-86ce-65437fede532_5c63008f-6e81-4076-90d1-46b84c452a62,92fe69ab-6048-32c1-a251-24b3044a0f40,2026-05-07,False,False,False,True,28924,2024-11-17 23:59:20,2025-12-30 15:00:00,407.0,True
c6e5cad9-95d0-4440-86ce-65437fede532_5e49046f-06be-41f6-aec6-36ddd69240f8,nycmesh-lbe-6087,c6e5cad9-95d0-4440-86ce-65437fede532,nycmesh-sn3-north,5e49046f-06be-41f6-aec6-36ddd69240f8,nycmesh-lbe-6087,40.6579,-74.0049,,45.32,40.6578,-74.0048,5.0,5.0,1.0,5560.0,ap-ptmp-airmax-mixed,-62.0,-62.0,c6e5cad9-95d0-4440-86ce-65437fede532_5e49046f-06be-41f6-aec6-36ddd69240f8,198eaaea-d586-3f10-bfe7-20ab374db937,2026-05-07,False,False,False,True,352599,2023-12-01 00:00:24,2023-11-30 23:59:28,-1.0,True
c6e5cad9-95d0-4440-86ce-65437fede532_6238eb7d-ea72-4c62-b1df-754ffa05ef2c,nycmesh-lbe-365,c6e5cad9-95d0-4440-86ce-65437fede532,nycmesh-sn3-north,6238eb7d-ea72-4c62-b1df-754ffa05ef2c,nycmesh-lbe-365,40.6579,-74.0049,,45.32,40.668963,-73.990725,5.0,5.0,1.0,5560.0,ap-ptmp-airmax-mixed,-64.0,-68.0,c6e5cad9-95d0-4440-86ce-65437fede532_6238eb7d-ea72-4c62-b1df-754ffa05ef2c,9a7b23ee-00aa-3b22-8cee-a3f794b56fae,2026-05-07,False,False,False,True,351462,2023-12-01 00:00:40,2023-11-30 23:59:36,-1.0,True
c6e5cad9-95d0-4440-86ce-65437fede532_6a547d1e-ca62-4b45-8082-4d690cded66a,nycmesh-lbe-7925,c6e5cad9-95d0-4440-86ce-65437fede532,nycmesh-sn3-north,6a547d1e-ca62-4b45-8082-4d690cded66a,nycmesh-lbe-7925,40.6579,-74.0049,,45.32,40.6566,-73.9993,5.0,5.0,1.0,5560.0,ap-ptmp-airmax-mixed,-58.0,-58.0,c6e5cad9-95d0-4440-86ce-65437fede532_6a547d1e-ca62-4b45-8082-4d690cded66a,6959fcf8-a349-30f9-b1a6-4b11aff9605c,2026-05-07,False,False,False,True,316215,2023-12-01 00:00:16,2023-11-30 23:59:12,-1.0,True
c6e5cad9-95d0-4440-86ce-65437fede532_6b8748f9-2ae6-4cf8-8e95-2fc89b1d728a,nycmesh-lbe-3354,c6e5cad9-95d0-4440-86ce-65437fede532,nycmesh-sn3-north,6b8748f9-2ae6-4cf8-8e95-2fc89b1d728a,nycmesh-lbe-3354,40.6579,-74.0049,,45.32,40.6578,-74.0048,5.0,5.0,1.0,5560.0,ap-ptmp-airmax-mixed,-58.0,-61.0,c6e5cad9-95d0-4440-86ce-65437fede532_6b8748f9-2ae6-4cf8-8e95-2fc89b1d728a,6f1660f6-a119-3181-8e7a-ccf9edba965b,2026-05-07,False,False,False,True,346643,2023-12-01 00:00:24,2023-11-30 23:59:20,-1.0,True
c6e5cad9-95d0-4440-86ce-65437fede532_748176d6-c4d5-4be1-89d0-2be990a353b0,nycmesh-lbe-250,c6e5cad9-95d0-4440-86ce-65437fede532,nycmesh-sn3-north,748176d6-c4d5-4be1-89d0-2be990a353b0,nycmesh-lbe-250,40.6579,-74.0049,,45.32,40.6578,-74.0048,5.0,5.0,1.0,5560.0,ap-ptmp-airmax-mixed,-59.0,-61.0,c6e5cad9-95d0-4440-86ce-65437fede532_748176d6-c4d5-4be1-89d0-2be990a353b0,d2022a6b-3e07-3ed1-9960-36d6e3e93e74,2026-05-07,False,False,False,True,308446,2023-12-01 00:00:48,2023-11-30 23:59:44,-1.0,True
c6e5cad9-95d0-4440-86ce-65437fede532_8946b7a6-d94d-48a5-a91f-12cddae5a4c3,nycmesh-nbe-5420,c6e5cad9-95d0-4440-86ce-65437fede532,nycmesh-sn3-north,8946b7a6-d94d-48a5-a91f-12cddae5a4c3,nycmesh-nbe-5420,40.6579,-74.0049,,45.32,40.65964,-73.99854,5.0,5.0,570.3064047954518,5560.0,ap-ptmp-airmax-mixed,-59.0,-60.0,c6e5cad9-95d0-4440-86ce-65437fede532_8946b7a6-d94d-48a5-a91f-12cddae5a4c3,4dc87e2a-6c54-3c30-aa37-a980a9d3e325,2026-05-07,False,False,False,True,313137,2023-12-01 00:00:48,2023-11-30 23:59:44,-1.0,True
c6e5cad9-95d0-4440-86ce-65437fede532_8d19ce1a-991d-411a-b52b-82c8342d71f2,nycmesh-sn3-north,c6e5cad9-95d0-4440-86ce-65437fede532,nycmesh-sn3-north,8d19ce1a-991d-411a-b52b-82c8342d71f2,nycmesh-lbe-403,40.6579,-74.0049,,45.32,40.6577,-74.0051,5.0,5.0,1.0,5560.0,ap-ptmp-airmax-mixed,-57.0,-57.0,c6e5cad9-95d0-4440-86ce-65437fede532_8d19ce1a-991d-411a-b52b-82c8342d71f2,06bdd83b-283e-33de-9571-12ad8a77e777,2026-05-07,False,False,False,True,351537,2023-12-01 00:00:00,2023-11-30 23:59:04,-1.0,True
c6e5cad9-95d0-4440-86ce-65437fede532_94795a3a-8224-4b84-a5e8-18153ebb2e15,nycmesh-lbe-4681,c6e5cad9-95d0-4440-86ce-65437fede532,nycmesh-sn3-north,94795a3a-8224-4b84-a5e8-18153ebb2e15,nycmesh-lbe-4681,40.6579,-74.0049,,45.32,40.6578,-74.0048,5.0,5.0,1.0,5560.0,ap-ptmp-airmax-mixed,-57.0,-56.0,c6e5cad9-95d0-4440-86ce-65437fede532_94795a3a-8224-4b84-a5e8-18153ebb2e15,1ec060ae-e3eb-3899-a851-bfe357c062f0,2026-05-07,False,False,False,True,349342,2023-12-01 00:00:56,2023-11-30 23:59:52,-1.0,True
c6e5cad9-95d0-4440-86ce-65437fede532_ad516046-3993-4726-84db-e91688fba7e5,nycmesh-lbe-3300,c6e5cad9-95d0-4440-86ce-65437fede532,nycmesh-sn3-north,ad516046-3993-4726-84db-e91688fba7e5,nycmesh-lbe-3300,40.6579,-74.0049,,45.32,40.6578,-74.0048,5.0,5.0,1.0,5560.0,ap-ptmp-airmax-mixed,-59.0,-61.0,c6e5cad9-95d0-4440-86ce-65437fede532_ad516046-3993-4726-84db-e91688fba7e5,4131c742-7730-3663-8b3f-c12b90280bc9,2026-05-07,False,False,False,True,345644,2023-12-01 00:00:08,2023-11-30 23:59:04,-1.0,True
c6e5cad9-95d0-4440-86ce-65437fede532_ae892819-817b-4aa1-b6dd-3d048af93673,nycmesh-lbe-392,c6e5cad9-95d0-4440-86ce-65437fede532,nycmesh-sn3-north,ae892819-817b-4aa1-b6dd-3d048af93673,nycmesh-lbe-392,40.6579,-74.0049,,45.32,40.6579,-74.0049,5.0,5.0,1.0,5560.0,ap-ptmp-airmax-mixed,-55.0,-52.0,c6e5cad9-95d0-4440-86ce-65437fede532_ae892819-817b-4aa1-b6dd-3d048af93673,4b00127a-3674-3c67-b6bd-9870b068fb53,2026-05-07,False,False,False,True,345594,2023-12-01 00:00:32,2023-11-30 23:59:28,-1.0,True
c6e5cad9-95d0-4440-86ce-65437fede532_b896c5c3-d599-4d2c-a19a-369b0028d084,nycmesh-lbe-499,c6e5cad9-95d0-4440-86ce-65437fede532,nycmesh-sn3-north,b896c5c3-d599-4d2c-a19a-369b0028d084,nycmesh-lbe-499,40.6579,-74.0049,,45.32,40.6577,-74.0051,5.0,5.0,1.0,5560.0,ap-ptmp-airmax-mixed,-63.0,-65.0,c6e5cad9-95d0-4440-86ce-65437fede532_b896c5c3-d599-4d2c-a19a-369b0028d084,c8788936-b81d-34d3-a6b8-91bf1690fa2a,2026-05-07,False,False,False,True,341018,2023-12-01 00:00:40,2023-11-30 23:59:44,-1.0,True
c6e5cad9-95d0-4440-86ce-65437fede532_bcd11211-c8e3-4ced-8074-2b04627f8039,nycmesh-lbe-630,c6e5cad9-95d0-4440-86ce-65437fede532,nycmesh-sn3-north,bcd11211-c8e3-4ced-8074-2b04627f8039,nycmesh-lbe-630,40.6579,-74.0049,,45.32,40.6577,-74.0051,5.0,5.0,1.0,5560.0,ap-ptmp-airmax-mixed,-57.0,-57.0,c6e5cad9-95d0-4440-86ce-65437fede532_bcd11211-c8e3-4ced-8074-2b04627f8039,c5fd798c-ee7e-3576-b87f-b2d41d5621cf,2026-05-07,False,False,False,True,95409,2024-06-17 20:15:36,2026-04-30 23:54:00,682.0,True
c6e5cad9-95d0-4440-86ce-65437fede532_d2007ff3-64bd-4fba-833d-a61263794b52,nycmesh-lbe-1447,c6e5cad9-95d0-4440-86ce-65437fede532,nycmesh-sn3-north,d2007ff3-64bd-4fba-833d-a61263794b52,nycmesh-lbe-1447,40.6579,-74.0049,,45.32,40.6578,-74.0048,5.0,10.0,670.0,5560.0,ap-ptmp-airmax-mixed,-56.0,-57.0,c6e5cad9-95d0-4440-86ce-65437fede532_d2007ff3-64bd-4fba-833d-a61263794b52,bde91fe4-70fb-3019-8f73-97a72c83dabe,2026-05-07,False,False,False,True,331542,2023-12-01 00:00:56,2023-11-30 23:59:52,-1.0,True
c6e5cad9-95d0-4440-86ce-65437fede532_e7de5486-c5be-4b93-9137-b6ec33fe944c,nycmesh-lbe-282,c6e5cad9-95d0-4440-86ce-65437fede532,nycmesh-sn3-north,e7de5486-c5be-4b93-9137-b6ec33fe944c,nycmesh-lbe-282,40.6579,-74.0049,,45.32,40.6578,-74.0048,5.0,5.0,1.0,5560.0,ap-ptmp-airmax-mixed,-58.0,-55.0,c6e5cad9-95d0-4440-86ce-65437fede532_e7de5486-c5be-4b93-9137-b6ec33fe944c,47ea9264-f98e-38ce-89c2-61efb4bd5c01,2026-05-07,False,False,False,True,341800,2023-12-01 00:00:00,2023-11-30 23:59:04,-1.0,True
c6e5cad9-95d0-4440-86ce-65437fede532_f142ed6e-6ff7-409c-909a-aa9505785ae8,nycmesh-lbe-524,c6e5cad9-95d0-4440-86ce-65437fede532,nycmesh-sn3-north,f142ed6e-6ff7-409c-909a-aa9505785ae8,nycmesh-lbe-524,40.6579,-74.0049,,45.32,40.6578,-74.0048,5.0,5.0,1.0,5560.0,ap-ptmp-airmax-mixed,-61.0,-62.0,c6e5cad9-95d0-4440-86ce-65437fede532_f142ed6e-6ff7-409c-909a-aa9505785ae8,ffe76dea-320c-3424-9328-3c64df952a4f,2026-05-07,False,False,False,True,342643,2023-12-01 00:00:48,2023-11-30 23:59:52,-1.0,True
c6e5cad9-95d0-4440-86ce-65437fede532_f5eb5b25-5ebd-4976-a579-fdf5b8e1e47d,nycmesh-lbe-736,c6e5cad9-95d0-4440-86ce-65437fede532,nycmesh-sn3-north,f5eb5b25-5ebd-4976-a579-fdf5b8e1e47d,nycmesh-lbe-736,40.6579,-74.0049,,45.32,40.6578,-74.0048,,5.0,1.0,5560.0,ap-ptmp-airmax-mixed,-68.0,-68.0,c6e5cad9-95d0-4440-86ce-65437fede532_f5eb5b25-5ebd-4976-a579-fdf5b8e1e47d,1f5ff8ea-0414-3db2-9282-9020d86a1f34,2026-05-07,False,False,False,True,52900,2024-12-27 23:59:52,2026-04-30 23:54:00,488.0,True
c7884a02-28f5-48c3-a76e-4718e3496aa3_2f3775a1-8b83-4d41-bca5-af144a70ff96,nycmesh-162-af24-2282,c7884a02-28f5-48c3-a76e-4718e3496aa3,nycmesh-2282-af24-162,2f3775a1-8b83-4d41-bca5-af144a70ff96,nycmesh-162-af24-2282,40.682976,-73.993851,13.0,18.29,40.665054,-73.990616,,64.08,2011.4232492000544,24200.0,sta-ptp,-54.0,-54.0,c7884a02-28f5-48c3-a76e-4718e3496aa3_2f3775a1-8b83-4d41-bca5-af144a70ff96,d43ed8eb-0221-3ecd-bee4-33a02f45da03,2026-05-07,False,False,False,True,43040,2025-05-31 16:00:00,2026-04-30 23:54:00,334.0,True
c82bb62b-ddf2-4011-8556-12b170f43ef2_05584633-01d6-4e95-b318-755a0186ef96,nycmesh-lbe-502,c82bb62b-ddf2-4011-8556-12b170f43ef2,nycmesh-1340-west,05584633-01d6-4e95-b318-755a0186ef96,nycmesh-lbe-502,40.686016,-73.917493,,53.3,40.6858,-73.9173,,25.01,1.0,5560.0,ap-ptmp-airmax-mixed,-57.0,-57.0,c82bb62b-ddf2-4011-8556-12b170f43ef2_05584633-01d6-4e95-b318-755a0186ef96,3713263c-ec0e-3135-bfae-289afbbb5778,2026-05-07,False,False,False,True,355319,2023-12-01 00:00:00,2023-11-30 23:58:56,-1.0,True
c82bb62b-ddf2-4011-8556-12b170f43ef2_061b638e-b5f6-4a06-a409-3c40e9f5a770,nycmesh-lbe-7582,c82bb62b-ddf2-4011-8556-12b170f43ef2,nycmesh-1340-west,061b638e-b5f6-4a06-a409-3c40e9f5a770,nycmesh-lbe-7582,40.686016,-73.917493,,53.3,40.685823,-73.917272,,25.01,1.0,5560.0,ap-ptmp-airmax-mixed,-56.0,-58.0,c82bb62b-ddf2-4011-8556-12b170f43ef2_061b638e-b5f6-4a06-a409-3c40e9f5a770,68e4c071-6808-3c1c-a1c5-d74a87d990e5,2026-05-07,False,False,False,True,317986,2023-12-01 00:00:08,2023-11-30 23:59:12,-1.0,True
c82bb62b-ddf2-4011-8556-12b170f43ef2_0f30e5f8-edda-45c6-ab83-65717d054345,nycmesh-lbe-212,c82bb62b-ddf2-4011-8556-12b170f43ef2,nycmesh-1340-west,0f30e5f8-edda-45c6-ab83-65717d054345,nycmesh-lbe-212,40.686016,-73.917493,,53.3,40.685823,-73.917272,,25.01,1.0,5560.0,ap-ptmp-airmax-mixed,-61.0,-61.0,c82bb62b-ddf2-4011-8556-12b170f43ef2_0f30e5f8-edda-45c6-ab83-65717d054345,91883cb4-9368-3210-8afc-0a2f21958ae6,2026-05-07,False,False,False,True,355213,2023-12-01 00:00:16,2023-11-30 23:59:20,-1.0,True
c82bb62b-ddf2-4011-8556-12b170f43ef2_15234ab8-69f6-49a7-8a89-acd1fcdd114e,nycmesh-lbe-539,c82bb62b-ddf2-4011-8556-12b170f43ef2,nycmesh-1340-west,15234ab8-69f6-49a7-8a89-acd1fcdd114e,nycmesh-lbe-539,40.686016,-73.917493,,53.3,40.6858,-73.9173,,25.01,1.0,5560.0,ap-ptmp-airmax-mixed,-79.0,-77.0,c82bb62b-ddf2-4011-8556-12b170f43ef2_15234ab8-69f6-49a7-8a89-acd1fcdd114e,98a4a38c-4331-30d4-9bf6-c5834773b1f8,2026-05-07,False,False,False,True,354029,2023-12-01 00:00:48,2023-11-30 23:59:44,-1.0,True
c82bb62b-ddf2-4011-8556-12b170f43ef2_282f689f-4ad3-4111-a529-dcb3e6084c82,nycmesh-lbe-165,c82bb62b-ddf2-4011-8556-12b170f43ef2,nycmesh-1340-west,282f689f-4ad3-4111-a529-dcb3e6084c82,nycmesh-lbe-165,40.686016,-73.917493,,53.3,40.685823,-73.917272,,25.01,1.0,5560.0,ap-ptmp-airmax-mixed,-64.0,-62.0,c82bb62b-ddf2-4011-8556-12b170f43ef2_282f689f-4ad3-4111-a529-dcb3e6084c82,67e9face-512d-390c-aeff-47eb208ea627,2026-05-07,False,False,False,True,338427,2023-12-01 00:00:08,2023-11-30 23:59:12,-1.0,True
c82bb62b-ddf2-4011-8556-12b170f43ef2_2f887408-c84e-41e2-8d6a-884aee20885e,nycmesh-lbe-422,c82bb62b-ddf2-4011-8556-12b170f43ef2,nycmesh-1340-west,2f887408-c84e-41e2-8d6a-884aee20885e,nycmesh-lbe-422,40.686016,-73.917493,,53.3,40.6858,-73.9173,,25.01,1.0,5560.0,ap-ptmp-airmax-mixed,-57.0,-52.0,c82bb62b-ddf2-4011-8556-12b170f43ef2_2f887408-c84e-41e2-8d6a-884aee20885e,4f1c72b4-3cf7-3b1b-b07c-c66f666793d0,2026-05-07,False,False,False,True,353505,2023-12-01 00:00:16,2023-11-30 23:59:20,-1.0,True
c82bb62b-ddf2-4011-8556-12b170f43ef2_3639a98b-1ad5-49e3-aeed-cf9ec553e933,nycmesh-lbe-309,c82bb62b-ddf2-4011-8556-12b170f43ef2,nycmesh-1340-west,3639a98b-1ad5-49e3-aeed-cf9ec553e933,nycmesh-lbe-309,40.686016,-73.917493,,53.3,40.6858,-73.9173,,25.01,1.0,5560.0,ap-ptmp-airmax-mixed,-62.0,-60.0,c82bb62b-ddf2-4011-8556-12b170f43ef2_3639a98b-1ad5-49e3-aeed-cf9ec553e933,763b962b-36a8-3a52-9737-4d8850c842f5,2026-05-07,False,False,False,True,342818,2023-12-01 00:00:24,2023-11-30 23:59:20,-1.0,True
c82bb62b-ddf2-4011-8556-12b170f43ef2_3b864080-9ce4-4e19-9b57-7e3bb68377e0,nycmesh-lbe-897,c82bb62b-ddf2-4011-8556-12b170f43ef2,nycmesh-1340-west,3b864080-9ce4-4e19-9b57-7e3bb68377e0,nycmesh-lbe-897,40.686016,-73.917493,,53.3,40.6858,-73.9173,,25.01,1.0,5560.0,ap-ptmp-airmax-mixed,-67.0,-66.0,c82bb62b-ddf2-4011-8556-12b170f43ef2_3b864080-9ce4-4e19-9b57-7e3bb68377e0,456f0fc8-43e4-3881-a37d-8919fe7c370c,2026-05-07,False,False,False,True,38135,2025-10-03 15:24:00,2026-04-30 23:54:00,209.0,True
c82bb62b-ddf2-4011-8556-12b170f43ef2_5c8cdbd4-8399-44e7-b38e-6ef74b1dc7ac,nycmesh-lbe-7997,c82bb62b-ddf2-4011-8556-12b170f43ef2,nycmesh-1340-west,5c8cdbd4-8399-44e7-b38e-6ef74b1dc7ac,nycmesh-lbe-7997,40.686016,-73.917493,,53.3,40.685823,-73.917272,,25.01,1.0,5560.0,ap-ptmp-airmax-mixed,-59.0,-57.0,c82bb62b-ddf2-4011-8556-12b170f43ef2_5c8cdbd4-8399-44e7-b38e-6ef74b1dc7ac,0e7a8f3d-0e77-3474-879b-1db7a92ac88c,2026-05-07,False,False,False,True,353145,2023-12-01 00:00:48,2023-11-30 23:59:52,-1.0,True
c82bb62b-ddf2-4011-8556-12b170f43ef2_6f99f68b-0866-420c-b7e1-c44c0957722c,nycmesh-lbe-4706,c82bb62b-ddf2-4011-8556-12b170f43ef2,nycmesh-1340-west,6f99f68b-0866-420c-b7e1-c44c0957722c,nycmesh-lbe-4706,40.686016,-73.917493,,53.3,40.685823,-73.917272,,25.01,1.0,5560.0,ap-ptmp-airmax-mixed,-69.0,-68.0,c82bb62b-ddf2-4011-8556-12b170f43ef2_6f99f68b-0866-420c-b7e1-c44c0957722c,e991a701-4273-3af7-b4e2-9db73d092ba2,2026-05-07,False,False,False,True,351827,2023-12-01 00:00:08,2023-11-30 23:59:12,-1.0,True
c82bb62b-ddf2-4011-8556-12b170f43ef2_70bf9c95-79d6-4538-897f-23fd1d4b52f2,nycmesh-lbe-6267,c82bb62b-ddf2-4011-8556-12b170f43ef2,nycmesh-1340-west,70bf9c95-79d6-4538-897f-23fd1d4b52f2,nycmesh-lbe-6267,40.686016,-73.917493,,53.3,40.685823,-73.917272,,25.01,1.0,5560.0,ap-ptmp-airmax-mixed,-67.0,-65.0,c82bb62b-ddf2-4011-8556-12b170f43ef2_70bf9c95-79d6-4538-897f-23fd1d4b52f2,2e312e16-efaf-39d3-9f11-ce54a04939a2,2026-05-07,False,False,False,True,353090,2023-12-01 00:00:40,2023-11-30 23:59:44,-1.0,True
c82bb62b-ddf2-4011-8556-12b170f43ef2_790a31a8-f161-463a-8e36-c8d7014989e3,nycmesh-lbe-2959,c82bb62b-ddf2-4011-8556-12b170f43ef2,nycmesh-1340-west,790a31a8-f161-463a-8e36-c8d7014989e3,nycmesh-lbe-2959,40.686016,-73.917493,,53.3,40.685823,-73.917272,,25.01,1.0,5560.0,ap-ptmp-airmax-mixed,-59.0,-59.0,c82bb62b-ddf2-4011-8556-12b170f43ef2_790a31a8-f161-463a-8e36-c8d7014989e3,b1754139-4637-3262-9292-3f8ed74f65ae,2026-05-07,False,False,False,True,352711,2023-12-01 00:00:40,2023-11-30 23:59:36,-1.0,True
c82bb62b-ddf2-4011-8556-12b170f43ef2_7a2c80bd-f196-4741-8029-26a6c4a3be5c,,c82bb62b-ddf2-4011-8556-12b170f43ef2,nycmesh-1340-west,7a2c80bd-f196-4741-8029-26a6c4a3be5c,nycmesh-lbe-213,40.686016,-73.917493,,53.3,40.685823,-73.917272,,25.01,1.0,5560.0,ap-ptmp-airmax-mixed,-64.0,-65.0,c82bb62b-ddf2-4011-8556-12b170f43ef2_7a2c80bd-f196-4741-8029-26a6c4a3be5c,7147c862-1afd-3e9a-ba33-109bc449c78e,2026-03-10,False,False,False,True,39210,2025-09-01 00:00:00,2026-04-30 23:54:00,241.0,True
c82bb62b-ddf2-4011-8556-12b170f43ef2_7c630d7b-1bfd-4cd6-bbe8-89c73250ab04,nycmesh-lbe-7449,c82bb62b-ddf2-4011-8556-12b170f43ef2,nycmesh-1340-west,7c630d7b-1bfd-4cd6-bbe8-89c73250ab04,nycmesh-lbe-7449,40.686016,-73.917493,,53.3,40.685823,-73.917272,,25.01,1.0,5560.0,ap-ptmp-airmax-mixed,-69.0,-68.0,c82bb62b-ddf2-4011-8556-12b170f43ef2_7c630d7b-1bfd-4cd6-bbe8-89c73250ab04,28b2060f-8ee5-3289-adbd-4576a39c2064,2026-05-07,False,False,False,True,352366,2023-12-01 00:00:32,2023-11-30 23:59:28,-1.0,True
c82bb62b-ddf2-4011-8556-12b170f43ef2_7ef8be57-5847-4258-8f58-79d78adfafad,nycmesh-lbe-2874,c82bb62b-ddf2-4011-8556-12b170f43ef2,nycmesh-1340-west,7ef8be57-5847-4258-8f58-79d78adfafad,nycmesh-lbe-2874,40.686016,-73.917493,,53.3,40.685823,-73.917272,,25.01,1.0,5560.0,ap-ptmp-airmax-mixed,-61.0,-61.0,c82bb62b-ddf2-4011-8556-12b170f43ef2_7ef8be57-5847-4258-8f58-79d78adfafad,88fd344c-686a-37cb-badb-cf7c5b1bd106,2026-05-07,False,False,False,True,352390,2023-12-01 00:00:00,2023-11-30 23:59:04,-1.0,True
c82bb62b-ddf2-4011-8556-12b170f43ef2_95052c36-6019-42cd-ab35-11172ef1c071,nycmesh-lbe-801,c82bb62b-ddf2-4011-8556-12b170f43ef2,nycmesh-1340-west,95052c36-6019-42cd-ab35-11172ef1c071,nycmesh-lbe-801,40.686016,-73.917493,,53.3,40.6858,-73.9173,,25.01,1.0,5560.0,ap-ptmp-airmax-mixed,-81.0,-78.0,c82bb62b-ddf2-4011-8556-12b170f43ef2_95052c36-6019-42cd-ab35-11172ef1c071,a29c5ddf-2ab4-3803-b672-b6ff6fd8b86d,2026-05-07,False,False,False,True,40055,2025-05-02 20:00:00,2026-04-30 23:54:00,363.0,True
c82bb62b-ddf2-4011-8556-12b170f43ef2_b41f1262-7e83-4187-81dd-f2093573c95d,nycmesh-lbe-910,c82bb62b-ddf2-4011-8556-12b170f43ef2,nycmesh-1340-west,b41f1262-7e83-4187-81dd-f2093573c95d,nycmesh-lbe-910,40.686016,-73.917493,,53.3,40.6858,-73.9173,,25.01,1.0,5560.0,ap-ptmp-airmax-mixed,-59.0,-58.0,c82bb62b-ddf2-4011-8556-12b170f43ef2_b41f1262-7e83-4187-81dd-f2093573c95d,01246b98-59a0-30de-8e78-60b95e20b418,2026-05-07,False,False,False,True,34649,2025-11-01 00:00:00,2026-04-30 23:54:00,180.0,True
c82bb62b-ddf2-4011-8556-12b170f43ef2_b78174a6-2e21-4bd0-b9da-06c6a3daa295,nycmesh-lbe-116,c82bb62b-ddf2-4011-8556-12b170f43ef2,nycmesh-1340-west,b78174a6-2e21-4bd0-b9da-06c6a3daa295,nycmesh-lbe-116,40.686016,-73.917493,,53.3,40.685823,-73.917272,,25.01,1.0,5560.0,ap-ptmp-airmax-mixed,-63.0,-63.0,c82bb62b-ddf2-4011-8556-12b170f43ef2_b78174a6-2e21-4bd0-b9da-06c6a3daa295,271f34a2-29a7-30f3-a6c6-077ba234c97c,2026-05-07,False,False,False,True,344778,2023-12-01 00:00:48,2023-11-30 23:59:44,-1.0,True
c82bb62b-ddf2-4011-8556-12b170f43ef2_c93fe927-6a59-4ebd-aad9-4bff35b03ac2,,c82bb62b-ddf2-4011-8556-12b170f43ef2,nycmesh-1340-west,c93fe927-6a59-4ebd-aad9-4bff35b03ac2,nycmesh-lbe-781,40.686016,-73.917493,,53.3,40.685823,-73.917272,,25.01,1.0,5560.0,ap-ptmp-airmax-mixed,-63.0,-61.0,c82bb62b-ddf2-4011-8556-12b170f43ef2_c93fe927-6a59-4ebd-aad9-4bff35b03ac2,17e72a76-1650-3091-a009-232248c997ba,2026-03-10,False,False,False,True,26437,2025-09-01 00:00:00,2026-03-02 01:48:00,182.0,True
c82bb62b-ddf2-4011-8556-12b170f43ef2_eb9815c0-f357-4b9c-8bd9-73d0f4504c63,nycmesh-lbe-568,c82bb62b-ddf2-4011-8556-12b170f43ef2,nycmesh-1340-west,eb9815c0-f357-4b9c-8bd9-73d0f4504c63,nycmesh-lbe-568,40.686016,-73.917493,,53.3,40.6858,-73.9173,,25.01,1.0,5560.0,ap-ptmp-airmax-mixed,-58.0,-58.0,c82bb62b-ddf2-4011-8556-12b170f43ef2_eb9815c0-f357-4b9c-8bd9-73d0f4504c63,405f300a-cb1c-3dd8-8a24-4be6c96e00a7,2026-05-07,False,False,False,True,319167,2024-01-01 00:00:16,2026-04-30 23:54:00,850.0,True
ca7e20a7-1205-48e0-ad90-016e18454dfa_4acc0ba3-6cdd-4ff1-876c-7daf051a7090,nycmesh-lbe-????,ca7e20a7-1205-48e0-ad90-016e18454dfa,nycmesh-5712-south,4acc0ba3-6cdd-4ff1-876c-7daf051a7090,nycmesh-lbe-????,40.736717,-73.95465,6.0,10.0,40.7367,-73.9547,6.0,5.0,1.0,5510.0,ap-ptmp-airmax-mixed,-55.0,-54.0,ca7e20a7-1205-48e0-ad90-016e18454dfa_4acc0ba3-6cdd-4ff1-876c-7daf051a7090,e1c7431a-8075-3d41-a395-95fc95552375,2026-05-07,False,False,False,True,41466,2025-09-07 01:00:00,2026-04-30 23:54:00,235.0,True
ca7e20a7-1205-48e0-ad90-016e18454dfa_b8f1f092-d745-4b7d-8f89-0ee9b0ee4b86,nycmesh-5712-south,ca7e20a7-1205-48e0-ad90-016e18454dfa,nycmesh-5712-south,b8f1f092-d745-4b7d-8f89-0ee9b0ee4b86,nycmesh-lbe-337,40.736717,-73.95465,6.0,10.0,40.733605,-73.95764,6.0,5.0,1.0,5510.0,ap-ptmp-airmax-mixed,-55.0,-71.0,ca7e20a7-1205-48e0-ad90-016e18454dfa_b8f1f092-d745-4b7d-8f89-0ee9b0ee4b86,47bcaa2d-de43-32a5-bb13-7a1a79623395,2026-05-07,False,False,False,True,328285,2023-12-01 00:00:40,2023-11-30 23:59:44,-1.0,True
ca7e20a7-1205-48e0-ad90-016e18454dfa_fc226f8a-5d08-41ed-b291-aff4002ae139,nycmesh-lbe-156,ca7e20a7-1205-48e0-ad90-016e18454dfa,nycmesh-5712-south,fc226f8a-5d08-41ed-b291-aff4002ae139,nycmesh-lbe-156,40.736717,-73.95465,6.0,10.0,40.734404,-73.956988,6.0,5.0,1.0,5510.0,ap-ptmp-airmax-mixed,-55.0,-75.0,ca7e20a7-1205-48e0-ad90-016e18454dfa_fc226f8a-5d08-41ed-b291-aff4002ae139,4dd984ea-5258-39de-a099-f434c2bd8618,2026-05-07,False,False,False,True,296568,2023-12-01 00:00:32,2023-11-30 23:59:36,-1.0,True
ca7e20a7-1205-48e0-ad90-016e18454dfa_fea7fd3b-8bda-4035-b303-ca75d73b300a,nycmesh-lbe-344,ca7e20a7-1205-48e0-ad90-016e18454dfa,nycmesh-5712-south,fea7fd3b-8bda-4035-b303-ca75d73b300a,nycmesh-lbe-344,40.736717,-73.95465,6.0,10.0,40.736318,-73.95549,6.0,5.0,1.0,5510.0,ap-ptmp-airmax-mixed,-55.0,-38.0,ca7e20a7-1205-48e0-ad90-016e18454dfa_fea7fd3b-8bda-4035-b303-ca75d73b300a,f576ba07-b6f9-3d96-88f4-3f6025b2f03c,2026-05-07,False,False,False,True,332506,2023-12-01 00:00:08,2023-11-30 23:59:12,-1.0,True
ca7e20a7-1205-48e0-ad90-016e18454dfa_ff038929-d47b-4bb8-8a61-a222a04fee56,nycmesh-lbelr-6566,ca7e20a7-1205-48e0-ad90-016e18454dfa,nycmesh-5712-south,ff038929-d47b-4bb8-8a61-a222a04fee56,nycmesh-lbelr-6566,40.736717,-73.95465,6.0,10.0,40.73505,-73.9582,5.0,5.0,1.0,5510.0,ap-ptmp-airmax-mixed,-55.0,-57.0,ca7e20a7-1205-48e0-ad90-016e18454dfa_ff038929-d47b-4bb8-8a61-a222a04fee56,fadfffd9-16e5-3337-9de0-68c4dc818388,2026-05-07,False,False,False,True,333478,2023-12-01 00:00:00,2023-11-30 23:59:04,-1.0,True
cd9f8fe9-7335-49ae-8dff-5e518bc6ac91_1090effd-77bd-4602-bfc5-bda94cdbb65e,nycmesh-lbe-704,cd9f8fe9-7335-49ae-8dff-5e518bc6ac91,nycmesh-664-south,1090effd-77bd-4602-bfc5-bda94cdbb65e,nycmesh-lbe-704,40.705619,-73.915235,,8.0,40.709868,-73.911179,22.0,8.0,583.1893916715709,5560.0,ap-ptmp-airmax-ac,-63.0,-65.0,cd9f8fe9-7335-49ae-8dff-5e518bc6ac91_1090effd-77bd-4602-bfc5-bda94cdbb65e,a5b3e815-eaf7-3bea-80bd-15c2257cc4c9,2026-05-07,False,False,False,True,56393,2024-11-17 23:59:04,2026-04-30 23:54:00,528.0,True
cd9f8fe9-7335-49ae-8dff-5e518bc6ac91_78bc9047-0ce5-4a21-af20-12fd32bb494c,nycmesh-664-south,cd9f8fe9-7335-49ae-8dff-5e518bc6ac91,nycmesh-664-south,78bc9047-0ce5-4a21-af20-12fd32bb494c,nycmesh-lbe-7600,40.705619,-73.915235,,8.0,40.70562115,-73.915237255446,22.0,8.0,0.3054496675085951,5560.0,ap-ptmp-airmax-ac,-54.0,-54.0,cd9f8fe9-7335-49ae-8dff-5e518bc6ac91_78bc9047-0ce5-4a21-af20-12fd32bb494c,070ab51c-a5bf-30c3-b78d-547f93ac00f3,2026-05-07,False,False,False,True,577329,2023-12-01 00:00:16,2023-11-30 23:59:28,-1.0,True
d14a79df-ca26-408f-8dc8-4a73585d167a_0c38e80f-e31c-464a-a8f1-050b8ef03a22,nycmesh-lbe-462,d14a79df-ca26-408f-8dc8-4a73585d167a,nycmesh-3461-southeast,0c38e80f-e31c-464a-a8f1-050b8ef03a22,nycmesh-lbe-462,40.672531,-73.964197,,60.95,40.6725,-73.9642,,5.0,3.4563153488510543,5710.0,ap-ptmp-airmax-mixed,-75.0,-78.0,d14a79df-ca26-408f-8dc8-4a73585d167a_0c38e80f-e31c-464a-a8f1-050b8ef03a22,aa62d665-7a4c-3c3c-8779-14c0bec1a741,2026-05-07,False,False,False,True,355418,2023-12-01 00:00:56,2023-11-30 23:59:52,-1.0,True
d14a79df-ca26-408f-8dc8-4a73585d167a_14f2fa3b-028c-4389-ab16-6e0341e88a62,nycmesh-nsl-377,d14a79df-ca26-408f-8dc8-4a73585d167a,nycmesh-3461-southeast,14f2fa3b-028c-4389-ab16-6e0341e88a62,nycmesh-nsl-377,40.672531,-73.964197,,60.95,40.6725,-73.9642,,5.0,3.4563153488510543,5710.0,ap-ptmp-airmax-mixed,-65.0,-81.0,d14a79df-ca26-408f-8dc8-4a73585d167a_14f2fa3b-028c-4389-ab16-6e0341e88a62,8bccb41a-9c2f-37d5-bde2-6c9eb6eb2bcc,2026-05-07,False,False,False,True,313908,2023-12-01 00:00:00,2023-11-30 23:59:04,-1.0,True
d14a79df-ca26-408f-8dc8-4a73585d167a_19029d5e-275e-496e-b252-6f56aa5c4461,nycmesh-lbe-759,d14a79df-ca26-408f-8dc8-4a73585d167a,nycmesh-3461-southeast,19029d5e-275e-496e-b252-6f56aa5c4461,nycmesh-lbe-759,40.672531,-73.964197,,60.95,40.6725,-73.9642,,5.0,3.4563153488510543,5710.0,ap-ptmp-airmax-mixed,-71.0,-74.0,d14a79df-ca26-408f-8dc8-4a73585d167a_19029d5e-275e-496e-b252-6f56aa5c4461,7eab848b-2c73-3cd2-85a1-0247b776ba11,2026-05-07,False,False,False,True,49023,2025-02-26 00:00:00,2026-04-30 23:54:00,428.0,True
d14a79df-ca26-408f-8dc8-4a73585d167a_1c1199ba-0489-4fe4-8484-f72ce54e0294,nycmesh-lbe-577,d14a79df-ca26-408f-8dc8-4a73585d167a,nycmesh-3461-southeast,1c1199ba-0489-4fe4-8484-f72ce54e0294,nycmesh-lbe-577,40.672531,-73.964197,,60.95,40.6725,-73.9642,,5.0,3.4563153488510543,5710.0,ap-ptmp-airmax-mixed,-68.0,-70.0,d14a79df-ca26-408f-8dc8-4a73585d167a_1c1199ba-0489-4fe4-8484-f72ce54e0294,cabd4b00-4d2e-3359-b1df-f28fcd99e628,2026-05-07,False,False,False,True,290221,2024-01-30 18:50:24,2026-04-30 23:54:00,821.0,True
d14a79df-ca26-408f-8dc8-4a73585d167a_1f2ae6bc-0cf3-43ad-ac37-14a67291c769,nycmesh-lbelr-4507,d14a79df-ca26-408f-8dc8-4a73585d167a,nycmesh-3461-southeast,1f2ae6bc-0cf3-43ad-ac37-14a67291c769,nycmesh-lbelr-4507,40.672531,-73.964197,,60.95,40.6555,-73.9592,,10.0,1944.0,5710.0,ap-ptmp-airmax-mixed,-67.0,-67.0,d14a79df-ca26-408f-8dc8-4a73585d167a_1f2ae6bc-0cf3-43ad-ac37-14a67291c769,83e774f2-2df2-34af-a285-f75dd4fd55f2,2026-05-07,False,False,False,True,353283,2023-12-01 00:00:32,2023-11-30 23:59:36,-1.0,True
d14a79df-ca26-408f-8dc8-4a73585d167a_1fd89957-0c5b-4d5e-802f-50be62d3d09a,nycmesh-lbe-181,d14a79df-ca26-408f-8dc8-4a73585d167a,nycmesh-3461-southeast,1fd89957-0c5b-4d5e-802f-50be62d3d09a,nycmesh-lbe-181,40.672531,-73.964197,,60.95,40.6725,-73.9642,,5.0,3.4563153488510543,5710.0,ap-ptmp-airmax-mixed,-70.0,-73.0,d14a79df-ca26-408f-8dc8-4a73585d167a_1fd89957-0c5b-4d5e-802f-50be62d3d09a,8cd997ad-4376-3907-b67e-8a563063ccf0,2026-05-07,False,False,False,True,353460,2023-12-01 00:00:24,2023-11-30 23:59:20,-1.0,True
d14a79df-ca26-408f-8dc8-4a73585d167a_25a578c6-d239-45fe-a7ea-e50238088f9e,nycmesh-lbe-772,d14a79df-ca26-408f-8dc8-4a73585d167a,nycmesh-3461-southeast,25a578c6-d239-45fe-a7ea-e50238088f9e,nycmesh-lbe-772,40.672531,-73.964197,,60.95,40.6725,-73.9642,,5.0,3.4563153488510543,5710.0,ap-ptmp-airmax-mixed,-56.0,-58.0,d14a79df-ca26-408f-8dc8-4a73585d167a_25a578c6-d239-45fe-a7ea-e50238088f9e,988e77a5-17e5-37a1-84e0-dbf302831434,2026-05-07,False,False,False,True,49563,2025-03-20 00:00:00,2026-04-30 23:54:00,406.0,True
d14a79df-ca26-408f-8dc8-4a73585d167a_32bdfd40-e137-430c-8184-7d239afe8038,nycmesh-lbe-867,d14a79df-ca26-408f-8dc8-4a73585d167a,nycmesh-3461-southeast,32bdfd40-e137-430c-8184-7d239afe8038,nycmesh-lbe-867,40.672531,-73.964197,,60.95,40.6725,-73.9642,,5.0,3.4563153488510543,5710.0,ap-ptmp-airmax-mixed,-71.0,-74.0,d14a79df-ca26-408f-8dc8-4a73585d167a_32bdfd40-e137-430c-8184-7d239afe8038,f37c805f-e6da-348c-be54-79e4f5c8811b,2026-05-07,False,False,False,True,45076,2025-08-01 18:00:00,2026-04-30 23:54:00,272.0,True
d14a79df-ca26-408f-8dc8-4a73585d167a_3ca4c4bd-47da-4edd-8aa6-a1ea9fdc73bb,nycmesh-lbe-4730,d14a79df-ca26-408f-8dc8-4a73585d167a,nycmesh-3461-southeast,3ca4c4bd-47da-4edd-8aa6-a1ea9fdc73bb,nycmesh-lbe-4730,40.672531,-73.964197,,60.95,40.6725,-73.9642,,5.0,3.4563153488510543,5710.0,ap-ptmp-airmax-mixed,-66.0,-68.0,d14a79df-ca26-408f-8dc8-4a73585d167a_3ca4c4bd-47da-4edd-8aa6-a1ea9fdc73bb,6c1e22f9-cf13-3e36-bd09-57d2c024a895,2026-05-07,False,False,False,True,354183,2023-12-01 00:00:24,2023-11-30 23:59:20,-1.0,True
d14a79df-ca26-408f-8dc8-4a73585d167a_3e195f48-c0e1-4ed4-9766-39fa1a2b97a0,nycmesh-lbelr-228 ,d14a79df-ca26-408f-8dc8-4a73585d167a,nycmesh-3461-southeast,3e195f48-c0e1-4ed4-9766-39fa1a2b97a0,nycmesh-lbelr-228 ,40.672531,-73.964197,,60.95,40.6608,-73.9604,,18.0,1344.0,5710.0,ap-ptmp-airmax-mixed,-67.0,-64.0,d14a79df-ca26-408f-8dc8-4a73585d167a_3e195f48-c0e1-4ed4-9766-39fa1a2b97a0,aaeef13b-2f54-39b5-a950-d16f9990058b,2026-05-07,False,False,False,True,50646,2025-03-01 23:59:12,2026-04-30 23:54:00,424.0,True
d14a79df-ca26-408f-8dc8-4a73585d167a_484a15c8-c5bd-414e-8098-37008620a319,nycmesh-lbe-154,d14a79df-ca26-408f-8dc8-4a73585d167a,nycmesh-3461-southeast,484a15c8-c5bd-414e-8098-37008620a319,nycmesh-lbe-154,40.672531,-73.964197,,60.95,40.6725,-73.9642,,5.0,3.4563153488510543,5710.0,ap-ptmp-airmax-mixed,-69.0,-69.0,d14a79df-ca26-408f-8dc8-4a73585d167a_484a15c8-c5bd-414e-8098-37008620a319,8df2aec6-581b-3fa7-8d84-3002db59b192,2026-05-07,False,False,False,True,305978,2023-12-01 00:00:16,2023-11-30 23:59:20,-1.0,True
d14a79df-ca26-408f-8dc8-4a73585d167a_4a13c690-00f6-4443-aaba-427c4132417c,nycmesh-lbe-676,d14a79df-ca26-408f-8dc8-4a73585d167a,nycmesh-3461-southeast,4a13c690-00f6-4443-aaba-427c4132417c,nycmesh-lbe-676,40.672531,-73.964197,,60.95,40.6725,-73.9642,,5.0,3.4563153488510543,5710.0,ap-ptmp-airmax-mixed,-63.0,-67.0,d14a79df-ca26-408f-8dc8-4a73585d167a_4a13c690-00f6-4443-aaba-427c4132417c,e69e45c2-08f3-3a1c-a908-2c8588398eee,2026-05-07,False,False,False,True,53407,2025-01-13 23:59:20,2026-04-30 23:54:00,471.0,True
d14a79df-ca26-408f-8dc8-4a73585d167a_511eae34-f3a6-418d-8899-294891d0811b,nycmesh-lbe-6491,d14a79df-ca26-408f-8dc8-4a73585d167a,nycmesh-3461-southeast,511eae34-f3a6-418d-8899-294891d0811b,nycmesh-lbe-6491,40.672531,-73.964197,,60.95,40.672047,-73.955369,,5.0,746.4586443271326,5710.0,ap-ptmp-airmax-mixed,-69.0,-70.0,d14a79df-ca26-408f-8dc8-4a73585d167a_511eae34-f3a6-418d-8899-294891d0811b,9b6ecf10-6233-3f1f-a21f-e5963473842d,2026-05-07,False,False,False,True,353417,2023-12-01 00:00:40,2023-11-30 23:59:44,-1.0,True
d14a79df-ca26-408f-8dc8-4a73585d167a_5a6e8518-69ec-4bc2-ad25-97f490a2cc07,nycmesh-lbelr-4891,d14a79df-ca26-408f-8dc8-4a73585d167a,nycmesh-3461-southeast,5a6e8518-69ec-4bc2-ad25-97f490a2cc07,nycmesh-lbelr-4891,40.672531,-73.964197,,60.95,40.672531,-73.9641974,,5.0,0.0337341785130366,5710.0,ap-ptmp-airmax-mixed,-69.0,-65.0,d14a79df-ca26-408f-8dc8-4a73585d167a_5a6e8518-69ec-4bc2-ad25-97f490a2cc07,adb6cea7-0bef-3d83-909b-f4eb5fa6d2cf,2026-05-07,False,False,False,True,23859,2023-12-01 00:00:40,2023-11-30 23:59:44,-1.0,True
d14a79df-ca26-408f-8dc8-4a73585d167a_6f90ccc3-d5e2-48df-baf9-acd0800209a5,nycmesh-lbe-936,d14a79df-ca26-408f-8dc8-4a73585d167a,nycmesh-3461-southeast,6f90ccc3-d5e2-48df-baf9-acd0800209a5,nycmesh-lbe-936,40.672531,-73.964197,,60.95,40.6725,-73.9642,,5.0,1.0,5710.0,ap-ptmp-airmax-mixed,-64.0,-65.0,d14a79df-ca26-408f-8dc8-4a73585d167a_6f90ccc3-d5e2-48df-baf9-acd0800209a5,71e40d92-d435-3a87-8780-fa85bef57e79,2026-05-07,False,False,False,True,14640,2026-03-01 00:00:00,2026-04-30 23:54:00,60.0,True
d14a79df-ca26-408f-8dc8-4a73585d167a_8ba6fbe2-7f1a-4822-9df3-38701e507877,nycmesh-lbe-2596,d14a79df-ca26-408f-8dc8-4a73585d167a,nycmesh-3461-southeast,8ba6fbe2-7f1a-4822-9df3-38701e507877,nycmesh-lbe-2596,40.672531,-73.964197,,60.95,40.6725,-73.9642,,5.0,3.4563153488510543,5710.0,ap-ptmp-airmax-mixed,-70.0,-71.0,d14a79df-ca26-408f-8dc8-4a73585d167a_8ba6fbe2-7f1a-4822-9df3-38701e507877,db65aa58-4744-34a8-816e-8ed6d2b72f04,2026-05-07,False,False,False,True,351052,2023-12-01 00:00:32,2023-11-30 23:59:36,-1.0,True
d14a79df-ca26-408f-8dc8-4a73585d167a_ab9c3e51-7126-48f1-9c1a-9b2b7467f6e0,nycmesh-lbe-4517,d14a79df-ca26-408f-8dc8-4a73585d167a,nycmesh-3461-southeast,ab9c3e51-7126-48f1-9c1a-9b2b7467f6e0,nycmesh-lbe-4517,40.672531,-73.964197,,60.95,40.667133,-73.946808,,5.0,1584.6448261900457,5710.0,ap-ptmp-airmax-mixed,-73.0,-74.0,d14a79df-ca26-408f-8dc8-4a73585d167a_ab9c3e51-7126-48f1-9c1a-9b2b7467f6e0,a6105bf4-858f-34b8-923e-0c26aa4f87aa,2026-05-07,False,False,False,True,343793,2023-12-01 00:00:08,2023-11-30 23:59:04,-1.0,True
d14a79df-ca26-408f-8dc8-4a73585d167a_c0c4b33c-06ef-41e4-9470-5664e8ed34ec,nycmesh-lbe-656,d14a79df-ca26-408f-8dc8-4a73585d167a,nycmesh-3461-southeast,c0c4b33c-06ef-41e4-9470-5664e8ed34ec,nycmesh-lbe-656,40.672531,-73.964197,,60.95,40.6725,-73.9642,,5.0,3.4563153488510543,5710.0,ap-ptmp-airmax-mixed,-61.0,-61.0,d14a79df-ca26-408f-8dc8-4a73585d167a_c0c4b33c-06ef-41e4-9470-5664e8ed34ec,bbc33465-ce05-3a69-b38e-2d4564c817b6,2026-05-07,False,False,False,True,50909,2024-09-14 23:59:52,2026-03-31 21:36:00,562.0,True
d14a79df-ca26-408f-8dc8-4a73585d167a_c2ba4238-0691-4585-8c91-7916ccd0c5d6,nycmesh-lbe-4062,d14a79df-ca26-408f-8dc8-4a73585d167a,nycmesh-3461-southeast,c2ba4238-0691-4585-8c91-7916ccd0c5d6,nycmesh-lbe-4062,40.672531,-73.964197,,60.95,40.6725,-73.9642,,5.0,3.4563153488510543,5710.0,ap-ptmp-airmax-mixed,-60.0,-60.0,d14a79df-ca26-408f-8dc8-4a73585d167a_c2ba4238-0691-4585-8c91-7916ccd0c5d6,d900c428-c32f-34b5-b694-58fc6f5eb76a,2026-05-07,False,False,False,True,345258,2023-12-01 00:00:48,2023-11-30 23:59:44,-1.0,True
d14a79df-ca26-408f-8dc8-4a73585d167a_c5e98eb7-bd68-4b4a-a671-10fdcabbfa72,,d14a79df-ca26-408f-8dc8-4a73585d167a,nycmesh-3461-southeast,c5e98eb7-bd68-4b4a-a671-10fdcabbfa72,nycmesh-lbe-6283,40.672531,-73.964197,,60.95,40.6725,-73.9642,,5.0,3.4563153488510543,5710.0,ap-ptmp-airmax-mixed,-69.0,-72.0,d14a79df-ca26-408f-8dc8-4a73585d167a_c5e98eb7-bd68-4b4a-a671-10fdcabbfa72,6365f2f5-589d-3847-ae60-f6577e1732e1,2025-10-28,False,False,False,True,6752,2025-09-01 00:00:00,2025-10-31 23:00:00,60.0,True
d14a79df-ca26-408f-8dc8-4a73585d167a_fba07d74-36ca-417b-8a37-477cbb911e79,nycmesh-lbe-649,d14a79df-ca26-408f-8dc8-4a73585d167a,nycmesh-3461-southeast,fba07d74-36ca-417b-8a37-477cbb911e79,nycmesh-lbe-649,40.672531,-73.964197,,60.95,40.6602,-73.9401,,10.0,2456.0,5710.0,ap-ptmp-airmax-mixed,-71.0,-75.0,d14a79df-ca26-408f-8dc8-4a73585d167a_fba07d74-36ca-417b-8a37-477cbb911e79,58609622-3f87-350e-83d4-2f1667174078,2026-05-07,False,False,False,True,59174,2024-08-11 23:59:04,2026-04-30 23:54:00,626.0,True
d14a79df-ca26-408f-8dc8-4a73585d167a_fd5b9839-f7b8-48cf-92c6-6882b203a39b,nycmesh-3461-southeast,d14a79df-ca26-408f-8dc8-4a73585d167a,nycmesh-3461-southeast,fd5b9839-f7b8-48cf-92c6-6882b203a39b,nycmesh-lbe-5686,40.672531,-73.964197,,60.95,40.6725,-73.9642,,5.0,3.4563153488510543,5710.0,ap-ptmp-airmax-mixed,-62.0,-66.0,d14a79df-ca26-408f-8dc8-4a73585d167a_fd5b9839-f7b8-48cf-92c6-6882b203a39b,3702c48f-71cd-3a85-b832-234d7c06f3db,2026-05-07,False,False,False,True,341593,2023-12-01 00:00:16,2023-11-30 23:59:12,-1.0,True
d21f8692-db31-4714-bffa-aea4293073e7_407dc81f-a0f0-4c14-93ef-28ac9c763f4a,nycmesh-584-lap120-south,d21f8692-db31-4714-bffa-aea4293073e7,nycmesh-584-lap120-south,407dc81f-a0f0-4c14-93ef-28ac9c763f4a,nycmesh-lbe-904,40.793603,-73.965872,,10.0,40.790066,-73.967034,,5.0,5.0,5710.0,ap-ptmp-airmax-ac,-55.0,-55.0,d21f8692-db31-4714-bffa-aea4293073e7_407dc81f-a0f0-4c14-93ef-28ac9c763f4a,854078bd-34a2-3e7d-8c27-2169ea7a9dbe,2026-05-07,False,False,False,True,37557,2025-10-08 19:00:00,2026-04-30 23:54:00,204.0,True
d47de3f1-9977-44b3-b9d4-6f0a6e2a52ee_5e73b367-9ead-4349-9594-2e7bb0f08cdf,nycmesh-2463-gbep-507,d47de3f1-9977-44b3-b9d4-6f0a6e2a52ee,nycmesh-2463-gbep-507,5e73b367-9ead-4349-9594-2e7bb0f08cdf,nycmesh-507-gbep-2463,40.719898,-73.988024,11.0,8.0,40.719897625,-73.98805175,,5.0,2.0,64800.0,ap-ptp,-57.0,-57.0,d47de3f1-9977-44b3-b9d4-6f0a6e2a52ee_5e73b367-9ead-4349-9594-2e7bb0f08cdf,ba2ca956-fa6c-3d97-a928-fcfa61686e8e,2026-05-07,False,False,False,True,0,,,,False
d804641d-e8d2-426f-9f46-d759c54a69ac_26ff4fad-71ee-4d67-aaee-dcd3b8709b0b,,d804641d-e8d2-426f-9f46-d759c54a69ac,nycmesh-240-lbe-238,26ff4fad-71ee-4d67-aaee-dcd3b8709b0b,nycmesh-238-lbe-240,40.8156,-73.9502,35.0,5.0,40.8156,-73.9502,35.0,5.0,0.0,5560.0,sta-ptp,-46.0,-46.0,d804641d-e8d2-426f-9f46-d759c54a69ac_26ff4fad-71ee-4d67-aaee-dcd3b8709b0b,abe5829a-4c7c-3bd3-9d0e-ecec1e740cc0,2026-03-10,False,False,False,True,18554,2025-10-01 00:00:00,2026-04-30 23:54:00,211.0,True
d8980a37-749d-4be2-86ef-879e397fb51a_9a71280a-4740-474b-badb-840e931bd7ab,nycmesh-664-lbe-1340,d8980a37-749d-4be2-86ef-879e397fb51a,nycmesh-1340-lbe-664,9a71280a-4740-474b-badb-840e931bd7ab,nycmesh-664-lbe-1340,40.686016,-73.917493,,53.3,40.705837,-73.915284,,8.0,2207.0,5310.0,ap-ptp,-67.0,-66.0,d8980a37-749d-4be2-86ef-879e397fb51a_9a71280a-4740-474b-badb-840e931bd7ab,bfb5435e-5172-35bb-97b6-75e99062522c,2026-05-07,False,False,False,True,608395,2023-12-01 00:00:16,2023-11-30 23:59:28,-1.0,True
d9a19b73-bcb9-4512-a56f-4238ad4c4c6c_fa8b6920-01e5-4d27-ae8e-487a4d35cfe9,,d9a19b73-bcb9-4512-a56f-4238ad4c4c6c,nycmesh-1417-gbelr-3606,fa8b6920-01e5-4d27-ae8e-487a4d35cfe9,nycmesh-3606-gbelr-1417,40.713606,-73.935565,7.0,0.0,40.708571,-73.921886,8.0,0.0,1287.0,64800.0,ap-ptp,-57.0,-57.0,d9a19b73-bcb9-4512-a56f-4238ad4c4c6c_fa8b6920-01e5-4d27-ae8e-487a4d35cfe9,95d8ac0a-a890-383f-95c5-1bf78ed98672,2025-10-28,False,False,False,True,0,,,,False
dc4f1b69-7c03-44ac-923c-0dbaa87655df_3c96b24f-f092-4c9b-871e-ff0da4fc8df0,,dc4f1b69-7c03-44ac-923c-0dbaa87655df,nycmesh-1933-waveap-east,3c96b24f-f092-4c9b-871e-ff0da4fc8df0,nycmesh-1167-wavelr ,40.715592,-73.984405,,98.3,40.727485,-73.946144,4.0,24.6,3500.0,66960.0,ap-ptmp,-63.0,-65.0,dc4f1b69-7c03-44ac-923c-0dbaa87655df_3c96b24f-f092-4c9b-871e-ff0da4fc8df0,c35f99d9-2ea5-3868-8415-e78dff2654d4,2026-01-07,False,False,False,True,17915,2025-09-01 00:00:00,2026-01-27 19:54:00,148.0,True
dc4f1b69-7c03-44ac-923c-0dbaa87655df_61aa7934-6276-4792-bce6-ca1f9e071578,nycmesh-2090-wavelr,dc4f1b69-7c03-44ac-923c-0dbaa87655df,nycmesh-1933-waveap-east,61aa7934-6276-4792-bce6-ca1f9e071578,nycmesh-2090-wavelr,40.715616,-73.984413,,98.3,40.725573,-73.954067,,22.2,2793.0,66960.0,ap-ptmp,-63.0,-59.0,dc4f1b69-7c03-44ac-923c-0dbaa87655df_61aa7934-6276-4792-bce6-ca1f9e071578,3ed498b9-4a7f-37eb-bb39-ba21393b139d,2026-05-07,False,False,False,True,237114,2023-12-01 00:00:16,2023-11-30 23:59:12,-1.0,True
dc4f1b69-7c03-44ac-923c-0dbaa87655df_a7143b0f-0d65-48f4-8cd8-91bf56f48d29,nycmesh-255-af60lr,dc4f1b69-7c03-44ac-923c-0dbaa87655df,nycmesh-1933-waveap-east,a7143b0f-0d65-48f4-8cd8-91bf56f48d29,nycmesh-255-af60lr,40.715616,-73.984413,,98.3,40.717804,-73.943672,,34.3,3457.0,66960.0,ap-ptmp,-63.0,-63.0,dc4f1b69-7c03-44ac-923c-0dbaa87655df_a7143b0f-0d65-48f4-8cd8-91bf56f48d29,53f13d7f-4544-3b29-84a3-63cd8e5b78a2,2026-05-07,False,False,False,True,0,,,,False
dc4f1b69-7c03-44ac-923c-0dbaa87655df_da362b6a-b546-449c-a7ac-73845f413f79,nycmesh-1933-waveap-east,dc4f1b69-7c03-44ac-923c-0dbaa87655df,nycmesh-1933-waveap-east,da362b6a-b546-449c-a7ac-73845f413f79,nycmesh-1167-wavelr ,40.715616,-73.984413,,98.3,40.727498,-73.94616,,21.8,3495.0,66960.0,ap-ptmp,-63.0,-68.0,dc4f1b69-7c03-44ac-923c-0dbaa87655df_da362b6a-b546-449c-a7ac-73845f413f79,1e6f8be4-2425-48af-97e7-40a80868e55c,2026-05-07,False,False,False,True,109303,2023-12-01 00:00:56,2023-11-30 23:59:52,-1.0,True
df087499-a1e2-4cfa-b9bf-6f350329776b_5b552763-3997-497e-8cab-349a17f307a4,nycmesh-lbelr-632,df087499-a1e2-4cfa-b9bf-6f350329776b,nycmesh-lbelr-632,5b552763-3997-497e-8cab-349a17f307a4,nycmesh-5712-northeast,40.7346,-73.9505,6.0,37.0,40.736767,-73.954633,6.0,10.0,423.466894168036,5570.0,sta-ptmp,-57.0,-57.0,df087499-a1e2-4cfa-b9bf-6f350329776b_5b552763-3997-497e-8cab-349a17f307a4,0a13db59-991f-3405-b9c3-1efc4132b03e,2026-05-07,False,False,False,True,134537,2024-06-18 21:39:52,2026-04-30 23:54:00,681.0,True
df6256c2-21a6-470d-bd07-28f494d64666_3db55d03-77f2-4d71-8b5b-49d659a3cb0a,nycmesh-nsl-2274,df6256c2-21a6-470d-bd07-28f494d64666,nycmesh-nsl-2274,3db55d03-77f2-4d71-8b5b-49d659a3cb0a,nycmesh-731-south,40.725681,-73.983591,,8.0,40.724676,-73.98073,,8.0,265.7332178556929,5800.0,sta-ptmp,-59.0,-59.0,df6256c2-21a6-470d-bd07-28f494d64666_3db55d03-77f2-4d71-8b5b-49d659a3cb0a,c9f8ca08-dfca-3de8-b29d-6bc30a7190f1,2026-05-07,False,False,False,True,579384,2023-12-01 00:00:08,2023-11-30 23:59:12,-1.0,True
df637196-b300-4ef8-9542-10cefcf702f1_7b138769-c50f-412f-b660-c4b243412359,nycmesh-lbe-645,df637196-b300-4ef8-9542-10cefcf702f1,nycmesh-544-south,7b138769-c50f-412f-b660-c4b243412359,nycmesh-lbe-645,40.718504,-73.995954,14.0,100.32,40.71748,-73.99756,,5.0,1.0,5550.0,ap-ptmp-airmax-mixed,-59.0,-56.0,df637196-b300-4ef8-9542-10cefcf702f1_7b138769-c50f-412f-b660-c4b243412359,85f16d7e-e490-39d4-b99f-bc74102654c3,2026-05-07,False,False,False,True,43286,2025-04-28 18:00:00,2026-04-30 23:54:00,367.0,True
df637196-b300-4ef8-9542-10cefcf702f1_c8157833-03ef-4f92-aeec-56edb7f5a709,nycmesh-544-south,df637196-b300-4ef8-9542-10cefcf702f1,nycmesh-544-south,c8157833-03ef-4f92-aeec-56edb7f5a709,nycmesh-lbe-1327,40.718504,-73.995954,14.0,100.32,40.718,-73.998,14.0,5.0,1.0,5550.0,ap-ptmp-airmax-mixed,-59.0,-58.0,df637196-b300-4ef8-9542-10cefcf702f1_c8157833-03ef-4f92-aeec-56edb7f5a709,1ee05572-e97e-34e1-b090-030ba8abbb7e,2026-05-07,False,False,False,True,352422,2024-03-16 13:41:28,2026-04-30 23:54:00,775.0,True
e3b3e014-cf7d-49da-b8b3-5bf8eeea8016_8f851285-4a74-47e6-8971-fc59ba2d7085,nycmesh-231-af24-713,e3b3e014-cf7d-49da-b8b3-5bf8eeea8016,nycmesh-713-af24-231,8f851285-4a74-47e6-8971-fc59ba2d7085,nycmesh-231-af24-713,40.657631,-74.005173,,45.32,40.646,-74.013672,,10.0,1510.0,24200.0,ap-ptp,-58.0,-58.0,e3b3e014-cf7d-49da-b8b3-5bf8eeea8016_8f851285-4a74-47e6-8971-fc59ba2d7085,cb4ec7f1-44f6-387e-b58a-36b644a0af20,2026-05-07,False,False,False,True,653730,2023-12-01 00:00:16,2023-11-30 23:59:20,-1.0,True
e4b7cad6-938a-4cd1-bafa-d684d6a08471_3d8aa828-0fd2-49c4-bcc3-ac31fe45e2c4,nycmesh-7986-wavepico,e4b7cad6-938a-4cd1-bafa-d684d6a08471,nycmesh-3461-waveapmicro-north,3d8aa828-0fd2-49c4-bcc3-ac31fe45e2c4,nycmesh-7986-wavepico,40.672617,-73.963958,,110.6,40.672777,-73.952881,,5.0,934.350799587598,64800.0,ap-ptmp,-58.0,-65.0,e4b7cad6-938a-4cd1-bafa-d684d6a08471_3d8aa828-0fd2-49c4-bcc3-ac31fe45e2c4,655b5f44-a920-3e1d-b09d-ad5914337ff0,2026-05-07,False,False,False,True,11808,2025-12-28 00:00:00,2026-02-28 23:54:00,62.0,True
e4b7cad6-938a-4cd1-bafa-d684d6a08471_7cdf1497-f945-4fe3-833e-5af1884e24db,nycmesh-912-wavepico,e4b7cad6-938a-4cd1-bafa-d684d6a08471,nycmesh-3461-waveapmicro-north,7cdf1497-f945-4fe3-833e-5af1884e24db,nycmesh-912-wavepico,40.672617,-73.963958,,110.6,40.671312,-73.956677,,5.0,630.964414248221,64800.0,ap-ptmp,-58.0,-60.0,e4b7cad6-938a-4cd1-bafa-d684d6a08471_7cdf1497-f945-4fe3-833e-5af1884e24db,44bf57aa-75dd-4e4d-b6b3-56f1cf3273b8,2026-05-07,False,False,False,True,41353,2025-08-19 20:00:00,2026-04-30 23:54:00,254.0,True
e733efb4-d12c-47ea-84e6-9309dd66d12b_2f90af7d-04ff-4e2e-ba30-eea83d6d9ed3,nycmesh-lbe-7764,e733efb4-d12c-47ea-84e6-9309dd66d12b,nycmesh-2463-northwest,2f90af7d-04ff-4e2e-ba30-eea83d6d9ed3,nycmesh-lbe-7764,40.719898,-73.988024,11.0,8.0,40.719897625,-73.98805175,,5.0,2.0,5710.0,ap-ptmp-airmax-ac,-75.0,-77.0,e733efb4-d12c-47ea-84e6-9309dd66d12b_2f90af7d-04ff-4e2e-ba30-eea83d6d9ed3,b66b9aec-dd7b-3156-9d41-7ca69982c96d,2026-05-07,False,False,False,True,353325,2023-12-01 00:00:16,2023-11-30 23:59:20,-1.0,True
e733efb4-d12c-47ea-84e6-9309dd66d12b_321ec679-da0d-4a79-83d2-474604d90e98,nycmesh-lbe-2983,e733efb4-d12c-47ea-84e6-9309dd66d12b,nycmesh-2463-northwest,321ec679-da0d-4a79-83d2-474604d90e98,nycmesh-lbe-2983,40.719898,-73.988024,11.0,8.0,40.719897625,-73.98805175,,5.0,2.0,5710.0,ap-ptmp-airmax-ac,-55.0,-56.0,e733efb4-d12c-47ea-84e6-9309dd66d12b_321ec679-da0d-4a79-83d2-474604d90e98,fcd7dbae-b837-3d5b-a887-d6badeee19df,2026-05-07,False,False,False,True,341949,2023-12-01 00:00:16,2023-11-30 23:59:12,-1.0,True
e733efb4-d12c-47ea-84e6-9309dd66d12b_5f259724-8faf-41a0-bd77-8992292fafe6,nycmesh-lbe-4026,e733efb4-d12c-47ea-84e6-9309dd66d12b,nycmesh-2463-northwest,5f259724-8faf-41a0-bd77-8992292fafe6,nycmesh-lbe-4026,40.719898,-73.988024,11.0,8.0,40.719897625,-73.98805175,,5.0,2.0,5710.0,ap-ptmp-airmax-ac,-64.0,-68.0,e733efb4-d12c-47ea-84e6-9309dd66d12b_5f259724-8faf-41a0-bd77-8992292fafe6,dab6d41e-1ac1-3a3c-879a-2e377ac18a83,2026-05-07,False,False,False,True,352534,2023-12-01 00:00:56,2023-11-30 23:59:52,-1.0,True
e733efb4-d12c-47ea-84e6-9309dd66d12b_64a46dc6-4d8d-4116-b134-90498bd174e2,nycmesh-lbe-378,e733efb4-d12c-47ea-84e6-9309dd66d12b,nycmesh-2463-northwest,64a46dc6-4d8d-4116-b134-90498bd174e2,nycmesh-lbe-378,40.719898,-73.988024,11.0,8.0,40.719897625,-73.98805175,,5.0,2.0,5710.0,ap-ptmp-airmax-ac,-53.0,-54.0,e733efb4-d12c-47ea-84e6-9309dd66d12b_64a46dc6-4d8d-4116-b134-90498bd174e2,99ad2b46-dd62-3057-8f07-4aaa7ce716f2,2026-05-07,False,False,False,True,352897,2023-12-01 00:00:08,2023-11-30 23:59:04,-1.0,True
e733efb4-d12c-47ea-84e6-9309dd66d12b_6aab6178-71fa-451f-86e6-c219581e9437,nycmesh-2463-northwest,e733efb4-d12c-47ea-84e6-9309dd66d12b,nycmesh-2463-northwest,6aab6178-71fa-451f-86e6-c219581e9437,nycmesh-lbe-2814,40.719898,-73.988024,11.0,8.0,40.719897625,-73.98805175,,5.0,2.0,5710.0,ap-ptmp-airmax-ac,-56.0,-55.0,e733efb4-d12c-47ea-84e6-9309dd66d12b_6aab6178-71fa-451f-86e6-c219581e9437,0d6a613b-dd93-3532-b1ed-d3b4ec5631f4,2026-05-07,False,False,False,True,352685,2023-12-01 00:00:16,2023-11-30 23:59:20,-1.0,True
e733efb4-d12c-47ea-84e6-9309dd66d12b_7e40b75a-f36b-4792-98a7-fece510fcefd,nycmesh-lbe-7535,e733efb4-d12c-47ea-84e6-9309dd66d12b,nycmesh-2463-northwest,7e40b75a-f36b-4792-98a7-fece510fcefd,nycmesh-lbe-7535,40.719898,-73.988024,11.0,8.0,40.719898,-73.988024,,5.0,2.0,5710.0,ap-ptmp-airmax-ac,-60.0,-65.0,e733efb4-d12c-47ea-84e6-9309dd66d12b_7e40b75a-f36b-4792-98a7-fece510fcefd,205116c2-b8d6-3af3-aa8b-97f6a8de75cf,2026-05-07,False,False,False,True,351602,2023-12-01 00:00:16,2023-11-30 23:59:12,-1.0,True
e733efb4-d12c-47ea-84e6-9309dd66d12b_b2541ea5-c196-4282-94d3-1d30de0e1c9e,nycmesh-lbe-374,e733efb4-d12c-47ea-84e6-9309dd66d12b,nycmesh-2463-northwest,b2541ea5-c196-4282-94d3-1d30de0e1c9e,nycmesh-lbe-374,40.719898,-73.988024,11.0,8.0,40.719897625,-73.98805175,,5.0,2.0,5710.0,ap-ptmp-airmax-ac,-55.0,-55.0,e733efb4-d12c-47ea-84e6-9309dd66d12b_b2541ea5-c196-4282-94d3-1d30de0e1c9e,e337abad-1e79-3058-a970-a875e5ba1d23,2026-05-07,False,False,False,True,343593,2023-12-01 00:00:00,2023-11-30 23:58:56,-1.0,True
e733efb4-d12c-47ea-84e6-9309dd66d12b_b8f72db4-736c-4119-ab18-19682f29bbe2,nycmesh-lbe-294,e733efb4-d12c-47ea-84e6-9309dd66d12b,nycmesh-2463-northwest,b8f72db4-736c-4119-ab18-19682f29bbe2,nycmesh-lbe-294,40.719898,-73.988024,11.0,8.0,40.719897625,-73.98805175,,5.0,2.0,5710.0,ap-ptmp-airmax-ac,-68.0,-67.0,e733efb4-d12c-47ea-84e6-9309dd66d12b_b8f72db4-736c-4119-ab18-19682f29bbe2,28f49335-9aef-3bc3-86ff-ab273dbd9a17,2026-05-07,False,False,False,True,343275,2023-12-01 00:00:32,2023-11-30 23:59:36,-1.0,True
ebb4486f-da9d-4334-bac8-9fa1e09c0b47_23f11835-248a-4ef9-b85d-454f03ff66c7,nycmesh-265-gbelr-5916,ebb4486f-da9d-4334-bac8-9fa1e09c0b47,nycmesh-5916-gbelr-265,23f11835-248a-4ef9-b85d-454f03ff66c7,nycmesh-265-gbelr-5916,40.69628,-73.93976,,0.0,40.705214,-73.930748,,0.0,1250.6128679448957,60480.0,sta-ptp,-62.0,-63.0,ebb4486f-da9d-4334-bac8-9fa1e09c0b47_23f11835-248a-4ef9-b85d-454f03ff66c7,8670b474-f53c-3a84-ada9-8e92e73c75f3,2026-05-07,False,False,False,True,100022,2024-05-01 20:20:48,2024-07-13 23:59:28,73.0,True
ebc35b50-0ca9-4313-9868-243da1c3058e_c56adf3d-90c9-4ddc-9e36-15a614b8cd17,nycmesh-1340-wavelr-5014,ebc35b50-0ca9-4313-9868-243da1c3058e,nycmesh-1340-wavelr-5014,c56adf3d-90c9-4ddc-9e36-15a614b8cd17,nycmesh-5014-wavenano-1340,40.686248,-73.917453,,63.3,40.694,-73.905823,,47.6,1305.571678829233,68040.0,sta-ptp,-31.0,-31.0,ebc35b50-0ca9-4313-9868-243da1c3058e_c56adf3d-90c9-4ddc-9e36-15a614b8cd17,7b721fa1-3ebd-34d7-9c71-3683a272ff1d,2026-05-07,False,False,False,True,52581,2024-08-06 23:59:44,2026-02-18 23:06:00,560.0,True
ed2ba00d-f21e-4da1-96b5-890bb6510dab_17312114-86a0-4ea8-91a8-26ef696195bb,nycmesh-lbe-416,ed2ba00d-f21e-4da1-96b5-890bb6510dab,nycmesh-5916-northeast,17312114-86a0-4ea8-91a8-26ef696195bb,nycmesh-lbe-416,40.696038,-73.939764,,67.46,40.696038,-73.939764,23.0,5.0,1.0,5550.0,ap-ptmp-airmax-mixed,-63.0,-64.0,ed2ba00d-f21e-4da1-96b5-890bb6510dab_17312114-86a0-4ea8-91a8-26ef696195bb,5a2208da-39a7-3dcd-9b92-1284b98517f0,2026-05-07,False,False,False,True,353891,2023-12-01 00:00:00,2023-11-30 23:58:56,-1.0,True
ed2ba00d-f21e-4da1-96b5-890bb6510dab_20316172-deb7-4d23-b20d-e0b7db593c3a,nycmesh-lbe-538,ed2ba00d-f21e-4da1-96b5-890bb6510dab,nycmesh-5916-northeast,20316172-deb7-4d23-b20d-e0b7db593c3a,nycmesh-lbe-538,40.696038,-73.939764,,67.46,40.696,-73.9398,23.0,5.0,1.0,5550.0,ap-ptmp-airmax-mixed,-64.0,-66.0,ed2ba00d-f21e-4da1-96b5-890bb6510dab_20316172-deb7-4d23-b20d-e0b7db593c3a,bec4f48c-c39e-3b69-afcb-195db8afb3af,2026-05-07,False,False,False,True,229791,2024-02-15 18:00:32,2025-10-29 04:00:00,621.0,True
ed2ba00d-f21e-4da1-96b5-890bb6510dab_22c541eb-6420-4517-8e1d-62bb9c531afa,nycmesh-lbe-284,ed2ba00d-f21e-4da1-96b5-890bb6510dab,nycmesh-5916-northeast,22c541eb-6420-4517-8e1d-62bb9c531afa,nycmesh-lbe-284,40.696038,-73.939764,,67.46,40.696,-73.9398,23.0,5.0,1.0,5550.0,ap-ptmp-airmax-mixed,-72.0,-72.0,ed2ba00d-f21e-4da1-96b5-890bb6510dab_22c541eb-6420-4517-8e1d-62bb9c531afa,5f3b679f-8cef-379c-adbe-e23bbd1402ac,2026-05-07,False,False,False,True,35798,2025-10-20 15:00:00,2026-04-30 23:54:00,192.0,True
ed2ba00d-f21e-4da1-96b5-890bb6510dab_288684df-9bd1-445d-9f7d-02179f941e8f,nycmesh-lbe-627,ed2ba00d-f21e-4da1-96b5-890bb6510dab,nycmesh-5916-northeast,288684df-9bd1-445d-9f7d-02179f941e8f,nycmesh-lbe-627,40.696038,-73.939764,,67.46,40.696,-73.9398,23.0,5.0,1.0,5550.0,ap-ptmp-airmax-mixed,-56.0,-54.0,ed2ba00d-f21e-4da1-96b5-890bb6510dab_288684df-9bd1-445d-9f7d-02179f941e8f,e45ce634-3a65-3310-91e0-7e27f8396237,2026-05-07,False,False,False,True,353243,2023-12-01 00:00:48,2023-11-30 23:59:52,-1.0,True
ed2ba00d-f21e-4da1-96b5-890bb6510dab_2d099bbc-4f18-4748-8d82-9fb9eccd2bcf,nycmesh-lbe-573,ed2ba00d-f21e-4da1-96b5-890bb6510dab,nycmesh-5916-northeast,2d099bbc-4f18-4748-8d82-9fb9eccd2bcf,nycmesh-lbe-573,40.696038,-73.939764,,67.46,40.696,-73.9398,23.0,5.0,1.0,5550.0,ap-ptmp-airmax-mixed,-64.0,-64.0,ed2ba00d-f21e-4da1-96b5-890bb6510dab_2d099bbc-4f18-4748-8d82-9fb9eccd2bcf,e20028a5-f8a6-3ee6-9e3b-5c2e5587d933,2026-05-07,False,False,False,True,315011,2024-01-12 18:18:32,2026-04-30 23:54:00,839.0,True
ed2ba00d-f21e-4da1-96b5-890bb6510dab_3c9de799-7024-4d61-9bc2-f7e126eed62e,nycmesh-lbe-859,ed2ba00d-f21e-4da1-96b5-890bb6510dab,nycmesh-5916-northeast,3c9de799-7024-4d61-9bc2-f7e126eed62e,nycmesh-lbe-859,40.696038,-73.939764,,67.46,40.696,-73.9398,23.0,5.0,1.0,5550.0,ap-ptmp-airmax-mixed,-72.0,-71.0,ed2ba00d-f21e-4da1-96b5-890bb6510dab_3c9de799-7024-4d61-9bc2-f7e126eed62e,7d62567e-98e7-3aff-a742-5b3aa471af8b,2026-05-07,False,False,False,True,45210,2025-07-25 09:00:00,2026-04-30 23:54:00,279.0,True
ed2ba00d-f21e-4da1-96b5-890bb6510dab_4dea985a-aace-4bae-a0f3-c6284acb6064,nycmesh-lbe-159,ed2ba00d-f21e-4da1-96b5-890bb6510dab,nycmesh-5916-northeast,4dea985a-aace-4bae-a0f3-c6284acb6064,nycmesh-lbe-159,40.696038,-73.939764,,67.46,40.696038,-73.939764,23.0,5.0,1.0,5550.0,ap-ptmp-airmax-mixed,-65.0,-65.0,ed2ba00d-f21e-4da1-96b5-890bb6510dab_4dea985a-aace-4bae-a0f3-c6284acb6064,3c1bff71-fb1a-358a-9a25-dc58823cf62a,2026-05-07,False,False,False,True,353249,2023-12-01 00:00:56,2023-11-30 23:59:52,-1.0,True
ed2ba00d-f21e-4da1-96b5-890bb6510dab_5ff29584-48b2-43ba-87f9-7b2d6a742dff,nycmesh-lbe-894,ed2ba00d-f21e-4da1-96b5-890bb6510dab,nycmesh-5916-northeast,5ff29584-48b2-43ba-87f9-7b2d6a742dff,nycmesh-lbe-894,40.696038,-73.939764,,67.46,40.696,-73.9398,23.0,5.0,1.0,5550.0,ap-ptmp-airmax-mixed,-59.0,-60.0,ed2ba00d-f21e-4da1-96b5-890bb6510dab_5ff29584-48b2-43ba-87f9-7b2d6a742dff,c74936a8-1545-333f-a1b4-645cbce666e2,2026-05-07,False,False,False,True,40613,2025-09-19 19:00:00,2026-04-30 23:54:00,223.0,True
ed2ba00d-f21e-4da1-96b5-890bb6510dab_6f2c0e86-7123-4864-a83c-9b5251de383e,nycmesh-lbe-787,ed2ba00d-f21e-4da1-96b5-890bb6510dab,nycmesh-5916-northeast,6f2c0e86-7123-4864-a83c-9b5251de383e,nycmesh-lbe-787,40.696038,-73.939764,,67.46,40.696,-73.9398,23.0,5.0,1.0,5550.0,ap-ptmp-airmax-mixed,-74.0,-76.0,ed2ba00d-f21e-4da1-96b5-890bb6510dab_6f2c0e86-7123-4864-a83c-9b5251de383e,530ca18a-9aa0-3d4b-bdef-bc36781e0283,2026-05-07,False,False,False,True,41902,2025-04-11 00:00:00,2026-04-30 11:00:00,384.0,True
ed2ba00d-f21e-4da1-96b5-890bb6510dab_6fb064c7-9bef-4089-bf64-6805ed1bae25,,ed2ba00d-f21e-4da1-96b5-890bb6510dab,nycmesh-5916-northeast,6fb064c7-9bef-4089-bf64-6805ed1bae25,nycmesh-lbe-3606,40.696038,-73.939764,,67.46,40.708499,-73.921952,8.0,30.0,2043.0,5550.0,ap-ptmp-airmax-mixed,-74.0,-77.0,ed2ba00d-f21e-4da1-96b5-890bb6510dab_6fb064c7-9bef-4089-bf64-6805ed1bae25,1db79fa8-c010-3340-b4a1-4c226d1f0cb5,2025-09-30,False,False,False,True,5,2025-09-03 11:00:00,2025-09-03 15:00:00,0.0,True
ed2ba00d-f21e-4da1-96b5-890bb6510dab_89c420d1-9c3f-42d4-b39d-2694c250d5b3,nycmesh-lbe-869,ed2ba00d-f21e-4da1-96b5-890bb6510dab,nycmesh-5916-northeast,89c420d1-9c3f-42d4-b39d-2694c250d5b3,nycmesh-lbe-869,40.696038,-73.939764,,67.46,40.696,-73.9398,23.0,5.0,1.0,5550.0,ap-ptmp-airmax-mixed,-57.0,-58.0,ed2ba00d-f21e-4da1-96b5-890bb6510dab_89c420d1-9c3f-42d4-b39d-2694c250d5b3,857958e2-f5bd-3ec2-9ec6-64fdd21bc941,2026-05-07,False,False,False,True,42749,2025-08-08 14:48:00,2026-04-30 23:54:00,265.0,True
ed2ba00d-f21e-4da1-96b5-890bb6510dab_8eb38560-4949-4079-8f3f-256e91fe17ad,nycmesh-lbe-2482,ed2ba00d-f21e-4da1-96b5-890bb6510dab,nycmesh-5916-northeast,8eb38560-4949-4079-8f3f-256e91fe17ad,nycmesh-lbe-2482,40.696038,-73.939764,,67.46,40.699705,-73.924278,23.0,10.0,1367.0,5550.0,ap-ptmp-airmax-mixed,-61.0,-64.0,ed2ba00d-f21e-4da1-96b5-890bb6510dab_8eb38560-4949-4079-8f3f-256e91fe17ad,e63fd768-2ad7-3418-98c8-33697b564dcb,2026-05-07,False,False,False,True,319883,2023-12-01 00:00:32,2023-11-30 23:59:36,-1.0,True
ed2ba00d-f21e-4da1-96b5-890bb6510dab_991627d4-18d3-4dfc-8932-c04ef175528a,nycmesh-lbe-167,ed2ba00d-f21e-4da1-96b5-890bb6510dab,nycmesh-5916-northeast,991627d4-18d3-4dfc-8932-c04ef175528a,nycmesh-lbe-167,40.696038,-73.939764,,67.46,40.696,-73.9398,23.0,5.0,1.0,5550.0,ap-ptmp-airmax-mixed,-62.0,-62.0,ed2ba00d-f21e-4da1-96b5-890bb6510dab_991627d4-18d3-4dfc-8932-c04ef175528a,820f2c95-36eb-3bb0-8c97-c472d0b9a07c,2026-05-07,False,False,False,True,349464,2023-12-01 00:00:32,2023-11-30 23:59:28,-1.0,True
ed2ba00d-f21e-4da1-96b5-890bb6510dab_9a29cd98-823b-47e2-bbba-6e7f1182aa56,nycmesh-lbe-254,ed2ba00d-f21e-4da1-96b5-890bb6510dab,nycmesh-5916-northeast,9a29cd98-823b-47e2-bbba-6e7f1182aa56,nycmesh-lbe-254,40.696038,-73.939764,,67.46,40.696,-73.9398,23.0,5.0,1.0,5550.0,ap-ptmp-airmax-mixed,-60.0,-75.0,ed2ba00d-f21e-4da1-96b5-890bb6510dab_9a29cd98-823b-47e2-bbba-6e7f1182aa56,db3c9c2f-f1df-337e-bf40-ecbafc4718c6,2026-05-07,False,False,False,True,316804,2023-12-01 00:00:48,2023-11-30 23:59:52,-1.0,True
ed2ba00d-f21e-4da1-96b5-890bb6510dab_a439f31c-3d73-486b-9acd-d8f73e012c24,nycmesh-lbe-523,ed2ba00d-f21e-4da1-96b5-890bb6510dab,nycmesh-5916-northeast,a439f31c-3d73-486b-9acd-d8f73e012c24,nycmesh-lbe-523,40.696038,-73.939764,,67.46,40.696,-73.9398,23.0,5.0,1.0,5550.0,ap-ptmp-airmax-mixed,-66.0,-68.0,ed2ba00d-f21e-4da1-96b5-890bb6510dab_a439f31c-3d73-486b-9acd-d8f73e012c24,d0314eac-a0ce-344a-8e4a-aaac1771e250,2026-05-07,False,False,False,True,344792,2023-12-01 00:00:00,2023-11-30 23:58:56,-1.0,True
ed2ba00d-f21e-4da1-96b5-890bb6510dab_a9b0d19d-322b-4db2-bb5f-2c17b9b27a25,nycmesh-lbe-808,ed2ba00d-f21e-4da1-96b5-890bb6510dab,nycmesh-5916-northeast,a9b0d19d-322b-4db2-bb5f-2c17b9b27a25,nycmesh-lbe-808,40.696038,-73.939764,,67.46,40.696,-73.9398,23.0,5.0,1.0,5550.0,ap-ptmp-airmax-mixed,-56.0,-57.0,ed2ba00d-f21e-4da1-96b5-890bb6510dab_a9b0d19d-322b-4db2-bb5f-2c17b9b27a25,f9197cd4-e6c2-3a1c-b30a-8a8b15c8fa74,2026-05-07,False,False,False,True,46280,2025-05-31 17:00:00,2026-04-30 23:54:00,334.0,True
ed2ba00d-f21e-4da1-96b5-890bb6510dab_af00a440-7585-4eff-b98e-6fb3529f7e94,nycmesh-lbe-635,ed2ba00d-f21e-4da1-96b5-890bb6510dab,nycmesh-5916-northeast,af00a440-7585-4eff-b98e-6fb3529f7e94,nycmesh-lbe-635,40.696038,-73.939764,,67.46,40.696,-73.9398,23.0,5.0,1.0,5550.0,ap-ptmp-airmax-mixed,-74.0,-75.0,ed2ba00d-f21e-4da1-96b5-890bb6510dab_af00a440-7585-4eff-b98e-6fb3529f7e94,b4e45916-33d5-3682-abe0-231126038d81,2026-05-07,False,False,False,True,86143,2024-06-24 17:51:44,2026-04-30 23:54:00,675.0,True
ed2ba00d-f21e-4da1-96b5-890bb6510dab_b64f6129-0765-49a5-a819-686660264532,nycmesh-lbe-385,ed2ba00d-f21e-4da1-96b5-890bb6510dab,nycmesh-5916-northeast,b64f6129-0765-49a5-a819-686660264532,nycmesh-lbe-385,40.696038,-73.939764,,67.46,40.696038,-73.939764,23.0,5.0,1.0,5550.0,ap-ptmp-airmax-mixed,-65.0,-68.0,ed2ba00d-f21e-4da1-96b5-890bb6510dab_b64f6129-0765-49a5-a819-686660264532,7fbe0644-1116-3ccb-9434-87f5901e26df,2026-05-07,False,False,False,True,342501,2023-12-01 00:42:16,2023-11-30 23:57:20,-1.0,True
ed2ba00d-f21e-4da1-96b5-890bb6510dab_e1926471-b625-41a1-b72d-734e7f64203e,nycmesh-lbe-2647,ed2ba00d-f21e-4da1-96b5-890bb6510dab,nycmesh-5916-northeast,e1926471-b625-41a1-b72d-734e7f64203e,nycmesh-lbe-2647,40.696038,-73.939764,,67.46,40.696,-73.9398,23.0,5.0,1.0,5550.0,ap-ptmp-airmax-mixed,-67.0,-68.0,ed2ba00d-f21e-4da1-96b5-890bb6510dab_e1926471-b625-41a1-b72d-734e7f64203e,6e99f03d-254d-3b94-bb03-449687e913a0,2026-05-07,False,False,False,True,322237,2023-12-01 00:00:08,2023-11-30 23:59:12,-1.0,True
ed2ba00d-f21e-4da1-96b5-890bb6510dab_f32c4b95-6381-4b8a-b0b2-d041edf9730e,nycmesh-5916-northeast,ed2ba00d-f21e-4da1-96b5-890bb6510dab,nycmesh-5916-northeast,f32c4b95-6381-4b8a-b0b2-d041edf9730e,nycmesh-lbe-520,40.696038,-73.939764,,67.46,40.696038,-73.939764,10.0,5.0,1.0,5550.0,ap-ptmp-airmax-mixed,-71.0,-71.0,ed2ba00d-f21e-4da1-96b5-890bb6510dab_f32c4b95-6381-4b8a-b0b2-d041edf9730e,2070b56e-871c-3836-bec2-dd81c2a63691,2026-05-07,False,False,False,True,341871,2023-12-01 00:00:24,2023-11-30 23:59:20,-1.0,True
ed2ba00d-f21e-4da1-96b5-890bb6510dab_fe72fdaa-ca7b-4ee8-939c-72e355b01ab1,nycmesh-lbe-7476,ed2ba00d-f21e-4da1-96b5-890bb6510dab,nycmesh-5916-northeast,fe72fdaa-ca7b-4ee8-939c-72e355b01ab1,nycmesh-lbe-7476,40.696038,-73.939764,,67.46,40.696,-73.9398,23.0,5.0,1.0,5550.0,ap-ptmp-airmax-mixed,-72.0,-73.0,ed2ba00d-f21e-4da1-96b5-890bb6510dab_fe72fdaa-ca7b-4ee8-939c-72e355b01ab1,b5e3a3ac-8a71-31ac-9634-d8232edacaa7,2026-05-07,False,False,False,True,120291,2024-05-30 14:02:08,2026-04-30 23:54:00,700.0,True
eff58e65-398b-4811-b67f-60a51e9eb4a7_0334cc08-6568-4a50-bf41-603d13923ac8,nycmesh-lbe-2716,eff58e65-398b-4811-b67f-60a51e9eb4a7,nycmesh-155-north,0334cc08-6568-4a50-bf41-603d13923ac8,nycmesh-lbe-2716,40.679873,-73.942457,18.0,10.0,40.679873,-73.942457,18.0,5.0,1.0,5500.0,ap-ptmp,-54.0,-48.0,eff58e65-398b-4811-b67f-60a51e9eb4a7_0334cc08-6568-4a50-bf41-603d13923ac8,52114b56-5c6d-331f-a36a-a20fbc4bf2d8,2026-05-07,False,False,False,True,171327,2023-12-01 00:00:00,2023-11-30 23:58:56,-1.0,True
eff58e65-398b-4811-b67f-60a51e9eb4a7_c3792c7e-eabc-48e0-abb3-7bce120fc42f,nycmesh-lbe-220,eff58e65-398b-4811-b67f-60a51e9eb4a7,nycmesh-155-north,c3792c7e-eabc-48e0-abb3-7bce120fc42f,nycmesh-lbe-220,40.679873,-73.942457,18.0,10.0,40.6799,-73.9425,18.0,5.0,1.0,5500.0,ap-ptmp,-54.0,-58.0,eff58e65-398b-4811-b67f-60a51e9eb4a7_c3792c7e-eabc-48e0-abb3-7bce120fc42f,c357c406-d223-32af-8306-e5b9d5869300,2026-05-07,False,False,False,True,166700,2023-12-01 00:00:40,2023-11-30 23:59:44,-1.0,True
eff58e65-398b-4811-b67f-60a51e9eb4a7_cb5accf0-e7e0-4d55-8dd0-7ed3cf3779e5,nycmesh-lbe-193,eff58e65-398b-4811-b67f-60a51e9eb4a7,nycmesh-155-north,cb5accf0-e7e0-4d55-8dd0-7ed3cf3779e5,nycmesh-lbe-193,40.679873,-73.942457,18.0,10.0,40.696,-73.9398,18.0,5.0,1.0,5500.0,ap-ptmp,-54.0,-58.0,eff58e65-398b-4811-b67f-60a51e9eb4a7_cb5accf0-e7e0-4d55-8dd0-7ed3cf3779e5,f0c1139b-cf55-3167-8ad5-b1f588906c52,2026-05-07,False,False,False,True,340797,2023-12-01 00:00:16,2023-11-30 23:59:12,-1.0,True
f1cf0f75-ed73-47da-9dbc-c7b98a98f801_97cbe57f-7d76-4f6b-846c-2bb7113bdb07,nycmesh-5151-ltu-3461,f1cf0f75-ed73-47da-9dbc-c7b98a98f801,nycmesh-3461-ltulr-5151,97cbe57f-7d76-4f6b-846c-2bb7113bdb07,nycmesh-5151-ltu-3461,40.672531,-73.964197,,60.95,40.67543,-73.98058,,22.0,1418.7439907677456,5800.0,sta-ptp,-42.0,-42.0,f1cf0f75-ed73-47da-9dbc-c7b98a98f801_97cbe57f-7d76-4f6b-846c-2bb7113bdb07,b57ab821-3cd9-34c7-9023-5bc481aed564,2026-05-07,False,False,False,True,174528,2024-04-27 16:57:52,2026-04-30 23:54:00,733.0,True
f63b59b2-108b-4ea4-986c-e99cee692d7e_0c2e41b9-9aa1-47c5-af1e-2c9462063ec7,nycmesh-231-east,f63b59b2-108b-4ea4-986c-e99cee692d7e,nycmesh-231-east,0c2e41b9-9aa1-47c5-af1e-2c9462063ec7,nycmesh-lbe-557,40.645933,-74.013631,,10.0,40.6458,-74.0134,,5.0,24.465163153067557,5540.0,ap-ptmp-airmax-mixed,0.0,-49.0,f63b59b2-108b-4ea4-986c-e99cee692d7e_0c2e41b9-9aa1-47c5-af1e-2c9462063ec7,6c4286ff-2dfa-3e6f-adcb-f475e49d2e63,2026-05-07,False,False,False,True,360299,2023-12-01 00:00:08,2023-11-30 23:59:12,-1.0,True
f63b59b2-108b-4ea4-986c-e99cee692d7e_40496dc3-bdc1-459c-ae32-780b40e2f472,nycmesh-lbe-594,f63b59b2-108b-4ea4-986c-e99cee692d7e,nycmesh-231-east,40496dc3-bdc1-459c-ae32-780b40e2f472,nycmesh-lbe-594,40.645933,-74.013631,,10.0,40.6577,-74.0051,5.0,5.0,1493.29949146357,5540.0,ap-ptmp-airmax-mixed,0.0,-48.0,f63b59b2-108b-4ea4-986c-e99cee692d7e_40496dc3-bdc1-459c-ae32-780b40e2f472,f7542462-fb5d-33cd-8a8e-47158cc10e02,2026-05-07,False,False,False,True,212308,2024-03-30 01:09:28,2026-04-30 23:54:00,761.0,True
f63b59b2-108b-4ea4-986c-e99cee692d7e_9e4c673a-4e66-46de-82f6-1153c323b14f,nycmesh-lbe-562,f63b59b2-108b-4ea4-986c-e99cee692d7e,nycmesh-231-east,9e4c673a-4e66-46de-82f6-1153c323b14f,nycmesh-lbe-562,40.645933,-74.013631,,10.0,40.6458,-74.0134,,5.0,24.465163153067557,5540.0,ap-ptmp-airmax-mixed,0.0,-47.0,f63b59b2-108b-4ea4-986c-e99cee692d7e_9e4c673a-4e66-46de-82f6-1153c323b14f,f2a1de72-c751-310c-95b4-2ae3747d8bb7,2026-05-07,False,False,False,True,245751,2023-12-01 19:04:00,2024-06-30 16:47:28,211.0,True
f69bef22-4327-47d2-b232-8253e04845d3_381c4127-ffc5-4345-8753-092e773285c8,nycmesh-231-af60hd-333,f69bef22-4327-47d2-b232-8253e04845d3,nycmesh-231-af60hd-333,381c4127-ffc5-4345-8753-092e773285c8,nycmesh-333-af60hd-231,40.645835,-74.013376,,10.0,40.647293,-74.013702,,45.0,174.0,,ap-ptp,-53.0,-56.0,f69bef22-4327-47d2-b232-8253e04845d3_381c4127-ffc5-4345-8753-092e773285c8,a56dbc5b-afb9-49e7-a0f3-effc8a7177ac,2026-05-07,False,False,False,True,0,,,,False
fa8b6920-01e5-4d27-ae8e-487a4d35cfe9_d9a19b73-bcb9-4512-a56f-4238ad4c4c6c,nycmesh-3606-gbelr-1417,fa8b6920-01e5-4d27-ae8e-487a4d35cfe9,nycmesh-3606-gbelr-1417,d9a19b73-bcb9-4512-a56f-4238ad4c4c6c,nycmesh-1417-gbelr-3606,40.708571,-73.921886,8.0,0.0,40.713606,-73.935565,7.0,0.0,1281.7022730013011,64800.0,sta-ptp,-58.0,-58.0,fa8b6920-01e5-4d27-ae8e-487a4d35cfe9_d9a19b73-bcb9-4512-a56f-4238ad4c4c6c,95d8ac0a-a890-383f-95c5-1bf78ed98672,2026-05-07,False,False,False,True,172256,2024-01-31 08:47:28,2023-10-31 03:21:20,-93.0,True
fdaa1e27-1f19-4b18-9aa5-8e0ab1942abe_772e92dd-0a27-4268-b9c7-93f905bccdb5,nycmesh-5151-west,fdaa1e27-1f19-4b18-9aa5-8e0ab1942abe,nycmesh-5151-west,772e92dd-0a27-4268-b9c7-93f905bccdb5,nycmesh-lbe-6565,40.67543,-73.98058,,8.55,40.67811,-73.98625,13.0,5.0,2.0,5550.0,ap-ptmp-airmax-mixed,-66.0,-68.0,fdaa1e27-1f19-4b18-9aa5-8e0ab1942abe_772e92dd-0a27-4268-b9c7-93f905bccdb5,9900e2a3-85cf-3715-9d88-5835baabcbfe,2026-05-07,False,False,False,True,351187,2023-12-01 00:00:56,2023-11-30 23:59:52,-1.0,True
ffc9508b-83dd-4113-bd55-c6936f0f0d6d_18ccc045-006f-4096-9220-883f12ed072e,nycmesh-lbe-752,ffc9508b-83dd-4113-bd55-c6936f0f0d6d,nycmesh-1932-west-s6,18ccc045-006f-4096-9220-883f12ed072e,nycmesh-lbe-752,40.716098,-73.985997,14.0,100.32,40.716,-73.9861,14.0,5.0,8.0,5560.0,ap-ptmp-airmax-mixed,-57.0,-54.0,ffc9508b-83dd-4113-bd55-c6936f0f0d6d_18ccc045-006f-4096-9220-883f12ed072e,3cb522fd-d5a6-3c1b-8e7f-443d6768981c,2026-05-07,False,False,False,True,10044,2025-02-04 00:00:00,2025-09-03 09:00:00,211.0,True
ffc9508b-83dd-4113-bd55-c6936f0f0d6d_211d2df5-c305-43ac-a08b-0b65bd3d0106,nycmesh-lbe-678,ffc9508b-83dd-4113-bd55-c6936f0f0d6d,nycmesh-1932-west-s6,211d2df5-c305-43ac-a08b-0b65bd3d0106,nycmesh-lbe-678,40.716098,-73.985997,14.0,100.32,40.716098,-73.985997,14.0,5.0,8.0,5560.0,ap-ptmp-airmax-mixed,-55.0,-50.0,ffc9508b-83dd-4113-bd55-c6936f0f0d6d_211d2df5-c305-43ac-a08b-0b65bd3d0106,8a63a0bd-ae74-3990-acad-6999a7e3ef3c,2026-05-07,False,False,False,True,54673,2024-10-06 23:59:44,2026-04-30 23:54:00,570.0,True
ffc9508b-83dd-4113-bd55-c6936f0f0d6d_25437a34-3b55-4146-bb42-872056996335,nycmesh-lbe-252,ffc9508b-83dd-4113-bd55-c6936f0f0d6d,nycmesh-1932-west-s6,25437a34-3b55-4146-bb42-872056996335,nycmesh-lbe-252,40.716098,-73.985997,14.0,100.32,40.7184,-73.9922,14.0,5.0,8.0,5560.0,ap-ptmp-airmax-mixed,-62.0,-60.0,ffc9508b-83dd-4113-bd55-c6936f0f0d6d_25437a34-3b55-4146-bb42-872056996335,915919c4-ca9f-3c83-a8e4-cae52ab0b9a3,2026-05-07,False,True,False,True,353540,2023-12-01 00:00:16,2023-11-30 23:59:12,-1.0,True
ffc9508b-83dd-4113-bd55-c6936f0f0d6d_728c5f0c-223f-41b5-a3a1-a6381df7a06e,nycmesh-1932-west-s6,ffc9508b-83dd-4113-bd55-c6936f0f0d6d,nycmesh-1932-west-s6,728c5f0c-223f-41b5-a3a1-a6381df7a06e,nycmesh-lbe-637,40.716098,-73.985997,14.0,100.32,40.7174,-73.99498,14.0,5.0,8.0,5560.0,ap-ptmp-airmax-mixed,-59.0,-57.0,ffc9508b-83dd-4113-bd55-c6936f0f0d6d_728c5f0c-223f-41b5-a3a1-a6381df7a06e,394bffc5-a28f-33aa-8567-e6eec5da386e,2026-05-07,False,False,False,True,79596,2024-06-29 23:30:16,2026-04-30 23:54:00,670.0,True
ffc9508b-83dd-4113-bd55-c6936f0f0d6d_73c1f485-8f0e-4cae-8cda-8c19b9bc8d70,nycmesh-lbe-544,ffc9508b-83dd-4113-bd55-c6936f0f0d6d,nycmesh-1932-west-s6,73c1f485-8f0e-4cae-8cda-8c19b9bc8d70,nycmesh-lbe-544,40.716098,-73.985997,14.0,100.32,40.718504,-73.995954,,25.0,881.0,5560.0,ap-ptmp-airmax-mixed,-59.0,-58.0,ffc9508b-83dd-4113-bd55-c6936f0f0d6d_73c1f485-8f0e-4cae-8cda-8c19b9bc8d70,cabc92c1-b41b-3337-8894-b7cf8d8552fb,2026-05-07,False,False,False,True,347145,2023-12-01 00:00:40,2023-11-30 23:59:36,-1.0,True
