precip_rate,precip_amount,time_local,datetime,timestamp_unix,station_id,latitude,longitude,timezone,temperature,temperature_high,temperature_low,dewpoint,dewpoint_high,dewpoint_low,heat_index,heat_index_high,heat_index_low,wind_chill,wind_chill_high,wind_chill_low,humidity,humidity_high,humidity_low,wind_speed,wind_speed_high,wind_speed_low,wind_gust,wind_gust_high,wind_gust_low,wind_direction,pressure,pressure_min,pressure_trend,solar_radiation_high,uv_index_high,qc_status
0.0,0.0,2024-01-01 00:58:23,2024-01-01 05:58:23+00:00,1704088703,KNYNEWYO1805,40.638,-74.035,America/New_York,5.0,6.0,5.0,-1.0,0.0,-1.0,5.0,6.0,5.0,5.0,6.0,5.0,65.0,66.0,65.0,0.5555555555555556,1.1111111111111112,0.2777777777777778,1.3888888888888888,1.6666666666666665,0.8333333333333333,95.0,1016.26,1016.26,0.0,0.0,0.0,1
0.0,0.0,2024-01-01 01:58:22,2024-01-01 06:58:22+00:00,1704092302,KNYNEWYO1805,40.638,-74.035,America/New_York,5.0,6.0,5.0,-1.0,0.0,-1.0,5.0,6.0,5.0,5.0,6.0,5.0,65.0,66.0,65.0,0.5555555555555556,0.8333333333333333,0.2777777777777778,1.1111111111111112,1.6666666666666665,0.8333333333333333,104.0,1015.92,1015.92,0.0,0.0,0.0,1
0.0,0.0,2024-01-01 02:58:21,2024-01-01 07:58:21+00:00,1704095901,KNYNEWYO1805,40.638,-74.035,America/New_York,5.0,6.0,5.0,0.0,0.0,-1.0,5.0,6.0,5.0,5.0,6.0,5.0,65.0,67.0,65.0,0.5555555555555556,0.8333333333333333,0.2777777777777778,0.8333333333333333,1.3888888888888888,0.8333333333333333,124.0,1015.92,1015.92,0.0,0.0,0.0,1
0.0,0.0,2024-01-01 03:59:21,2024-01-01 08:59:21+00:00,1704099561,KNYNEWYO1805,40.638,-74.035,America/New_York,5.0,5.0,5.0,0.0,0.0,0.0,5.0,5.0,5.0,5.0,5.0,5.0,67.0,68.0,66.0,0.2777777777777778,0.5555555555555556,0.0,0.5555555555555556,1.1111111111111112,0.0,109.0,1015.58,1015.24,0.0,0.0,0.0,1
0.0,0.0,2024-01-01 04:59:18,2024-01-01 09:59:18+00:00,1704103158,KNYNEWYO1805,40.638,-74.035,America/New_York,5.0,5.0,5.0,0.0,0.0,-1.0,5.0,5.0,5.0,5.0,5.0,5.0,67.0,68.0,67.0,0.0,0.2777777777777778,0.0,0.2777777777777778,0.8333333333333333,0.0,115.0,1015.58,1015.24,0.0,0.0,0.0,1
0.03,0.18,2024-01-01 05:59:18,2024-01-01 10:59:18+00:00,1704106758,KNYNEWYO1805,40.638,-74.035,America/New_York,5.0,5.0,5.0,0.0,1.0,0.0,5.0,5.0,5.0,5.0,5.0,5.0,70.0,72.0,68.0,0.0,0.0,0.0,0.2777777777777778,0.8333333333333333,0.0,107.0,1015.92,1015.24,0.74,0.0,0.0,1
0.03,0.10000000000000003,2024-01-01 06:59:17,2024-01-01 11:59:17+00:00,1704110357,KNYNEWYO1805,40.638,-74.035,America/New_York,5.0,5.0,4.0,1.0,1.0,0.0,5.0,5.0,4.0,5.0,5.0,4.0,74.0,79.0,72.0,0.2777777777777778,0.8333333333333333,0.0,0.8333333333333333,1.6666666666666665,0.0,135.0,1016.26,1015.92,0.37,0.0,0.0,1
0.0,0.04999999999999999,2024-01-01 07:59:16,2024-01-01 12:59:16+00:00,1704113956,KNYNEWYO1805,40.638,-74.035,America/New_York,4.0,4.0,4.0,1.0,2.0,1.0,4.0,4.0,4.0,4.0,4.0,4.0,81.0,83.0,80.0,0.2777777777777778,0.2777777777777778,0.0,0.8333333333333333,1.3888888888888888,0.0,92.0,1016.59,1016.26,0.37,16.0,0.1,1
0.05,0.04999999999999999,2024-01-01 08:59:14,2024-01-01 13:59:14+00:00,1704117554,KNYNEWYO1805,40.638,-74.035,America/New_York,4.0,4.0,4.0,2.0,2.0,1.0,4.0,4.0,4.0,4.0,4.0,4.0,82.0,83.0,81.0,0.2777777777777778,0.5555555555555556,0.0,0.5555555555555556,1.1111111111111112,0.0,76.0,1017.27,1016.59,0.74,72.0,0.2,1
0.0,0.0,2024-01-01 09:59:14,2024-01-01 14:59:14+00:00,1704121154,KNYNEWYO1805,40.638,-74.035,America/New_York,5.0,5.0,5.0,2.0,2.0,2.0,5.0,5.0,5.0,5.0,5.0,5.0,80.0,82.0,77.0,0.0,0.2777777777777778,0.0,0.5555555555555556,1.1111111111111112,0.0,110.0,1017.27,1017.27,0.0,258.0,0.9,1
0.0,0.0,2024-01-01 10:58:23,2024-01-01 15:58:23+00:00,1704124703,KNYNEWYO1805,40.638,-74.035,America/New_York,5.0,5.0,5.0,2.0,2.0,1.0,5.0,5.0,5.0,5.0,5.0,5.0,77.0,79.0,76.0,0.0,0.5555555555555556,0.0,0.5555555555555556,1.3888888888888888,0.0,151.0,1017.27,1016.93,-0.38,146.0,0.5,1
0.0,0.0,2024-01-01 11:59:13,2024-01-01 16:59:13+00:00,1704128353,KNYNEWYO1805,40.638,-74.035,America/New_York,6.0,8.0,5.0,1.0,2.0,1.0,6.0,8.0,5.0,6.0,8.0,5.0,71.0,77.0,65.0,0.0,0.5555555555555556,0.0,0.5555555555555556,1.1111111111111112,0.0,148.0,1016.93,1016.26,-0.74,472.0,1.6,1
0.0,0.0,2024-01-01 12:59:11,2024-01-01 17:59:11+00:00,1704131951,KNYNEWYO1805,40.638,-74.035,America/New_York,8.0,8.0,8.0,1.0,2.0,1.0,8.0,8.0,8.0,8.0,8.0,8.0,63.0,66.0,61.0,0.2777777777777778,0.8333333333333333,0.0,1.1111111111111112,1.6666666666666665,0.0,94.0,1016.26,1015.92,-0.37,459.0,1.6,1
0.0,0.0,2024-01-01 13:59:10,2024-01-01 18:59:10+00:00,1704135550,KNYNEWYO1805,40.638,-74.035,America/New_York,9.0,9.0,8.0,1.0,2.0,1.0,9.0,9.0,8.0,9.0,9.0,8.0,58.0,63.0,56.0,0.0,0.2777777777777778,0.0,0.5555555555555556,1.3888888888888888,0.0,94.0,1016.26,1015.92,0.37,385.0,1.3,1
0.0,0.0,2024-01-01 14:59:09,2024-01-01 19:59:09+00:00,1704139149,KNYNEWYO1805,40.638,-74.035,America/New_York,8.0,8.0,7.0,1.0,1.0,0.0,8.0,8.0,7.0,8.0,8.0,7.0,62.0,63.0,61.0,0.0,0.2777777777777778,0.0,0.2777777777777778,1.1111111111111112,0.0,299.0,1016.26,1016.26,0.0,103.0,0.4,1
0.0,0.0,2024-01-01 15:59:07,2024-01-01 20:59:07+00:00,1704142747,KNYNEWYO1805,40.638,-74.035,America/New_York,7.0,7.0,7.0,1.0,2.0,0.0,7.0,7.0,7.0,7.0,7.0,7.0,66.0,70.0,62.0,0.2777777777777778,0.5555555555555556,0.0,0.5555555555555556,1.3888888888888888,0.0,213.0,1016.59,1016.26,0.37,72.0,0.2,1
0.0,0.0,2024-01-01 16:59:07,2024-01-01 21:59:07+00:00,1704146347,KNYNEWYO1805,40.638,-74.035,America/New_York,7.0,7.0,7.0,1.0,2.0,1.0,7.0,7.0,7.0,7.0,7.0,7.0,67.0,69.0,65.0,0.2777777777777778,0.5555555555555556,0.0,0.5555555555555556,1.3888888888888888,0.0,139.0,1016.93,1016.59,0.37,23.0,0.1,1
0.0,0.0,2024-01-01 17:59:06,2024-01-01 22:59:06+00:00,1704149946,KNYNEWYO1805,40.638,-74.035,America/New_York,7.0,7.0,6.0,1.0,1.0,1.0,7.0,7.0,6.0,7.0,7.0,6.0,66.0,67.0,64.0,0.5555555555555556,0.8333333333333333,0.2777777777777778,1.3888888888888888,2.2222222222222223,1.1111111111111112,123.0,1017.27,1016.93,0.37,0.0,0.0,1
0.0,0.0,2024-01-01 18:59:04,2024-01-01 23:59:04+00:00,1704153544,KNYNEWYO1805,40.638,-74.035,America/New_York,6.0,6.0,6.0,0.0,1.0,0.0,6.0,6.0,6.0,6.0,6.0,6.0,66.0,68.0,66.0,0.5555555555555556,1.1111111111111112,0.2777777777777778,1.3888888888888888,2.2222222222222223,1.1111111111111112,122.0,1017.95,1017.27,0.74,0.0,0.0,1
0.0,0.0,2024-01-01 19:59:03,2024-01-02 00:59:03+00:00,1704157143,KNYNEWYO1805,40.638,-74.035,America/New_York,6.0,6.0,5.0,-1.0,0.0,-1.0,6.0,6.0,5.0,6.0,6.0,5.0,64.0,66.0,64.0,0.5555555555555556,1.1111111111111112,0.2777777777777778,1.6666666666666665,2.7777777777777777,0.8333333333333333,139.0,1017.95,1017.95,0.0,0.0,0.0,1
0.0,0.0,2024-01-01 20:59:03,2024-01-02 01:59:03+00:00,1704160743,KNYNEWYO1805,40.638,-74.035,America/New_York,5.0,5.0,5.0,-1.0,0.0,-1.0,5.0,5.0,5.0,5.0,5.0,4.0,65.0,66.0,64.0,0.8333333333333333,1.3888888888888888,0.2777777777777778,1.6666666666666665,2.5,0.8333333333333333,134.0,1018.29,1017.95,0.37,0.0,0.0,1
0.0,0.0,2024-01-01 21:59:01,2024-01-02 02:59:01+00:00,1704164341,KNYNEWYO1805,40.638,-74.035,America/New_York,4.0,5.0,4.0,-1.0,-1.0,-2.0,4.0,5.0,4.0,4.0,5.0,3.0,66.0,67.0,66.0,0.8333333333333333,1.3888888888888888,0.5555555555555556,1.9444444444444444,3.611111111111111,1.3888888888888888,126.0,1018.63,1018.29,0.37,0.0,0.0,1
0.0,0.0,2024-01-01 22:59:01,2024-01-02 03:59:01+00:00,1704167941,KNYNEWYO1805,40.638,-74.035,America/New_York,3.0,4.0,3.0,-2.0,-2.0,-2.0,3.0,4.0,3.0,3.0,4.0,2.0,68.0,70.0,67.0,1.1111111111111112,1.6666666666666665,0.8333333333333333,2.2222222222222223,3.0555555555555554,1.6666666666666665,124.0,1018.96,1018.63,0.0,0.0,0.0,1
0.0,0.0,2024-01-01 23:58:58,2024-01-02 04:58:58+00:00,1704171538,KNYNEWYO1805,40.638,-74.035,America/New_York,3.0,3.0,2.0,-2.0,-2.0,-2.0,3.0,3.0,2.0,3.0,3.0,2.0,70.0,72.0,69.0,0.8333333333333333,1.3888888888888888,0.5555555555555556,1.9444444444444444,2.5,1.1111111111111112,130.0,1018.96,1018.63,-0.37,0.0,0.0,1
0.0,0.0,2024-01-02 00:58:59,2024-01-02 05:58:59+00:00,1704175139,KNYNEWYO1805,40.638,-74.035,America/New_York,2.0,2.0,2.0,-3.0,-2.0,-3.0,2.0,2.0,2.0,2.0,2.0,2.0,72.0,73.0,71.0,1.1111111111111112,1.3888888888888888,0.8333333333333333,2.5,3.611111111111111,1.6666666666666665,111.0,1018.63,1018.63,0.0,0.0,0.0,1
0.0,0.0,2024-01-02 01:58:59,2024-01-02 06:58:59+00:00,1704178739,KNYNEWYO1805,40.638,-74.035,America/New_York,1.0,2.0,1.0,-3.0,-3.0,-3.0,1.0,2.0,1.0,1.0,2.0,0.0,72.0,73.0,71.0,1.1111111111111112,1.6666666666666665,0.5555555555555556,2.7777777777777777,3.888888888888889,1.1111111111111112,2.0,1018.63,1018.63,0.0,0.0,0.0,1
0.0,0.0,2024-01-02 02:58:57,2024-01-02 07:58:57+00:00,1704182337,KNYNEWYO1805,40.638,-74.035,America/New_York,1.0,1.0,1.0,-4.0,-3.0,-4.0,1.0,1.0,1.0,1.0,1.0,-1.0,70.0,72.0,70.0,1.1111111111111112,1.3888888888888888,0.5555555555555556,2.5,4.722222222222222,1.3888888888888888,87.0,1018.96,1018.63,0.0,0.0,0.0,1
0.0,0.0,2024-01-02 03:58:55,2024-01-02 08:58:55+00:00,1704185935,KNYNEWYO1805,40.638,-74.035,America/New_York,0.0,1.0,0.0,-4.0,-4.0,-5.0,0.0,1.0,0.0,0.0,1.0,0.0,71.0,72.0,70.0,0.5555555555555556,1.1111111111111112,0.5555555555555556,1.6666666666666665,3.611111111111111,0.8333333333333333,234.0,1018.96,1018.96,0.0,0.0,0.0,1
0.0,0.0,2024-01-02 04:58:55,2024-01-02 09:58:55+00:00,1704189535,KNYNEWYO1805,40.638,-74.035,America/New_York,0.0,0.0,0.0,-5.0,-4.0,-5.0,0.0,0.0,0.0,0.0,0.0,0.0,71.0,73.0,69.0,0.8333333333333333,1.1111111111111112,0.2777777777777778,1.6666666666666665,3.0555555555555554,1.1111111111111112,148.0,1018.96,1018.96,0.0,0.0,0.0,1
0.0,0.0,2024-01-02 05:58:55,2024-01-02 10:58:55+00:00,1704193135,KNYNEWYO1805,40.638,-74.035,America/New_York,0.0,0.0,-1.0,-5.0,-5.0,-6.0,0.0,0.0,-1.0,-1.0,0.0,-2.0,69.0,70.0,69.0,1.1111111111111112,1.3888888888888888,0.5555555555555556,2.2222222222222223,3.333333333333333,1.6666666666666665,93.0,1019.64,1018.96,0.73,0.0,0.0,1
0.0,0.0,2024-01-02 06:58:53,2024-01-02 11:58:53+00:00,1704196733,KNYNEWYO1805,40.638,-74.035,America/New_York,-1.0,-1.0,-1.0,-6.0,-5.0,-6.0,-1.0,-1.0,-1.0,-1.0,-1.0,-2.0,70.0,71.0,69.0,0.8333333333333333,1.3888888888888888,0.5555555555555556,1.9444444444444444,3.333333333333333,0.8333333333333333,105.0,1019.98,1019.64,0.37,0.0,0.0,1
0.0,0.0,2024-01-02 07:58:51,2024-01-02 12:58:51+00:00,1704200331,KNYNEWYO1805,40.638,-74.035,America/New_York,-1.0,-1.0,-1.0,-6.0,-5.0,-6.0,-1.0,-1.0,-1.0,-1.0,-1.0,-1.0,70.0,72.0,70.0,0.8333333333333333,1.1111111111111112,0.8333333333333333,1.9444444444444444,2.5,1.1111111111111112,110.0,1020.32,1019.98,0.37,26.0,0.1,1
0.0,0.0,2024-01-02 08:58:51,2024-01-02 13:58:51+00:00,1704203931,KNYNEWYO1805,40.638,-74.035,America/New_York,0.0,0.0,-1.0,-5.0,-5.0,-6.0,0.0,0.0,-1.0,0.0,0.0,-1.0,68.0,71.0,65.0,1.1111111111111112,1.3888888888888888,0.8333333333333333,1.9444444444444444,2.7777777777777777,1.3888888888888888,133.0,1020.32,1020.32,0.0,209.0,0.7,1
0.0,0.0,2024-01-02 09:58:47,2024-01-02 14:58:47+00:00,1704207527,KNYNEWYO1805,40.638,-74.035,America/New_York,1.0,2.0,0.0,-5.0,-5.0,-5.0,1.0,2.0,0.0,1.0,2.0,-1.0,64.0,66.0,63.0,0.8333333333333333,1.6666666666666665,0.8333333333333333,1.9444444444444444,3.888888888888889,1.1111111111111112,129.0,1020.66,1020.32,0.0,360.0,1.2,1
0.0,0.0,2024-01-02 10:58:48,2024-01-02 15:58:48+00:00,1704211128,KNYNEWYO1805,40.638,-74.035,America/New_York,2.0,3.0,2.0,-5.0,-5.0,-5.0,2.0,3.0,2.0,2.0,3.0,0.0,59.0,62.0,58.0,0.5555555555555556,1.3888888888888888,0.2777777777777778,1.3888888888888888,2.5,0.8333333333333333,132.0,1020.66,1019.64,-0.74,427.0,1.4,1
0.0,0.0,2024-01-02 11:58:46,2024-01-02 16:58:46+00:00,1704214726,KNYNEWYO1805,40.638,-74.035,America/New_York,3.0,3.0,3.0,-5.0,-4.0,-5.0,3.0,3.0,3.0,3.0,3.0,2.0,57.0,58.0,57.0,0.8333333333333333,1.3888888888888888,0.2777777777777778,1.3888888888888888,2.2222222222222223,1.1111111111111112,144.0,1019.64,1018.29,-1.48,448.0,1.5,1
0.0,0.0,2024-01-02 12:58:46,2024-01-02 17:58:46+00:00,1704218326,KNYNEWYO1805,40.638,-74.035,America/New_York,4.0,4.0,3.0,-4.0,-4.0,-5.0,4.0,4.0,3.0,4.0,4.0,3.0,55.0,56.0,54.0,1.1111111111111112,1.3888888888888888,0.5555555555555556,1.9444444444444444,2.7777777777777777,1.1111111111111112,136.0,1018.29,1017.27,-1.11,444.0,1.5,1
0.0,0.0,2024-01-02 13:58:44,2024-01-02 18:58:44+00:00,1704221924,KNYNEWYO1805,40.638,-74.035,America/New_York,5.0,6.0,4.0,-4.0,-3.0,-4.0,5.0,6.0,4.0,5.0,6.0,4.0,52.0,54.0,50.0,0.8333333333333333,1.3888888888888888,0.2777777777777778,1.6666666666666665,2.5,1.1111111111111112,135.0,1017.27,1016.26,-1.11,396.0,1.3,1
0.0,0.0,2024-01-02 14:58:44,2024-01-02 19:58:44+00:00,1704225524,KNYNEWYO1805,40.638,-74.035,America/New_York,6.0,6.0,6.0,-4.0,-3.0,-4.0,6.0,6.0,6.0,6.0,6.0,6.0,49.0,51.0,48.0,0.8333333333333333,1.1111111111111112,0.5555555555555556,1.3888888888888888,2.5,1.1111111111111112,133.0,1016.26,1016.26,0.0,291.0,1.0,1
0.0,0.0,2024-01-02 15:58:42,2024-01-02 20:58:42+00:00,1704229122,KNYNEWYO1805,40.638,-74.035,America/New_York,6.0,6.0,6.0,-4.0,-3.0,-4.0,6.0,6.0,6.0,6.0,6.0,5.0,50.0,52.0,49.0,0.8333333333333333,1.3888888888888888,0.2777777777777778,1.3888888888888888,1.9444444444444444,1.1111111111111112,138.0,1016.26,1015.92,-0.37,156.0,0.5,1
0.0,0.0,2024-01-02 16:58:41,2024-01-02 21:58:41+00:00,1704232721,KNYNEWYO1805,40.638,-74.035,America/New_York,6.0,6.0,6.0,-3.0,-2.0,-4.0,6.0,6.0,6.0,6.0,6.0,6.0,54.0,57.0,51.0,0.8333333333333333,0.8333333333333333,0.2777777777777778,1.3888888888888888,1.6666666666666665,1.1111111111111112,127.0,1016.26,1015.92,0.37,22.0,0.1,1
0.0,0.0,2024-01-02 17:58:39,2024-01-02 22:58:39+00:00,1704236319,KNYNEWYO1805,40.638,-74.035,America/New_York,5.0,6.0,5.0,-3.0,-2.0,-3.0,5.0,6.0,5.0,5.0,6.0,5.0,56.0,58.0,54.0,0.5555555555555556,0.8333333333333333,0.2777777777777778,1.1111111111111112,1.3888888888888888,0.8333333333333333,145.0,1016.26,1016.26,0.0,0.0,0.0,1
0.0,0.0,2024-01-02 18:58:40,2024-01-02 23:58:40+00:00,1704239920,KNYNEWYO1805,40.638,-74.035,America/New_York,5.0,5.0,5.0,-2.0,-2.0,-2.0,5.0,5.0,5.0,5.0,5.0,5.0,59.0,62.0,58.0,0.2777777777777778,0.8333333333333333,0.0,0.5555555555555556,1.6666666666666665,0.0,140.0,1016.59,1016.26,0.0,0.0,0.0,1
0.0,0.0,2024-01-02 19:58:38,2024-01-03 00:58:38+00:00,1704243518,KNYNEWYO1805,40.638,-74.035,America/New_York,5.0,5.0,4.0,-2.0,-1.0,-2.0,5.0,5.0,4.0,5.0,5.0,4.0,62.0,64.0,61.0,0.0,0.2777777777777778,0.0,0.2777777777777778,1.1111111111111112,0.0,121.0,1016.59,1016.59,0.0,0.0,0.0,1
0.0,0.0,2024-01-02 20:58:38,2024-01-03 01:58:38+00:00,1704247118,KNYNEWYO1805,40.638,-74.035,America/New_York,4.0,5.0,4.0,-2.0,-1.0,-2.0,4.0,5.0,4.0,4.0,5.0,4.0,63.0,66.0,61.0,0.2777777777777778,1.1111111111111112,0.0,0.8333333333333333,1.3888888888888888,0.0,129.0,1016.59,1016.26,0.0,0.0,0.0,1
0.0,0.0,2024-01-02 21:58:37,2024-01-03 02:58:37+00:00,1704250717,KNYNEWYO1805,40.638,-74.035,America/New_York,4.0,4.0,3.0,-2.0,-2.0,-2.0,4.0,4.0,3.0,4.0,4.0,3.0,66.0,68.0,65.0,0.5555555555555556,1.1111111111111112,0.2777777777777778,1.1111111111111112,1.6666666666666665,0.8333333333333333,108.0,1016.93,1016.59,0.0,0.0,0.0,1
0.0,0.0,2024-01-02 22:58:36,2024-01-03 03:58:36+00:00,1704254316,KNYNEWYO1805,40.638,-74.035,America/New_York,3.0,4.0,3.0,-2.0,-2.0,-3.0,3.0,4.0,3.0,3.0,4.0,3.0,67.0,69.0,65.0,0.5555555555555556,1.1111111111111112,0.0,1.1111111111111112,1.3888888888888888,0.5555555555555556,105.0,1016.93,1016.59,-0.37,0.0,0.0,1
0.0,0.0,2024-01-02 23:58:33,2024-01-03 04:58:33+00:00,1704257913,KNYNEWYO1805,40.638,-74.035,America/New_York,3.0,3.0,3.0,-2.0,-2.0,-2.0,3.0,3.0,3.0,3.0,3.0,3.0,69.0,70.0,68.0,0.8333333333333333,1.1111111111111112,0.5555555555555556,1.3888888888888888,1.9444444444444444,1.1111111111111112,116.0,1016.59,1016.26,-0.37,0.0,0.0,1
0.0,0.0,2024-01-03 00:58:33,2024-01-03 05:58:33+00:00,1704261513,KNYNEWYO1805,40.638,-74.035,America/New_York,3.0,3.0,3.0,-2.0,-2.0,-2.0,3.0,3.0,3.0,2.0,3.0,1.0,71.0,72.0,71.0,1.1111111111111112,1.3888888888888888,0.8333333333333333,1.9444444444444444,2.5,1.6666666666666665,120.0,1016.26,1015.92,0.0,0.0,0.0,1
0.0,0.0,2024-01-03 01:58:33,2024-01-03 06:58:33+00:00,1704265113,KNYNEWYO1805,40.638,-74.035,America/New_York,2.0,3.0,2.0,-2.0,-2.0,-2.0,2.0,3.0,2.0,2.0,3.0,0.0,72.0,74.0,72.0,1.1111111111111112,1.3888888888888888,0.8333333333333333,1.9444444444444444,3.333333333333333,1.3888888888888888,113.0,1016.26,1016.26,0.0,0.0,0.0,1
0.0,0.0,2024-01-03 02:58:32,2024-01-03 07:58:32+00:00,1704268712,KNYNEWYO1805,40.638,-74.035,America/New_York,2.0,2.0,2.0,-2.0,-2.0,-2.0,2.0,2.0,2.0,2.0,2.0,0.0,74.0,75.0,73.0,1.1111111111111112,1.3888888888888888,0.8333333333333333,1.9444444444444444,2.5,1.3888888888888888,102.0,1016.26,1016.26,0.0,0.0,0.0,1
0.0,0.0,2024-01-03 03:58:29,2024-01-03 08:58:29+00:00,1704272309,KNYNEWYO1805,40.638,-74.035,America/New_York,2.0,2.0,2.0,-2.0,-2.0,-3.0,2.0,2.0,2.0,1.0,2.0,0.0,75.0,76.0,75.0,1.1111111111111112,1.3888888888888888,0.8333333333333333,1.9444444444444444,2.2222222222222223,1.3888888888888888,108.0,1016.26,1015.92,0.0,0.0,0.0,1
0.0,0.0,2024-01-03 04:58:29,2024-01-03 09:58:29+00:00,1704275909,KNYNEWYO1805,40.638,-74.035,America/New_York,1.0,1.0,1.0,-3.0,-3.0,-3.0,1.0,1.0,1.0,1.0,1.0,0.0,74.0,75.0,74.0,1.1111111111111112,1.3888888888888888,0.8333333333333333,1.6666666666666665,2.2222222222222223,1.3888888888888888,121.0,1016.59,1016.26,0.37,0.0,0.0,1
0.0,0.0,2024-01-03 05:58:27,2024-01-03 10:58:27+00:00,1704279507,KNYNEWYO1805,40.638,-74.035,America/New_York,1.0,2.0,1.0,-3.0,-3.0,-3.0,1.0,2.0,1.0,1.0,2.0,1.0,74.0,76.0,74.0,0.8333333333333333,1.1111111111111112,0.8333333333333333,1.3888888888888888,1.9444444444444444,0.8333333333333333,123.0,1016.59,1016.26,0.37,0.0,0.0,1
0.0,0.0,2024-01-03 06:58:27,2024-01-03 11:58:27+00:00,1704283107,KNYNEWYO1805,40.638,-74.035,America/New_York,2.0,2.0,2.0,-3.0,-3.0,-3.0,2.0,2.0,2.0,2.0,2.0,2.0,72.0,74.0,72.0,0.8333333333333333,1.1111111111111112,0.2777777777777778,1.3888888888888888,1.9444444444444444,0.8333333333333333,118.0,1016.93,1016.59,0.37,0.0,0.0,1
0.0,0.0,2024-01-03 07:58:25,2024-01-03 12:58:25+00:00,1704286705,KNYNEWYO1805,40.638,-74.035,America/New_York,2.0,2.0,2.0,-3.0,-2.0,-3.0,2.0,2.0,2.0,2.0,2.0,0.0,72.0,74.0,71.0,0.8333333333333333,1.3888888888888888,0.8333333333333333,1.6666666666666665,3.333333333333333,1.1111111111111112,91.0,1017.95,1017.27,0.74,16.0,0.1,1
0.0,0.0,2024-01-03 08:58:25,2024-01-03 13:58:25+00:00,1704290305,KNYNEWYO1805,40.638,-74.035,America/New_York,2.0,2.0,1.0,-3.0,-3.0,-3.0,2.0,2.0,1.0,2.0,2.0,1.0,72.0,74.0,70.0,1.1111111111111112,1.1111111111111112,0.8333333333333333,1.6666666666666665,1.9444444444444444,1.3888888888888888,101.0,1017.95,1017.95,0.0,196.0,0.6,1
0.0,0.0,2024-01-03 09:58:25,2024-01-03 14:58:25+00:00,1704293905,KNYNEWYO1805,40.638,-74.035,America/New_York,3.0,4.0,2.0,-3.0,-3.0,-3.0,3.0,4.0,2.0,3.0,4.0,2.0,65.0,70.0,62.0,1.1111111111111112,1.3888888888888888,0.8333333333333333,1.9444444444444444,2.2222222222222223,1.3888888888888888,113.0,1017.95,1017.95,0.0,354.0,1.2,1
0.0,0.0,2024-01-03 10:58:23,2024-01-03 15:58:23+00:00,1704297503,KNYNEWYO1805,40.638,-74.035,America/New_York,4.0,5.0,4.0,-2.0,-2.0,-3.0,4.0,5.0,4.0,4.0,5.0,4.0,60.0,63.0,58.0,0.8333333333333333,1.1111111111111112,0.2777777777777778,1.3888888888888888,1.6666666666666665,0.8333333333333333,134.0,1017.95,1017.27,-0.74,411.0,1.4,1
0.0,0.0,2024-01-03 11:59:21,2024-01-03 16:59:21+00:00,1704301161,KNYNEWYO1805,40.638,-74.035,America/New_York,6.0,6.0,5.0,-2.0,-2.0,-2.0,6.0,6.0,5.0,6.0,6.0,5.0,57.0,59.0,57.0,0.5555555555555556,0.8333333333333333,0.2777777777777778,1.3888888888888888,2.5,0.8333333333333333,150.0,1017.27,1016.26,-1.11,443.0,1.5,1
0.0,0.0,2024-01-03 12:59:21,2024-01-03 17:59:21+00:00,1704304761,KNYNEWYO1805,40.638,-74.035,America/New_York,6.0,7.0,6.0,-2.0,-2.0,-2.0,6.0,7.0,6.0,6.0,7.0,6.0,55.0,58.0,53.0,0.8333333333333333,1.1111111111111112,0.0,1.3888888888888888,1.9444444444444444,0.8333333333333333,138.0,1016.26,1015.92,-0.37,464.0,1.5,1
0.0,0.0,2024-01-03 13:59:19,2024-01-03 18:59:19+00:00,1704308359,KNYNEWYO1805,40.638,-74.035,America/New_York,7.0,7.0,7.0,-2.0,-1.0,-2.0,7.0,7.0,7.0,7.0,7.0,7.0,55.0,58.0,53.0,0.8333333333333333,1.1111111111111112,0.0,1.3888888888888888,2.5,0.0,141.0,1015.92,1015.58,-0.37,425.0,1.4,1
0.0,0.0,2024-01-03 14:59:19,2024-01-03 19:59:19+00:00,1704311959,KNYNEWYO1805,40.638,-74.035,America/New_York,7.0,7.0,6.0,-1.0,-1.0,-2.0,7.0,7.0,6.0,6.0,7.0,6.0,57.0,60.0,55.0,1.1111111111111112,1.3888888888888888,0.5555555555555556,1.6666666666666665,2.5,1.1111111111111112,127.0,1015.58,1015.24,-0.37,260.0,0.9,1
0.0,0.0,2024-01-03 15:59:19,2024-01-03 20:59:19+00:00,1704315559,KNYNEWYO1805,40.638,-74.035,America/New_York,6.0,6.0,5.0,-2.0,-1.0,-2.0,6.0,6.0,5.0,6.0,6.0,5.0,60.0,61.0,58.0,0.8333333333333333,1.1111111111111112,0.5555555555555556,1.6666666666666665,2.2222222222222223,1.1111111111111112,143.0,1015.24,1015.24,0.0,143.0,0.5,1
0.0,0.0,2024-01-03 16:59:16,2024-01-03 21:59:16+00:00,1704319156,KNYNEWYO1805,40.638,-74.035,America/New_York,5.0,5.0,5.0,-2.0,-2.0,-2.0,5.0,5.0,5.0,5.0,5.0,5.0,61.0,62.0,61.0,0.5555555555555556,1.1111111111111112,0.2777777777777778,1.3888888888888888,1.6666666666666665,1.1111111111111112,140.0,1016.26,1015.24,1.11,16.0,0.1,1
0.0,0.0,2024-01-03 17:59:16,2024-01-03 22:59:16+00:00,1704322756,KNYNEWYO1805,40.638,-74.035,America/New_York,5.0,5.0,5.0,-2.0,-1.0,-2.0,5.0,5.0,5.0,5.0,5.0,5.0,62.0,63.0,61.0,0.8333333333333333,1.1111111111111112,0.2777777777777778,1.1111111111111112,1.6666666666666665,0.8333333333333333,128.0,1016.26,1016.26,0.0,0.0,0.0,1
0.0,0.0,2024-01-03 18:59:15,2024-01-03 23:59:15+00:00,1704326355,KNYNEWYO1805,40.638,-74.035,America/New_York,5.0,5.0,5.0,-2.0,-1.0,-2.0,5.0,5.0,5.0,5.0,5.0,4.0,62.0,64.0,62.0,0.8333333333333333,1.3888888888888888,0.2777777777777778,1.3888888888888888,1.9444444444444444,1.1111111111111112,113.0,1016.59,1016.26,0.37,0.0,0.0,1
0.0,0.0,2024-01-03 19:59:15,2024-01-04 00:59:15+00:00,1704329955,KNYNEWYO1805,40.638,-74.035,America/New_York,5.0,5.0,5.0,-2.0,-2.0,-2.0,5.0,5.0,5.0,5.0,5.0,4.0,62.0,63.0,61.0,0.8333333333333333,1.3888888888888888,0.2777777777777778,1.3888888888888888,1.6666666666666665,0.8333333333333333,127.0,1016.26,1015.92,-0.37,0.0,0.0,1
0.0,0.0,2024-01-03 20:59:12,2024-01-04 01:59:12+00:00,1704333552,KNYNEWYO1805,40.638,-74.035,America/New_York,5.0,5.0,5.0,-1.0,-1.0,-2.0,5.0,5.0,5.0,5.0,5.0,5.0,63.0,65.0,62.0,0.8333333333333333,1.1111111111111112,0.2777777777777778,1.3888888888888888,1.9444444444444444,1.1111111111111112,126.0,1015.92,1015.92,0.0,0.0,0.0,1
0.0,0.0,2024-01-03 21:59:12,2024-01-04 02:59:12+00:00,1704337152,KNYNEWYO1805,40.638,-74.035,America/New_York,5.0,5.0,5.0,-1.0,-1.0,-2.0,5.0,5.0,5.0,5.0,5.0,5.0,64.0,65.0,64.0,0.2777777777777778,0.8333333333333333,0.0,1.1111111111111112,2.2222222222222223,0.2777777777777778,122.0,1015.92,1015.58,0.0,0.0,0.0,1
0.0,0.0,2024-01-03 22:59:11,2024-01-04 03:59:11+00:00,1704340751,KNYNEWYO1805,40.638,-74.035,America/New_York,5.0,5.0,4.0,-2.0,-1.0,-2.0,5.0,5.0,4.0,5.0,5.0,4.0,64.0,65.0,64.0,0.2777777777777778,0.8333333333333333,0.0,0.8333333333333333,1.3888888888888888,0.2777777777777778,139.0,1015.92,1015.58,0.37,0.0,0.0,1
0.0,0.0,2024-01-03 23:59:08,2024-01-04 04:59:08+00:00,1704344348,KNYNEWYO1805,40.638,-74.035,America/New_York,4.0,4.0,4.0,-2.0,-2.0,-2.0,4.0,4.0,4.0,4.0,4.0,4.0,64.0,65.0,64.0,0.0,0.5555555555555556,0.0,0.5555555555555556,1.1111111111111112,0.0,141.0,1015.92,1015.58,-0.37,0.0,0.0,1
0.0,0.0,2024-01-04 00:59:08,2024-01-04 05:59:08+00:00,1704347948,KNYNEWYO1805,40.638,-74.035,America/New_York,4.0,4.0,4.0,-2.0,-1.0,-2.0,4.0,4.0,4.0,4.0,4.0,4.0,65.0,66.0,64.0,0.0,0.5555555555555556,0.0,0.5555555555555556,1.3888888888888888,0.0,124.0,1015.58,1015.24,-0.37,0.0,0.0,1
0.0,0.0,2024-01-04 01:59:08,2024-01-04 06:59:08+00:00,1704351548,KNYNEWYO1805,40.638,-74.035,America/New_York,4.0,4.0,4.0,-2.0,-2.0,-2.0,4.0,4.0,4.0,4.0,4.0,4.0,65.0,66.0,65.0,0.0,0.5555555555555556,0.0,0.5555555555555556,0.8333333333333333,0.0,118.0,1015.24,1015.24,0.0,0.0,0.0,1
0.0,0.0,2024-01-04 02:59:07,2024-01-04 07:59:07+00:00,1704355147,KNYNEWYO1805,40.638,-74.035,America/New_York,4.0,4.0,4.0,-2.0,-2.0,-2.0,4.0,4.0,4.0,4.0,4.0,4.0,67.0,68.0,66.0,0.0,0.2777777777777778,0.0,0.5555555555555556,1.1111111111111112,0.0,214.0,1015.24,1014.56,-0.37,0.0,0.0,1
0.0,0.0,2024-01-04 03:59:04,2024-01-04 08:59:04+00:00,1704358744,KNYNEWYO1805,40.638,-74.035,America/New_York,4.0,4.0,4.0,-2.0,-2.0,-2.0,4.0,4.0,4.0,4.0,4.0,4.0,67.0,68.0,67.0,0.0,0.2777777777777778,0.0,0.2777777777777778,1.1111111111111112,0.0,104.0,1014.56,1013.88,-0.74,0.0,0.0,1
0.0,0.0,2024-01-04 04:59:04,2024-01-04 09:59:04+00:00,1704362344,KNYNEWYO1805,40.638,-74.035,America/New_York,4.0,4.0,4.0,-1.0,-1.0,-2.0,4.0,4.0,4.0,4.0,4.0,4.0,68.0,70.0,67.0,0.2777777777777778,0.5555555555555556,0.0,0.5555555555555556,1.1111111111111112,0.0,114.0,1013.88,1013.55,-0.37,0.0,0.0,1
0.0,0.0,2024-01-04 05:59:04,2024-01-04 10:59:04+00:00,1704365944,KNYNEWYO1805,40.638,-74.035,America/New_York,4.0,4.0,4.0,-1.0,-1.0,-2.0,4.0,4.0,4.0,4.0,4.0,4.0,68.0,69.0,68.0,0.2777777777777778,0.5555555555555556,0.0,0.8333333333333333,1.3888888888888888,0.0,124.0,1013.88,1013.55,-0.37,0.0,0.0,1
0.0,0.0,2024-01-04 06:59:03,2024-01-04 11:59:03+00:00,1704369543,KNYNEWYO1805,40.638,-74.035,America/New_York,4.0,4.0,4.0,-1.0,-1.0,-1.0,4.0,4.0,4.0,4.0,4.0,4.0,68.0,70.0,68.0,0.2777777777777778,0.2777777777777778,0.2777777777777778,1.1111111111111112,1.6666666666666665,0.8333333333333333,101.0,1013.88,1013.55,0.37,0.0,0.0,1
0.0,0.0,2024-01-04 07:59:02,2024-01-04 12:59:02+00:00,1704373142,KNYNEWYO1805,40.638,-74.035,America/New_York,4.0,4.0,4.0,-1.0,-1.0,-1.0,4.0,4.0,4.0,4.0,4.0,4.0,68.0,70.0,68.0,0.0,0.2777777777777778,0.0,0.5555555555555556,1.1111111111111112,0.0,101.0,1014.56,1013.88,0.74,14.0,0.0,1
0.0,0.0,2024-01-04 08:59:00,2024-01-04 13:59:00+00:00,1704376740,KNYNEWYO1805,40.638,-74.035,America/New_York,4.0,4.0,4.0,-1.0,-1.0,-1.0,4.0,4.0,4.0,4.0,4.0,4.0,68.0,69.0,67.0,0.5555555555555556,1.1111111111111112,0.0,1.3888888888888888,2.2222222222222223,0.8333333333333333,85.0,1014.56,1014.56,0.0,38.0,0.1,1
0.0,0.0,2024-01-04 09:59:00,2024-01-04 14:59:00+00:00,1704380340,KNYNEWYO1805,40.638,-74.035,America/New_York,4.0,4.0,4.0,-1.0,-1.0,-1.0,4.0,4.0,4.0,4.0,4.0,3.0,69.0,70.0,68.0,1.1111111111111112,1.3888888888888888,0.5555555555555556,1.6666666666666665,2.5,1.1111111111111112,103.0,1015.24,1014.56,0.74,51.0,0.2,1
0.0,0.0,2024-01-04 10:58:59,2024-01-04 15:58:59+00:00,1704383939,KNYNEWYO1805,40.638,-74.035,America/New_York,4.0,5.0,4.0,-1.0,0.0,-1.0,4.0,5.0,4.0,4.0,5.0,4.0,69.0,71.0,68.0,0.8333333333333333,1.3888888888888888,0.2777777777777778,1.6666666666666665,2.2222222222222223,1.1111111111111112,128.0,1014.9,1014.56,-0.37,166.0,0.5,1
0.0,0.0,2024-01-04 11:58:56,2024-01-04 16:58:56+00:00,1704387536,KNYNEWYO1805,40.638,-74.035,America/New_York,5.0,6.0,5.0,0.0,0.0,-1.0,5.0,6.0,5.0,5.0,6.0,5.0,66.0,68.0,66.0,0.8333333333333333,1.1111111111111112,0.2777777777777778,1.6666666666666665,2.2222222222222223,0.8333333333333333,125.0,1014.56,1014.22,-0.37,222.0,0.7,1
0.0,0.0,2024-01-04 12:58:56,2024-01-04 17:58:56+00:00,1704391136,KNYNEWYO1805,40.638,-74.035,America/New_York,6.0,7.0,6.0,-1.0,0.0,-1.0,6.0,7.0,6.0,6.0,7.0,5.0,61.0,64.0,60.0,1.3888888888888888,1.9444444444444444,1.1111111111111112,2.5,3.333333333333333,1.9444444444444444,136.0,1014.22,1013.55,-0.74,374.0,1.2,1
0.0,0.0,2024-01-04 13:58:56,2024-01-04 18:58:56+00:00,1704394736,KNYNEWYO1805,40.638,-74.035,America/New_York,6.0,7.0,6.0,-2.0,-1.0,-2.0,6.0,7.0,6.0,5.0,7.0,4.0,56.0,62.0,53.0,1.6666666666666665,2.5,1.1111111111111112,2.7777777777777777,3.888888888888889,2.2222222222222223,135.0,1013.88,1013.55,0.37,392.0,1.3,1
0.0,0.0,2024-01-04 14:58:54,2024-01-04 19:58:54+00:00,1704398334,KNYNEWYO1805,40.638,-74.035,America/New_York,7.0,7.0,7.0,-2.0,-1.0,-3.0,7.0,7.0,7.0,6.0,7.0,6.0,52.0,56.0,50.0,1.3888888888888888,1.9444444444444444,0.8333333333333333,2.7777777777777777,3.611111111111111,2.2222222222222223,139.0,1014.22,1013.88,0.37,298.0,1.0,1
0.0,0.0,2024-01-04 15:58:52,2024-01-04 20:58:52+00:00,1704401932,KNYNEWYO1805,40.638,-74.035,America/New_York,6.0,7.0,5.0,-2.0,-2.0,-3.0,6.0,7.0,5.0,4.0,6.0,3.0,57.0,60.0,53.0,1.6666666666666665,2.2222222222222223,1.3888888888888888,3.333333333333333,4.444444444444445,2.2222222222222223,141.0,1015.58,1014.56,1.11,169.0,0.6,1
0.0,0.0,2024-01-04 16:58:52,2024-01-04 21:58:52+00:00,1704405532,KNYNEWYO1805,40.638,-74.035,America/New_York,5.0,5.0,4.0,-4.0,-3.0,-4.0,5.0,5.0,4.0,3.0,4.0,3.0,54.0,58.0,53.0,1.6666666666666665,2.2222222222222223,1.3888888888888888,3.0555555555555554,3.888888888888889,2.2222222222222223,141.0,1016.93,1015.58,1.48,21.0,0.1,1
0.0,0.0,2024-01-04 17:58:52,2024-01-04 22:58:52+00:00,1704409132,KNYNEWYO1805,40.638,-74.035,America/New_York,4.0,4.0,3.0,-5.0,-4.0,-6.0,4.0,4.0,3.0,2.0,3.0,0.0,53.0,55.0,51.0,1.6666666666666665,2.5,1.3888888888888888,3.0555555555555554,5.0,2.2222222222222223,132.0,1018.29,1016.93,1.48,0.0,0.0,1
0.0,0.0,2024-01-04 18:58:50,2024-01-04 23:58:50+00:00,1704412730,KNYNEWYO1805,40.638,-74.035,America/New_York,2.0,3.0,2.0,-6.0,-6.0,-7.0,2.0,3.0,2.0,1.0,3.0,0.0,53.0,56.0,52.0,1.6666666666666665,1.9444444444444444,1.1111111111111112,3.333333333333333,4.722222222222222,2.5,134.0,1019.64,1018.63,1.11,0.0,0.0,1
0.0,0.0,2024-01-04 19:58:48,2024-01-05 00:58:48+00:00,1704416328,KNYNEWYO1805,40.638,-74.035,America/New_York,2.0,2.0,1.0,-7.0,-6.0,-7.0,2.0,2.0,1.0,1.0,2.0,0.0,52.0,55.0,51.0,1.3888888888888888,1.6666666666666665,1.1111111111111112,2.5,3.611111111111111,1.9444444444444444,140.0,1020.32,1019.64,0.37,0.0,0.0,1
0.0,0.0,2024-01-04 20:58:48,2024-01-05 01:58:48+00:00,1704419928,KNYNEWYO1805,40.638,-74.035,America/New_York,1.0,1.0,1.0,-7.0,-7.0,-8.0,1.0,1.0,1.0,-1.0,1.0,-1.0,54.0,57.0,53.0,1.6666666666666665,2.2222222222222223,1.3888888888888888,3.0555555555555554,3.888888888888889,2.5,139.0,1020.66,1019.98,0.74,0.0,0.0,1
0.0,0.0,2024-01-04 21:58:48,2024-01-05 02:58:48+00:00,1704423528,KNYNEWYO1805,40.638,-74.035,America/New_York,0.0,1.0,0.0,-8.0,-8.0,-9.0,0.0,1.0,0.0,-2.0,0.0,-3.0,54.0,56.0,50.0,1.6666666666666665,2.5,1.3888888888888888,3.0555555555555554,4.166666666666667,2.2222222222222223,138.0,1021.33,1020.66,0.74,0.0,0.0,1
0.0,0.0,2024-01-04 22:58:47,2024-01-05 03:58:47+00:00,1704427127,KNYNEWYO1805,40.638,-74.035,America/New_York,-1.0,0.0,-1.0,-8.0,-7.0,-9.0,-1.0,0.0,-1.0,-3.0,0.0,-4.0,57.0,62.0,54.0,1.6666666666666665,2.5,0.8333333333333333,3.333333333333333,4.722222222222222,2.2222222222222223,135.0,1022.35,1021.67,0.74,0.0,0.0,1
0.0,0.0,2024-01-04 23:58:44,2024-01-05 04:58:44+00:00,1704430724,KNYNEWYO1805,40.638,-74.035,America/New_York,-1.0,-1.0,-1.0,-7.0,-7.0,-8.0,-1.0,-1.0,-1.0,-3.0,-1.0,-4.0,62.0,65.0,61.0,1.6666666666666665,2.2222222222222223,1.1111111111111112,2.7777777777777777,4.166666666666667,2.2222222222222223,141.0,1022.69,1022.35,0.37,0.0,0.0,1
0.0,0.0,2024-01-05 00:58:44,2024-01-05 05:58:44+00:00,1704434324,KNYNEWYO1805,40.638,-74.035,America/New_York,-2.0,-1.0,-2.0,-8.0,-8.0,-9.0,-2.0,-1.0,-2.0,-4.0,-3.0,-5.0,60.0,62.0,59.0,1.9444444444444444,2.5,1.3888888888888888,3.333333333333333,4.166666666666667,2.5,131.0,1023.03,1022.69,0.37,0.0,0.0,1
0.0,0.0,2024-01-05 01:58:43,2024-01-05 06:58:43+00:00,1704437923,KNYNEWYO1805,40.638,-74.035,America/New_York,-2.0,-2.0,-2.0,-8.0,-8.0,-9.0,-2.0,-2.0,-2.0,-4.0,-2.0,-5.0,62.0,65.0,60.0,1.6666666666666665,1.6666666666666665,1.1111111111111112,3.0555555555555554,4.444444444444445,1.9444444444444444,131.0,1023.71,1023.03,0.74,0.0,0.0,1
0.0,0.0,2024-01-05 02:58:43,2024-01-05 07:58:43+00:00,1704441523,KNYNEWYO1805,40.638,-74.035,America/New_York,-2.0,-2.0,-3.0,-8.0,-8.0,-9.0,-2.0,-2.0,-3.0,-4.0,-3.0,-5.0,65.0,67.0,64.0,1.6666666666666665,2.2222222222222223,1.1111111111111112,2.7777777777777777,3.333333333333333,2.2222222222222223,134.0,1024.72,1023.71,1.11,0.0,0.0,1
0.0,0.0,2024-01-05 03:58:39,2024-01-05 08:58:39+00:00,1704445119,KNYNEWYO1805,40.638,-74.035,America/New_York,-3.0,-3.0,-3.0,-8.0,-8.0,-9.0,-3.0,-3.0,-3.0,-4.0,-3.0,-6.0,65.0,66.0,64.0,1.3888888888888888,1.9444444444444444,0.8333333333333333,2.5,3.333333333333333,1.6666666666666665,132.0,1024.72,1024.38,0.0,0.0,0.0,1
0.0,0.0,2024-01-05 04:58:39,2024-01-05 09:58:39+00:00,1704448719,KNYNEWYO1805,40.638,-74.035,America/New_York,-3.0,-3.0,-3.0,-8.0,-8.0,-9.0,-3.0,-3.0,-3.0,-3.0,-3.0,-5.0,64.0,66.0,64.0,1.3888888888888888,1.9444444444444444,0.8333333333333333,2.2222222222222223,3.333333333333333,1.3888888888888888,121.0,1024.72,1024.38,0.0,0.0,0.0,1
0.0,0.0,2024-01-05 05:58:40,2024-01-05 10:58:40+00:00,1704452320,KNYNEWYO1805,40.638,-74.035,America/New_York,-2.0,-2.0,-3.0,-8.0,-8.0,-9.0,-2.0,-2.0,-3.0,-3.0,-2.0,-5.0,64.0,66.0,62.0,1.1111111111111112,1.6666666666666665,0.8333333333333333,2.2222222222222223,2.7777777777777777,1.3888888888888888,119.0,1025.4,1025.06,0.0,0.0,0.0,1
0.0,0.0,2024-01-05 06:58:39,2024-01-05 11:58:39+00:00,1704455919,KNYNEWYO1805,40.638,-74.035,America/New_York,-3.0,-3.0,-3.0,-9.0,-8.0,-9.0,-3.0,-3.0,-3.0,-4.0,-3.0,-5.0,63.0,65.0,63.0,1.3888888888888888,1.6666666666666665,0.8333333333333333,2.2222222222222223,2.7777777777777777,1.6666666666666665,121.0,1025.74,1025.4,0.37,0.0,0.0,1
0.0,0.0,2024-01-05 07:58:36,2024-01-05 12:58:36+00:00,1704459516,KNYNEWYO1805,40.638,-74.035,America/New_York,-3.0,-2.0,-3.0,-8.0,-8.0,-9.0,-3.0,-2.0,-3.0,-5.0,-3.0,-5.0,64.0,66.0,63.0,1.6666666666666665,1.9444444444444444,1.1111111111111112,2.2222222222222223,2.7777777777777777,1.6666666666666665,113.0,1026.41,1025.74,0.74,28.0,0.1,1
0.0,0.0,2024-01-05 08:58:36,2024-01-05 13:58:36+00:00,1704463116,KNYNEWYO1805,40.638,-74.035,America/New_York,-2.0,-1.0,-2.0,-8.0,-8.0,-8.0,-2.0,-1.0,-2.0,-3.0,-1.0,-5.0,62.0,67.0,59.0,1.3888888888888888,1.9444444444444444,1.1111111111111112,2.2222222222222223,3.333333333333333,1.6666666666666665,121.0,1027.09,1026.41,0.75,201.0,0.6,1
0.0,0.0,2024-01-05 09:58:36,2024-01-05 14:58:36+00:00,1704466716,KNYNEWYO1805,40.638,-74.035,America/New_York,0.0,0.0,-1.0,-8.0,-8.0,-9.0,0.0,0.0,-1.0,-1.0,0.0,-2.0,55.0,58.0,52.0,1.1111111111111112,1.3888888888888888,0.8333333333333333,2.2222222222222223,3.333333333333333,1.3888888888888888,139.0,1027.43,1027.09,0.37,343.0,1.1,1
0.0,0.0,2024-01-05 10:53:35,2024-01-05 15:53:35+00:00,1704470015,KNYNEWYO1805,40.638,-74.035,America/New_York,1.0,1.0,0.0,-8.0,-8.0,-8.0,1.0,1.0,0.0,0.0,1.0,-1.0,52.0,53.0,51.0,1.1111111111111112,1.3888888888888888,0.8333333333333333,2.2222222222222223,3.333333333333333,1.1111111111111112,128.0,1027.43,1026.41,-0.81,427.0,1.4,1
0.0,0.0,2024-01-05 11:58:32,2024-01-05 16:58:32+00:00,1704473912,KNYNEWYO1805,40.638,-74.035,America/New_York,1.0,2.0,1.0,-8.0,-8.0,-8.0,1.0,2.0,1.0,1.0,2.0,-1.0,50.0,52.0,49.0,1.1111111111111112,1.6666666666666665,0.5555555555555556,1.9444444444444444,2.7777777777777777,1.1111111111111112,142.0,1026.08,1025.06,-1.05,454.0,1.5,1
0.0,0.0,2024-01-05 12:58:32,2024-01-05 17:58:32+00:00,1704477512,KNYNEWYO1805,40.638,-74.035,America/New_York,2.0,2.0,2.0,-8.0,-8.0,-8.0,2.0,2.0,2.0,1.0,2.0,0.0,48.0,51.0,47.0,1.3888888888888888,1.6666666666666665,0.8333333333333333,2.2222222222222223,3.0555555555555554,1.3888888888888888,127.0,1025.06,1024.38,-0.74,455.0,1.5,1
0.0,0.0,2024-01-05 13:58:32,2024-01-05 18:58:32+00:00,1704481112,KNYNEWYO1805,40.638,-74.035,America/New_York,3.0,3.0,2.0,-7.0,-7.0,-8.0,3.0,3.0,2.0,2.0,3.0,1.0,48.0,51.0,47.0,1.1111111111111112,1.6666666666666665,0.8333333333333333,1.9444444444444444,2.7777777777777777,1.3888888888888888,119.0,1024.38,1024.04,-0.37,401.0,1.3,1
0.0,0.0,2024-01-05 14:58:31,2024-01-05 19:58:31+00:00,1704484711,KNYNEWYO1805,40.638,-74.035,America/New_York,3.0,3.0,3.0,-7.0,-6.0,-7.0,3.0,3.0,3.0,3.0,3.0,2.0,48.0,50.0,47.0,1.1111111111111112,1.3888888888888888,0.5555555555555556,1.9444444444444444,2.5,1.3888888888888888,118.0,1024.04,1023.37,-0.74,282.0,0.9,1
0.0,0.0,2024-01-05 15:58:28,2024-01-05 20:58:28+00:00,1704488308,KNYNEWYO1805,40.638,-74.035,America/New_York,3.0,3.0,3.0,-6.0,-6.0,-7.0,3.0,3.0,3.0,3.0,3.0,2.0,49.0,52.0,47.0,1.1111111111111112,1.3888888888888888,0.5555555555555556,1.6666666666666665,2.7777777777777777,1.1111111111111112,111.0,1023.71,1023.37,0.37,154.0,0.5,1
0.0,0.0,2024-01-05 16:58:28,2024-01-05 21:58:28+00:00,1704491908,KNYNEWYO1805,40.638,-74.035,America/New_York,3.0,3.0,3.0,-6.0,-6.0,-7.0,3.0,3.0,3.0,3.0,3.0,3.0,51.0,53.0,49.0,0.8333333333333333,1.1111111111111112,0.5555555555555556,1.6666666666666665,2.2222222222222223,1.1111111111111112,101.0,1023.71,1023.37,-0.37,28.0,0.1,1
0.0,0.0,2024-01-05 17:58:27,2024-01-05 22:58:27+00:00,1704495507,KNYNEWYO1805,40.638,-74.035,America/New_York,2.0,3.0,2.0,-6.0,-6.0,-7.0,2.0,3.0,2.0,2.0,3.0,1.0,54.0,56.0,52.0,0.8333333333333333,1.3888888888888888,0.5555555555555556,1.6666666666666665,2.5,1.1111111111111112,94.0,1023.71,1023.37,0.37,0.0,0.0,1
0.0,0.0,2024-01-05 18:58:26,2024-01-05 23:58:26+00:00,1704499106,KNYNEWYO1805,40.638,-74.035,America/New_York,2.0,2.0,2.0,-6.0,-5.0,-6.0,2.0,2.0,2.0,2.0,2.0,2.0,56.0,59.0,55.0,0.8333333333333333,1.1111111111111112,0.5555555555555556,1.6666666666666665,2.2222222222222223,1.1111111111111112,82.0,1024.72,1023.71,1.11,0.0,0.0,1
0.0,0.0,2024-01-05 19:58:24,2024-01-06 00:58:24+00:00,1704502704,KNYNEWYO1805,40.638,-74.035,America/New_York,2.0,2.0,2.0,-5.0,-5.0,-6.0,2.0,2.0,2.0,2.0,2.0,2.0,58.0,60.0,58.0,0.8333333333333333,1.1111111111111112,0.2777777777777778,1.9444444444444444,2.7777777777777777,0.8333333333333333,123.0,1024.72,1024.04,-0.74,0.0,0.0,1
0.0,0.0,2024-01-05 20:58:24,2024-01-06 01:58:24+00:00,1704506304,KNYNEWYO1805,40.638,-74.035,America/New_York,2.0,2.0,2.0,-5.0,-5.0,-5.0,2.0,2.0,2.0,2.0,2.0,2.0,60.0,62.0,60.0,1.1111111111111112,1.3888888888888888,0.8333333333333333,1.9444444444444444,3.333333333333333,1.3888888888888888,102.0,1024.04,1024.04,0.0,0.0,0.0,1
0.0,0.0,2024-01-05 21:58:22,2024-01-06 02:58:22+00:00,1704509902,KNYNEWYO1805,40.638,-74.035,America/New_York,1.0,2.0,1.0,-5.0,-5.0,-6.0,1.0,2.0,1.0,1.0,2.0,-1.0,62.0,64.0,61.0,1.1111111111111112,1.6666666666666665,0.8333333333333333,1.9444444444444444,3.611111111111111,1.3888888888888888,102.0,1024.04,1023.71,0.0,0.0,0.0,1
0.0,0.0,2024-01-05 22:59:22,2024-01-06 03:59:22+00:00,1704513562,KNYNEWYO1805,40.638,-74.035,America/New_York,1.0,1.0,1.0,-5.0,-5.0,-5.0,1.0,1.0,1.0,0.0,1.0,-1.0,64.0,65.0,63.0,1.1111111111111112,1.3888888888888888,0.8333333333333333,1.9444444444444444,2.7777777777777777,1.1111111111111112,100.0,1023.71,1023.37,-0.36,0.0,0.0,1
0.0,0.0,2024-01-05 23:59:19,2024-01-06 04:59:19+00:00,1704517159,KNYNEWYO1805,40.638,-74.035,America/New_York,1.0,1.0,0.0,-5.0,-5.0,-6.0,1.0,1.0,0.0,1.0,1.0,0.0,64.0,66.0,64.0,0.5555555555555556,0.8333333333333333,0.2777777777777778,1.3888888888888888,1.9444444444444444,1.1111111111111112,106.0,1023.37,1023.03,-0.36,0.0,0.0,1
0.0,0.0,2024-01-06 00:59:19,2024-01-06 05:59:19+00:00,1704520759,KNYNEWYO1805,40.638,-74.035,America/New_York,0.0,0.0,0.0,-5.0,-5.0,-6.0,0.0,0.0,0.0,0.0,0.0,0.0,66.0,67.0,65.0,0.5555555555555556,0.8333333333333333,0.2777777777777778,1.3888888888888888,1.6666666666666665,0.8333333333333333,117.0,1023.37,1023.03,0.37,0.0,0.0,1
0.0,0.0,2024-01-06 01:59:19,2024-01-06 06:59:19+00:00,1704524359,KNYNEWYO1805,40.638,-74.035,America/New_York,0.0,0.0,0.0,-5.0,-5.0,-6.0,0.0,0.0,0.0,0.0,0.0,0.0,67.0,69.0,67.0,0.5555555555555556,1.1111111111111112,0.2777777777777778,1.3888888888888888,2.2222222222222223,0.8333333333333333,113.0,1023.71,1023.37,0.37,0.0,0.0,1
0.0,0.0,2024-01-06 02:59:17,2024-01-06 07:59:17+00:00,1704527957,KNYNEWYO1805,40.638,-74.035,America/New_York,0.0,0.0,0.0,-6.0,-5.0,-6.0,0.0,0.0,0.0,0.0,0.0,0.0,68.0,69.0,68.0,0.2777777777777778,1.1111111111111112,0.0,0.8333333333333333,1.6666666666666665,0.0,123.0,1023.71,1023.37,-0.37,0.0,0.0,1
0.0,0.0,2024-01-06 03:59:15,2024-01-06 08:59:15+00:00,1704531555,KNYNEWYO1805,40.638,-74.035,America/New_York,-1.0,0.0,-1.0,-6.0,-6.0,-6.0,-1.0,0.0,-1.0,-1.0,0.0,-1.0,68.0,70.0,68.0,0.0,0.2777777777777778,0.0,0.2777777777777778,1.1111111111111112,0.0,239.0,1023.37,1022.69,-0.74,0.0,0.0,1
0.0,0.0,2024-01-06 04:59:15,2024-01-06 09:59:15+00:00,1704535155,KNYNEWYO1805,40.638,-74.035,America/New_York,-1.0,0.0,-1.0,-5.0,-5.0,-6.0,-1.0,0.0,-1.0,-1.0,0.0,-1.0,71.0,73.0,68.0,0.0,0.2777777777777778,0.0,0.5555555555555556,1.1111111111111112,0.0,162.0,1023.03,1022.35,0.0,0.0,0.0,1
0.0,0.0,2024-01-06 05:59:13,2024-01-06 10:59:13+00:00,1704538753,KNYNEWYO1805,40.638,-74.035,America/New_York,-1.0,-1.0,-1.0,-5.0,-5.0,-5.0,-1.0,-1.0,-1.0,-1.0,-1.0,-1.0,73.0,74.0,73.0,0.0,0.2777777777777778,0.0,0.2777777777777778,0.8333333333333333,0.0,252.0,1023.37,1022.69,0.0,0.0,0.0,1
0.0,0.0,2024-01-06 06:59:13,2024-01-06 11:59:13+00:00,1704542353,KNYNEWYO1805,40.638,-74.035,America/New_York,-1.0,0.0,-1.0,-5.0,-5.0,-5.0,-1.0,0.0,-1.0,-1.0,0.0,-1.0,73.0,75.0,71.0,0.0,0.0,0.0,0.0,0.5555555555555556,0.0,167.0,1023.03,1022.69,0.0,0.0,0.0,1
0.0,0.0,2024-01-06 07:59:11,2024-01-06 12:59:11+00:00,1704545951,KNYNEWYO1805,40.638,-74.035,America/New_York,0.0,0.0,0.0,-5.0,-4.0,-5.0,0.0,0.0,0.0,0.0,0.0,0.0,72.0,73.0,71.0,0.0,0.2777777777777778,0.0,0.2777777777777778,1.1111111111111112,0.0,147.0,1023.03,1022.35,-0.37,24.0,0.1,1
0.0,0.0,2024-01-06 08:59:11,2024-01-06 13:59:11+00:00,1704549551,KNYNEWYO1805,40.638,-74.035,America/New_York,1.0,1.0,0.0,-5.0,-4.0,-6.0,1.0,1.0,0.0,1.0,1.0,0.0,65.0,73.0,61.0,0.2777777777777778,0.5555555555555556,0.0,1.1111111111111112,1.6666666666666665,0.0,202.0,1022.69,1022.35,-0.37,53.0,0.2,1
0.0,0.0,2024-01-06 09:59:18,2024-01-06 14:59:18+00:00,1704553158,KNYNEWYO1805,40.638,-74.035,America/New_York,1.0,1.0,1.0,-5.0,-5.0,-5.0,1.0,1.0,1.0,1.0,1.0,1.0,61.0,63.0,61.0,0.5555555555555556,1.3888888888888888,0.2777777777777778,1.3888888888888888,2.2222222222222223,0.8333333333333333,153.0,1022.69,1022.01,-0.37,75.0,0.2,1
0.0,0.0,2024-01-06 10:59:09,2024-01-06 15:59:09+00:00,1704556749,KNYNEWYO1805,40.638,-74.035,America/New_York,2.0,2.0,2.0,-5.0,-4.0,-5.0,2.0,2.0,2.0,2.0,2.0,2.0,62.0,65.0,61.0,0.5555555555555556,1.1111111111111112,0.2777777777777778,1.6666666666666665,3.333333333333333,0.8333333333333333,120.0,1022.35,1020.66,-1.85,94.0,0.3,1
0.0,0.0,2024-01-06 11:59:07,2024-01-06 16:59:07+00:00,1704560347,KNYNEWYO1805,40.638,-74.035,America/New_York,2.0,2.0,2.0,-4.0,-3.0,-5.0,2.0,2.0,2.0,2.0,2.0,2.0,63.0,66.0,62.0,0.5555555555555556,0.8333333333333333,0.0,1.3888888888888888,1.9444444444444444,0.8333333333333333,115.0,1021.33,1019.64,-1.85,106.0,0.3,1
0.0,0.0,2024-01-06 12:59:07,2024-01-06 17:59:07+00:00,1704563947,KNYNEWYO1805,40.638,-74.035,America/New_York,3.0,3.0,2.0,-3.0,-3.0,-3.0,3.0,3.0,2.0,3.0,3.0,2.0,66.0,67.0,66.0,0.5555555555555556,0.8333333333333333,0.2777777777777778,1.1111111111111112,1.6666666666666665,0.8333333333333333,171.0,1019.64,1017.95,-1.48,129.0,0.4,1
0.0,0.0,2024-01-06 13:59:06,2024-01-06 18:59:06+00:00,1704567546,KNYNEWYO1805,40.638,-74.035,America/New_York,3.0,3.0,3.0,-3.0,-3.0,-3.0,3.0,3.0,3.0,3.0,3.0,3.0,66.0,67.0,66.0,0.8333333333333333,1.1111111111111112,0.2777777777777778,1.6666666666666665,2.7777777777777777,0.8333333333333333,159.0,1018.63,1017.27,-1.48,74.0,0.2,1
0.0,0.0,2024-01-06 14:59:05,2024-01-06 19:59:05+00:00,1704571145,KNYNEWYO1805,40.638,-74.035,America/New_York,3.0,3.0,3.0,-2.0,-1.0,-2.0,3.0,3.0,3.0,3.0,3.0,3.0,70.0,77.0,67.0,0.5555555555555556,1.1111111111111112,0.2777777777777778,1.6666666666666665,2.7777777777777777,1.1111111111111112,171.0,1017.27,1015.58,-1.85,54.0,0.2,1
0.0,0.0,2024-01-06 15:59:03,2024-01-06 20:59:03+00:00,1704574743,KNYNEWYO1805,40.638,-74.035,America/New_York,2.0,3.0,1.0,0.0,0.0,-1.0,2.0,3.0,1.0,2.0,3.0,0.0,85.0,90.0,78.0,0.8333333333333333,1.6666666666666665,0.2777777777777778,2.2222222222222223,4.166666666666667,1.1111111111111112,210.0,1015.24,1014.9,-0.37,14.0,0.0,1
0.0,0.0,2024-01-06 16:59:03,2024-01-06 21:59:03+00:00,1704578343,KNYNEWYO1805,40.638,-74.035,America/New_York,1.0,1.0,1.0,0.0,0.0,0.0,1.0,1.0,1.0,1.0,1.0,-1.0,91.0,93.0,90.0,0.8333333333333333,1.6666666666666665,0.2777777777777778,1.9444444444444444,3.611111111111111,0.8333333333333333,212.0,1014.9,1013.55,-1.48,4.0,0.0,1
0.05,0.08,2024-01-06 17:59:00,2024-01-06 22:59:00+00:00,1704581940,KNYNEWYO1805,40.638,-74.035,America/New_York,1.0,1.0,1.0,0.0,0.0,0.0,1.0,1.0,1.0,0.0,1.0,-1.0,93.0,94.0,93.0,1.3888888888888888,1.6666666666666665,0.8333333333333333,3.0555555555555554,4.166666666666667,1.9444444444444444,238.0,1013.21,1012.53,-0.74,0.0,0.0,1
1.52,5.13,2024-01-06 18:59:01,2024-01-06 23:59:01+00:00,1704585541,KNYNEWYO1805,40.638,-74.035,America/New_York,1.0,2.0,1.0,1.0,1.0,0.0,1.0,2.0,1.0,1.0,2.0,-1.0,93.0,94.0,93.0,1.3888888888888888,2.2222222222222223,0.8333333333333333,3.0555555555555554,4.444444444444445,1.6666666666666665,217.0,1012.19,1010.16,-2.22,0.0,0.0,1
3.51,0.9100000000000001,2024-01-06 19:58:59,2024-01-07 00:58:59+00:00,1704589139,KNYNEWYO1805,40.638,-74.035,America/New_York,2.0,2.0,2.0,1.0,1.0,1.0,2.0,2.0,2.0,1.0,2.0,0.0,93.0,94.0,93.0,1.3888888888888888,2.2222222222222223,0.8333333333333333,3.333333333333333,4.722222222222222,2.2222222222222223,152.0,1010.16,1008.13,-2.22,0.0,0.0,1
2.44,3.6800000000000006,2024-01-06 20:58:59,2024-01-07 01:58:59+00:00,1704592739,KNYNEWYO1805,40.638,-74.035,America/New_York,2.0,2.0,2.0,1.0,2.0,1.0,2.0,2.0,2.0,2.0,2.0,0.0,93.0,94.0,93.0,1.3888888888888888,1.9444444444444444,0.5555555555555556,3.0555555555555554,4.722222222222222,1.3888888888888888,190.0,1007.79,1006.43,-1.48,0.0,0.0,1
2.97,2.3199999999999985,2024-01-06 21:58:58,2024-01-07 02:58:58+00:00,1704596338,KNYNEWYO1805,40.638,-74.035,America/New_York,2.0,3.0,2.0,1.0,2.0,1.0,2.0,3.0,2.0,1.0,2.0,0.0,93.0,94.0,93.0,1.6666666666666665,3.0555555555555554,0.8333333333333333,3.611111111111111,5.277777777777778,1.6666666666666665,303.0,1005.76,1005.08,-0.74,0.0,0.0,1
2.39,1.370000000000001,2024-01-06 22:58:57,2024-01-07 03:58:57+00:00,1704599937,KNYNEWYO1805,40.638,-74.035,America/New_York,2.0,2.0,2.0,1.0,1.0,1.0,2.0,2.0,2.0,0.0,1.0,-1.0,93.0,94.0,93.0,2.2222222222222223,3.333333333333333,1.6666666666666665,4.166666666666667,5.277777777777778,3.0555555555555554,261.0,1005.08,1004.4,-0.74,0.0,0.0,1
0.58,0.34999999999999964,2024-01-06 23:58:57,2024-01-07 04:58:57+00:00,1704603537,KNYNEWYO1805,40.638,-74.035,America/New_York,3.0,3.0,3.0,2.0,2.0,2.0,3.0,3.0,3.0,3.0,3.0,1.0,92.0,93.0,92.0,1.1111111111111112,2.2222222222222223,0.2777777777777778,2.2222222222222223,3.333333333333333,0.8333333333333333,270.0,1004.74,1004.4,0.37,0.0,0.0,1
0.05,0.1,2024-01-07 00:58:54,2024-01-07 05:58:54+00:00,1704607134,KNYNEWYO1805,40.638,-74.035,America/New_York,3.0,3.0,3.0,2.0,2.0,2.0,3.0,3.0,3.0,2.0,3.0,1.0,94.0,95.0,94.0,1.1111111111111112,2.2222222222222223,0.2777777777777778,2.5,4.444444444444445,1.3888888888888888,286.0,1004.74,1004.06,-0.74,0.0,0.0,1
0.0,0.0,2024-01-07 01:58:54,2024-01-07 06:58:54+00:00,1704610734,KNYNEWYO1805,40.638,-74.035,America/New_York,3.0,3.0,3.0,2.0,2.0,2.0,3.0,3.0,3.0,2.0,3.0,1.0,94.0,95.0,94.0,1.3888888888888888,2.2222222222222223,0.8333333333333333,3.0555555555555554,5.277777777777778,1.9444444444444444,280.0,1003.73,1003.39,-0.37,0.0,0.0,1
0.0,0.0,2024-01-07 02:58:53,2024-01-07 07:58:53+00:00,1704614333,KNYNEWYO1805,40.638,-74.035,America/New_York,3.0,3.0,3.0,2.0,2.0,2.0,3.0,3.0,3.0,3.0,3.0,2.0,94.0,95.0,94.0,0.8333333333333333,1.3888888888888888,0.2777777777777778,2.2222222222222223,3.888888888888889,1.3888888888888888,255.0,1003.39,1002.71,-0.37,0.0,0.0,1
0.0,0.0,2024-01-07 03:58:51,2024-01-07 08:58:51+00:00,1704617931,KNYNEWYO1805,40.638,-74.035,America/New_York,3.0,3.0,3.0,3.0,3.0,2.0,3.0,3.0,3.0,3.0,3.0,2.0,94.0,95.0,94.0,0.8333333333333333,1.3888888888888888,0.2777777777777778,2.2222222222222223,3.888888888888889,1.3888888888888888,300.0,1002.71,1002.03,-0.74,0.0,0.0,1
0.0,0.0,2024-01-07 04:58:50,2024-01-07 09:58:50+00:00,1704621530,KNYNEWYO1805,40.638,-74.035,America/New_York,3.0,3.0,3.0,3.0,3.0,3.0,3.0,3.0,3.0,3.0,3.0,3.0,95.0,95.0,95.0,0.5555555555555556,1.1111111111111112,0.2777777777777778,1.3888888888888888,2.7777777777777777,0.8333333333333333,297.0,1002.03,1001.69,0.0,0.0,0.0,1
0.0,0.0,2024-01-07 05:58:48,2024-01-07 10:58:48+00:00,1704625128,KNYNEWYO1805,40.638,-74.035,America/New_York,3.0,3.0,3.0,3.0,3.0,3.0,3.0,3.0,3.0,3.0,3.0,3.0,95.0,95.0,95.0,0.5555555555555556,1.1111111111111112,0.2777777777777778,1.6666666666666665,2.5,1.1111111111111112,291.0,1002.03,1001.69,0.0,0.0,0.0,1
0.0,0.0,2024-01-07 06:58:49,2024-01-07 11:58:49+00:00,1704628729,KNYNEWYO1805,40.638,-74.035,America/New_York,3.0,3.0,3.0,3.0,3.0,3.0,3.0,3.0,3.0,3.0,3.0,3.0,95.0,95.0,95.0,0.5555555555555556,1.1111111111111112,0.2777777777777778,1.3888888888888888,2.2222222222222223,0.8333333333333333,309.0,1001.69,1001.36,-0.37,0.0,0.0,1
0.0,0.0,2024-01-07 07:58:47,2024-01-07 12:58:47+00:00,1704632327,KNYNEWYO1805,40.638,-74.035,America/New_York,4.0,4.0,3.0,3.0,3.0,3.0,4.0,4.0,3.0,3.0,4.0,2.0,95.0,95.0,95.0,0.8333333333333333,1.3888888888888888,0.2777777777777778,1.9444444444444444,2.7777777777777777,1.1111111111111112,300.0,1001.69,1001.36,0.37,8.0,0.0,1
0.71,1.3199999999999998,2024-01-07 08:58:46,2024-01-07 13:58:46+00:00,1704635926,KNYNEWYO1805,40.638,-74.035,America/New_York,3.0,3.0,3.0,2.0,3.0,2.0,3.0,3.0,3.0,3.0,3.0,3.0,94.0,95.0,94.0,0.5555555555555556,1.1111111111111112,0.2777777777777778,1.3888888888888888,2.5,0.8333333333333333,196.0,1002.03,1001.69,0.37,39.0,0.1,1
0.71,0.08000000000000007,2024-01-07 09:58:44,2024-01-07 14:58:44+00:00,1704639524,KNYNEWYO1805,40.638,-74.035,America/New_York,3.0,3.0,3.0,2.0,2.0,2.0,3.0,3.0,3.0,3.0,3.0,3.0,93.0,94.0,92.0,0.5555555555555556,0.8333333333333333,0.2777777777777778,1.3888888888888888,2.7777777777777777,1.1111111111111112,85.0,1002.03,1001.69,-0.37,76.0,0.2,1
0.23,0.7400000000000002,2024-01-07 10:58:45,2024-01-07 15:58:45+00:00,1704643125,KNYNEWYO1805,40.638,-74.035,America/New_York,3.0,3.0,2.0,2.0,2.0,2.0,3.0,3.0,2.0,3.0,3.0,1.0,93.0,95.0,92.0,0.8333333333333333,1.6666666666666665,0.2777777777777778,1.6666666666666665,3.0555555555555554,1.1111111111111112,120.0,1002.37,1001.69,0.74,77.0,0.2,1
0.64,1.0899999999999999,2024-01-07 11:58:44,2024-01-07 16:58:44+00:00,1704646724,KNYNEWYO1805,40.638,-74.035,America/New_York,2.0,2.0,2.0,2.0,2.0,1.0,2.0,2.0,2.0,1.0,2.0,0.0,96.0,97.0,95.0,1.3888888888888888,1.9444444444444444,1.1111111111111112,2.5,3.888888888888889,1.6666666666666665,125.0,1002.71,1002.03,-0.37,167.0,0.5,1
0.33,0.4299999999999997,2024-01-07 12:58:41,2024-01-07 17:58:41+00:00,1704650321,KNYNEWYO1805,40.638,-74.035,America/New_York,2.0,3.0,2.0,1.0,2.0,1.0,2.0,3.0,2.0,2.0,3.0,1.0,94.0,96.0,93.0,1.1111111111111112,1.3888888888888888,0.5555555555555556,1.9444444444444444,3.333333333333333,1.1111111111111112,138.0,1002.37,1002.03,-0.37,315.0,0.9,1
0.1,0.08000000000000007,2024-01-07 13:58:41,2024-01-07 18:58:41+00:00,1704653921,KNYNEWYO1805,40.638,-74.035,America/New_York,3.0,3.0,2.0,1.0,1.0,1.0,3.0,3.0,2.0,2.0,3.0,1.0,90.0,92.0,88.0,1.1111111111111112,1.3888888888888888,0.8333333333333333,2.2222222222222223,2.5,1.6666666666666665,135.0,1002.71,1002.03,0.74,276.0,0.8,1
0.0,0.0,2024-01-07 14:58:41,2024-01-07 19:58:41+00:00,1704657521,KNYNEWYO1805,40.638,-74.035,America/New_York,3.0,4.0,3.0,1.0,1.0,1.0,3.0,4.0,3.0,3.0,4.0,3.0,86.0,88.0,85.0,0.8333333333333333,1.3888888888888888,0.5555555555555556,1.6666666666666665,2.5,1.1111111111111112,128.0,1003.39,1002.71,0.74,154.0,0.5,1
0.0,0.0,2024-01-07 15:58:40,2024-01-07 20:58:40+00:00,1704661120,KNYNEWYO1805,40.638,-74.035,America/New_York,4.0,4.0,4.0,1.0,2.0,1.0,4.0,4.0,4.0,3.0,4.0,2.0,83.0,86.0,82.0,1.3888888888888888,1.6666666666666665,0.8333333333333333,2.2222222222222223,2.5,1.6666666666666665,134.0,1004.74,1003.39,1.48,40.0,0.1,1
0.0,0.0,2024-01-07 16:58:38,2024-01-07 21:58:38+00:00,1704664718,KNYNEWYO1805,40.638,-74.035,America/New_York,3.0,4.0,3.0,1.0,2.0,1.0,3.0,4.0,3.0,3.0,4.0,2.0,86.0,88.0,84.0,0.8333333333333333,1.6666666666666665,0.2777777777777778,1.6666666666666665,3.0555555555555554,1.1111111111111112,127.0,1006.43,1004.74,1.85,6.0,0.0,1
0.0,0.0,2024-01-07 17:58:38,2024-01-07 22:58:38+00:00,1704668318,KNYNEWYO1805,40.638,-74.035,America/New_York,2.0,3.0,2.0,1.0,1.0,1.0,2.0,3.0,2.0,2.0,3.0,2.0,89.0,91.0,88.0,0.8333333333333333,1.1111111111111112,0.2777777777777778,1.9444444444444444,3.888888888888889,1.3888888888888888,113.0,1008.13,1006.43,1.85,0.0,0.0,1
0.0,0.0,2024-01-07 18:58:37,2024-01-07 23:58:37+00:00,1704671917,KNYNEWYO1805,40.638,-74.035,America/New_York,2.0,2.0,2.0,1.0,1.0,0.0,2.0,2.0,2.0,2.0,2.0,1.0,89.0,91.0,88.0,0.8333333333333333,1.3888888888888888,0.2777777777777778,1.6666666666666665,3.333333333333333,1.1111111111111112,106.0,1010.16,1008.13,2.22,0.0,0.0,1
0.0,0.0,2024-01-07 19:58:34,2024-01-08 00:58:34+00:00,1704675514,KNYNEWYO1805,40.638,-74.035,America/New_York,3.0,3.0,2.0,0.0,1.0,-1.0,3.0,3.0,2.0,2.0,2.0,0.0,82.0,88.0,74.0,1.3888888888888888,2.7777777777777777,0.0,2.5,4.722222222222222,0.5555555555555556,113.0,1011.51,1010.16,1.48,0.0,0.0,1
0.0,0.0,2024-01-07 20:58:34,2024-01-08 01:58:34+00:00,1704679114,KNYNEWYO1805,40.638,-74.035,America/New_York,3.0,3.0,3.0,-1.0,-1.0,-1.0,3.0,3.0,3.0,1.0,3.0,1.0,73.0,75.0,73.0,1.9444444444444444,2.5,1.1111111111111112,3.333333333333333,4.722222222222222,2.5,128.0,1012.87,1011.51,1.48,0.0,0.0,1
0.0,0.0,2024-01-07 21:58:34,2024-01-08 02:58:34+00:00,1704682714,KNYNEWYO1805,40.638,-74.035,America/New_York,3.0,3.0,3.0,-1.0,-1.0,-2.0,3.0,3.0,3.0,2.0,3.0,1.0,73.0,75.0,71.0,1.6666666666666665,2.2222222222222223,1.1111111111111112,2.7777777777777777,4.166666666666667,1.6666666666666665,136.0,1013.88,1012.87,1.11,0.0,0.0,1
0.0,0.0,2024-01-07 22:58:32,2024-01-08 03:58:32+00:00,1704686312,KNYNEWYO1805,40.638,-74.035,America/New_York,3.0,3.0,3.0,-1.0,-1.0,-2.0,3.0,3.0,3.0,3.0,3.0,2.0,72.0,74.0,72.0,1.3888888888888888,1.6666666666666665,0.8333333333333333,2.2222222222222223,3.0555555555555554,1.6666666666666665,141.0,1014.9,1014.22,0.74,0.0,0.0,1
0.0,0.0,2024-01-07 23:58:30,2024-01-08 04:58:30+00:00,1704689910,KNYNEWYO1805,40.638,-74.035,America/New_York,3.0,3.0,3.0,-1.0,-1.0,-2.0,3.0,3.0,3.0,2.0,3.0,1.0,73.0,74.0,72.0,1.3888888888888888,1.6666666666666665,0.8333333333333333,2.2222222222222223,3.611111111111111,1.3888888888888888,132.0,1016.26,1014.9,1.48,0.0,0.0,1
0.0,0.0,2024-01-08 00:58:30,2024-01-08 05:58:30+00:00,1704693510,KNYNEWYO1805,40.638,-74.035,America/New_York,3.0,3.0,3.0,-1.0,-1.0,-2.0,3.0,3.0,3.0,2.0,3.0,1.0,73.0,74.0,72.0,1.3888888888888888,1.6666666666666665,0.8333333333333333,2.2222222222222223,3.333333333333333,1.6666666666666665,142.0,1016.93,1016.26,0.74,0.0,0.0,1
0.0,0.0,2024-01-08 01:58:29,2024-01-08 06:58:29+00:00,1704697109,KNYNEWYO1805,40.638,-74.035,America/New_York,3.0,3.0,3.0,-1.0,-1.0,-2.0,3.0,3.0,3.0,3.0,3.0,2.0,73.0,74.0,73.0,0.8333333333333333,1.3888888888888888,0.5555555555555556,1.6666666666666665,2.5,1.1111111111111112,133.0,1017.95,1017.27,0.74,0.0,0.0,1
0.0,0.0,2024-01-08 02:58:28,2024-01-08 07:58:28+00:00,1704700708,KNYNEWYO1805,40.638,-74.035,America/New_York,3.0,3.0,3.0,-1.0,-1.0,-1.0,3.0,3.0,3.0,3.0,3.0,2.0,72.0,74.0,71.0,1.1111111111111112,1.9444444444444444,0.8333333333333333,2.2222222222222223,2.7777777777777777,1.3888888888888888,129.0,1019.64,1018.29,1.48,0.0,0.0,1
0.0,0.0,2024-01-08 03:58:26,2024-01-08 08:58:26+00:00,1704704306,KNYNEWYO1805,40.638,-74.035,America/New_York,3.0,3.0,3.0,-2.0,-1.0,-2.0,3.0,3.0,3.0,3.0,3.0,2.0,70.0,71.0,69.0,1.3888888888888888,1.6666666666666665,0.8333333333333333,2.5,3.888888888888889,1.6666666666666665,134.0,1020.32,1019.64,0.74,0.0,0.0,1
0.0,0.0,2024-01-08 04:54:26,2024-01-08 09:54:26+00:00,1704707666,KNYNEWYO1805,40.638,-74.035,America/New_York,3.0,3.0,3.0,-2.0,-2.0,-2.0,3.0,3.0,3.0,2.0,3.0,1.0,69.0,70.0,68.0,1.3888888888888888,2.2222222222222223,1.1111111111111112,2.7777777777777777,5.0,1.3888888888888888,138.0,1020.66,1020.32,0.4,0.0,0.0,1
0.0,0.0,2024-01-08 05:59:15,2024-01-08 10:59:15+00:00,1704711555,KNYNEWYO1805,40.638,-74.035,America/New_York,3.0,3.0,3.0,-2.0,-2.0,-3.0,3.0,3.0,3.0,2.0,3.0,1.0,69.0,70.0,68.0,1.3888888888888888,1.6666666666666665,0.8333333333333333,2.5,3.333333333333333,1.9444444444444444,138.0,1022.69,1020.66,1.73,0.0,0.0,1
0.0,0.0,2024-01-08 06:59:24,2024-01-08 11:59:24+00:00,1704715164,KNYNEWYO1805,40.638,-74.035,America/New_York,3.0,3.0,3.0,-2.0,-2.0,-3.0,3.0,3.0,3.0,2.0,3.0,1.0,69.0,71.0,69.0,1.1111111111111112,1.6666666666666665,0.8333333333333333,2.2222222222222223,3.0555555555555554,1.6666666666666665,126.0,1024.04,1022.69,1.48,0.0,0.0,1
0.0,0.0,2024-01-08 07:59:24,2024-01-08 12:59:24+00:00,1704718764,KNYNEWYO1805,40.638,-74.035,America/New_York,3.0,3.0,3.0,-2.0,-2.0,-2.0,3.0,3.0,3.0,2.0,3.0,1.0,70.0,71.0,69.0,1.3888888888888888,1.9444444444444444,0.8333333333333333,2.7777777777777777,3.888888888888889,1.3888888888888888,125.0,1024.72,1023.71,0.74,31.0,0.1,1
0.0,0.0,2024-01-08 08:59:22,2024-01-08 13:59:22+00:00,1704722362,KNYNEWYO1805,40.638,-74.035,America/New_York,3.0,4.0,3.0,-2.0,-2.0,-2.0,3.0,4.0,3.0,2.0,4.0,1.0,67.0,71.0,63.0,1.3888888888888888,2.2222222222222223,0.8333333333333333,3.0555555555555554,5.0,1.9444444444444444,135.0,1026.75,1025.06,1.85,215.0,0.6,1
0.0,0.0,2024-01-08 09:59:21,2024-01-08 14:59:21+00:00,1704725961,KNYNEWYO1805,40.638,-74.035,America/New_York,4.0,5.0,4.0,-2.0,-2.0,-2.0,4.0,5.0,4.0,3.0,4.0,3.0,62.0,64.0,61.0,1.6666666666666665,1.9444444444444444,1.3888888888888888,3.0555555555555554,3.888888888888889,2.5,123.0,1027.77,1026.41,1.48,362.0,1.0,1
0.0,0.0,2024-01-08 10:59:20,2024-01-08 15:59:20+00:00,1704729560,KNYNEWYO1805,40.638,-74.035,America/New_York,5.0,5.0,5.0,-2.0,-2.0,-3.0,5.0,5.0,5.0,5.0,5.0,3.0,59.0,61.0,56.0,1.1111111111111112,1.6666666666666665,0.5555555555555556,2.2222222222222223,3.611111111111111,1.3888888888888888,142.0,1028.11,1027.77,0.0,451.0,1.3,1
0.0,0.0,2024-01-08 11:59:18,2024-01-08 16:59:18+00:00,1704733158,KNYNEWYO1805,40.638,-74.035,America/New_York,6.0,6.0,6.0,-2.0,-2.0,-3.0,6.0,6.0,6.0,6.0,6.0,5.0,56.0,58.0,55.0,1.1111111111111112,1.6666666666666665,0.5555555555555556,2.2222222222222223,3.333333333333333,1.1111111111111112,144.0,1028.45,1027.77,0.37,475.0,1.4,1
0.0,0.0,2024-01-08 12:59:17,2024-01-08 17:59:17+00:00,1704736757,KNYNEWYO1805,40.638,-74.035,America/New_York,7.0,7.0,6.0,-2.0,-2.0,-2.0,7.0,7.0,6.0,7.0,7.0,6.0,53.0,55.0,52.0,1.1111111111111112,1.3888888888888888,0.5555555555555556,1.9444444444444444,2.7777777777777777,1.3888888888888888,127.0,1028.45,1028.11,-0.37,473.0,1.4,1
0.0,0.0,2024-01-08 13:59:17,2024-01-08 18:59:17+00:00,1704740357,KNYNEWYO1805,40.638,-74.035,America/New_York,7.0,8.0,7.0,-2.0,-2.0,-3.0,7.0,8.0,7.0,7.0,8.0,7.0,51.0,53.0,51.0,0.8333333333333333,1.1111111111111112,0.5555555555555556,1.6666666666666665,3.333333333333333,1.1111111111111112,128.0,1028.45,1028.11,0.37,422.0,1.2,1
0.0,0.0,2024-01-08 14:59:16,2024-01-08 19:59:16+00:00,1704743956,KNYNEWYO1805,40.638,-74.035,America/New_York,7.0,8.0,7.0,-2.0,-1.0,-3.0,7.0,8.0,7.0,7.0,8.0,7.0,52.0,54.0,49.0,0.5555555555555556,0.8333333333333333,0.2777777777777778,1.3888888888888888,3.0555555555555554,0.8333333333333333,150.0,1028.45,1028.11,0.0,286.0,0.8,1
0.0,0.0,2024-01-08 15:59:13,2024-01-08 20:59:13+00:00,1704747553,KNYNEWYO1805,40.638,-74.035,America/New_York,7.0,8.0,6.0,-2.0,-1.0,-2.0,7.0,8.0,6.0,7.0,8.0,6.0,53.0,56.0,51.0,0.5555555555555556,0.8333333333333333,0.0,1.1111111111111112,1.3888888888888888,0.8333333333333333,139.0,1029.12,1028.45,0.74,173.0,0.5,1
0.0,0.0,2024-01-08 16:59:13,2024-01-08 21:59:13+00:00,1704751153,KNYNEWYO1805,40.638,-74.035,America/New_York,6.0,6.0,6.0,-2.0,-1.0,-2.0,6.0,6.0,6.0,6.0,6.0,6.0,58.0,60.0,55.0,0.2777777777777778,0.5555555555555556,0.0,0.8333333333333333,1.3888888888888888,0.0,137.0,1029.8,1029.12,0.74,27.0,0.1,1
0.0,0.0,2024-01-08 17:59:11,2024-01-08 22:59:11+00:00,1704754751,KNYNEWYO1805,40.638,-74.035,America/New_York,5.0,6.0,5.0,-1.0,-1.0,-2.0,5.0,6.0,5.0,5.0,6.0,5.0,62.0,63.0,61.0,0.2777777777777778,0.5555555555555556,0.0,0.8333333333333333,1.3888888888888888,0.0,93.0,1030.82,1029.8,0.74,0.0,0.0,1
0.0,0.0,2024-01-08 18:59:12,2024-01-08 23:59:12+00:00,1704758352,KNYNEWYO1805,40.638,-74.035,America/New_York,5.0,5.0,5.0,-1.0,-1.0,-2.0,5.0,5.0,5.0,5.0,5.0,5.0,63.0,65.0,63.0,0.0,0.2777777777777778,0.0,0.2777777777777778,1.1111111111111112,0.0,45.0,1030.82,1030.48,0.37,0.0,0.0,1
0.0,0.0,2024-01-08 19:59:09,2024-01-09 00:59:09+00:00,1704761949,KNYNEWYO1805,40.638,-74.035,America/New_York,4.0,4.0,4.0,-1.0,-1.0,-2.0,4.0,4.0,4.0,4.0,4.0,4.0,68.0,71.0,64.0,0.0,0.2777777777777778,0.0,0.2777777777777778,0.8333333333333333,0.0,200.0,1031.16,1030.82,0.37,0.0,0.0,1
0.0,0.0,2024-01-08 20:59:16,2024-01-09 01:59:16+00:00,1704765556,KNYNEWYO1805,40.638,-74.035,America/New_York,3.0,4.0,3.0,-1.0,0.0,-2.0,3.0,4.0,3.0,3.0,4.0,3.0,72.0,75.0,70.0,0.0,0.0,0.0,0.0,0.0,0.0,,1031.16,1030.82,-0.37,0.0,0.0,1
0.0,0.0,2024-01-08 21:59:07,2024-01-09 02:59:07+00:00,1704769147,KNYNEWYO1805,40.638,-74.035,America/New_York,2.0,3.0,2.0,-1.0,-1.0,-2.0,2.0,3.0,2.0,2.0,3.0,2.0,75.0,78.0,73.0,0.0,0.0,0.0,0.0,0.2777777777777778,0.0,,1030.48,1029.8,-0.74,0.0,0.0,1
0.0,0.0,2024-01-08 22:59:08,2024-01-09 03:59:08+00:00,1704772748,KNYNEWYO1805,40.638,-74.035,America/New_York,2.0,2.0,2.0,-2.0,-1.0,-2.0,2.0,2.0,2.0,2.0,2.0,2.0,78.0,81.0,78.0,0.0,0.2777777777777778,0.0,0.0,1.1111111111111112,0.0,22.0,1030.14,1029.8,0.0,0.0,0.0,1
0.0,0.0,2024-01-08 23:59:05,2024-01-09 04:59:05+00:00,1704776345,KNYNEWYO1805,40.638,-74.035,America/New_York,1.0,2.0,1.0,-1.0,-1.0,-1.0,1.0,2.0,1.0,1.0,2.0,1.0,84.0,86.0,81.0,0.0,0.2777777777777778,0.0,0.2777777777777778,0.8333333333333333,0.0,345.0,1029.8,1029.8,0.0,0.0,0.0,1
0.0,0.0,2024-01-09 00:59:05,2024-01-09 05:59:05+00:00,1704779945,KNYNEWYO1805,40.638,-74.035,America/New_York,2.0,2.0,1.0,0.0,0.0,-1.0,2.0,2.0,1.0,2.0,2.0,1.0,86.0,88.0,86.0,0.0,0.2777777777777778,0.0,0.2777777777777778,0.8333333333333333,0.0,303.0,1030.48,1029.8,0.74,0.0,0.0,1
0.0,0.0,2024-01-09 01:59:05,2024-01-09 06:59:05+00:00,1704783545,KNYNEWYO1805,40.638,-74.035,America/New_York,1.0,2.0,1.0,-1.0,-1.0,-1.0,1.0,2.0,1.0,1.0,2.0,1.0,86.0,88.0,85.0,0.0,0.0,0.0,0.0,0.0,0.0,,1030.14,1029.46,-0.37,0.0,0.0,1
0.0,0.0,2024-01-09 02:59:03,2024-01-09 07:59:03+00:00,1704787143,KNYNEWYO1805,40.638,-74.035,America/New_York,1.0,1.0,1.0,-1.0,-1.0,-1.0,1.0,1.0,1.0,1.0,1.0,1.0,89.0,90.0,88.0,0.0,0.0,0.0,0.0,0.5555555555555556,0.0,27.0,1030.14,1029.8,0.0,0.0,0.0,1
0.0,0.0,2024-01-09 03:59:02,2024-01-09 08:59:02+00:00,1704790742,KNYNEWYO1805,40.638,-74.035,America/New_York,1.0,2.0,1.0,-1.0,0.0,-1.0,1.0,2.0,1.0,1.0,2.0,1.0,89.0,91.0,89.0,0.0,0.2777777777777778,0.0,0.2777777777777778,0.8333333333333333,0.0,276.0,1029.8,1028.78,-1.11,0.0,0.0,1
0.0,0.0,2024-01-09 04:59:01,2024-01-09 09:59:01+00:00,1704794341,KNYNEWYO1805,40.638,-74.035,America/New_York,2.0,2.0,2.0,0.0,0.0,-1.0,2.0,2.0,2.0,2.0,2.0,2.0,86.0,89.0,82.0,0.0,0.2777777777777778,0.0,0.2777777777777778,0.8333333333333333,0.0,24.0,1028.78,1028.45,0.0,0.0,0.0,1
0.0,0.0,2024-01-09 05:58:59,2024-01-09 10:58:59+00:00,1704797939,KNYNEWYO1805,40.638,-74.035,America/New_York,3.0,3.0,2.0,0.0,0.0,0.0,3.0,3.0,2.0,3.0,3.0,2.0,79.0,82.0,79.0,0.0,0.2777777777777778,0.0,0.2777777777777778,0.8333333333333333,0.0,80.0,1028.78,1028.45,0.0,0.0,0.0,1
0.0,0.0,2024-01-09 06:59:00,2024-01-09 11:59:00+00:00,1704801540,KNYNEWYO1805,40.638,-74.035,America/New_York,4.0,4.0,3.0,1.0,1.0,0.0,4.0,4.0,3.0,4.0,4.0,3.0,79.0,80.0,79.0,0.0,0.2777777777777778,0.0,0.2777777777777778,1.3888888888888888,0.0,73.0,1028.45,1027.43,-1.11,0.0,0.0,1
0.0,0.0,2024-01-09 07:58:57,2024-01-09 12:58:57+00:00,1704805137,KNYNEWYO1805,40.638,-74.035,America/New_York,4.0,4.0,4.0,1.0,1.0,1.0,4.0,4.0,4.0,4.0,4.0,4.0,77.0,79.0,76.0,0.2777777777777778,1.1111111111111112,0.0,0.8333333333333333,1.9444444444444444,0.0,90.0,1027.43,1026.08,-1.48,15.0,0.0,1
0.0,0.0,2024-01-09 08:58:57,2024-01-09 13:58:57+00:00,1704808737,KNYNEWYO1805,40.638,-74.035,America/New_York,5.0,5.0,4.0,1.0,1.0,1.0,5.0,5.0,4.0,5.0,5.0,4.0,75.0,77.0,74.0,0.5555555555555556,1.1111111111111112,0.0,1.1111111111111112,2.2222222222222223,0.0,109.0,1026.41,1026.08,0.37,49.0,0.1,1
0.0,0.0,2024-01-09 09:58:55,2024-01-09 14:58:55+00:00,1704812335,KNYNEWYO1805,40.638,-74.035,America/New_York,6.0,6.0,6.0,1.0,2.0,1.0,6.0,6.0,6.0,6.0,6.0,5.0,70.0,72.0,70.0,1.1111111111111112,1.9444444444444444,0.5555555555555556,2.5,4.166666666666667,1.1111111111111112,115.0,1026.08,1025.4,-0.74,90.0,0.3,1
0.0,0.0,2024-01-09 10:58:56,2024-01-09 15:58:56+00:00,1704815936,KNYNEWYO1805,40.638,-74.035,America/New_York,7.0,7.0,6.0,2.0,2.0,1.0,7.0,7.0,6.0,6.0,7.0,6.0,70.0,71.0,70.0,1.1111111111111112,1.6666666666666665,0.5555555555555556,2.7777777777777777,3.888888888888889,1.1111111111111112,104.0,1025.4,1024.04,-1.48,38.0,0.1,1
0.08,0.66,2024-01-09 11:58:54,2024-01-09 16:58:54+00:00,1704819534,KNYNEWYO1805,40.638,-74.035,America/New_York,7.0,7.0,7.0,3.0,3.0,2.0,7.0,7.0,7.0,6.0,7.0,5.0,77.0,80.0,72.0,1.1111111111111112,2.2222222222222223,0.2777777777777778,2.7777777777777777,4.166666666666667,1.1111111111111112,117.0,1024.04,1021.33,-2.96,44.0,0.1,1
0.08,0.0,2024-01-09 12:58:54,2024-01-09 17:58:54+00:00,1704823134,KNYNEWYO1805,40.638,-74.035,America/New_York,7.0,7.0,7.0,4.0,4.0,3.0,7.0,7.0,7.0,6.0,7.0,5.0,82.0,84.0,81.0,1.6666666666666665,2.5,0.8333333333333333,3.0555555555555554,5.277777777777778,1.3888888888888888,133.0,1021.0,1018.63,-2.59,86.0,0.3,1
0.94,1.29,2024-01-09 13:58:51,2024-01-09 18:58:51+00:00,1704826731,KNYNEWYO1805,40.638,-74.035,America/New_York,7.0,7.0,7.0,5.0,5.0,4.0,7.0,7.0,7.0,6.0,7.0,5.0,87.0,90.0,84.0,1.3888888888888888,2.2222222222222223,0.8333333333333333,3.0555555555555554,4.166666666666667,2.2222222222222223,131.0,1018.63,1016.93,-1.85,50.0,0.1,1
1.65,1.78,2024-01-09 14:58:51,2024-01-09 19:58:51+00:00,1704830331,KNYNEWYO1805,40.638,-74.035,America/New_York,7.0,7.0,7.0,5.0,5.0,5.0,7.0,7.0,7.0,6.0,7.0,5.0,90.0,91.0,90.0,1.6666666666666665,2.2222222222222223,1.1111111111111112,3.611111111111111,5.833333333333333,2.5,120.0,1016.93,1014.56,-2.59,22.0,0.1,1
1.88,2.1399999999999997,2024-01-09 15:58:49,2024-01-09 20:58:49+00:00,1704833929,KNYNEWYO1805,40.638,-74.035,America/New_York,7.0,7.0,7.0,6.0,6.0,5.0,7.0,7.0,7.0,6.0,6.0,6.0,92.0,93.0,91.0,1.6666666666666665,2.2222222222222223,1.3888888888888888,3.611111111111111,5.833333333333333,2.5,115.0,1014.22,1011.51,-2.96,15.0,0.0,1
1.96,1.9800000000000004,2024-01-09 16:58:48,2024-01-09 21:58:48+00:00,1704837528,KNYNEWYO1805,40.638,-74.035,America/New_York,8.0,8.0,7.0,7.0,7.0,6.0,8.0,8.0,7.0,7.0,8.0,6.0,93.0,94.0,93.0,1.9444444444444444,2.7777777777777777,0.8333333333333333,4.166666666666667,6.388888888888888,2.2222222222222223,115.0,1011.51,1009.14,-2.59,5.0,0.0,1
3.48,3.7299999999999995,2024-01-09 17:58:48,2024-01-09 22:58:48+00:00,1704841128,KNYNEWYO1805,40.638,-74.035,America/New_York,9.0,9.0,8.0,8.0,8.0,7.0,9.0,9.0,8.0,8.0,8.0,7.0,94.0,95.0,94.0,1.9444444444444444,2.5,1.1111111111111112,4.444444444444445,6.666666666666666,2.5,128.0,1009.14,1006.43,-2.96,0.0,0.0,1
4.85,3.0500000000000007,2024-01-09 18:58:47,2024-01-09 23:58:47+00:00,1704844727,KNYNEWYO1805,40.638,-74.035,America/New_York,10.0,10.0,9.0,9.0,9.0,8.0,10.0,10.0,9.0,9.0,10.0,8.0,94.0,95.0,94.0,2.2222222222222223,2.5,1.3888888888888888,4.444444444444445,5.833333333333333,2.5,124.0,1005.76,1002.37,-3.7,0.0,0.0,1
7.65,6.649999999999999,2024-01-09 19:59:12,2024-01-10 00:59:12+00:00,1704848352,KNYNEWYO1805,40.638,-74.035,America/New_York,10.0,11.0,10.0,10.0,10.0,9.0,10.0,11.0,10.0,10.0,11.0,10.0,95.0,96.0,94.0,1.9444444444444444,2.7777777777777777,1.3888888888888888,4.166666666666667,5.555555555555555,2.7777777777777777,115.0,1002.03,999.66,-2.57,0.0,0.0,1
9.4,7.620000000000001,2024-01-09 20:58:44,2024-01-10 01:58:44+00:00,1704851924,KNYNEWYO1805,40.638,-74.035,America/New_York,11.0,11.0,11.0,10.0,11.0,10.0,11.0,11.0,11.0,11.0,11.0,11.0,96.0,97.0,96.0,1.9444444444444444,2.5,1.1111111111111112,3.888888888888889,4.722222222222222,2.5,132.0,998.98,995.94,-3.33,0.0,0.0,1
8.69,7.880000000000003,2024-01-09 21:58:44,2024-01-10 02:58:44+00:00,1704855524,KNYNEWYO1805,40.638,-74.035,America/New_York,12.0,12.0,11.0,11.0,12.0,11.0,12.0,12.0,11.0,12.0,12.0,11.0,96.0,97.0,96.0,2.2222222222222223,3.333333333333333,1.6666666666666665,4.722222222222222,8.055555555555555,3.611111111111111,120.0,995.94,992.21,-4.06,0.0,0.0,1
7.9,8.96,2024-01-09 22:58:43,2024-01-10 03:58:43+00:00,1704859123,KNYNEWYO1805,40.638,-74.035,America/New_York,13.0,13.0,12.0,12.0,12.0,12.0,13.0,13.0,12.0,13.0,13.0,12.0,95.0,96.0,95.0,1.9444444444444444,2.7777777777777777,1.3888888888888888,4.444444444444445,5.555555555555555,3.333333333333333,68.0,992.55,990.18,0.74,0.0,0.0,1
13.28,5.359999999999999,2024-01-09 23:58:40,2024-01-10 04:58:40+00:00,1704862720,KNYNEWYO1805,40.638,-74.035,America/New_York,13.0,13.0,12.0,12.0,12.0,12.0,13.0,13.0,12.0,13.0,13.0,12.0,96.0,97.0,96.0,0.8333333333333333,1.6666666666666665,0.0,2.2222222222222223,5.0,0.8333333333333333,164.0,991.53,989.5,-2.22,0.0,0.0,1
7.67,5.54,2024-01-10 00:58:42,2024-01-10 05:58:42+00:00,1704866322,KNYNEWYO1805,40.638,-74.035,America/New_York,13.0,13.0,12.0,12.0,12.0,12.0,13.0,13.0,12.0,13.0,13.0,12.0,97.0,98.0,97.0,1.1111111111111112,1.6666666666666665,0.5555555555555556,2.5,3.611111111111111,1.3888888888888888,102.0,989.5,985.78,-4.05,0.0,0.0,1
6.86,0.71,2024-01-10 01:58:40,2024-01-10 06:58:40+00:00,1704869920,KNYNEWYO1805,40.638,-74.035,America/New_York,12.0,12.0,12.0,12.0,12.0,12.0,12.0,12.0,12.0,12.0,12.0,12.0,97.0,97.0,97.0,1.9444444444444444,2.5,1.1111111111111112,4.166666666666667,5.277777777777778,2.2222222222222223,308.0,985.44,984.42,0.0,0.0,0.0,1
0.3,0.7400000000000002,2024-01-10 02:58:38,2024-01-10 07:58:38+00:00,1704873518,KNYNEWYO1805,40.638,-74.035,America/New_York,12.0,12.0,12.0,12.0,12.0,12.0,12.0,12.0,12.0,12.0,12.0,12.0,97.0,98.0,97.0,1.3888888888888888,2.2222222222222223,0.2777777777777778,2.5,4.166666666666667,1.3888888888888888,239.0,984.76,983.07,-1.85,0.0,0.0,1
0.2,0.09999999999999964,2024-01-10 03:58:38,2024-01-10 08:58:38+00:00,1704877118,KNYNEWYO1805,40.638,-74.035,America/New_York,12.0,12.0,12.0,11.0,12.0,11.0,12.0,12.0,12.0,12.0,12.0,12.0,97.0,98.0,97.0,0.5555555555555556,0.8333333333333333,0.0,1.3888888888888888,1.9444444444444444,0.8333333333333333,76.0,983.41,982.39,-0.37,0.0,0.0,1
0.0,0.28000000000000025,2024-01-10 04:58:36,2024-01-10 09:58:36+00:00,1704880716,KNYNEWYO1805,40.638,-74.035,America/New_York,13.0,13.0,12.0,12.0,12.0,11.0,13.0,13.0,12.0,13.0,13.0,12.0,94.0,97.0,90.0,1.3888888888888888,1.9444444444444444,0.8333333333333333,2.7777777777777777,3.888888888888889,2.2222222222222223,247.0,982.73,982.39,0.0,0.0,0.0,1
0.0,0.0,2024-01-10 05:58:35,2024-01-10 10:58:35+00:00,1704884315,KNYNEWYO1805,40.638,-74.035,America/New_York,11.0,13.0,11.0,7.0,11.0,6.0,11.0,13.0,11.0,11.0,13.0,11.0,75.0,90.0,72.0,2.5,3.333333333333333,2.2222222222222223,3.888888888888889,5.0,2.5,107.0,984.76,983.41,1.48,0.0,0.0,1
0.0,0.0,2024-01-10 06:58:34,2024-01-10 11:58:34+00:00,1704887914,KNYNEWYO1805,40.638,-74.035,America/New_York,10.0,11.0,10.0,6.0,7.0,5.0,10.0,11.0,10.0,10.0,11.0,9.0,73.0,76.0,70.0,2.5,3.0555555555555554,1.6666666666666665,3.611111111111111,6.111111111111111,2.2222222222222223,100.0,986.12,985.1,1.11,0.0,0.0,1
0.0,0.0,2024-01-10 07:58:34,2024-01-10 12:58:34+00:00,1704891514,KNYNEWYO1805,40.638,-74.035,America/New_York,10.0,10.0,10.0,5.0,5.0,5.0,10.0,10.0,10.0,9.0,9.0,8.0,71.0,74.0,69.0,2.2222222222222223,3.333333333333333,1.6666666666666665,3.611111111111111,5.555555555555555,2.2222222222222223,102.0,987.47,986.12,1.48,29.0,0.1,1
0.0,0.0,2024-01-10 08:58:32,2024-01-10 13:58:32+00:00,1704895112,KNYNEWYO1805,40.638,-74.035,America/New_York,9.0,10.0,9.0,3.0,5.0,1.0,9.0,10.0,9.0,8.0,9.0,7.0,63.0,72.0,57.0,3.0555555555555554,4.722222222222222,1.6666666666666665,4.444444444444445,6.388888888888888,3.0555555555555554,106.0,989.5,987.47,2.22,79.0,0.2,1
0.0,0.0,2024-01-10 09:58:32,2024-01-10 14:58:32+00:00,1704898712,KNYNEWYO1805,40.638,-74.035,America/New_York,9.0,9.0,9.0,2.0,2.0,2.0,9.0,9.0,9.0,8.0,8.0,7.0,60.0,62.0,59.0,2.7777777777777777,3.611111111111111,1.9444444444444444,4.444444444444445,5.833333333333333,3.0555555555555554,109.0,990.86,989.5,1.11,297.0,0.9,1
0.0,0.0,2024-01-10 10:58:30,2024-01-10 15:58:30+00:00,1704902310,KNYNEWYO1805,40.638,-74.035,America/New_York,9.0,10.0,9.0,2.0,3.0,2.0,9.0,10.0,9.0,8.0,9.0,7.0,60.0,63.0,58.0,2.7777777777777777,4.166666666666667,1.6666666666666665,4.166666666666667,5.555555555555555,3.0555555555555554,102.0,991.87,990.86,1.11,497.0,1.4,1
0.0,0.0,2024-01-10 11:58:46,2024-01-10 16:58:46+00:00,1704905926,KNYNEWYO1805,40.638,-74.035,America/New_York,10.0,10.0,9.0,1.0,2.0,1.0,10.0,10.0,9.0,8.0,9.0,8.0,56.0,60.0,53.0,2.7777777777777777,3.611111111111111,2.2222222222222223,4.444444444444445,5.0,3.611111111111111,102.0,992.21,991.53,0.0,557.0,1.6,1
0.0,0.0,2024-01-10 12:58:27,2024-01-10 17:58:27+00:00,1704909507,KNYNEWYO1805,40.638,-74.035,America/New_York,9.0,10.0,9.0,0.0,2.0,-1.0,9.0,10.0,9.0,8.0,8.0,7.0,53.0,60.0,49.0,3.0555555555555554,3.888888888888889,1.9444444444444444,4.722222222222222,6.111111111111111,3.333333333333333,107.0,992.55,991.87,0.74,549.0,1.6,1
0.0,0.0,2024-01-10 13:59:27,2024-01-10 18:59:27+00:00,1704913167,KNYNEWYO1805,40.638,-74.035,America/New_York,9.0,9.0,9.0,0.0,1.0,0.0,9.0,9.0,9.0,7.0,8.0,7.0,54.0,57.0,50.0,3.333333333333333,4.444444444444445,2.5,4.722222222222222,6.388888888888888,3.333333333333333,109.0,994.58,992.55,2.18,299.0,0.9,1
0.0,0.0,2024-01-10 14:58:26,2024-01-10 19:58:26+00:00,1704916706,KNYNEWYO1805,40.638,-74.035,America/New_York,9.0,9.0,9.0,0.0,1.0,0.0,9.0,9.0,9.0,7.0,8.0,7.0,56.0,59.0,55.0,2.5,3.333333333333333,1.6666666666666665,3.611111111111111,4.444444444444445,2.5,108.0,995.94,994.58,1.51,73.0,0.2,1
0.0,0.0,2024-01-10 15:59:23,2024-01-10 20:59:23+00:00,1704920363,KNYNEWYO1805,40.638,-74.035,America/New_York,9.0,9.0,9.0,1.0,1.0,0.0,9.0,9.0,9.0,7.0,7.0,7.0,57.0,59.0,55.0,2.5,3.0555555555555554,2.2222222222222223,4.166666666666667,5.277777777777778,3.333333333333333,105.0,997.29,995.94,1.48,53.0,0.2,1
0.0,0.0,2024-01-10 16:59:23,2024-01-10 21:59:23+00:00,1704923963,KNYNEWYO1805,40.638,-74.035,America/New_York,9.0,9.0,9.0,1.0,1.0,1.0,9.0,9.0,9.0,7.0,8.0,7.0,58.0,60.0,57.0,2.2222222222222223,2.7777777777777777,1.6666666666666665,3.611111111111111,4.444444444444445,2.5,111.0,998.98,997.29,1.48,12.0,0.0,1
0.0,0.0,2024-01-10 17:59:23,2024-01-10 22:59:23+00:00,1704927563,KNYNEWYO1805,40.638,-74.035,America/New_York,9.0,9.0,9.0,1.0,1.0,0.0,9.0,9.0,9.0,7.0,8.0,7.0,57.0,60.0,56.0,2.2222222222222223,3.611111111111111,1.6666666666666665,3.611111111111111,5.277777777777778,2.5,109.0,1000.34,998.98,1.45,0.0,0.0,1
0.0,0.0,2024-01-10 18:58:28,2024-01-10 23:58:28+00:00,1704931108,KNYNEWYO1805,40.638,-74.035,America/New_York,8.0,9.0,8.0,1.0,1.0,0.0,8.0,9.0,8.0,7.0,7.0,7.0,57.0,59.0,56.0,2.5,2.7777777777777777,1.9444444444444444,3.888888888888889,4.722222222222222,3.0555555555555554,107.0,1001.69,1000.34,1.5,0.0,0.0,1
0.0,0.0,2024-01-10 19:59:19,2024-01-11 00:59:19+00:00,1704934759,KNYNEWYO1805,40.638,-74.035,America/New_York,8.0,8.0,8.0,0.0,1.0,0.0,8.0,8.0,8.0,7.0,7.0,6.0,57.0,60.0,56.0,2.2222222222222223,3.0555555555555554,1.6666666666666665,3.333333333333333,5.0,2.5,110.0,1003.05,1002.03,1.11,0.0,0.0,1
0.0,0.0,2024-01-10 20:59:19,2024-01-11 01:59:19+00:00,1704938359,KNYNEWYO1805,40.638,-74.035,America/New_York,8.0,8.0,8.0,0.0,0.0,0.0,8.0,8.0,8.0,6.0,7.0,6.0,57.0,59.0,56.0,2.7777777777777777,3.611111111111111,2.2222222222222223,4.166666666666667,5.555555555555555,3.0555555555555554,118.0,1003.73,1002.71,0.75,0.0,0.0,1
0.0,0.0,2024-01-10 21:59:19,2024-01-11 02:59:19+00:00,1704941959,KNYNEWYO1805,40.638,-74.035,America/New_York,8.0,8.0,8.0,0.0,1.0,0.0,8.0,8.0,8.0,6.0,8.0,6.0,59.0,61.0,58.0,2.2222222222222223,3.0555555555555554,1.3888888888888888,3.333333333333333,4.722222222222222,2.2222222222222223,110.0,1004.4,1003.73,0.74,0.0,0.0,1
0.0,0.0,2024-01-10 22:59:18,2024-01-11 03:59:18+00:00,1704945558,KNYNEWYO1805,40.638,-74.035,America/New_York,7.0,8.0,7.0,0.0,0.0,0.0,7.0,8.0,7.0,6.0,6.0,5.0,59.0,62.0,58.0,2.2222222222222223,3.0555555555555554,1.6666666666666665,3.611111111111111,5.0,3.0555555555555554,109.0,1005.08,1004.74,0.37,0.0,0.0,1
0.0,0.0,2024-01-10 23:59:15,2024-01-11 04:59:15+00:00,1704949155,KNYNEWYO1805,40.638,-74.035,America/New_York,7.0,7.0,7.0,0.0,0.0,-1.0,7.0,7.0,7.0,5.0,6.0,5.0,60.0,62.0,58.0,2.2222222222222223,2.7777777777777777,1.6666666666666665,3.333333333333333,4.444444444444445,2.2222222222222223,105.0,1005.76,1005.08,0.74,0.0,0.0,1
0.0,0.0,2024-01-11 00:59:15,2024-01-11 05:59:15+00:00,1704952755,KNYNEWYO1805,40.638,-74.035,America/New_York,7.0,7.0,7.0,0.0,0.0,0.0,7.0,7.0,7.0,5.0,6.0,5.0,61.0,62.0,60.0,1.9444444444444444,2.7777777777777777,1.3888888888888888,3.0555555555555554,3.888888888888889,2.2222222222222223,110.0,1006.43,1005.76,0.74,0.0,0.0,1
0.0,0.0,2024-01-11 01:59:14,2024-01-11 06:59:14+00:00,1704956354,KNYNEWYO1805,40.638,-74.035,America/New_York,6.0,7.0,6.0,0.0,0.0,-1.0,6.0,7.0,6.0,5.0,7.0,5.0,62.0,63.0,60.0,1.9444444444444444,2.2222222222222223,1.3888888888888888,2.7777777777777777,3.888888888888889,2.5,98.0,1007.11,1006.43,0.74,0.0,0.0,1
0.0,0.0,2024-01-11 02:59:13,2024-01-11 07:59:13+00:00,1704959953,KNYNEWYO1805,40.638,-74.035,America/New_York,6.0,6.0,6.0,0.0,0.0,0.0,6.0,6.0,6.0,5.0,5.0,4.0,62.0,63.0,62.0,2.2222222222222223,2.5,1.6666666666666665,3.333333333333333,4.444444444444445,2.5,106.0,1007.79,1007.45,0.37,0.0,0.0,1
0.0,0.0,2024-01-11 03:59:11,2024-01-11 08:59:11+00:00,1704963551,KNYNEWYO1805,40.638,-74.035,America/New_York,6.0,6.0,6.0,0.0,0.0,-1.0,6.0,6.0,6.0,5.0,5.0,4.0,62.0,64.0,61.0,2.2222222222222223,2.5,1.6666666666666665,3.333333333333333,3.888888888888889,2.5,112.0,1008.13,1007.79,0.37,0.0,0.0,1
0.0,0.0,2024-01-11 04:59:11,2024-01-11 09:59:11+00:00,1704967151,KNYNEWYO1805,40.638,-74.035,America/New_York,6.0,6.0,6.0,-1.0,-1.0,-1.0,6.0,6.0,6.0,5.0,5.0,4.0,61.0,62.0,60.0,1.9444444444444444,2.2222222222222223,1.3888888888888888,3.0555555555555554,3.888888888888889,2.2222222222222223,120.0,1008.81,1008.13,0.74,0.0,0.0,1
0.0,0.0,2024-01-11 05:59:08,2024-01-11 10:59:08+00:00,1704970748,KNYNEWYO1805,40.638,-74.035,America/New_York,6.0,6.0,6.0,-1.0,-1.0,-2.0,6.0,6.0,6.0,5.0,6.0,5.0,60.0,62.0,60.0,1.3888888888888888,1.6666666666666665,1.1111111111111112,2.5,3.611111111111111,1.9444444444444444,106.0,1009.14,1008.81,0.37,0.0,0.0,1
0.0,0.0,2024-01-11 06:59:09,2024-01-11 11:59:09+00:00,1704974349,KNYNEWYO1805,40.638,-74.035,America/New_York,5.0,6.0,5.0,-1.0,-1.0,-1.0,5.0,6.0,5.0,4.0,6.0,4.0,61.0,63.0,61.0,1.6666666666666665,1.9444444444444444,1.3888888888888888,2.5,3.611111111111111,2.2222222222222223,104.0,1010.16,1009.48,0.74,0.0,0.0,1
0.0,0.0,2024-01-11 07:59:07,2024-01-11 12:59:07+00:00,1704977947,KNYNEWYO1805,40.638,-74.035,America/New_York,5.0,5.0,5.0,-2.0,-1.0,-2.0,5.0,5.0,5.0,4.0,5.0,4.0,61.0,63.0,61.0,1.6666666666666665,1.9444444444444444,1.1111111111111112,2.5,3.0555555555555554,1.6666666666666665,104.0,1010.84,1010.16,0.37,29.0,0.1,1
0.0,0.0,2024-01-11 08:58:41,2024-01-11 13:58:41+00:00,1704981521,KNYNEWYO1805,40.638,-74.035,America/New_York,6.0,6.0,5.0,-2.0,-1.0,-2.0,6.0,6.0,5.0,5.0,6.0,4.0,59.0,61.0,58.0,1.3888888888888888,1.6666666666666665,1.1111111111111112,2.5,3.333333333333333,1.9444444444444444,106.0,1011.85,1010.5,1.49,213.0,0.6,1
0.0,0.0,2024-01-11 09:59:04,2024-01-11 14:59:04+00:00,1704985144,KNYNEWYO1805,40.638,-74.035,America/New_York,6.0,7.0,6.0,-2.0,-1.0,-2.0,6.0,7.0,6.0,5.0,6.0,5.0,56.0,59.0,56.0,1.6666666666666665,1.6666666666666665,1.1111111111111112,2.5,3.333333333333333,1.6666666666666665,105.0,1011.51,1011.18,-0.37,355.0,1.0,1
0.0,0.0,2024-01-11 10:54:05,2024-01-11 15:54:05+00:00,1704988445,KNYNEWYO1805,40.638,-74.035,America/New_York,6.0,7.0,6.0,-1.0,-1.0,-2.0,6.0,7.0,6.0,5.0,6.0,5.0,59.0,61.0,57.0,1.3888888888888888,1.9444444444444444,0.8333333333333333,2.7777777777777777,3.333333333333333,1.9444444444444444,106.0,1011.85,1011.51,0.0,400.0,1.2,1
0.0,0.0,2024-01-11 11:59:03,2024-01-11 16:59:03+00:00,1704992343,KNYNEWYO1805,40.638,-74.035,America/New_York,6.0,6.0,6.0,-2.0,-1.0,-2.0,6.0,6.0,6.0,5.0,6.0,4.0,59.0,61.0,59.0,1.6666666666666665,1.9444444444444444,0.8333333333333333,2.7777777777777777,3.333333333333333,1.9444444444444444,102.0,1011.51,1011.18,-0.34,118.0,0.3,1
0.0,0.0,2024-01-11 12:58:40,2024-01-11 17:58:40+00:00,1704995920,KNYNEWYO1805,40.638,-74.035,America/New_York,6.0,7.0,6.0,-1.0,-1.0,-2.0,6.0,7.0,6.0,6.0,7.0,5.0,57.0,61.0,55.0,1.3888888888888888,2.2222222222222223,0.8333333333333333,2.5,3.611111111111111,1.9444444444444444,107.0,1010.84,1010.16,-0.37,546.0,1.6,1
0.0,0.0,2024-01-11 13:54:00,2024-01-11 18:54:00+00:00,1704999240,KNYNEWYO1805,40.638,-74.035,America/New_York,7.0,8.0,7.0,-1.0,-1.0,-2.0,7.0,8.0,7.0,6.0,8.0,5.0,55.0,57.0,54.0,1.6666666666666665,2.2222222222222223,1.1111111111111112,2.7777777777777777,3.611111111111111,1.6666666666666665,103.0,1010.16,1009.82,-0.41,417.0,1.2,1
0.0,0.0,2024-01-11 14:59:01,2024-01-11 19:59:01+00:00,1705003141,KNYNEWYO1805,40.638,-74.035,America/New_York,8.0,9.0,8.0,-1.0,0.0,-1.0,8.0,9.0,8.0,8.0,9.0,7.0,52.0,56.0,49.0,0.8333333333333333,1.6666666666666665,0.2777777777777778,1.6666666666666665,2.7777777777777777,0.8333333333333333,109.0,1009.82,1009.82,0.0,322.0,0.9,1
0.0,0.0,2024-01-11 15:59:58,2024-01-11 20:59:58+00:00,1705006798,KNYNEWYO1805,40.638,-74.035,America/New_York,8.0,9.0,8.0,-1.0,0.0,-1.0,8.0,9.0,8.0,8.0,9.0,8.0,53.0,57.0,51.0,0.8333333333333333,1.1111111111111112,0.2777777777777778,1.6666666666666665,2.5,1.1111111111111112,121.0,1010.84,1010.16,0.73,176.0,0.5,1
0.0,0.0,2024-01-11 16:58:58,2024-01-11 21:58:58+00:00,1705010338,KNYNEWYO1805,40.638,-74.035,America/New_York,7.0,8.0,7.0,0.0,0.0,-1.0,7.0,8.0,7.0,7.0,8.0,7.0,57.0,59.0,55.0,0.8333333333333333,1.3888888888888888,0.2777777777777778,1.3888888888888888,2.5,0.8333333333333333,110.0,1011.85,1010.84,1.11,30.0,0.1,1
0.0,0.0,2024-01-11 17:58:58,2024-01-11 22:58:58+00:00,1705013938,KNYNEWYO1805,40.638,-74.035,America/New_York,7.0,7.0,7.0,-1.0,0.0,-1.0,7.0,7.0,7.0,7.0,7.0,7.0,56.0,59.0,55.0,0.5555555555555556,1.1111111111111112,0.0,1.3888888888888888,2.5,0.0,256.0,1012.19,1011.85,0.37,1.0,0.0,1
0.0,0.0,2024-01-11 18:58:57,2024-01-11 23:58:57+00:00,1705017537,KNYNEWYO1805,40.638,-74.035,America/New_York,7.0,7.0,7.0,0.0,0.0,0.0,7.0,7.0,7.0,7.0,7.0,7.0,61.0,62.0,60.0,0.8333333333333333,1.3888888888888888,0.2777777777777778,1.6666666666666665,2.7777777777777777,1.1111111111111112,249.0,1012.87,1012.19,0.74,0.0,0.0,1
0.0,0.0,2024-01-11 19:58:55,2024-01-12 00:58:55+00:00,1705021135,KNYNEWYO1805,40.638,-74.035,America/New_York,7.0,7.0,7.0,0.0,1.0,0.0,7.0,7.0,7.0,7.0,7.0,6.0,62.0,64.0,61.0,0.8333333333333333,1.3888888888888888,0.2777777777777778,1.9444444444444444,3.0555555555555554,1.1111111111111112,251.0,1013.55,1012.87,0.74,0.0,0.0,1
0.0,0.0,2024-01-11 20:58:54,2024-01-12 01:58:54+00:00,1705024734,KNYNEWYO1805,40.638,-74.035,America/New_York,7.0,7.0,7.0,0.0,1.0,0.0,7.0,7.0,7.0,7.0,7.0,6.0,63.0,64.0,63.0,0.8333333333333333,1.3888888888888888,0.5555555555555556,1.9444444444444444,2.7777777777777777,1.3888888888888888,234.0,1014.22,1013.55,0.74,0.0,0.0,1
0.0,0.0,2024-01-11 21:58:52,2024-01-12 02:58:52+00:00,1705028332,KNYNEWYO1805,40.638,-74.035,America/New_York,7.0,7.0,7.0,1.0,1.0,0.0,7.0,7.0,7.0,7.0,7.0,7.0,65.0,68.0,63.0,0.5555555555555556,1.1111111111111112,0.0,1.3888888888888888,2.5,0.5555555555555556,193.0,1014.9,1014.56,0.37,0.0,0.0,1
0.0,0.0,2024-01-11 22:58:53,2024-01-12 03:58:53+00:00,1705031933,KNYNEWYO1805,40.638,-74.035,America/New_York,7.0,7.0,7.0,1.0,1.0,1.0,7.0,7.0,7.0,6.0,7.0,6.0,67.0,68.0,66.0,0.8333333333333333,1.6666666666666665,0.2777777777777778,1.9444444444444444,3.0555555555555554,0.8333333333333333,113.0,1015.24,1015.24,0.0,0.0,0.0,1
0.0,0.0,2024-01-11 23:58:49,2024-01-12 04:58:49+00:00,1705035529,KNYNEWYO1805,40.638,-74.035,America/New_York,7.0,7.0,6.0,1.0,1.0,1.0,7.0,7.0,6.0,6.0,7.0,5.0,67.0,70.0,66.0,1.3888888888888888,1.6666666666666665,0.8333333333333333,2.2222222222222223,2.7777777777777777,1.6666666666666665,98.0,1016.26,1015.24,1.11,0.0,0.0,1
0.0,0.0,2024-01-12 00:58:50,2024-01-12 05:58:50+00:00,1705039130,KNYNEWYO1805,40.638,-74.035,America/New_York,6.0,6.0,6.0,1.0,1.0,1.0,6.0,6.0,6.0,5.0,6.0,5.0,70.0,72.0,70.0,1.3888888888888888,1.6666666666666665,1.1111111111111112,1.9444444444444444,2.5,1.6666666666666665,94.0,1017.27,1016.26,1.11,0.0,0.0,1
0.0,0.0,2024-01-12 01:58:50,2024-01-12 06:58:50+00:00,1705042730,KNYNEWYO1805,40.638,-74.035,America/New_York,5.0,6.0,5.0,1.0,1.0,1.0,5.0,6.0,5.0,5.0,6.0,5.0,71.0,73.0,71.0,0.8333333333333333,1.3888888888888888,0.5555555555555556,1.6666666666666665,2.2222222222222223,1.1111111111111112,97.0,1018.63,1017.27,1.48,0.0,0.0,1
0.0,0.0,2024-01-12 02:58:49,2024-01-12 07:58:49+00:00,1705046329,KNYNEWYO1805,40.638,-74.035,America/New_York,5.0,5.0,5.0,1.0,1.0,1.0,5.0,5.0,5.0,5.0,5.0,5.0,72.0,73.0,72.0,0.8333333333333333,1.1111111111111112,0.5555555555555556,1.3888888888888888,1.6666666666666665,1.1111111111111112,100.0,1019.64,1018.63,1.11,0.0,0.0,1
0.0,0.0,2024-01-12 03:58:48,2024-01-12 08:58:48+00:00,1705049928,KNYNEWYO1805,40.638,-74.035,America/New_York,5.0,5.0,5.0,1.0,1.0,0.0,5.0,5.0,5.0,5.0,5.0,5.0,72.0,74.0,71.0,0.8333333333333333,1.1111111111111112,0.2777777777777778,1.3888888888888888,1.6666666666666665,0.8333333333333333,121.0,1019.98,1019.64,0.37,0.0,0.0,1
0.0,0.0,2024-01-12 04:58:46,2024-01-12 09:58:46+00:00,1705053526,KNYNEWYO1805,40.638,-74.035,America/New_York,5.0,5.0,5.0,0.0,1.0,0.0,5.0,5.0,5.0,5.0,5.0,5.0,72.0,73.0,70.0,0.5555555555555556,1.1111111111111112,0.2777777777777778,1.3888888888888888,1.6666666666666665,1.1111111111111112,109.0,1019.98,1019.64,0.0,0.0,0.0,1
0.0,0.0,2024-01-12 05:58:46,2024-01-12 10:58:46+00:00,1705057126,KNYNEWYO1805,40.638,-74.035,America/New_York,5.0,5.0,4.0,0.0,0.0,-1.0,5.0,5.0,4.0,5.0,5.0,4.0,70.0,73.0,69.0,0.5555555555555556,1.1111111111111112,0.0,0.8333333333333333,1.3888888888888888,0.0,118.0,1021.0,1019.64,1.48,0.0,0.0,1
0.0,0.0,2024-01-12 06:58:44,2024-01-12 11:58:44+00:00,1705060724,KNYNEWYO1805,40.638,-74.035,America/New_York,4.0,4.0,4.0,0.0,0.0,0.0,4.0,4.0,4.0,4.0,4.0,4.0,74.0,77.0,73.0,0.2777777777777778,0.8333333333333333,0.0,0.8333333333333333,1.3888888888888888,0.0,108.0,1021.0,1020.66,0.37,0.0,0.0,1
0.0,0.0,2024-01-12 07:58:44,2024-01-12 12:58:44+00:00,1705064324,KNYNEWYO1805,40.638,-74.035,America/New_York,3.0,4.0,3.0,0.0,0.0,0.0,3.0,4.0,3.0,3.0,4.0,3.0,79.0,80.0,77.0,0.0,0.0,0.0,0.2777777777777778,0.8333333333333333,0.0,87.0,1022.01,1021.0,1.11,35.0,0.1,1
0.0,0.0,2024-01-12 08:58:42,2024-01-12 13:58:42+00:00,1705067922,KNYNEWYO1805,40.638,-74.035,America/New_York,4.0,5.0,3.0,0.0,0.0,0.0,4.0,5.0,3.0,4.0,5.0,3.0,73.0,78.0,71.0,0.0,0.5555555555555556,0.0,0.2777777777777778,1.1111111111111112,0.0,86.0,1022.35,1021.67,0.37,126.0,0.4,1
0.0,0.0,2024-01-12 09:58:42,2024-01-12 14:58:42+00:00,1705071522,KNYNEWYO1805,40.638,-74.035,America/New_York,6.0,7.0,5.0,1.0,1.0,0.0,6.0,7.0,5.0,6.0,7.0,5.0,67.0,73.0,64.0,0.2777777777777778,0.8333333333333333,0.0,0.5555555555555556,1.3888888888888888,0.0,183.0,1022.69,1022.35,0.37,326.0,0.9,1
0.0,0.0,2024-01-12 10:58:40,2024-01-12 15:58:40+00:00,1705075120,KNYNEWYO1805,40.638,-74.035,America/New_York,8.0,9.0,7.0,1.0,1.0,0.0,8.0,9.0,7.0,8.0,9.0,7.0,60.0,66.0,56.0,0.2777777777777778,0.5555555555555556,0.0,0.8333333333333333,1.3888888888888888,0.0,163.0,1023.37,1023.03,0.0,470.0,1.4,1
0.0,0.0,2024-01-12 11:58:40,2024-01-12 16:58:40+00:00,1705078720,KNYNEWYO1805,40.638,-74.035,America/New_York,9.0,9.0,9.0,0.0,1.0,0.0,9.0,9.0,9.0,9.0,9.0,9.0,56.0,58.0,54.0,0.2777777777777778,0.5555555555555556,0.0,0.8333333333333333,1.6666666666666665,0.5555555555555556,133.0,1023.03,1022.35,-0.74,473.0,1.4,1
0.0,0.0,2024-01-12 12:58:38,2024-01-12 17:58:38+00:00,1705082318,KNYNEWYO1805,40.638,-74.035,America/New_York,9.0,9.0,8.0,0.0,1.0,-2.0,9.0,9.0,8.0,9.0,9.0,8.0,52.0,55.0,46.0,0.2777777777777778,0.8333333333333333,0.0,0.8333333333333333,1.3888888888888888,0.0,109.0,1022.01,1020.32,-1.85,427.0,1.2,1
0.0,0.0,2024-01-12 13:58:38,2024-01-12 18:58:38+00:00,1705085918,KNYNEWYO1805,40.638,-74.035,America/New_York,9.0,9.0,9.0,-1.0,-1.0,-1.0,9.0,9.0,9.0,9.0,9.0,9.0,47.0,50.0,47.0,0.8333333333333333,1.3888888888888888,0.2777777777777778,1.9444444444444444,3.0555555555555554,0.8333333333333333,137.0,1020.32,1019.64,-0.74,398.0,1.2,1
0.0,0.0,2024-01-12 14:58:36,2024-01-12 19:58:36+00:00,1705089516,KNYNEWYO1805,40.638,-74.035,America/New_York,8.0,9.0,8.0,0.0,0.0,-1.0,8.0,9.0,8.0,8.0,8.0,7.0,55.0,59.0,51.0,1.1111111111111112,2.2222222222222223,0.5555555555555556,2.5,3.611111111111111,1.1111111111111112,126.0,1019.64,1019.3,0.0,195.0,0.6,1
0.0,0.0,2024-01-12 15:58:34,2024-01-12 20:58:34+00:00,1705093114,KNYNEWYO1805,40.638,-74.035,America/New_York,7.0,8.0,7.0,1.0,2.0,0.0,7.0,8.0,7.0,7.0,8.0,6.0,65.0,69.0,59.0,1.1111111111111112,1.6666666666666665,0.8333333333333333,2.2222222222222223,2.7777777777777777,1.6666666666666665,120.0,1019.64,1018.96,-0.74,85.0,0.3,1
0.0,0.0,2024-01-12 16:58:34,2024-01-12 21:58:34+00:00,1705096714,KNYNEWYO1805,40.638,-74.035,America/New_York,7.0,7.0,7.0,2.0,2.0,2.0,7.0,7.0,7.0,7.0,7.0,6.0,71.0,73.0,69.0,0.8333333333333333,1.9444444444444444,0.2777777777777778,2.2222222222222223,4.166666666666667,1.1111111111111112,114.0,1018.96,1017.27,-1.85,31.0,0.1,1
0.0,0.0,2024-01-12 17:58:32,2024-01-12 22:58:32+00:00,1705100312,KNYNEWYO1805,40.638,-74.035,America/New_York,7.0,7.0,7.0,3.0,3.0,3.0,7.0,7.0,7.0,7.0,7.0,6.0,75.0,76.0,74.0,0.8333333333333333,1.3888888888888888,0.2777777777777778,2.2222222222222223,3.333333333333333,1.3888888888888888,102.0,1017.61,1016.26,-1.13,0.0,0.0,1
0.0,0.0,2024-01-12 18:58:32,2024-01-12 23:58:32+00:00,1705103912,KNYNEWYO1805,40.638,-74.035,America/New_York,7.0,8.0,7.0,3.0,3.0,3.0,7.0,8.0,7.0,7.0,7.0,7.0,74.0,75.0,74.0,1.1111111111111112,1.6666666666666665,0.2777777777777778,2.5,3.333333333333333,1.1111111111111112,112.0,1016.26,1014.56,-1.51,0.0,0.0,1
0.0,0.0,2024-01-12 19:58:33,2024-01-13 00:58:33+00:00,1705107513,KNYNEWYO1805,40.638,-74.035,America/New_York,8.0,8.0,8.0,4.0,4.0,3.0,8.0,8.0,8.0,7.0,8.0,7.0,77.0,80.0,75.0,1.1111111111111112,1.6666666666666665,0.8333333333333333,2.5,3.611111111111111,1.9444444444444444,135.0,1014.9,1011.85,-3.32,0.0,0.0,1
0.0,0.0,2024-01-12 20:58:30,2024-01-13 01:58:30+00:00,1705111110,KNYNEWYO1805,40.638,-74.035,America/New_York,8.0,8.0,8.0,5.0,5.0,4.0,8.0,8.0,8.0,7.0,8.0,6.0,79.0,80.0,79.0,1.3888888888888888,2.2222222222222223,0.8333333333333333,2.7777777777777777,4.722222222222222,1.6666666666666665,154.0,1012.87,1010.5,-0.37,0.0,0.0,1
0.0,0.0,2024-01-12 21:58:30,2024-01-13 02:58:30+00:00,1705114710,KNYNEWYO1805,40.638,-74.035,America/New_York,8.0,8.0,8.0,5.0,5.0,5.0,8.0,8.0,8.0,8.0,8.0,7.0,78.0,79.0,78.0,1.1111111111111112,2.2222222222222223,0.5555555555555556,2.5,3.611111111111111,1.3888888888888888,171.0,1012.19,1009.82,-1.48,0.0,0.0,1
0.71,1.17,2024-01-12 22:58:29,2024-01-13 03:58:29+00:00,1705118309,KNYNEWYO1805,40.638,-74.035,America/New_York,8.0,8.0,8.0,5.0,6.0,5.0,8.0,8.0,8.0,8.0,8.0,7.0,81.0,86.0,78.0,1.6666666666666665,1.9444444444444444,1.1111111111111112,3.333333333333333,4.166666666666667,2.5,161.0,1010.16,1007.45,-2.96,0.0,0.0,1
1.6,1.2200000000000002,2024-01-12 23:59:12,2024-01-13 04:59:12+00:00,1705121952,KNYNEWYO1805,40.638,-74.035,America/New_York,8.0,9.0,8.0,6.0,7.0,6.0,8.0,9.0,8.0,8.0,8.0,6.0,88.0,90.0,87.0,1.6666666666666665,2.7777777777777777,1.1111111111111112,3.333333333333333,4.444444444444445,1.9444444444444444,148.0,1006.43,1004.74,-1.82,0.0,0.0,1
2.97,2.72,2024-01-13 00:58:26,2024-01-13 05:58:26+00:00,1705125506,KNYNEWYO1805,40.638,-74.035,America/New_York,9.0,9.0,9.0,7.0,8.0,7.0,9.0,9.0,9.0,8.0,9.0,7.0,91.0,92.0,90.0,1.6666666666666665,2.2222222222222223,0.8333333333333333,3.611111111111111,4.722222222222222,1.6666666666666665,144.0,1004.74,1001.36,-3.76,0.0,0.0,1
7.54,4.32,2024-01-13 01:58:26,2024-01-13 06:58:26+00:00,1705129106,KNYNEWYO1805,40.638,-74.035,America/New_York,9.0,10.0,9.0,8.0,9.0,8.0,9.0,10.0,9.0,9.0,10.0,8.0,93.0,94.0,93.0,1.6666666666666665,2.5,1.3888888888888888,3.0555555555555554,4.722222222222222,1.9444444444444444,123.0,1001.36,999.32,-1.88,0.0,0.0,1
6.71,7.64,2024-01-13 02:59:25,2024-01-13 07:59:25+00:00,1705132765,KNYNEWYO1805,40.638,-74.035,America/New_York,10.0,10.0,10.0,9.0,9.0,9.0,10.0,10.0,10.0,10.0,10.0,9.0,94.0,95.0,94.0,1.3888888888888888,1.9444444444444444,1.1111111111111112,3.0555555555555554,3.888888888888889,1.6666666666666665,169.0,998.98,996.61,-2.59,0.0,0.0,1
5.94,4.52,2024-01-13 03:59:22,2024-01-13 08:59:22+00:00,1705136362,KNYNEWYO1805,40.638,-74.035,America/New_York,11.0,11.0,10.0,10.0,10.0,10.0,11.0,11.0,10.0,11.0,11.0,10.0,95.0,95.0,95.0,1.3888888888888888,1.9444444444444444,0.0,2.5,3.611111111111111,0.2777777777777778,123.0,996.28,994.24,-2.22,0.0,0.0,1
0.64,2.3900000000000006,2024-01-13 04:59:21,2024-01-13 09:59:21+00:00,1705139961,KNYNEWYO1805,40.638,-74.035,America/New_York,11.0,12.0,11.0,11.0,12.0,10.0,11.0,12.0,11.0,11.0,12.0,11.0,96.0,96.0,96.0,1.1111111111111112,1.6666666666666665,0.2777777777777778,2.2222222222222223,3.611111111111111,0.8333333333333333,134.0,993.91,991.87,-2.22,0.0,0.0,1
0.0,0.0,2024-01-13 05:59:20,2024-01-13 10:59:20+00:00,1705143560,KNYNEWYO1805,40.638,-74.035,America/New_York,12.0,13.0,12.0,12.0,12.0,12.0,12.0,13.0,12.0,12.0,13.0,12.0,96.0,96.0,96.0,1.1111111111111112,1.6666666666666665,0.8333333333333333,2.7777777777777777,3.611111111111111,1.6666666666666665,122.0,991.87,990.52,-1.48,0.0,0.0,1
0.0,0.0,2024-01-13 06:59:19,2024-01-13 11:59:19+00:00,1705147159,KNYNEWYO1805,40.638,-74.035,America/New_York,12.0,13.0,12.0,12.0,12.0,12.0,12.0,13.0,12.0,12.0,13.0,12.0,96.0,97.0,96.0,0.8333333333333333,1.6666666666666665,0.2777777777777778,1.9444444444444444,3.0555555555555554,1.1111111111111112,121.0,990.86,989.84,-0.75,0.0,0.0,1
0.0,0.0,2024-01-13 07:59:19,2024-01-13 12:59:19+00:00,1705150759,KNYNEWYO1805,40.638,-74.035,America/New_York,13.0,13.0,13.0,12.0,13.0,12.0,13.0,13.0,13.0,13.0,13.0,13.0,96.0,97.0,96.0,0.8333333333333333,1.3888888888888888,0.2777777777777778,2.2222222222222223,3.611111111111111,1.1111111111111112,132.0,989.5,988.83,-0.74,26.0,0.1,1
0.56,0.6400000000000006,2024-01-13 08:59:16,2024-01-13 13:59:16+00:00,1705154356,KNYNEWYO1805,40.638,-74.035,America/New_York,13.0,14.0,13.0,13.0,13.0,12.0,13.0,14.0,13.0,13.0,14.0,13.0,95.0,96.0,94.0,0.8333333333333333,1.3888888888888888,0.5555555555555556,2.2222222222222223,2.7777777777777777,1.3888888888888888,170.0,989.16,988.83,0.37,132.0,0.4,1
0.66,0.019999999999999574,2024-01-13 09:59:16,2024-01-13 14:59:16+00:00,1705157956,KNYNEWYO1805,40.638,-74.035,America/New_York,14.0,14.0,13.0,12.0,12.0,10.0,14.0,14.0,13.0,14.0,14.0,13.0,86.0,94.0,79.0,1.6666666666666665,1.9444444444444444,1.1111111111111112,3.0555555555555554,4.166666666666667,1.9444444444444444,167.0,989.16,989.16,0.0,359.0,1.0,1
0.0,0.0,2024-01-13 10:59:15,2024-01-13 15:59:15+00:00,1705161555,KNYNEWYO1805,40.638,-74.035,America/New_York,14.0,14.0,13.0,9.0,10.0,8.0,14.0,14.0,13.0,14.0,14.0,13.0,74.0,79.0,71.0,1.9444444444444444,3.0555555555555554,0.8333333333333333,3.611111111111111,5.0,1.9444444444444444,146.0,989.5,989.16,0.0,547.0,1.6,1
0.0,0.0,2024-01-13 11:59:13,2024-01-13 16:59:13+00:00,1705165153,KNYNEWYO1805,40.638,-74.035,America/New_York,12.0,13.0,12.0,7.0,8.0,7.0,12.0,13.0,12.0,12.0,13.0,12.0,70.0,72.0,69.0,2.7777777777777777,4.166666666666667,1.9444444444444444,3.888888888888889,6.111111111111111,2.5,106.0,989.5,989.16,-0.37,383.0,1.1,1
0.08,0.13000000000000256,2024-01-13 12:59:12,2024-01-13 17:59:12+00:00,1705168752,KNYNEWYO1805,40.638,-74.035,America/New_York,10.0,12.0,8.0,6.0,7.0,4.0,10.0,12.0,8.0,9.0,12.0,6.0,74.0,79.0,69.0,3.0555555555555554,5.0,1.9444444444444444,4.444444444444445,6.666666666666666,2.7777777777777777,107.0,990.52,989.16,1.48,498.0,1.5,1
0.08,0.14999999999999858,2024-01-13 13:59:10,2024-01-13 18:59:10+00:00,1705172350,KNYNEWYO1805,40.638,-74.035,America/New_York,9.0,9.0,8.0,4.0,5.0,4.0,9.0,9.0,8.0,8.0,9.0,7.0,71.0,73.0,70.0,2.5,3.333333333333333,1.6666666666666665,4.166666666666667,5.277777777777778,3.0555555555555554,108.0,991.87,990.52,1.48,258.0,0.8,1
0.0,0.17999999999999972,2024-01-13 14:59:11,2024-01-13 19:59:11+00:00,1705175951,KNYNEWYO1805,40.638,-74.035,America/New_York,8.0,9.0,8.0,2.0,3.0,1.0,8.0,9.0,8.0,7.0,7.0,6.0,65.0,71.0,60.0,2.5,3.0555555555555554,2.2222222222222223,4.166666666666667,5.277777777777778,3.333333333333333,108.0,993.23,991.87,1.48,243.0,0.7,1
0.0,0.0,2024-01-13 15:59:08,2024-01-13 20:59:08+00:00,1705179548,KNYNEWYO1805,40.638,-74.035,America/New_York,8.0,9.0,8.0,-1.0,1.0,-3.0,8.0,9.0,8.0,6.0,7.0,6.0,53.0,60.0,47.0,3.0555555555555554,3.888888888888889,1.9444444444444444,4.722222222222222,6.388888888888888,3.333333333333333,115.0,994.92,993.23,1.85,142.0,0.4,1
0.0,0.0,2024-01-13 16:59:08,2024-01-13 21:59:08+00:00,1705183148,KNYNEWYO1805,40.638,-74.035,America/New_York,8.0,8.0,7.0,-2.0,-2.0,-2.0,8.0,8.0,7.0,6.0,6.0,5.0,50.0,53.0,49.0,3.0555555555555554,3.611111111111111,2.2222222222222223,4.722222222222222,6.111111111111111,3.611111111111111,113.0,996.95,995.26,1.85,31.0,0.1,1
0.0,0.0,2024-01-13 17:59:06,2024-01-13 22:59:06+00:00,1705186746,KNYNEWYO1805,40.638,-74.035,America/New_York,7.0,7.0,7.0,-2.0,-2.0,-3.0,7.0,7.0,7.0,4.0,5.0,4.0,51.0,53.0,50.0,3.611111111111111,4.444444444444445,2.7777777777777777,5.555555555555555,7.777777777777778,4.166666666666667,102.0,998.65,996.95,1.85,1.0,0.0,1
0.0,0.0,2024-01-13 18:59:07,2024-01-13 23:59:07+00:00,1705190347,KNYNEWYO1805,40.638,-74.035,America/New_York,6.0,6.0,6.0,-3.0,-3.0,-4.0,6.0,6.0,6.0,4.0,4.0,3.0,52.0,54.0,49.0,3.333333333333333,4.166666666666667,2.7777777777777777,5.0,5.555555555555555,4.166666666666667,109.0,1000.34,998.98,1.48,0.0,0.0,1
0.0,0.0,2024-01-13 19:59:04,2024-01-14 00:59:04+00:00,1705193944,KNYNEWYO1805,40.638,-74.035,America/New_York,5.0,6.0,5.0,-4.0,-3.0,-5.0,5.0,6.0,5.0,2.0,3.0,2.0,51.0,55.0,49.0,3.333333333333333,3.888888888888889,2.5,5.0,6.111111111111111,3.611111111111111,111.0,1002.03,1000.34,1.85,0.0,0.0,1
0.0,0.0,2024-01-13 20:59:04,2024-01-14 01:59:04+00:00,1705197544,KNYNEWYO1805,40.638,-74.035,America/New_York,4.0,5.0,4.0,-4.0,-3.0,-5.0,4.0,5.0,4.0,1.0,3.0,0.0,53.0,56.0,51.0,3.611111111111111,5.0,2.2222222222222223,5.555555555555555,7.5,3.888888888888889,101.0,1003.73,1002.03,1.85,0.0,0.0,1
0.0,0.0,2024-01-13 21:59:02,2024-01-14 02:59:02+00:00,1705201142,KNYNEWYO1805,40.638,-74.035,America/New_York,3.0,4.0,3.0,-5.0,-5.0,-6.0,3.0,4.0,3.0,0.0,1.0,0.0,52.0,55.0,51.0,3.333333333333333,4.166666666666667,2.7777777777777777,5.0,6.111111111111111,4.722222222222222,105.0,1004.74,1004.06,0.74,0.0,0.0,1
0.0,0.0,2024-01-13 22:59:03,2024-01-14 03:59:03+00:00,1705204743,KNYNEWYO1805,40.638,-74.035,America/New_York,3.0,3.0,3.0,-5.0,-5.0,-6.0,3.0,3.0,3.0,0.0,1.0,0.0,54.0,57.0,53.0,2.7777777777777777,3.611111111111111,1.9444444444444444,4.166666666666667,5.277777777777778,3.0555555555555554,103.0,1006.43,1005.08,1.48,0.0,0.0,1
0.0,0.0,2024-01-13 23:59:00,2024-01-14 04:59:00+00:00,1705208340,KNYNEWYO1805,40.638,-74.035,America/New_York,2.0,3.0,2.0,-5.0,-5.0,-6.0,2.0,3.0,2.0,0.0,0.0,-1.0,58.0,60.0,56.0,2.7777777777777777,3.611111111111111,2.2222222222222223,4.166666666666667,4.722222222222222,3.611111111111111,100.0,1007.45,1006.43,1.11,0.0,0.0,1
0.0,0.0,2024-01-14 00:58:59,2024-01-14 05:58:59+00:00,1705211939,KNYNEWYO1805,40.638,-74.035,America/New_York,2.0,2.0,2.0,-5.0,-5.0,-6.0,2.0,2.0,2.0,0.0,0.0,-1.0,57.0,59.0,55.0,1.9444444444444444,2.7777777777777777,1.3888888888888888,3.333333333333333,4.166666666666667,2.7777777777777777,94.0,1008.81,1007.79,1.11,0.0,0.0,1
0.0,0.0,2024-01-14 01:58:59,2024-01-14 06:58:59+00:00,1705215539,KNYNEWYO1805,40.638,-74.035,America/New_York,2.0,2.0,2.0,-5.0,-5.0,-6.0,2.0,2.0,2.0,-1.0,0.0,-1.0,59.0,61.0,57.0,2.2222222222222223,2.7777777777777777,1.3888888888888888,3.333333333333333,4.166666666666667,2.2222222222222223,89.0,1009.48,1008.81,0.74,0.0,0.0,1
0.0,0.0,2024-01-14 02:58:58,2024-01-14 07:58:58+00:00,1705219138,KNYNEWYO1805,40.638,-74.035,America/New_York,1.0,2.0,1.0,-6.0,-5.0,-6.0,1.0,2.0,1.0,-1.0,2.0,-1.0,59.0,61.0,58.0,1.9444444444444444,2.7777777777777777,1.3888888888888888,3.333333333333333,4.166666666666667,2.2222222222222223,94.0,1010.16,1009.48,0.77,0.0,0.0,1
0.0,0.0,2024-01-14 03:58:56,2024-01-14 08:58:56+00:00,1705222736,KNYNEWYO1805,40.638,-74.035,America/New_York,1.0,1.0,1.0,-5.0,-5.0,-6.0,1.0,1.0,1.0,0.0,1.0,-1.0,62.0,64.0,61.0,1.3888888888888888,1.6666666666666665,0.8333333333333333,2.5,3.611111111111111,1.6666666666666665,94.0,1010.84,1010.5,0.37,0.0,0.0,1
0.0,0.0,2024-01-14 04:58:56,2024-01-14 09:58:56+00:00,1705226336,KNYNEWYO1805,40.638,-74.035,America/New_York,1.0,1.0,1.0,-5.0,-5.0,-5.0,1.0,1.0,1.0,0.0,1.0,-1.0,64.0,66.0,64.0,1.1111111111111112,1.3888888888888888,0.5555555555555556,2.2222222222222223,2.7777777777777777,1.3888888888888888,120.0,1010.84,1010.84,0.0,0.0,0.0,1
0.0,0.0,2024-01-14 05:58:54,2024-01-14 10:58:54+00:00,1705229934,KNYNEWYO1805,40.638,-74.035,America/New_York,1.0,1.0,0.0,-5.0,-5.0,-5.0,1.0,1.0,0.0,0.0,1.0,-2.0,65.0,66.0,64.0,1.1111111111111112,1.9444444444444444,0.8333333333333333,2.5,4.722222222222222,1.6666666666666665,149.0,1011.85,1010.84,0.74,0.0,0.0,1
0.0,0.0,2024-01-14 06:58:54,2024-01-14 11:58:54+00:00,1705233534,KNYNEWYO1805,40.638,-74.035,America/New_York,0.0,0.0,0.0,-5.0,-5.0,-6.0,0.0,0.0,0.0,-1.0,0.0,-3.0,65.0,67.0,65.0,1.3888888888888888,2.7777777777777777,0.8333333333333333,3.333333333333333,5.277777777777778,1.6666666666666665,213.0,1011.85,1011.85,0.0,0.0,0.0,1
0.0,0.0,2024-01-14 07:58:52,2024-01-14 12:58:52+00:00,1705237132,KNYNEWYO1805,40.638,-74.035,America/New_York,1.0,1.0,0.0,-5.0,-5.0,-6.0,1.0,1.0,0.0,-1.0,1.0,-2.0,65.0,66.0,64.0,1.6666666666666665,2.7777777777777777,0.8333333333333333,3.333333333333333,5.277777777777778,1.6666666666666665,230.0,1011.85,1011.18,-0.37,25.0,0.1,1
0.0,0.0,2024-01-14 08:58:52,2024-01-14 13:58:52+00:00,1705240732,KNYNEWYO1805,40.638,-74.035,America/New_York,1.0,2.0,1.0,-5.0,-4.0,-5.0,1.0,2.0,1.0,-1.0,2.0,-2.0,63.0,67.0,61.0,2.5,3.888888888888889,0.8333333333333333,4.722222222222222,6.388888888888888,1.9444444444444444,244.0,1011.85,1011.18,-0.37,223.0,0.6,1
0.0,0.0,2024-01-14 09:58:52,2024-01-14 14:58:52+00:00,1705244332,KNYNEWYO1805,40.638,-74.035,America/New_York,3.0,3.0,2.0,-5.0,-4.0,-5.0,3.0,3.0,2.0,1.0,3.0,-1.0,59.0,62.0,55.0,1.9444444444444444,2.7777777777777777,1.1111111111111112,4.444444444444445,6.388888888888888,2.7777777777777777,211.0,1011.51,1010.84,-0.74,375.0,1.1,1
0.0,0.0,2024-01-14 10:58:50,2024-01-14 15:58:50+00:00,1705247930,KNYNEWYO1805,40.638,-74.035,America/New_York,4.0,5.0,3.0,-5.0,-4.0,-5.0,4.0,5.0,3.0,3.0,5.0,2.0,51.0,54.0,50.0,1.6666666666666665,2.2222222222222223,1.1111111111111112,3.611111111111111,4.722222222222222,1.9444444444444444,239.0,1010.84,1009.14,-1.85,518.0,1.5,1
0.0,0.0,2024-01-14 11:58:48,2024-01-14 16:58:48+00:00,1705251528,KNYNEWYO1805,40.638,-74.035,America/New_York,6.0,6.0,5.0,-4.0,-4.0,-5.0,6.0,6.0,5.0,5.0,6.0,4.0,49.0,52.0,48.0,1.3888888888888888,1.9444444444444444,0.8333333333333333,2.7777777777777777,3.611111111111111,2.2222222222222223,224.0,1008.81,1008.13,-0.74,496.0,1.4,1
0.0,0.0,2024-01-14 12:58:47,2024-01-14 17:58:47+00:00,1705255127,KNYNEWYO1805,40.638,-74.035,America/New_York,6.0,6.0,5.0,-3.0,0.0,-4.0,6.0,6.0,5.0,5.0,6.0,3.0,53.0,68.0,49.0,1.9444444444444444,3.611111111111111,0.8333333333333333,3.888888888888889,5.277777777777778,2.5,137.0,1008.13,1007.11,0.37,343.0,1.0,1
0.0,0.0,2024-01-14 13:58:47,2024-01-14 18:58:47+00:00,1705258727,KNYNEWYO1805,40.638,-74.035,America/New_York,2.0,4.0,2.0,0.0,1.0,-2.0,2.0,4.0,2.0,0.0,2.0,-1.0,81.0,86.0,75.0,3.0555555555555554,4.722222222222222,1.6666666666666665,4.444444444444445,6.111111111111111,2.7777777777777777,100.0,1009.48,1008.47,1.11,115.0,0.3,1
0.0,0.0,2024-01-14 14:58:46,2024-01-14 19:58:46+00:00,1705262326,KNYNEWYO1805,40.638,-74.035,America/New_York,3.0,4.0,3.0,-3.0,-2.0,-5.0,3.0,4.0,3.0,0.0,1.0,0.0,64.0,73.0,53.0,2.7777777777777777,3.333333333333333,1.9444444444444444,3.888888888888889,4.722222222222222,2.7777777777777777,102.0,1010.16,1009.14,1.11,126.0,0.4,1
0.0,0.0,2024-01-14 15:58:46,2024-01-14 20:58:46+00:00,1705265926,KNYNEWYO1805,40.638,-74.035,America/New_York,4.0,4.0,4.0,-8.0,-6.0,-10.0,4.0,4.0,4.0,1.0,2.0,0.0,39.0,51.0,35.0,3.611111111111111,4.166666666666667,2.7777777777777777,5.555555555555555,6.666666666666666,4.444444444444445,108.0,1011.51,1009.82,1.85,207.0,0.6,1
0.0,0.0,2024-01-14 16:58:43,2024-01-14 21:58:43+00:00,1705269523,KNYNEWYO1805,40.638,-74.035,America/New_York,3.0,4.0,2.0,-10.0,-9.0,-11.0,3.0,4.0,2.0,0.0,0.0,-1.0,37.0,40.0,34.0,3.333333333333333,4.444444444444445,2.7777777777777777,5.555555555555555,6.944444444444445,4.722222222222222,116.0,1014.56,1011.85,2.96,29.0,0.1,1
0.0,0.0,2024-01-14 17:58:43,2024-01-14 22:58:43+00:00,1705273123,KNYNEWYO1805,40.638,-74.035,America/New_York,1.0,2.0,1.0,-10.0,-9.0,-11.0,1.0,2.0,1.0,-2.0,-1.0,-3.0,41.0,44.0,39.0,3.333333333333333,4.444444444444445,2.2222222222222223,5.0,6.388888888888888,3.333333333333333,108.0,1016.93,1014.56,2.59,1.0,0.0,1
0.0,0.0,2024-01-14 18:58:42,2024-01-14 23:58:42+00:00,1705276722,KNYNEWYO1805,40.638,-74.035,America/New_York,0.0,1.0,0.0,-10.0,-10.0,-11.0,0.0,1.0,0.0,-3.0,-2.0,-3.0,43.0,46.0,41.0,2.7777777777777777,3.0555555555555554,2.2222222222222223,3.888888888888889,5.0,3.0555555555555554,129.0,1017.95,1016.93,1.11,0.0,0.0,1
0.0,0.0,2024-01-14 19:58:40,2024-01-15 00:58:40+00:00,1705280320,KNYNEWYO1805,40.638,-74.035,America/New_York,0.0,0.0,0.0,-11.0,-11.0,-11.0,0.0,0.0,0.0,-3.0,-3.0,-4.0,44.0,46.0,43.0,2.7777777777777777,3.333333333333333,2.2222222222222223,3.888888888888889,4.166666666666667,3.333333333333333,122.0,1018.96,1018.29,0.37,0.0,0.0,1
0.0,0.0,2024-01-14 20:58:39,2024-01-15 01:58:39+00:00,1705283919,KNYNEWYO1805,40.638,-74.035,America/New_York,-1.0,0.0,-1.0,-11.0,-10.0,-13.0,-1.0,0.0,-1.0,-4.0,-2.0,-5.0,44.0,47.0,41.0,2.2222222222222223,2.7777777777777777,1.3888888888888888,3.611111111111111,4.444444444444445,2.5,120.0,1019.64,1018.63,1.11,0.0,0.0,1
0.0,0.0,2024-01-14 21:58:39,2024-01-15 02:58:39+00:00,1705287519,KNYNEWYO1805,40.638,-74.035,America/New_York,-1.0,-1.0,-2.0,-12.0,-11.0,-13.0,-1.0,-1.0,-2.0,-4.0,-4.0,-5.0,43.0,46.0,41.0,2.2222222222222223,2.7777777777777777,1.6666666666666665,3.0555555555555554,4.166666666666667,2.5,126.0,1020.32,1019.64,0.37,0.0,0.0,1
0.0,0.0,2024-01-14 22:58:38,2024-01-15 03:58:38+00:00,1705291118,KNYNEWYO1805,40.638,-74.035,America/New_York,-2.0,-2.0,-2.0,-12.0,-11.0,-12.0,-2.0,-2.0,-2.0,-5.0,-2.0,-6.0,46.0,49.0,44.0,2.2222222222222223,2.7777777777777777,1.3888888888888888,3.333333333333333,3.888888888888889,2.2222222222222223,128.0,1020.66,1020.32,0.0,0.0,0.0,1
0.0,0.0,2024-01-14 23:58:35,2024-01-15 04:58:35+00:00,1705294715,KNYNEWYO1805,40.638,-74.035,America/New_York,-2.0,-2.0,-3.0,-12.0,-11.0,-13.0,-2.0,-2.0,-3.0,-6.0,-5.0,-7.0,47.0,51.0,45.0,2.5,3.333333333333333,1.9444444444444444,3.888888888888889,4.444444444444445,3.0555555555555554,130.0,1021.0,1020.32,0.74,0.0,0.0,1
0.0,0.0,2024-01-15 00:58:20,2024-01-15 05:58:20+00:00,1705298300,KNYNEWYO1805,40.638,-74.035,America/New_York,-3.0,-3.0,-3.0,-12.0,-12.0,-13.0,-3.0,-3.0,-3.0,-6.0,-5.0,-6.0,48.0,49.0,47.0,1.9444444444444444,2.5,1.3888888888888888,2.7777777777777777,3.333333333333333,2.2222222222222223,127.0,1021.67,1021.0,0.37,0.0,0.0,1
0.0,0.0,2024-01-15 01:58:35,2024-01-15 06:58:35+00:00,1705301915,KNYNEWYO1805,40.638,-74.035,America/New_York,-3.0,-3.0,-3.0,-12.0,-12.0,-13.0,-3.0,-3.0,-3.0,-6.0,-3.0,-7.0,48.0,52.0,47.0,1.6666666666666665,2.5,1.3888888888888888,2.7777777777777777,4.166666666666667,2.2222222222222223,120.0,1022.35,1021.67,0.74,0.0,0.0,1
0.0,0.0,2024-01-15 02:58:34,2024-01-15 07:58:34+00:00,1705305514,KNYNEWYO1805,40.638,-74.035,America/New_York,-3.0,-3.0,-3.0,-12.0,-12.0,-13.0,-3.0,-3.0,-3.0,-6.0,-6.0,-7.0,50.0,52.0,48.0,2.2222222222222223,2.5,1.6666666666666665,3.333333333333333,3.888888888888889,2.7777777777777777,127.0,1022.69,1022.35,0.37,0.0,0.0,1
0.0,0.0,2024-01-15 03:58:32,2024-01-15 08:58:32+00:00,1705309112,KNYNEWYO1805,40.638,-74.035,America/New_York,-4.0,-3.0,-4.0,-12.0,-11.0,-13.0,-4.0,-3.0,-4.0,-7.0,-6.0,-8.0,52.0,55.0,50.0,2.2222222222222223,2.7777777777777777,1.6666666666666665,3.611111111111111,3.888888888888889,2.7777777777777777,130.0,1022.35,1022.35,0.0,0.0,0.0,1
0.0,0.0,2024-01-15 04:58:32,2024-01-15 09:58:32+00:00,1705312712,KNYNEWYO1805,40.638,-74.035,America/New_York,-4.0,-4.0,-4.0,-13.0,-12.0,-13.0,-4.0,-4.0,-4.0,-7.0,-6.0,-7.0,50.0,53.0,49.0,1.9444444444444444,2.2222222222222223,1.3888888888888888,3.0555555555555554,3.888888888888889,2.5,127.0,1023.37,1022.69,0.74,0.0,0.0,1
0.0,0.0,2024-01-15 05:58:29,2024-01-15 10:58:29+00:00,1705316309,KNYNEWYO1805,40.638,-74.035,America/New_York,-4.0,-4.0,-4.0,-12.0,-12.0,-13.0,-4.0,-4.0,-4.0,-7.0,-6.0,-8.0,52.0,54.0,50.0,1.6666666666666665,2.7777777777777777,1.3888888888888888,2.7777777777777777,3.611111111111111,2.2222222222222223,115.0,1023.71,1023.37,0.37,0.0,0.0,1
0.0,0.0,2024-01-15 06:59:30,2024-01-15 11:59:30+00:00,1705319970,KNYNEWYO1805,40.638,-74.035,America/New_York,-4.0,-4.0,-4.0,-12.0,-11.0,-13.0,-4.0,-4.0,-4.0,-7.0,-7.0,-8.0,54.0,58.0,51.0,2.2222222222222223,2.7777777777777777,1.6666666666666665,3.333333333333333,4.166666666666667,2.5,122.0,1024.04,1023.71,0.36,0.0,0.0,1
0.0,0.0,2024-01-15 07:58:28,2024-01-15 12:58:28+00:00,1705323508,KNYNEWYO1805,40.638,-74.035,America/New_York,-4.0,-4.0,-4.0,-12.0,-11.0,-12.0,-4.0,-4.0,-4.0,-7.0,-7.0,-8.0,54.0,57.0,54.0,2.2222222222222223,2.5,1.6666666666666665,3.333333333333333,4.166666666666667,2.5,124.0,1024.38,1024.04,0.38,27.0,0.1,1
0.0,0.0,2024-01-15 08:59:26,2024-01-15 13:59:26+00:00,1705327166,KNYNEWYO1805,40.638,-74.035,America/New_York,-4.0,-3.0,-4.0,-12.0,-12.0,-13.0,-4.0,-3.0,-4.0,-7.0,-6.0,-8.0,51.0,53.0,50.0,1.9444444444444444,2.5,1.3888888888888888,3.0555555555555554,3.888888888888889,1.9444444444444444,130.0,1024.72,1024.38,0.37,228.0,0.6,1
0.0,0.0,2024-01-15 09:59:27,2024-01-15 14:59:27+00:00,1705330767,KNYNEWYO1805,40.638,-74.035,America/New_York,-3.0,-3.0,-3.0,-13.0,-12.0,-13.0,-3.0,-3.0,-3.0,-4.0,-3.0,-5.0,48.0,50.0,46.0,1.1111111111111112,1.3888888888888888,0.8333333333333333,1.9444444444444444,2.5,1.6666666666666665,109.0,1025.4,1024.72,0.74,285.0,0.8,1
0.0,0.0,2024-01-15 10:59:26,2024-01-15 15:59:26+00:00,1705334366,KNYNEWYO1805,40.638,-74.035,America/New_York,-3.0,-3.0,-3.0,-12.0,-12.0,-13.0,-3.0,-3.0,-3.0,-4.0,-3.0,-6.0,49.0,51.0,46.0,1.3888888888888888,1.6666666666666665,1.1111111111111112,2.2222222222222223,2.7777777777777777,1.6666666666666665,102.0,1025.4,1024.72,-0.37,178.0,0.5,1
0.0,0.0,2024-01-15 11:59:23,2024-01-15 16:59:23+00:00,1705337963,KNYNEWYO1805,40.638,-74.035,America/New_York,-3.0,-3.0,-3.0,-12.0,-12.0,-13.0,-3.0,-3.0,-3.0,-4.0,-3.0,-6.0,47.0,49.0,46.0,1.6666666666666665,2.2222222222222223,1.1111111111111112,2.5,3.333333333333333,1.6666666666666665,96.0,1025.06,1024.38,-0.37,206.0,0.6,1
0.0,0.0,2024-01-15 12:59:23,2024-01-15 17:59:23+00:00,1705341563,KNYNEWYO1805,40.638,-74.035,America/New_York,-3.0,-3.0,-3.0,-13.0,-12.0,-13.0,-3.0,-3.0,-3.0,-4.0,-3.0,-5.0,46.0,49.0,44.0,1.3888888888888888,1.9444444444444444,1.1111111111111112,2.2222222222222223,2.7777777777777777,1.6666666666666665,106.0,1024.04,1023.71,-0.36,146.0,0.4,1
0.0,0.0,2024-01-15 13:59:22,2024-01-15 18:59:22+00:00,1705345162,KNYNEWYO1805,40.638,-74.035,America/New_York,-2.0,-2.0,-3.0,-14.0,-13.0,-14.0,-2.0,-2.0,-3.0,-4.0,-2.0,-5.0,41.0,44.0,40.0,1.3888888888888888,1.9444444444444444,0.8333333333333333,2.2222222222222223,2.7777777777777777,1.3888888888888888,86.0,1023.71,1023.03,-0.74,89.0,0.3,1
0.0,0.0,2024-01-15 14:59:21,2024-01-15 19:59:21+00:00,1705348761,KNYNEWYO1805,40.638,-74.035,America/New_York,-2.0,-2.0,-2.0,-14.0,-13.0,-14.0,-2.0,-2.0,-2.0,-2.0,-2.0,-4.0,40.0,42.0,39.0,1.1111111111111112,1.3888888888888888,0.8333333333333333,1.9444444444444444,2.7777777777777777,1.3888888888888888,103.0,1023.03,1022.35,-0.74,71.0,0.2,1
0.0,0.0,2024-01-15 15:59:19,2024-01-15 20:59:19+00:00,1705352359,KNYNEWYO1805,40.638,-74.035,America/New_York,-2.0,-2.0,-2.0,-13.0,-13.0,-14.0,-2.0,-2.0,-2.0,-2.0,-2.0,-2.0,40.0,41.0,39.0,0.5555555555555556,1.1111111111111112,0.2777777777777778,1.3888888888888888,2.2222222222222223,0.8333333333333333,111.0,1023.03,1022.35,0.37,53.0,0.2,1
0.0,0.0,2024-01-15 16:59:19,2024-01-15 21:59:19+00:00,1705355959,KNYNEWYO1805,40.638,-74.035,America/New_York,-2.0,-2.0,-2.0,-13.0,-12.0,-13.0,-2.0,-2.0,-2.0,-2.0,-2.0,-2.0,44.0,47.0,41.0,0.5555555555555556,1.1111111111111112,0.2777777777777778,1.3888888888888888,2.2222222222222223,0.8333333333333333,100.0,1023.03,1022.69,-0.37,19.0,0.1,1
0.0,0.0,2024-01-15 17:59:19,2024-01-15 22:59:19+00:00,1705359559,KNYNEWYO1805,40.638,-74.035,America/New_York,-2.0,-2.0,-2.0,-11.0,-11.0,-12.0,-2.0,-2.0,-2.0,-2.0,-2.0,-2.0,48.0,50.0,47.0,0.5555555555555556,0.8333333333333333,0.0,1.3888888888888888,1.9444444444444444,0.8333333333333333,112.0,1023.03,1022.69,0.37,1.0,0.0,1
0.0,0.0,2024-01-15 18:59:18,2024-01-15 23:59:18+00:00,1705363158,KNYNEWYO1805,40.638,-74.035,America/New_York,-2.0,-2.0,-2.0,-11.0,-11.0,-12.0,-2.0,-2.0,-2.0,-2.0,-2.0,-4.0,49.0,51.0,48.0,0.8333333333333333,1.3888888888888888,0.2777777777777778,1.3888888888888888,2.7777777777777777,1.1111111111111112,215.0,1022.69,1022.35,-0.37,0.0,0.0,1
0.0,0.0,2024-01-15 19:59:16,2024-01-16 00:59:16+00:00,1705366756,KNYNEWYO1805,40.638,-74.035,America/New_York,-2.0,-2.0,-2.0,-9.0,-8.0,-10.0,-2.0,-2.0,-2.0,-2.0,-2.0,-2.0,59.0,63.0,53.0,0.8333333333333333,1.3888888888888888,0.5555555555555556,1.9444444444444444,2.7777777777777777,1.1111111111111112,208.0,1023.03,1022.35,0.74,0.0,0.0,1
0.0,0.0,2024-01-15 20:59:15,2024-01-16 01:59:15+00:00,1705370355,KNYNEWYO1805,40.638,-74.035,America/New_York,-2.0,-2.0,-3.0,-7.0,-6.0,-8.0,-2.0,-2.0,-3.0,-3.0,-2.0,-4.0,70.0,81.0,63.0,0.8333333333333333,1.3888888888888888,0.5555555555555556,1.9444444444444444,2.5,1.1111111111111112,172.0,1023.03,1023.03,0.0,0.0,0.0,1
0.0,0.0,2024-01-15 21:59:15,2024-01-16 02:59:15+00:00,1705373955,KNYNEWYO1805,40.638,-74.035,America/New_York,-3.0,-3.0,-3.0,-5.0,-5.0,-6.0,-3.0,-3.0,-3.0,-3.0,-3.0,-3.0,84.0,86.0,81.0,0.8333333333333333,1.1111111111111112,0.2777777777777778,1.3888888888888888,1.9444444444444444,0.8333333333333333,107.0,1023.03,1022.35,-0.74,0.0,0.0,1
0.0,0.0,2024-01-15 22:59:14,2024-01-16 03:59:14+00:00,1705377554,KNYNEWYO1805,40.638,-74.035,America/New_York,-3.0,-3.0,-3.0,-5.0,-5.0,-5.0,-3.0,-3.0,-3.0,-3.0,-3.0,-3.0,87.0,88.0,87.0,0.5555555555555556,1.1111111111111112,0.2777777777777778,1.3888888888888888,1.9444444444444444,0.8333333333333333,116.0,1022.35,1022.01,0.0,0.0,0.0,1
0.0,0.0,2024-01-15 23:59:12,2024-01-16 04:59:12+00:00,1705381152,KNYNEWYO1805,40.638,-74.035,America/New_York,-4.0,-3.0,-4.0,-5.0,-5.0,-5.0,-4.0,-3.0,-4.0,-4.0,-3.0,-4.0,88.0,89.0,87.0,0.5555555555555556,0.8333333333333333,0.0,1.1111111111111112,1.3888888888888888,0.2777777777777778,136.0,1022.35,1021.0,-1.11,0.0,0.0,1
0.0,0.0,2024-01-16 00:59:11,2024-01-16 05:59:11+00:00,1705384751,KNYNEWYO1805,40.638,-74.035,America/New_York,-4.0,-3.0,-4.0,-5.0,-5.0,-5.0,-4.0,-3.0,-4.0,-4.0,-3.0,-4.0,88.0,89.0,88.0,0.2777777777777778,0.8333333333333333,0.0,1.1111111111111112,1.9444444444444444,0.2777777777777778,128.0,1021.0,1019.98,-1.11,0.0,0.0,1
0.0,0.0,2024-01-16 01:59:11,2024-01-16 06:59:11+00:00,1705388351,KNYNEWYO1805,40.638,-74.035,America/New_York,-3.0,-3.0,-3.0,-5.0,-5.0,-5.0,-3.0,-3.0,-3.0,-3.0,-3.0,-3.0,88.0,89.0,87.0,0.2777777777777778,0.8333333333333333,0.0,1.3888888888888888,1.9444444444444444,0.8333333333333333,69.0,1020.32,1019.3,-1.11,0.0,0.0,1
0.0,0.0,2024-01-16 02:59:10,2024-01-16 07:59:10+00:00,1705391950,KNYNEWYO1805,40.638,-74.035,America/New_York,-3.0,-3.0,-3.0,-5.0,-4.0,-5.0,-3.0,-3.0,-3.0,-3.0,-3.0,-3.0,88.0,90.0,87.0,0.2777777777777778,0.5555555555555556,0.0,0.8333333333333333,1.3888888888888888,0.5555555555555556,82.0,1019.3,1018.63,-0.37,0.0,0.0,1
0.0,0.0,2024-01-16 03:59:08,2024-01-16 08:59:08+00:00,1705395548,KNYNEWYO1805,40.638,-74.035,America/New_York,-3.0,-3.0,-3.0,-4.0,-4.0,-5.0,-3.0,-3.0,-3.0,-3.0,-3.0,-3.0,89.0,90.0,88.0,0.5555555555555556,1.1111111111111112,0.0,1.1111111111111112,2.2222222222222223,0.2777777777777778,336.0,1018.29,1017.61,-0.74,0.0,0.0,1
0.0,0.0,2024-01-16 04:59:08,2024-01-16 09:59:08+00:00,1705399148,KNYNEWYO1805,40.638,-74.035,America/New_York,-3.0,-3.0,-3.0,-4.0,-4.0,-5.0,-3.0,-3.0,-3.0,-3.0,-3.0,-3.0,88.0,90.0,88.0,0.5555555555555556,1.1111111111111112,0.0,1.1111111111111112,2.2222222222222223,0.8333333333333333,282.0,1017.27,1016.93,-0.37,0.0,0.0,1
0.0,0.0,2024-01-16 05:59:08,2024-01-16 10:59:08+00:00,1705402748,KNYNEWYO1805,40.638,-74.035,America/New_York,-3.0,-3.0,-3.0,-4.0,-4.0,-4.0,-3.0,-3.0,-3.0,-3.0,-3.0,-4.0,89.0,90.0,89.0,0.5555555555555556,1.3888888888888888,0.0,1.3888888888888888,3.888888888888889,0.5555555555555556,294.0,1016.59,1015.58,-1.11,0.0,0.0,1
0.0,0.0,2024-01-16 06:59:06,2024-01-16 11:59:06+00:00,1705406346,KNYNEWYO1805,40.638,-74.035,America/New_York,-2.0,-2.0,-3.0,-4.0,-4.0,-4.0,-2.0,-2.0,-3.0,-3.0,-2.0,-5.0,88.0,89.0,87.0,1.1111111111111112,1.6666666666666665,0.5555555555555556,2.7777777777777777,4.166666666666667,1.6666666666666665,330.0,1015.58,1014.56,-1.11,0.0,0.0,1
0.0,0.0,2024-01-16 07:59:04,2024-01-16 12:59:04+00:00,1705409944,KNYNEWYO1805,40.638,-74.035,America/New_York,-2.0,-2.0,-2.0,-3.0,-3.0,-4.0,-2.0,-2.0,-2.0,-2.0,-2.0,-4.0,88.0,89.0,88.0,0.8333333333333333,1.6666666666666665,0.5555555555555556,2.5,4.166666666666667,1.1111111111111112,287.0,1014.56,1013.21,-1.48,3.0,0.0,1
0.0,0.03,2024-01-16 08:59:04,2024-01-16 13:59:04+00:00,1705413544,KNYNEWYO1805,40.638,-74.035,America/New_York,-1.0,-1.0,-2.0,-3.0,-3.0,-3.0,-1.0,-1.0,-2.0,-2.0,-1.0,-4.0,89.0,90.0,89.0,0.8333333333333333,1.6666666666666665,0.0,1.9444444444444444,3.888888888888889,0.0,294.0,1013.21,1012.19,-0.37,6.0,0.0,1
0.2,2.79,2024-01-16 09:59:01,2024-01-16 14:59:01+00:00,1705417141,KNYNEWYO1805,40.638,-74.035,America/New_York,-1.0,-1.0,-1.0,-2.0,-2.0,-3.0,-1.0,-1.0,-1.0,-1.0,-1.0,-1.0,90.0,92.0,90.0,0.5555555555555556,1.1111111111111112,0.2777777777777778,1.3888888888888888,2.5,0.8333333333333333,289.0,1012.19,1010.84,-1.11,16.0,0.0,1
0.2,1.52,2024-01-16 10:59:02,2024-01-16 15:59:02+00:00,1705420742,KNYNEWYO1805,40.638,-74.035,America/New_York,-1.0,-1.0,-1.0,-2.0,-2.0,-2.0,-1.0,-1.0,-1.0,-1.0,-1.0,-1.0,91.0,92.0,91.0,0.5555555555555556,0.8333333333333333,0.2777777777777778,1.6666666666666665,3.0555555555555554,0.8333333333333333,195.0,1010.84,1009.14,-1.48,16.0,0.0,1
0.2,1.4500000000000002,2024-01-16 11:59:00,2024-01-16 16:59:00+00:00,1705424340,KNYNEWYO1805,40.638,-74.035,America/New_York,0.0,0.0,-1.0,-2.0,-2.0,-2.0,0.0,0.0,-1.0,0.0,0.0,-1.0,91.0,92.0,91.0,0.5555555555555556,1.1111111111111112,0.2777777777777778,1.3888888888888888,1.6666666666666665,0.8333333333333333,281.0,1009.14,1006.43,-2.96,28.0,0.1,1
0.05,1.96,2024-01-16 12:58:59,2024-01-16 17:58:59+00:00,1705427939,KNYNEWYO1805,40.638,-74.035,America/New_York,0.0,0.0,0.0,-1.0,-1.0,-2.0,0.0,0.0,0.0,0.0,0.0,0.0,92.0,93.0,92.0,0.5555555555555556,1.1111111111111112,0.2777777777777778,1.3888888888888888,1.6666666666666665,1.1111111111111112,271.0,1006.1,1004.4,-1.85,31.0,0.1,1
0.03,0.0,2024-01-16 13:58:59,2024-01-16 18:58:59+00:00,1705431539,KNYNEWYO1805,40.638,-74.035,America/New_York,0.0,0.0,-1.0,-1.0,-1.0,-2.0,0.0,0.0,-1.0,-1.0,0.0,-3.0,93.0,94.0,92.0,1.1111111111111112,1.6666666666666665,0.2777777777777778,1.9444444444444444,2.7777777777777777,1.1111111111111112,170.0,1005.42,1004.06,1.48,16.0,0.0,1
0.0,0.0,2024-01-16 14:58:59,2024-01-16 19:58:59+00:00,1705435139,KNYNEWYO1805,40.638,-74.035,America/New_York,-1.0,-1.0,-1.0,-2.0,-2.0,-2.0,-1.0,-1.0,-1.0,-2.0,-1.0,-3.0,93.0,94.0,92.0,1.3888888888888888,1.6666666666666665,0.5555555555555556,2.2222222222222223,3.333333333333333,1.3888888888888888,145.0,1006.1,1005.42,0.74,16.0,0.0,1
0.0,0.0,2024-01-16 15:59:55,2024-01-16 20:59:55+00:00,1705438795,KNYNEWYO1805,40.638,-74.035,America/New_York,-2.0,-1.0,-2.0,-3.0,-3.0,-3.0,-2.0,-1.0,-2.0,-2.0,-1.0,-3.0,91.0,93.0,90.0,1.1111111111111112,1.6666666666666665,0.8333333333333333,2.2222222222222223,2.7777777777777777,1.6666666666666665,134.0,1006.77,1006.43,0.36,14.0,0.0,1
0.0,0.0,2024-01-16 16:58:55,2024-01-16 21:58:55+00:00,1705442335,KNYNEWYO1805,40.638,-74.035,America/New_York,-2.0,-1.0,-2.0,-3.0,-3.0,-3.0,-2.0,-1.0,-2.0,-2.0,-1.0,-2.0,90.0,93.0,88.0,1.1111111111111112,1.3888888888888888,0.8333333333333333,1.9444444444444444,2.7777777777777777,1.6666666666666665,145.0,1006.77,1006.43,0.0,14.0,0.0,1
0.0,0.0,2024-01-16 17:58:55,2024-01-16 22:58:55+00:00,1705445935,KNYNEWYO1805,40.638,-74.035,America/New_York,-1.0,-1.0,-1.0,-4.0,-3.0,-4.0,-1.0,-1.0,-1.0,-3.0,-1.0,-4.0,84.0,87.0,80.0,1.3888888888888888,2.2222222222222223,1.1111111111111112,2.5,3.888888888888889,1.6666666666666665,140.0,1007.79,1006.77,1.11,0.0,0.0,1
0.0,0.0,2024-01-16 18:58:53,2024-01-16 23:58:53+00:00,1705449533,KNYNEWYO1805,40.638,-74.035,America/New_York,-1.0,-1.0,-2.0,-5.0,-4.0,-5.0,-1.0,-1.0,-2.0,-4.0,-3.0,-5.0,77.0,81.0,75.0,1.9444444444444444,3.0555555555555554,1.3888888888888888,3.0555555555555554,4.166666666666667,2.5,141.0,1008.13,1007.79,0.37,0.0,0.0,1
0.0,0.0,2024-01-16 19:58:50,2024-01-17 00:58:50+00:00,1705453130,KNYNEWYO1805,40.638,-74.035,America/New_York,-2.0,-2.0,-2.0,-6.0,-5.0,-7.0,-2.0,-2.0,-2.0,-4.0,-2.0,-5.0,74.0,78.0,71.0,1.9444444444444444,2.2222222222222223,1.3888888888888888,3.0555555555555554,3.888888888888889,2.2222222222222223,133.0,1008.81,1008.13,0.74,0.0,0.0,1
0.0,0.0,2024-01-16 20:58:50,2024-01-17 01:58:50+00:00,1705456730,KNYNEWYO1805,40.638,-74.035,America/New_York,-2.0,-2.0,-3.0,-7.0,-6.0,-8.0,-2.0,-2.0,-3.0,-5.0,-5.0,-7.0,71.0,74.0,69.0,2.2222222222222223,2.7777777777777777,1.9444444444444444,3.611111111111111,4.166666666666667,3.0555555555555554,131.0,1009.48,1008.81,0.37,0.0,0.0,1
0.0,0.0,2024-01-16 21:58:48,2024-01-17 02:58:48+00:00,1705460328,KNYNEWYO1805,40.638,-74.035,America/New_York,-3.0,-3.0,-4.0,-9.0,-8.0,-9.0,-3.0,-3.0,-4.0,-7.0,-6.0,-8.0,67.0,69.0,66.0,2.7777777777777777,3.611111111111111,2.2222222222222223,4.444444444444445,5.277777777777778,3.611111111111111,140.0,1010.5,1009.48,1.11,0.0,0.0,1
0.0,0.0,2024-01-16 22:58:48,2024-01-17 03:58:48+00:00,1705463928,KNYNEWYO1805,40.638,-74.035,America/New_York,-4.0,-4.0,-4.0,-9.0,-9.0,-10.0,-4.0,-4.0,-4.0,-8.0,-7.0,-9.0,67.0,69.0,65.0,2.5,3.0555555555555554,1.6666666666666665,4.166666666666667,5.0,3.611111111111111,135.0,1011.18,1010.5,0.74,0.0,0.0,1
0.0,0.0,2024-01-16 23:58:46,2024-01-17 04:58:46+00:00,1705467526,KNYNEWYO1805,40.638,-74.035,America/New_York,-5.0,-4.0,-5.0,-10.0,-9.0,-10.0,-5.0,-4.0,-5.0,-8.0,-7.0,-9.0,67.0,69.0,66.0,2.2222222222222223,3.0555555555555554,1.6666666666666665,3.888888888888889,4.722222222222222,3.0555555555555554,136.0,1011.85,1011.18,0.74,0.0,0.0,1
0.0,0.0,2024-01-17 00:58:46,2024-01-17 05:58:46+00:00,1705471126,KNYNEWYO1805,40.638,-74.035,America/New_York,-5.0,-5.0,-5.0,-10.0,-9.0,-10.0,-5.0,-5.0,-5.0,-9.0,-8.0,-10.0,69.0,70.0,68.0,2.7777777777777777,3.333333333333333,2.2222222222222223,4.444444444444445,5.833333333333333,3.888888888888889,140.0,1012.19,1011.85,0.37,0.0,0.0,1
0.0,0.0,2024-01-17 01:58:45,2024-01-17 06:58:45+00:00,1705474725,KNYNEWYO1805,40.638,-74.035,America/New_York,-5.0,-5.0,-5.0,-10.0,-9.0,-10.0,-5.0,-5.0,-5.0,-9.0,-8.0,-9.0,69.0,71.0,68.0,2.5,2.5,1.9444444444444444,3.611111111111111,4.444444444444445,3.333333333333333,138.0,1012.53,1011.85,0.37,0.0,0.0,1
0.0,0.0,2024-01-17 02:58:44,2024-01-17 07:58:44+00:00,1705478324,KNYNEWYO1805,40.638,-74.035,America/New_York,-5.0,-5.0,-6.0,-10.0,-10.0,-10.0,-5.0,-5.0,-6.0,-9.0,-8.0,-10.0,70.0,72.0,69.0,2.2222222222222223,3.0555555555555554,1.6666666666666665,3.611111111111111,4.166666666666667,2.7777777777777777,125.0,1012.87,1012.53,-0.37,0.0,0.0,1
0.0,0.0,2024-01-17 03:58:42,2024-01-17 08:58:42+00:00,1705481922,KNYNEWYO1805,40.638,-74.035,America/New_York,-6.0,-6.0,-6.0,-10.0,-10.0,-11.0,-6.0,-6.0,-6.0,-10.0,-9.0,-11.0,69.0,70.0,68.0,2.5,3.611111111111111,1.6666666666666665,3.888888888888889,5.0,3.0555555555555554,135.0,1012.87,1012.53,0.37,0.0,0.0,1
0.0,0.0,2024-01-17 04:58:42,2024-01-17 09:58:42+00:00,1705485522,KNYNEWYO1805,40.638,-74.035,America/New_York,-6.0,-6.0,-6.0,-11.0,-10.0,-11.0,-6.0,-6.0,-6.0,-10.0,-9.0,-10.0,70.0,71.0,67.0,2.2222222222222223,2.7777777777777777,1.3888888888888888,3.333333333333333,4.166666666666667,2.5,130.0,1013.21,1012.53,0.74,0.0,0.0,1
0.0,0.0,2024-01-17 05:58:42,2024-01-17 10:58:42+00:00,1705489122,KNYNEWYO1805,40.638,-74.035,America/New_York,-7.0,-6.0,-7.0,-11.0,-11.0,-11.0,-7.0,-6.0,-7.0,-11.0,-10.0,-11.0,70.0,71.0,69.0,2.5,2.7777777777777777,1.9444444444444444,3.611111111111111,4.166666666666667,2.7777777777777777,120.0,1014.22,1013.21,1.11,0.0,0.0,1
0.0,0.0,2024-01-17 06:58:41,2024-01-17 11:58:41+00:00,1705492721,KNYNEWYO1805,40.638,-74.035,America/New_York,-7.0,-7.0,-7.0,-12.0,-11.0,-12.0,-7.0,-7.0,-7.0,-11.0,-10.0,-11.0,70.0,73.0,68.0,2.2222222222222223,2.5,1.3888888888888888,3.333333333333333,4.166666666666667,1.9444444444444444,126.0,1014.9,1014.22,0.77,0.0,0.0,1
0.0,0.0,2024-01-17 07:58:38,2024-01-17 12:58:38+00:00,1705496318,KNYNEWYO1805,40.638,-74.035,America/New_York,-8.0,-7.0,-8.0,-12.0,-12.0,-13.0,-8.0,-7.0,-8.0,-11.0,-11.0,-12.0,70.0,72.0,69.0,2.2222222222222223,2.7777777777777777,1.6666666666666665,3.333333333333333,3.888888888888889,2.7777777777777777,119.0,1015.24,1014.9,0.37,28.0,0.1,1
0.0,0.0,2024-01-17 08:58:38,2024-01-17 13:58:38+00:00,1705499918,KNYNEWYO1805,40.638,-74.035,America/New_York,-8.0,-7.0,-8.0,-12.0,-12.0,-13.0,-8.0,-7.0,-8.0,-12.0,-11.0,-12.0,69.0,72.0,68.0,2.2222222222222223,2.7777777777777777,1.6666666666666665,3.333333333333333,3.888888888888889,2.7777777777777777,121.0,1016.26,1015.24,1.11,305.0,0.8,1
0.0,0.0,2024-01-17 09:58:36,2024-01-17 14:58:36+00:00,1705503516,KNYNEWYO1805,40.638,-74.035,America/New_York,-7.0,-7.0,-7.0,-13.0,-12.0,-13.0,-7.0,-7.0,-7.0,-11.0,-11.0,-12.0,65.0,70.0,61.0,2.5,3.0555555555555554,2.2222222222222223,3.611111111111111,4.166666666666667,2.5,119.0,1016.59,1015.92,0.37,401.0,1.1,1
0.0,0.0,2024-01-17 10:58:37,2024-01-17 15:58:37+00:00,1705507117,KNYNEWYO1805,40.638,-74.035,America/New_York,-7.0,-7.0,-7.0,-14.0,-13.0,-14.0,-7.0,-7.0,-7.0,-12.0,-11.0,-12.0,58.0,62.0,56.0,2.7777777777777777,3.611111111111111,2.5,4.166666666666667,5.0,3.611111111111111,121.0,1016.93,1016.26,-0.37,453.0,1.3,1
0.0,0.0,2024-01-17 11:58:36,2024-01-17 16:58:36+00:00,1705510716,KNYNEWYO1805,40.638,-74.035,America/New_York,-6.0,-6.0,-6.0,-13.0,-13.0,-14.0,-6.0,-6.0,-6.0,-11.0,-11.0,-11.0,56.0,58.0,53.0,3.0555555555555554,3.333333333333333,2.7777777777777777,4.444444444444445,5.0,3.888888888888889,113.0,1016.26,1015.58,-0.74,464.0,1.3,1
0.0,0.0,2024-01-17 12:59:34,2024-01-17 17:59:34+00:00,1705514374,KNYNEWYO1805,40.638,-74.035,America/New_York,-6.0,-5.0,-6.0,-13.0,-13.0,-14.0,-6.0,-5.0,-6.0,-10.0,-10.0,-11.0,54.0,58.0,52.0,3.0555555555555554,3.888888888888889,2.5,4.444444444444445,5.833333333333333,3.611111111111111,114.0,1015.92,1015.24,-0.73,457.0,1.3,1
0.0,0.0,2024-01-17 13:59:34,2024-01-17 18:59:34+00:00,1705517974,KNYNEWYO1805,40.638,-74.035,America/New_York,-5.0,-5.0,-5.0,-13.0,-12.0,-14.0,-5.0,-5.0,-5.0,-9.0,-8.0,-10.0,51.0,55.0,49.0,2.7777777777777777,3.333333333333333,1.6666666666666665,3.888888888888889,5.277777777777778,3.0555555555555554,108.0,1015.24,1014.9,0.0,406.0,1.1,1
0.0,0.0,2024-01-17 14:58:32,2024-01-17 19:58:32+00:00,1705521512,KNYNEWYO1805,40.638,-74.035,America/New_York,-4.0,-4.0,-5.0,-13.0,-13.0,-14.0,-4.0,-4.0,-5.0,-8.0,-8.0,-9.0,49.0,53.0,46.0,2.5,3.0555555555555554,2.2222222222222223,3.888888888888889,4.722222222222222,3.0555555555555554,106.0,1015.24,1014.9,0.37,391.0,1.1,1
0.0,0.0,2024-01-17 15:59:30,2024-01-17 20:59:30+00:00,1705525170,KNYNEWYO1805,40.638,-74.035,America/New_York,-4.0,-4.0,-5.0,-14.0,-13.0,-14.0,-4.0,-4.0,-5.0,-8.0,-7.0,-9.0,48.0,51.0,45.0,2.5,3.333333333333333,1.6666666666666665,4.166666666666667,5.0,3.333333333333333,110.0,1016.26,1015.24,0.74,161.0,0.4,1
0.0,0.0,2024-01-17 16:59:30,2024-01-17 21:59:30+00:00,1705528770,KNYNEWYO1805,40.638,-74.035,America/New_York,-5.0,-5.0,-5.0,-14.0,-13.0,-14.0,-5.0,-5.0,-5.0,-8.0,-7.0,-9.0,48.0,51.0,46.0,2.2222222222222223,2.7777777777777777,1.6666666666666665,3.611111111111111,4.444444444444445,3.0555555555555554,112.0,1016.26,1015.92,0.37,30.0,0.1,1
0.0,0.0,2024-01-17 17:59:31,2024-01-17 22:59:31+00:00,1705532371,KNYNEWYO1805,40.638,-74.035,America/New_York,-5.0,-5.0,-5.0,-13.0,-13.0,-14.0,-5.0,-5.0,-5.0,-8.0,-8.0,-9.0,50.0,52.0,48.0,2.2222222222222223,2.7777777777777777,1.6666666666666665,3.611111111111111,4.166666666666667,2.2222222222222223,115.0,1017.61,1016.59,1.11,1.0,0.0,1
0.0,0.0,2024-01-17 18:59:30,2024-01-17 23:59:30+00:00,1705535970,KNYNEWYO1805,40.638,-74.035,America/New_York,-5.0,-5.0,-5.0,-13.0,-13.0,-14.0,-5.0,-5.0,-5.0,-8.0,-5.0,-9.0,51.0,55.0,49.0,1.9444444444444444,2.5,1.1111111111111112,3.0555555555555554,4.166666666666667,2.5,106.0,1018.29,1017.61,0.74,0.0,0.0,1
0.0,0.0,2024-01-17 19:59:27,2024-01-18 00:59:27+00:00,1705539567,KNYNEWYO1805,40.638,-74.035,America/New_York,-5.0,-5.0,-5.0,-13.0,-13.0,-13.0,-5.0,-5.0,-5.0,-8.0,-7.0,-9.0,53.0,55.0,52.0,2.2222222222222223,2.7777777777777777,1.3888888888888888,3.611111111111111,4.166666666666667,2.7777777777777777,115.0,1018.63,1018.29,0.37,0.0,0.0,1
0.0,0.0,2024-01-17 20:59:27,2024-01-18 01:59:27+00:00,1705543167,KNYNEWYO1805,40.638,-74.035,America/New_York,-5.0,-5.0,-5.0,-13.0,-12.0,-13.0,-5.0,-5.0,-5.0,-8.0,-7.0,-9.0,54.0,56.0,52.0,2.2222222222222223,2.5,1.3888888888888888,3.611111111111111,5.0,2.7777777777777777,109.0,1018.96,1018.63,0.37,0.0,0.0,1
0.0,0.0,2024-01-17 21:59:24,2024-01-18 02:59:24+00:00,1705546764,KNYNEWYO1805,40.638,-74.035,America/New_York,-5.0,-5.0,-5.0,-13.0,-13.0,-13.0,-5.0,-5.0,-5.0,-9.0,-8.0,-9.0,53.0,55.0,52.0,2.2222222222222223,2.7777777777777777,1.6666666666666665,3.611111111111111,3.888888888888889,2.7777777777777777,109.0,1019.98,1019.3,0.74,0.0,0.0,1
0.0,0.0,2024-01-17 22:59:25,2024-01-18 03:59:25+00:00,1705550365,KNYNEWYO1805,40.638,-74.035,America/New_York,-5.0,-5.0,-5.0,-13.0,-13.0,-14.0,-5.0,-5.0,-5.0,-9.0,-8.0,-9.0,51.0,53.0,49.0,2.2222222222222223,2.7777777777777777,1.6666666666666665,3.611111111111111,4.722222222222222,2.7777777777777777,109.0,1020.66,1019.98,0.74,0.0,0.0,1
0.0,0.0,2024-01-17 23:59:23,2024-01-18 04:59:23+00:00,1705553963,KNYNEWYO1805,40.638,-74.035,America/New_York,-5.0,-5.0,-5.0,-14.0,-13.0,-14.0,-5.0,-5.0,-5.0,-8.0,-5.0,-8.0,51.0,53.0,50.0,1.6666666666666665,2.2222222222222223,1.1111111111111112,3.0555555555555554,4.166666666666667,2.5,102.0,1020.66,1020.32,0.0,0.0,0.0,1
0.0,0.0,2024-01-18 00:59:23,2024-01-18 05:59:23+00:00,1705557563,KNYNEWYO1805,40.638,-74.035,America/New_York,-5.0,-5.0,-5.0,-13.0,-13.0,-14.0,-5.0,-5.0,-5.0,-7.0,-5.0,-8.0,54.0,56.0,52.0,1.6666666666666665,1.9444444444444444,1.1111111111111112,2.5,3.611111111111111,1.9444444444444444,119.0,1020.66,1020.66,0.0,0.0,0.0,1
0.0,0.0,2024-01-18 01:59:23,2024-01-18 06:59:23+00:00,1705561163,KNYNEWYO1805,40.638,-74.035,America/New_York,-5.0,-5.0,-5.0,-13.0,-13.0,-14.0,-5.0,-5.0,-5.0,-8.0,-5.0,-9.0,52.0,56.0,51.0,1.6666666666666665,2.2222222222222223,1.3888888888888888,2.7777777777777777,3.888888888888889,2.2222222222222223,112.0,1021.33,1020.32,0.74,0.0,0.0,1
0.0,0.0,2024-01-18 02:59:21,2024-01-18 07:59:21+00:00,1705564761,KNYNEWYO1805,40.638,-74.035,America/New_York,-5.0,-5.0,-5.0,-13.0,-13.0,-14.0,-5.0,-5.0,-5.0,-7.0,-5.0,-9.0,54.0,56.0,52.0,1.3888888888888888,1.9444444444444444,0.8333333333333333,2.7777777777777777,4.166666666666667,1.6666666666666665,120.0,1021.67,1021.33,0.37,0.0,0.0,1
0.0,0.0,2024-01-18 03:59:21,2024-01-18 08:59:21+00:00,1705568361,KNYNEWYO1805,40.638,-74.035,America/New_York,-5.0,-5.0,-5.0,-13.0,-12.0,-14.0,-5.0,-5.0,-5.0,-8.0,-7.0,-9.0,52.0,56.0,49.0,2.2222222222222223,2.7777777777777777,1.6666666666666665,3.333333333333333,3.888888888888889,2.7777777777777777,107.0,1021.33,1021.33,0.0,0.0,0.0,1
0.0,0.0,2024-01-18 04:59:19,2024-01-18 09:59:19+00:00,1705571959,KNYNEWYO1805,40.638,-74.035,America/New_York,-5.0,-4.0,-5.0,-13.0,-13.0,-13.0,-5.0,-4.0,-5.0,-8.0,-7.0,-9.0,52.0,54.0,51.0,2.5,3.0555555555555554,1.3888888888888888,3.888888888888889,4.166666666666667,2.2222222222222223,126.0,1021.33,1021.0,0.37,0.0,0.0,1
0.0,0.0,2024-01-18 05:59:19,2024-01-18 10:59:19+00:00,1705575559,KNYNEWYO1805,40.638,-74.035,America/New_York,-5.0,-5.0,-5.0,-13.0,-13.0,-13.0,-5.0,-5.0,-5.0,-5.0,-5.0,-7.0,52.0,54.0,51.0,1.1111111111111112,1.3888888888888888,0.2777777777777778,1.9444444444444444,2.7777777777777777,1.3888888888888888,124.0,1021.67,1021.33,0.0,0.0,0.0,1
0.0,0.0,2024-01-18 06:59:17,2024-01-18 11:59:17+00:00,1705579157,KNYNEWYO1805,40.638,-74.035,America/New_York,-5.0,-5.0,-5.0,-13.0,-13.0,-13.0,-5.0,-5.0,-5.0,-6.0,-5.0,-8.0,52.0,54.0,52.0,1.1111111111111112,1.6666666666666665,0.8333333333333333,2.2222222222222223,2.7777777777777777,1.6666666666666665,145.0,1022.01,1021.67,0.0,0.0,0.0,1
0.0,0.0,2024-01-18 07:59:17,2024-01-18 12:59:17+00:00,1705582757,KNYNEWYO1805,40.638,-74.035,America/New_York,-5.0,-5.0,-5.0,-13.0,-13.0,-14.0,-5.0,-5.0,-5.0,-7.0,-5.0,-8.0,51.0,53.0,50.0,1.3888888888888888,1.9444444444444444,0.8333333333333333,3.0555555555555554,4.166666666666667,1.6666666666666665,265.0,1022.35,1022.01,0.0,17.0,0.1,1
0.0,0.0,2024-01-18 08:59:15,2024-01-18 13:59:15+00:00,1705586355,KNYNEWYO1805,40.638,-74.035,America/New_York,-4.0,-4.0,-5.0,-13.0,-12.0,-13.0,-4.0,-4.0,-5.0,-5.0,-4.0,-8.0,51.0,53.0,50.0,1.3888888888888888,2.5,0.2777777777777778,2.5,3.888888888888889,1.1111111111111112,276.0,1022.69,1022.35,0.37,46.0,0.1,1
0.0,0.0,2024-01-18 09:59:13,2024-01-18 14:59:13+00:00,1705589953,KNYNEWYO1805,40.638,-74.035,America/New_York,-3.0,-3.0,-3.0,-12.0,-12.0,-13.0,-3.0,-3.0,-3.0,-4.0,-3.0,-6.0,49.0,51.0,48.0,1.1111111111111112,1.3888888888888888,0.8333333333333333,1.9444444444444444,2.2222222222222223,1.3888888888888888,100.0,1023.03,1022.69,-0.37,89.0,0.3,1
0.0,0.0,2024-01-18 10:59:14,2024-01-18 15:59:14+00:00,1705593554,KNYNEWYO1805,40.638,-74.035,America/New_York,-2.0,-2.0,-3.0,-11.0,-11.0,-12.0,-2.0,-2.0,-3.0,-3.0,-2.0,-5.0,49.0,52.0,48.0,1.1111111111111112,1.3888888888888888,0.5555555555555556,1.6666666666666665,2.5,1.1111111111111112,102.0,1022.69,1022.35,-0.37,152.0,0.4,1
0.0,0.0,2024-01-18 11:59:11,2024-01-18 16:59:11+00:00,1705597151,KNYNEWYO1805,40.638,-74.035,America/New_York,-2.0,-2.0,-2.0,-11.0,-11.0,-12.0,-2.0,-2.0,-2.0,-3.0,-2.0,-5.0,49.0,51.0,48.0,1.6666666666666665,2.2222222222222223,0.8333333333333333,2.5,3.611111111111111,1.3888888888888888,98.0,1022.35,1022.01,-0.37,148.0,0.4,1
0.0,0.0,2024-01-18 12:59:11,2024-01-18 17:59:11+00:00,1705600751,KNYNEWYO1805,40.638,-74.035,America/New_York,-1.0,-1.0,-2.0,-10.0,-9.0,-11.0,-1.0,-1.0,-2.0,-3.0,-1.0,-4.0,52.0,54.0,49.0,1.3888888888888888,1.6666666666666665,0.8333333333333333,2.5,3.0555555555555554,1.6666666666666665,102.0,1022.01,1020.32,-1.85,179.0,0.5,1
0.0,0.0,2024-01-18 13:59:09,2024-01-18 18:59:09+00:00,1705604349,KNYNEWYO1805,40.638,-74.035,America/New_York,-1.0,0.0,-1.0,-10.0,-9.0,-10.0,-1.0,0.0,-1.0,-1.0,0.0,-1.0,51.0,52.0,49.0,0.8333333333333333,1.3888888888888888,0.5555555555555556,1.6666666666666665,2.2222222222222223,1.1111111111111112,114.0,1020.32,1019.64,-0.74,206.0,0.6,1
0.0,0.0,2024-01-18 14:59:09,2024-01-18 19:59:09+00:00,1705607949,KNYNEWYO1805,40.638,-74.035,America/New_York,0.0,0.0,0.0,-10.0,-9.0,-10.0,0.0,0.0,0.0,0.0,0.0,-2.0,48.0,51.0,46.0,0.8333333333333333,2.2222222222222223,0.2777777777777778,2.2222222222222223,3.888888888888889,1.1111111111111112,184.0,1019.64,1018.63,-0.74,203.0,0.6,1
0.0,0.0,2024-01-18 15:59:09,2024-01-18 20:59:09+00:00,1705611549,KNYNEWYO1805,40.638,-74.035,America/New_York,0.0,0.0,0.0,-9.0,-8.0,-9.0,0.0,0.0,0.0,-1.0,0.0,-2.0,51.0,54.0,49.0,1.1111111111111112,1.9444444444444444,0.2777777777777778,2.5,4.722222222222222,1.1111111111111112,250.0,1018.63,1017.61,-1.11,138.0,0.4,1
0.0,0.0,2024-01-18 16:59:07,2024-01-18 21:59:07+00:00,1705615147,KNYNEWYO1805,40.638,-74.035,America/New_York,0.0,0.0,0.0,-8.0,-8.0,-8.0,0.0,0.0,0.0,0.0,0.0,-1.0,54.0,56.0,53.0,0.8333333333333333,1.3888888888888888,0.2777777777777778,1.9444444444444444,3.333333333333333,1.1111111111111112,242.0,1017.95,1017.61,0.38,34.0,0.1,1
0.0,0.0,2024-01-18 17:59:06,2024-01-18 22:59:06+00:00,1705618746,KNYNEWYO1805,40.638,-74.035,America/New_York,0.0,0.0,0.0,-7.0,-7.0,-8.0,0.0,0.0,0.0,0.0,0.0,0.0,56.0,58.0,56.0,0.5555555555555556,1.1111111111111112,0.0,1.3888888888888888,2.2222222222222223,0.5555555555555556,142.0,1018.29,1017.95,0.0,1.0,0.0,1
0.0,0.0,2024-01-18 18:59:05,2024-01-18 23:59:05+00:00,1705622345,KNYNEWYO1805,40.638,-74.035,America/New_York,0.0,0.0,0.0,-7.0,-7.0,-8.0,0.0,0.0,0.0,0.0,0.0,0.0,56.0,58.0,56.0,0.5555555555555556,1.3888888888888888,0.2777777777777778,1.3888888888888888,2.5,0.8333333333333333,153.0,1018.96,1018.29,0.37,0.0,0.0,1
0.0,0.0,2024-01-18 19:59:05,2024-01-19 00:59:05+00:00,1705625945,KNYNEWYO1805,40.638,-74.035,America/New_York,0.0,0.0,0.0,-7.0,-7.0,-7.0,0.0,0.0,0.0,0.0,0.0,0.0,58.0,59.0,57.0,0.5555555555555556,1.1111111111111112,0.2777777777777778,1.3888888888888888,2.5,0.8333333333333333,206.0,1018.96,1018.63,0.37,0.0,0.0,1
0.0,0.0,2024-01-18 20:59:03,2024-01-19 01:59:03+00:00,1705629543,KNYNEWYO1805,40.638,-74.035,America/New_York,0.0,0.0,0.0,-7.0,-7.0,-8.0,0.0,0.0,0.0,0.0,0.0,0.0,58.0,60.0,56.0,0.5555555555555556,1.1111111111111112,0.0,1.1111111111111112,1.6666666666666665,0.5555555555555556,117.0,1018.96,1018.29,-0.74,0.0,0.0,1
0.0,0.0,2024-01-18 21:59:03,2024-01-19 02:59:03+00:00,1705633143,KNYNEWYO1805,40.638,-74.035,America/New_York,0.0,0.0,0.0,-7.0,-7.0,-8.0,0.0,0.0,0.0,0.0,0.0,0.0,55.0,57.0,53.0,0.2777777777777778,0.8333333333333333,0.0,0.5555555555555556,1.3888888888888888,0.0,173.0,1018.29,1016.93,-1.48,0.0,0.0,1
0.0,0.0,2024-01-18 22:59:01,2024-01-19 03:59:01+00:00,1705636741,KNYNEWYO1805,40.638,-74.035,America/New_York,0.0,1.0,0.0,-8.0,-8.0,-8.0,0.0,1.0,0.0,0.0,1.0,0.0,53.0,56.0,53.0,0.2777777777777778,1.1111111111111112,0.0,0.5555555555555556,1.3888888888888888,0.0,250.0,1016.93,1016.59,-0.37,0.0,0.0,1
0.0,0.0,2024-01-18 23:59:01,2024-01-19 04:59:01+00:00,1705640341,KNYNEWYO1805,40.638,-74.035,America/New_York,0.0,0.0,0.0,-7.0,-7.0,-8.0,0.0,0.0,0.0,0.0,0.0,0.0,56.0,58.0,54.0,0.2777777777777778,0.2777777777777778,0.0,0.8333333333333333,1.3888888888888888,0.2777777777777778,140.0,1016.59,1016.26,-0.37,0.0,0.0,1
0.0,0.0,2024-01-19 00:58:59,2024-01-19 05:58:59+00:00,1705643939,KNYNEWYO1805,40.638,-74.035,America/New_York,0.0,0.0,0.0,-7.0,-7.0,-8.0,0.0,0.0,0.0,0.0,0.0,0.0,58.0,61.0,56.0,0.0,0.2777777777777778,0.0,0.2777777777777778,1.1111111111111112,0.0,144.0,1015.92,1015.24,-0.37,0.0,0.0,1
0.0,0.0,2024-01-19 01:58:58,2024-01-19 06:58:58+00:00,1705647538,KNYNEWYO1805,40.638,-74.035,America/New_York,0.0,0.0,0.0,-7.0,-7.0,-7.0,0.0,0.0,0.0,0.0,0.0,0.0,60.0,61.0,59.0,0.0,0.0,0.0,0.2777777777777778,0.5555555555555556,0.0,145.0,1015.58,1014.56,-1.11,0.0,0.0,1
0.0,0.0,2024-01-19 02:58:57,2024-01-19 07:58:57+00:00,1705651137,KNYNEWYO1805,40.638,-74.035,America/New_York,0.0,0.0,0.0,-7.0,-7.0,-7.0,0.0,0.0,0.0,0.0,0.0,0.0,59.0,61.0,57.0,0.0,0.2777777777777778,0.0,0.2777777777777778,0.8333333333333333,0.0,121.0,1014.56,1014.22,-0.37,0.0,0.0,1
0.0,0.0,2024-01-19 03:58:55,2024-01-19 08:58:55+00:00,1705654735,KNYNEWYO1805,40.638,-74.035,America/New_York,0.0,0.0,0.0,-7.0,-7.0,-7.0,0.0,0.0,0.0,0.0,0.0,0.0,57.0,58.0,57.0,0.0,0.2777777777777778,0.0,0.2777777777777778,0.8333333333333333,0.0,210.0,1014.22,1013.21,-0.74,0.0,0.0,1
0.0,0.0,2024-01-19 04:58:55,2024-01-19 09:58:55+00:00,1705658335,KNYNEWYO1805,40.638,-74.035,America/New_York,0.0,0.0,0.0,-7.0,-7.0,-8.0,0.0,0.0,0.0,0.0,0.0,0.0,56.0,58.0,55.0,0.0,0.2777777777777778,0.0,0.5555555555555556,1.1111111111111112,0.0,215.0,1013.21,1012.87,0.37,0.0,0.0,1
0.0,0.0,2024-01-19 05:58:55,2024-01-19 10:58:55+00:00,1705661935,KNYNEWYO1805,40.638,-74.035,America/New_York,0.0,0.0,0.0,-7.0,-7.0,-8.0,0.0,0.0,0.0,0.0,0.0,0.0,58.0,60.0,55.0,0.2777777777777778,0.8333333333333333,0.0,0.8333333333333333,1.9444444444444444,0.2777777777777778,258.0,1012.87,1012.53,-0.37,0.0,0.0,1
0.0,0.0,2024-01-19 06:58:53,2024-01-19 11:58:53+00:00,1705665533,KNYNEWYO1805,40.638,-74.035,America/New_York,0.0,0.0,0.0,-7.0,-7.0,-8.0,0.0,0.0,0.0,0.0,0.0,0.0,57.0,60.0,55.0,0.2777777777777778,0.8333333333333333,0.0,0.8333333333333333,1.6666666666666665,0.2777777777777778,271.0,1012.53,1011.51,-0.74,0.0,0.0,1
0.0,0.0,2024-01-19 07:58:51,2024-01-19 12:58:51+00:00,1705669131,KNYNEWYO1805,40.638,-74.035,America/New_York,0.0,0.0,-1.0,-6.0,-6.0,-7.0,0.0,0.0,-1.0,0.0,0.0,-1.0,64.0,67.0,61.0,0.5555555555555556,0.8333333333333333,0.0,1.3888888888888888,2.2222222222222223,0.8333333333333333,196.0,1011.51,1011.18,-0.37,15.0,0.0,1
0.0,0.0,2024-01-19 08:58:51,2024-01-19 13:58:51+00:00,1705672731,KNYNEWYO1805,40.638,-74.035,America/New_York,-1.0,0.0,-1.0,-6.0,-6.0,-7.0,-1.0,0.0,-1.0,-1.0,0.0,-1.0,65.0,68.0,64.0,0.2777777777777778,0.8333333333333333,0.0,1.1111111111111112,1.6666666666666665,0.2777777777777778,50.0,1011.51,1011.18,0.0,84.0,0.2,1
0.0,0.0,2024-01-19 09:58:48,2024-01-19 14:58:48+00:00,1705676328,KNYNEWYO1805,40.638,-74.035,America/New_York,-1.0,-1.0,-1.0,-5.0,-4.0,-6.0,-1.0,-1.0,-1.0,-1.0,-1.0,-1.0,76.0,80.0,69.0,0.5555555555555556,1.1111111111111112,0.0,1.3888888888888888,2.5,0.5555555555555556,161.0,1011.18,1010.5,-0.37,126.0,0.4,1
0.0,0.0,2024-01-19 10:58:49,2024-01-19 15:58:49+00:00,1705679929,KNYNEWYO1805,40.638,-74.035,America/New_York,-1.0,-1.0,-1.0,-4.0,-4.0,-4.0,-1.0,-1.0,-1.0,-1.0,-1.0,-1.0,80.0,82.0,79.0,0.5555555555555556,0.8333333333333333,0.0,1.1111111111111112,2.5,0.2777777777777778,247.0,1010.5,1009.48,-1.15,151.0,0.4,1
0.0,0.0,2024-01-19 11:58:47,2024-01-19 16:58:47+00:00,1705683527,KNYNEWYO1805,40.638,-74.035,America/New_York,-1.0,-1.0,-1.0,-3.0,-3.0,-4.0,-1.0,-1.0,-1.0,-1.0,-1.0,-1.0,84.0,86.0,81.0,0.5555555555555556,1.1111111111111112,0.2777777777777778,1.3888888888888888,2.5,0.8333333333333333,287.0,1009.48,1008.13,-1.48,156.0,0.4,1
0.0,0.0,2024-01-19 12:58:47,2024-01-19 17:58:47+00:00,1705687127,KNYNEWYO1805,40.638,-74.035,America/New_York,-1.0,-1.0,-2.0,-4.0,-3.0,-4.0,-1.0,-1.0,-2.0,-1.0,-1.0,-2.0,85.0,86.0,84.0,0.5555555555555556,1.3888888888888888,0.2777777777777778,1.6666666666666665,2.7777777777777777,0.8333333333333333,185.0,1008.13,1007.11,-1.11,125.0,0.3,1
0.0,0.0,2024-01-19 13:53:45,2024-01-19 18:53:45+00:00,1705690425,KNYNEWYO1805,40.638,-74.035,America/New_York,-2.0,-2.0,-2.0,-4.0,-3.0,-4.0,-2.0,-2.0,-2.0,-2.0,-2.0,-2.0,85.0,86.0,85.0,0.5555555555555556,1.1111111111111112,0.2777777777777778,1.6666666666666665,2.5,1.1111111111111112,200.0,1007.11,1006.77,-0.41,59.0,0.2,1
0.0,0.0,2024-01-19 14:58:45,2024-01-19 19:58:45+00:00,1705694325,KNYNEWYO1805,40.638,-74.035,America/New_York,-2.0,-2.0,-2.0,-4.0,-3.0,-4.0,-2.0,-2.0,-2.0,-2.0,-2.0,-2.0,85.0,87.0,84.0,0.5555555555555556,1.1111111111111112,0.2777777777777778,1.3888888888888888,1.9444444444444444,0.8333333333333333,162.0,1007.11,1006.77,0.35,63.0,0.2,1
0.0,0.0,2024-01-19 15:58:43,2024-01-19 20:58:43+00:00,1705697923,KNYNEWYO1805,40.638,-74.035,America/New_York,-2.0,-1.0,-2.0,-4.0,-3.0,-4.0,-2.0,-1.0,-2.0,-2.0,-1.0,-3.0,85.0,88.0,82.0,0.8333333333333333,1.3888888888888888,0.2777777777777778,1.9444444444444444,3.333333333333333,1.1111111111111112,343.0,1007.11,1007.11,0.0,19.0,0.1,1
0.0,0.0,2024-01-19 16:58:43,2024-01-19 21:58:43+00:00,1705701523,KNYNEWYO1805,40.638,-74.035,America/New_York,-2.0,-1.0,-2.0,-4.0,-3.0,-4.0,-2.0,-1.0,-2.0,-3.0,-1.0,-4.0,84.0,86.0,83.0,1.3888888888888888,1.6666666666666665,0.8333333333333333,2.7777777777777777,3.611111111111111,1.9444444444444444,124.0,1008.13,1007.11,1.11,8.0,0.0,1
0.0,0.0,2024-01-19 17:58:43,2024-01-19 22:58:43+00:00,1705705123,KNYNEWYO1805,40.638,-74.035,America/New_York,-2.0,-2.0,-2.0,-4.0,-4.0,-5.0,-2.0,-2.0,-2.0,-3.0,-2.0,-4.0,83.0,85.0,81.0,1.1111111111111112,1.3888888888888888,0.8333333333333333,2.5,3.333333333333333,1.3888888888888888,130.0,1009.14,1008.47,0.74,1.0,0.0,1
0.0,0.0,2024-01-19 18:58:42,2024-01-19 23:58:42+00:00,1705708722,KNYNEWYO1805,40.638,-74.035,America/New_York,-2.0,-2.0,-2.0,-6.0,-5.0,-6.0,-2.0,-2.0,-2.0,-3.0,-2.0,-5.0,75.0,79.0,74.0,1.3888888888888888,2.2222222222222223,0.8333333333333333,2.7777777777777777,3.888888888888889,1.3888888888888888,62.0,1010.16,1009.48,0.75,0.0,0.0,1
0.0,0.0,2024-01-19 19:58:39,2024-01-20 00:58:39+00:00,1705712319,KNYNEWYO1805,40.638,-74.035,America/New_York,-2.0,-2.0,-3.0,-6.0,-6.0,-6.0,-2.0,-2.0,-3.0,-3.0,-2.0,-5.0,75.0,76.0,75.0,1.3888888888888888,1.6666666666666665,0.8333333333333333,2.2222222222222223,3.0555555555555554,1.6666666666666665,125.0,1010.16,1010.16,0.0,0.0,0.0,1
0.0,0.0,2024-01-19 20:58:39,2024-01-20 01:58:39+00:00,1705715919,KNYNEWYO1805,40.638,-74.035,America/New_York,-3.0,-3.0,-3.0,-6.0,-6.0,-6.0,-3.0,-3.0,-3.0,-3.0,-3.0,-5.0,77.0,79.0,77.0,1.1111111111111112,1.3888888888888888,0.8333333333333333,1.9444444444444444,2.5,1.3888888888888888,123.0,1010.84,1010.16,0.37,0.0,0.0,1
0.0,0.0,2024-01-19 21:58:37,2024-01-20 02:58:37+00:00,1705719517,KNYNEWYO1805,40.638,-74.035,America/New_York,-2.0,-2.0,-3.0,-6.0,-5.0,-6.0,-2.0,-2.0,-3.0,-4.0,-2.0,-5.0,78.0,80.0,78.0,1.3888888888888888,1.9444444444444444,0.8333333333333333,2.2222222222222223,2.7777777777777777,1.3888888888888888,120.0,1010.84,1010.5,0.0,0.0,0.0,1
0.0,0.0,2024-01-19 22:58:38,2024-01-20 03:58:38+00:00,1705723118,KNYNEWYO1805,40.638,-74.035,America/New_York,-2.0,-2.0,-2.0,-6.0,-6.0,-8.0,-2.0,-2.0,-2.0,-5.0,-2.0,-5.0,72.0,78.0,67.0,1.6666666666666665,2.2222222222222223,1.1111111111111112,3.0555555555555554,4.166666666666667,2.2222222222222223,128.0,1011.51,1010.84,0.74,0.0,0.0,1
0.0,0.0,2024-01-19 23:58:35,2024-01-20 04:58:35+00:00,1705726715,KNYNEWYO1805,40.638,-74.035,America/New_York,-2.0,-2.0,-3.0,-8.0,-7.0,-8.0,-2.0,-2.0,-3.0,-5.0,-5.0,-6.0,65.0,68.0,64.0,2.2222222222222223,2.7777777777777777,1.9444444444444444,3.333333333333333,4.166666666666667,2.7777777777777777,125.0,1011.51,1011.18,0.0,0.0,0.0,1
0.0,0.0,2024-01-20 00:58:35,2024-01-20 05:58:35+00:00,1705730315,KNYNEWYO1805,40.638,-74.035,America/New_York,-3.0,-3.0,-3.0,-9.0,-8.0,-10.0,-3.0,-3.0,-3.0,-7.0,-6.0,-8.0,62.0,66.0,59.0,3.0555555555555554,3.888888888888889,1.9444444444444444,4.444444444444445,5.833333333333333,3.333333333333333,141.0,1012.19,1011.51,0.75,0.0,0.0,1
0.0,0.0,2024-01-20 01:58:33,2024-01-20 06:58:33+00:00,1705733913,KNYNEWYO1805,40.638,-74.035,America/New_York,-4.0,-3.0,-4.0,-11.0,-10.0,-11.0,-4.0,-3.0,-4.0,-8.0,-7.0,-8.0,59.0,61.0,58.0,2.7777777777777777,3.333333333333333,2.2222222222222223,4.444444444444445,5.555555555555555,3.611111111111111,137.0,1012.87,1012.19,0.74,0.0,0.0,1
0.0,0.0,2024-01-20 02:54:34,2024-01-20 07:54:34+00:00,1705737274,KNYNEWYO1805,40.638,-74.035,America/New_York,-5.0,-4.0,-5.0,-11.0,-10.0,-12.0,-5.0,-4.0,-5.0,-9.0,-8.0,-10.0,63.0,65.0,57.0,3.0555555555555554,4.444444444444445,2.2222222222222223,4.444444444444445,5.833333333333333,3.611111111111111,137.0,1012.87,1012.87,0.0,0.0,0.0,1
0.0,0.0,2024-01-20 03:58:32,2024-01-20 08:58:32+00:00,1705741112,KNYNEWYO1805,40.638,-74.035,America/New_York,-6.0,-5.0,-6.0,-11.0,-11.0,-12.0,-6.0,-5.0,-6.0,-10.0,-8.0,-11.0,65.0,67.0,64.0,2.5,3.611111111111111,1.3888888888888888,3.888888888888889,5.555555555555555,2.5,134.0,1013.21,1012.87,0.35,0.0,0.0,1
0.0,0.0,2024-01-20 04:58:31,2024-01-20 09:58:31+00:00,1705744711,KNYNEWYO1805,40.638,-74.035,America/New_York,-6.0,-6.0,-7.0,-11.0,-11.0,-12.0,-6.0,-6.0,-7.0,-11.0,-10.0,-11.0,67.0,69.0,66.0,2.7777777777777777,3.333333333333333,2.2222222222222223,3.888888888888889,4.444444444444445,3.611111111111111,135.0,1013.88,1013.21,0.75,0.0,0.0,1
0.0,0.0,2024-01-20 05:59:31,2024-01-20 10:59:31+00:00,1705748371,KNYNEWYO1805,40.638,-74.035,America/New_York,-7.0,-7.0,-7.0,-12.0,-11.0,-12.0,-7.0,-7.0,-7.0,-11.0,-10.0,-11.0,68.0,70.0,67.0,2.2222222222222223,2.7777777777777777,1.9444444444444444,3.611111111111111,4.444444444444445,2.7777777777777777,135.0,1014.56,1013.88,0.73,0.0,0.0,1
0.0,0.0,2024-01-20 06:59:30,2024-01-20 11:59:30+00:00,1705751970,KNYNEWYO1805,40.638,-74.035,America/New_York,-7.0,-7.0,-7.0,-12.0,-12.0,-12.0,-7.0,-7.0,-7.0,-11.0,-10.0,-12.0,67.0,69.0,67.0,2.2222222222222223,2.7777777777777777,1.6666666666666665,3.333333333333333,3.888888888888889,2.7777777777777777,142.0,1014.9,1014.56,0.37,0.0,0.0,1
0.0,0.0,2024-01-20 07:59:28,2024-01-20 12:59:28+00:00,1705755568,KNYNEWYO1805,40.638,-74.035,America/New_York,-7.0,-7.0,-7.0,-12.0,-12.0,-12.0,-7.0,-7.0,-7.0,-11.0,-10.0,-12.0,68.0,70.0,66.0,2.2222222222222223,3.0555555555555554,1.9444444444444444,3.611111111111111,4.166666666666667,2.5,137.0,1014.9,1014.56,0.0,27.0,0.1,1
0.0,0.0,2024-01-20 08:59:26,2024-01-20 13:59:26+00:00,1705759166,KNYNEWYO1805,40.638,-74.035,America/New_York,-7.0,-6.0,-7.0,-12.0,-12.0,-12.0,-7.0,-6.0,-7.0,-11.0,-9.0,-11.0,65.0,68.0,63.0,2.2222222222222223,2.7777777777777777,1.6666666666666665,3.611111111111111,5.555555555555555,2.7777777777777777,144.0,1015.24,1014.9,0.0,259.0,0.7,1
0.0,0.0,2024-01-20 09:59:26,2024-01-20 14:59:26+00:00,1705762766,KNYNEWYO1805,40.638,-74.035,America/New_York,-6.0,-6.0,-6.0,-12.0,-12.0,-12.0,-6.0,-6.0,-6.0,-10.0,-9.0,-11.0,62.0,65.0,61.0,2.7777777777777777,3.611111111111111,1.9444444444444444,4.166666666666667,5.277777777777778,3.611111111111111,144.0,1015.24,1014.9,0.38,385.0,1.1,1
0.0,0.0,2024-01-20 10:59:25,2024-01-20 15:59:25+00:00,1705766365,KNYNEWYO1805,40.638,-74.035,America/New_York,-5.0,-5.0,-6.0,-12.0,-11.0,-13.0,-5.0,-5.0,-6.0,-10.0,-8.0,-10.0,60.0,63.0,58.0,2.7777777777777777,3.611111111111111,1.3888888888888888,4.166666666666667,5.0,2.7777777777777777,136.0,1015.24,1014.9,0.0,506.0,1.4,1
0.0,0.0,2024-01-20 11:59:23,2024-01-20 16:59:23+00:00,1705769963,KNYNEWYO1805,40.638,-74.035,America/New_York,-5.0,-5.0,-5.0,-12.0,-12.0,-13.0,-5.0,-5.0,-5.0,-9.0,-8.0,-10.0,58.0,60.0,56.0,2.7777777777777777,3.611111111111111,2.2222222222222223,4.166666666666667,5.277777777777778,3.333333333333333,129.0,1014.9,1014.22,-0.74,521.0,1.4,1
0.0,0.0,2024-01-20 12:59:22,2024-01-20 17:59:22+00:00,1705773562,KNYNEWYO1805,40.638,-74.035,America/New_York,-4.0,-4.0,-5.0,-12.0,-11.0,-12.0,-4.0,-4.0,-5.0,-9.0,-6.0,-10.0,56.0,60.0,54.0,2.7777777777777777,3.888888888888889,1.3888888888888888,4.444444444444445,5.277777777777778,3.333333333333333,128.0,1014.22,1013.55,-0.74,516.0,1.4,1
0.0,0.0,2024-01-20 13:59:22,2024-01-20 18:59:22+00:00,1705777162,KNYNEWYO1805,40.638,-74.035,America/New_York,-4.0,-4.0,-4.0,-12.0,-11.0,-12.0,-4.0,-4.0,-4.0,-9.0,-8.0,-9.0,55.0,58.0,54.0,3.0555555555555554,3.888888888888889,2.5,4.444444444444445,5.277777777777778,3.611111111111111,133.0,1013.55,1013.55,0.0,451.0,1.3,1
0.0,0.0,2024-01-20 14:59:21,2024-01-20 19:59:21+00:00,1705780761,KNYNEWYO1805,40.638,-74.035,America/New_York,-4.0,-4.0,-4.0,-11.0,-11.0,-12.0,-4.0,-4.0,-4.0,-8.0,-7.0,-9.0,55.0,58.0,53.0,3.0555555555555554,4.166666666666667,1.9444444444444444,4.722222222222222,5.833333333333333,3.333333333333333,133.0,1014.22,1013.55,0.74,330.0,0.9,1
0.0,0.0,2024-01-20 15:59:19,2024-01-20 20:59:19+00:00,1705784359,KNYNEWYO1805,40.638,-74.035,America/New_York,-4.0,-4.0,-4.0,-11.0,-11.0,-12.0,-4.0,-4.0,-4.0,-9.0,-8.0,-9.0,57.0,59.0,55.0,3.333333333333333,3.888888888888889,2.7777777777777777,5.0,6.388888888888888,4.166666666666667,131.0,1014.9,1014.22,0.74,213.0,0.6,1
0.0,0.0,2024-01-20 16:59:18,2024-01-20 21:59:18+00:00,1705787958,KNYNEWYO1805,40.638,-74.035,America/New_York,-5.0,-5.0,-5.0,-12.0,-11.0,-12.0,-5.0,-5.0,-5.0,-10.0,-8.0,-11.0,58.0,60.0,57.0,3.333333333333333,4.166666666666667,2.5,5.0,6.388888888888888,3.888888888888889,130.0,1015.92,1014.9,1.11,38.0,0.1,1
0.0,0.0,2024-01-20 17:59:16,2024-01-20 22:59:16+00:00,1705791556,KNYNEWYO1805,40.638,-74.035,America/New_York,-5.0,-5.0,-5.0,-12.0,-11.0,-12.0,-5.0,-5.0,-5.0,-10.0,-9.0,-11.0,59.0,62.0,58.0,3.333333333333333,3.888888888888889,2.7777777777777777,5.0,5.833333333333333,3.888888888888889,134.0,1016.59,1015.92,0.74,2.0,0.0,1
0.0,0.0,2024-01-20 18:59:17,2024-01-20 23:59:17+00:00,1705795157,KNYNEWYO1805,40.638,-74.035,America/New_York,-5.0,-5.0,-6.0,-12.0,-12.0,-12.0,-5.0,-5.0,-6.0,-10.0,-9.0,-11.0,60.0,62.0,58.0,3.0555555555555554,3.611111111111111,2.2222222222222223,5.0,6.111111111111111,3.611111111111111,134.0,1016.93,1016.59,0.37,0.0,0.0,1
0.0,0.0,2024-01-20 19:59:14,2024-01-21 00:59:14+00:00,1705798754,KNYNEWYO1805,40.638,-74.035,America/New_York,-6.0,-6.0,-6.0,-12.0,-11.0,-12.0,-6.0,-6.0,-6.0,-10.0,-9.0,-11.0,63.0,66.0,61.0,2.7777777777777777,3.611111111111111,1.6666666666666665,4.444444444444445,5.277777777777778,3.611111111111111,131.0,1017.27,1017.27,0.0,0.0,0.0,1
0.0,0.0,2024-01-20 20:59:14,2024-01-21 01:59:14+00:00,1705802354,KNYNEWYO1805,40.638,-74.035,America/New_York,-6.0,-6.0,-6.0,-12.0,-11.0,-12.0,-6.0,-6.0,-6.0,-10.0,-10.0,-11.0,63.0,66.0,61.0,3.0555555555555554,3.611111111111111,2.2222222222222223,4.444444444444445,5.277777777777778,3.611111111111111,134.0,1017.95,1017.27,0.37,0.0,0.0,1
0.0,0.0,2024-01-20 21:59:12,2024-01-21 02:59:12+00:00,1705805952,KNYNEWYO1805,40.638,-74.035,America/New_York,-6.0,-6.0,-6.0,-11.0,-11.0,-12.0,-6.0,-6.0,-6.0,-10.0,-9.0,-11.0,64.0,66.0,63.0,2.7777777777777777,3.333333333333333,1.6666666666666665,4.166666666666667,4.722222222222222,3.0555555555555554,139.0,1018.63,1017.95,0.74,0.0,0.0,1
0.0,0.0,2024-01-20 22:59:13,2024-01-21 03:59:13+00:00,1705809553,KNYNEWYO1805,40.638,-74.035,America/New_York,-6.0,-6.0,-6.0,-11.0,-11.0,-12.0,-6.0,-6.0,-6.0,-10.0,-9.0,-11.0,66.0,67.0,64.0,2.5,3.611111111111111,1.6666666666666665,3.888888888888889,6.944444444444445,2.7777777777777777,133.0,1018.96,1018.63,0.38,0.0,0.0,1
0.0,0.0,2024-01-20 23:59:10,2024-01-21 04:59:10+00:00,1705813150,KNYNEWYO1805,40.638,-74.035,America/New_York,-6.0,-6.0,-6.0,-11.0,-11.0,-11.0,-6.0,-6.0,-6.0,-9.0,-6.0,-10.0,66.0,68.0,65.0,2.5,2.7777777777777777,1.1111111111111112,3.611111111111111,5.277777777777778,2.5,137.0,1019.64,1018.96,0.74,0.0,0.0,1
0.0,0.0,2024-01-21 00:59:10,2024-01-21 05:59:10+00:00,1705816750,KNYNEWYO1805,40.638,-74.035,America/New_York,-6.0,-5.0,-6.0,-11.0,-10.0,-11.0,-6.0,-5.0,-6.0,-9.0,-8.0,-11.0,67.0,69.0,66.0,2.2222222222222223,3.333333333333333,1.3888888888888888,3.888888888888889,4.444444444444445,3.333333333333333,140.0,1019.64,1019.3,0.37,0.0,0.0,1
0.0,0.0,2024-01-21 01:59:10,2024-01-21 06:59:10+00:00,1705820350,KNYNEWYO1805,40.638,-74.035,America/New_York,-5.0,-5.0,-5.0,-10.0,-10.0,-11.0,-5.0,-5.0,-5.0,-9.0,-9.0,-10.0,67.0,69.0,66.0,2.5,3.333333333333333,2.2222222222222223,4.166666666666667,4.722222222222222,3.611111111111111,135.0,1020.66,1019.64,1.11,0.0,0.0,1
0.0,0.0,2024-01-21 02:59:09,2024-01-21 07:59:09+00:00,1705823949,KNYNEWYO1805,40.638,-74.035,America/New_York,-5.0,-5.0,-5.0,-11.0,-10.0,-11.0,-5.0,-5.0,-5.0,-9.0,-8.0,-10.0,65.0,68.0,64.0,2.2222222222222223,3.0555555555555554,1.6666666666666665,3.611111111111111,4.722222222222222,2.7777777777777777,136.0,1021.33,1020.66,0.74,0.0,0.0,1
0.0,0.0,2024-01-21 03:59:07,2024-01-21 08:59:07+00:00,1705827547,KNYNEWYO1805,40.638,-74.035,America/New_York,-5.0,-5.0,-5.0,-11.0,-11.0,-11.0,-5.0,-5.0,-5.0,-8.0,-8.0,-9.0,64.0,66.0,63.0,1.9444444444444444,2.5,1.6666666666666665,3.333333333333333,4.166666666666667,2.7777777777777777,136.0,1021.67,1021.33,0.37,0.0,0.0,1
0.0,0.0,2024-01-21 04:59:07,2024-01-21 09:59:07+00:00,1705831147,KNYNEWYO1805,40.638,-74.035,America/New_York,-5.0,-5.0,-5.0,-11.0,-10.0,-11.0,-5.0,-5.0,-5.0,-9.0,-8.0,-10.0,65.0,66.0,64.0,2.5,3.333333333333333,1.6666666666666665,4.166666666666667,5.555555555555555,3.333333333333333,141.0,1022.35,1021.33,0.74,0.0,0.0,1
0.0,0.0,2024-01-21 05:59:05,2024-01-21 10:59:05+00:00,1705834745,KNYNEWYO1805,40.638,-74.035,America/New_York,-5.0,-5.0,-6.0,-11.0,-11.0,-12.0,-5.0,-5.0,-6.0,-9.0,-9.0,-10.0,63.0,65.0,62.0,2.5,3.0555555555555554,1.9444444444444444,4.166666666666667,5.277777777777778,3.611111111111111,141.0,1023.71,1022.35,1.48,0.0,0.0,1
0.0,0.0,2024-01-21 06:59:05,2024-01-21 11:59:05+00:00,1705838345,KNYNEWYO1805,40.638,-74.035,America/New_York,-6.0,-6.0,-6.0,-11.0,-11.0,-12.0,-6.0,-6.0,-6.0,-9.0,-8.0,-10.0,63.0,65.0,62.0,1.9444444444444444,2.7777777777777777,1.3888888888888888,3.333333333333333,4.166666666666667,2.2222222222222223,137.0,1024.72,1023.71,1.11,0.0,0.0,1
0.0,0.0,2024-01-21 07:59:03,2024-01-21 12:59:03+00:00,1705841943,KNYNEWYO1805,40.638,-74.035,America/New_York,-6.0,-6.0,-6.0,-12.0,-11.0,-12.0,-6.0,-6.0,-6.0,-9.0,-9.0,-11.0,61.0,65.0,60.0,2.2222222222222223,3.0555555555555554,1.3888888888888888,3.611111111111111,4.722222222222222,2.7777777777777777,135.0,1025.74,1025.06,0.74,29.0,0.1,1
0.0,0.0,2024-01-21 08:59:02,2024-01-21 13:59:02+00:00,1705845542,KNYNEWYO1805,40.638,-74.035,America/New_York,-5.0,-5.0,-6.0,-12.0,-12.0,-12.0,-5.0,-5.0,-6.0,-9.0,-8.0,-10.0,59.0,62.0,56.0,2.5,2.7777777777777777,1.6666666666666665,4.166666666666667,5.555555555555555,2.5,135.0,1026.75,1025.74,1.11,236.0,0.7,1
0.0,0.0,2024-01-21 09:54:02,2024-01-21 14:54:02+00:00,1705848842,KNYNEWYO1805,40.638,-74.035,America/New_York,-5.0,-5.0,-5.0,-12.0,-12.0,-13.0,-5.0,-5.0,-5.0,-9.0,-8.0,-9.0,56.0,59.0,55.0,2.5,3.333333333333333,2.2222222222222223,4.166666666666667,5.0,3.611111111111111,140.0,1027.43,1026.75,0.85,371.0,1.0,1
0.0,0.0,2024-01-21 10:59:01,2024-01-21 15:59:01+00:00,1705852741,KNYNEWYO1805,40.638,-74.035,America/New_York,-4.0,-4.0,-4.0,-12.0,-11.0,-12.0,-4.0,-4.0,-4.0,-8.0,-6.0,-9.0,56.0,57.0,55.0,2.2222222222222223,2.7777777777777777,1.3888888888888888,3.888888888888889,4.722222222222222,2.7777777777777777,136.0,1027.77,1027.43,0.34,474.0,1.3,1
0.0,0.0,2024-01-21 11:59:59,2024-01-21 16:59:59+00:00,1705856399,KNYNEWYO1805,40.638,-74.035,America/New_York,-3.0,-3.0,-4.0,-11.0,-11.0,-12.0,-3.0,-3.0,-4.0,-7.0,-5.0,-8.0,54.0,56.0,52.0,2.2222222222222223,2.7777777777777777,1.6666666666666665,3.888888888888889,6.111111111111111,2.7777777777777777,138.0,1027.77,1026.75,-1.09,504.0,1.4,1
0.0,0.0,2024-01-21 12:58:59,2024-01-21 17:58:59+00:00,1705859939,KNYNEWYO1805,40.638,-74.035,America/New_York,-2.0,-2.0,-3.0,-11.0,-10.0,-11.0,-2.0,-2.0,-3.0,-4.0,-2.0,-6.0,52.0,54.0,51.0,1.6666666666666665,1.9444444444444444,1.1111111111111112,2.7777777777777777,3.611111111111111,1.9444444444444444,137.0,1026.75,1026.41,-0.37,503.0,1.4,1
0.0,0.0,2024-01-21 13:58:56,2024-01-21 18:58:56+00:00,1705863536,KNYNEWYO1805,40.638,-74.035,America/New_York,-1.0,-1.0,-2.0,-10.0,-9.0,-10.0,-1.0,-1.0,-2.0,-4.0,-3.0,-4.0,51.0,53.0,50.0,1.9444444444444444,2.5,1.3888888888888888,3.0555555555555554,3.888888888888889,2.2222222222222223,133.0,1026.75,1026.41,0.37,459.0,1.3,1
0.0,0.0,2024-01-21 14:53:57,2024-01-21 19:53:57+00:00,1705866837,KNYNEWYO1805,40.638,-74.035,America/New_York,-1.0,0.0,-1.0,-9.0,-9.0,-10.0,-1.0,0.0,-1.0,-3.0,-3.0,-4.0,51.0,54.0,50.0,2.2222222222222223,2.7777777777777777,1.6666666666666665,3.333333333333333,3.888888888888889,2.5,130.0,1027.09,1026.41,0.41,357.0,1.0,1
0.0,0.0,2024-01-21 15:58:55,2024-01-21 20:58:55+00:00,1705870735,KNYNEWYO1805,40.638,-74.035,America/New_York,0.0,0.0,-1.0,-9.0,-9.0,-10.0,0.0,0.0,-1.0,-3.0,-2.0,-4.0,51.0,52.0,50.0,2.2222222222222223,2.5,1.3888888888888888,3.0555555555555554,3.611111111111111,2.5,138.0,1027.77,1026.75,0.7,226.0,0.6,1
0.0,0.0,2024-01-21 16:58:54,2024-01-21 21:58:54+00:00,1705874334,KNYNEWYO1805,40.638,-74.035,America/New_York,-1.0,-1.0,-1.0,-9.0,-9.0,-10.0,-1.0,-1.0,-1.0,-3.0,-1.0,-4.0,52.0,54.0,49.0,1.9444444444444444,2.5,1.3888888888888888,3.0555555555555554,4.444444444444445,2.2222222222222223,144.0,1029.12,1027.77,1.48,31.0,0.1,1
0.0,0.0,2024-01-21 17:58:52,2024-01-21 22:58:52+00:00,1705877932,KNYNEWYO1805,40.638,-74.035,America/New_York,-1.0,-1.0,-1.0,-9.0,-9.0,-10.0,-1.0,-1.0,-1.0,-4.0,-3.0,-5.0,53.0,55.0,51.0,1.9444444444444444,2.7777777777777777,1.6666666666666665,3.333333333333333,3.888888888888889,2.7777777777777777,139.0,1029.8,1029.12,0.37,3.0,0.0,1
0.0,0.0,2024-01-21 18:58:53,2024-01-21 23:58:53+00:00,1705881533,KNYNEWYO1805,40.638,-74.035,America/New_York,-1.0,-1.0,-2.0,-10.0,-9.0,-10.0,-1.0,-1.0,-2.0,-4.0,-4.0,-5.0,53.0,55.0,53.0,2.2222222222222223,2.7777777777777777,1.6666666666666665,3.611111111111111,4.166666666666667,2.7777777777777777,138.0,1030.82,1029.46,1.48,0.0,0.0,1
0.0,0.0,2024-01-21 19:58:51,2024-01-22 00:58:51+00:00,1705885131,KNYNEWYO1805,40.638,-74.035,America/New_York,-2.0,-2.0,-2.0,-10.0,-10.0,-11.0,-2.0,-2.0,-2.0,-5.0,-4.0,-5.0,53.0,55.0,52.0,1.9444444444444444,2.5,1.3888888888888888,3.611111111111111,5.0,2.5,132.0,1031.16,1030.82,0.37,0.0,0.0,1
0.0,0.0,2024-01-21 20:58:50,2024-01-22 01:58:50+00:00,1705888730,KNYNEWYO1805,40.638,-74.035,America/New_York,-2.0,-2.0,-2.0,-10.0,-10.0,-11.0,-2.0,-2.0,-2.0,-5.0,-4.0,-6.0,54.0,56.0,53.0,1.9444444444444444,2.7777777777777777,1.3888888888888888,3.333333333333333,4.722222222222222,2.2222222222222223,132.0,1031.49,1031.16,0.37,0.0,0.0,1
0.0,0.0,2024-01-21 21:58:50,2024-01-22 02:58:50+00:00,1705892330,KNYNEWYO1805,40.638,-74.035,America/New_York,-2.0,-2.0,-3.0,-10.0,-10.0,-11.0,-2.0,-2.0,-3.0,-4.0,-2.0,-6.0,54.0,56.0,53.0,1.6666666666666665,2.2222222222222223,1.1111111111111112,2.7777777777777777,3.333333333333333,2.2222222222222223,133.0,1032.17,1031.49,0.74,0.0,0.0,1
0.0,0.0,2024-01-21 22:58:49,2024-01-22 03:58:49+00:00,1705895929,KNYNEWYO1805,40.638,-74.035,America/New_York,-3.0,-3.0,-3.0,-10.0,-10.0,-10.0,-3.0,-3.0,-3.0,-5.0,-3.0,-6.0,56.0,58.0,55.0,1.6666666666666665,2.5,1.1111111111111112,3.0555555555555554,3.888888888888889,1.9444444444444444,138.0,1032.85,1032.17,0.74,0.0,0.0,1
0.0,0.0,2024-01-21 23:58:48,2024-01-22 04:58:48+00:00,1705899528,KNYNEWYO1805,40.638,-74.035,America/New_York,-3.0,-3.0,-3.0,-10.0,-10.0,-10.0,-3.0,-3.0,-3.0,-5.0,-3.0,-6.0,58.0,59.0,57.0,1.6666666666666665,2.2222222222222223,1.1111111111111112,3.0555555555555554,3.888888888888889,2.2222222222222223,135.0,1033.19,1032.85,0.37,0.0,0.0,1
0.0,0.0,2024-01-22 00:58:46,2024-01-22 05:58:46+00:00,1705903126,KNYNEWYO1805,40.638,-74.035,America/New_York,-3.0,-3.0,-3.0,-10.0,-10.0,-10.0,-3.0,-3.0,-3.0,-6.0,-3.0,-7.0,61.0,62.0,60.0,1.6666666666666665,2.2222222222222223,1.3888888888888888,2.7777777777777777,3.333333333333333,2.2222222222222223,128.0,1033.86,1033.19,0.0,0.0,0.0,1
0.0,0.0,2024-01-22 01:58:46,2024-01-22 06:58:46+00:00,1705906726,KNYNEWYO1805,40.638,-74.035,America/New_York,-3.0,-3.0,-3.0,-9.0,-9.0,-9.0,-3.0,-3.0,-3.0,-5.0,-3.0,-6.0,64.0,66.0,63.0,1.3888888888888888,1.9444444444444444,1.1111111111111112,2.5,3.0555555555555554,1.6666666666666665,134.0,1033.53,1033.19,0.37,0.0,0.0,1
0.0,0.0,2024-01-22 02:58:45,2024-01-22 07:58:45+00:00,1705910325,KNYNEWYO1805,40.638,-74.035,America/New_York,-3.0,-3.0,-3.0,-9.0,-8.0,-9.0,-3.0,-3.0,-3.0,-5.0,-3.0,-6.0,65.0,67.0,64.0,1.6666666666666665,2.2222222222222223,1.1111111111111112,2.7777777777777777,3.888888888888889,2.2222222222222223,137.0,1033.86,1033.53,0.0,0.0,0.0,1
0.0,0.0,2024-01-22 03:58:43,2024-01-22 08:58:43+00:00,1705913923,KNYNEWYO1805,40.638,-74.035,America/New_York,-3.0,-3.0,-3.0,-8.0,-8.0,-9.0,-3.0,-3.0,-3.0,-5.0,-3.0,-6.0,66.0,67.0,65.0,1.6666666666666665,2.2222222222222223,1.1111111111111112,2.7777777777777777,3.611111111111111,2.2222222222222223,137.0,1034.2,1033.53,0.37,0.0,0.0,1
0.0,0.0,2024-01-22 04:58:42,2024-01-22 09:58:42+00:00,1705917522,KNYNEWYO1805,40.638,-74.035,America/New_York,-3.0,-3.0,-3.0,-9.0,-8.0,-9.0,-3.0,-3.0,-3.0,-4.0,-3.0,-6.0,66.0,68.0,66.0,1.3888888888888888,1.6666666666666665,0.8333333333333333,2.2222222222222223,2.7777777777777777,1.6666666666666665,141.0,1033.86,1033.53,0.0,0.0,0.0,1
0.0,0.0,2024-01-22 05:58:42,2024-01-22 10:58:42+00:00,1705921122,KNYNEWYO1805,40.638,-74.035,America/New_York,-3.0,-3.0,-3.0,-9.0,-8.0,-9.0,-3.0,-3.0,-3.0,-3.0,-3.0,-5.0,66.0,67.0,66.0,1.1111111111111112,1.3888888888888888,0.2777777777777778,1.9444444444444444,2.2222222222222223,0.8333333333333333,140.0,1034.2,1033.86,0.37,0.0,0.0,1
0.0,0.0,2024-01-22 06:58:41,2024-01-22 11:58:41+00:00,1705924721,KNYNEWYO1805,40.638,-74.035,America/New_York,-3.0,-3.0,-3.0,-8.0,-8.0,-9.0,-3.0,-3.0,-3.0,-4.0,-3.0,-6.0,67.0,69.0,66.0,1.1111111111111112,1.3888888888888888,0.8333333333333333,1.9444444444444444,2.2222222222222223,1.6666666666666665,128.0,1034.54,1034.2,0.37,0.0,0.0,1
0.0,0.0,2024-01-22 07:58:40,2024-01-22 12:58:40+00:00,1705928320,KNYNEWYO1805,40.638,-74.035,America/New_York,-4.0,-3.0,-4.0,-9.0,-8.0,-9.0,-4.0,-3.0,-4.0,-4.0,-3.0,-6.0,68.0,69.0,68.0,1.1111111111111112,1.3888888888888888,0.8333333333333333,1.9444444444444444,2.7777777777777777,1.3888888888888888,120.0,1034.88,1034.54,0.37,30.0,0.1,1
0.0,0.0,2024-01-22 08:58:38,2024-01-22 13:58:38+00:00,1705931918,KNYNEWYO1805,40.638,-74.035,America/New_York,-3.0,-2.0,-4.0,-9.0,-8.0,-9.0,-3.0,-2.0,-4.0,-3.0,-2.0,-6.0,65.0,69.0,63.0,0.8333333333333333,1.3888888888888888,0.5555555555555556,1.6666666666666665,2.5,0.8333333333333333,120.0,1034.88,1034.54,0.0,235.0,0.6,1
0.0,0.0,2024-01-22 09:58:37,2024-01-22 14:58:37+00:00,1705935517,KNYNEWYO1805,40.638,-74.035,America/New_York,-1.0,-1.0,-2.0,-8.0,-8.0,-8.0,-1.0,-1.0,-2.0,-1.0,-1.0,-2.0,60.0,64.0,57.0,0.8333333333333333,1.3888888888888888,0.5555555555555556,1.6666666666666665,2.7777777777777777,1.1111111111111112,118.0,1035.22,1034.88,0.0,381.0,1.1,1
0.0,0.0,2024-01-22 10:58:37,2024-01-22 15:58:37+00:00,1705939117,KNYNEWYO1805,40.638,-74.035,America/New_York,0.0,0.0,-1.0,-8.0,-8.0,-8.0,0.0,0.0,-1.0,0.0,0.0,-1.0,55.0,58.0,54.0,0.8333333333333333,1.1111111111111112,0.5555555555555556,1.6666666666666665,3.0555555555555554,1.1111111111111112,121.0,1034.88,1034.54,-0.37,469.0,1.3,1
0.0,0.0,2024-01-22 11:58:34,2024-01-22 16:58:34+00:00,1705942714,KNYNEWYO1805,40.638,-74.035,America/New_York,1.0,1.0,1.0,-8.0,-8.0,-8.0,1.0,1.0,1.0,1.0,1.0,1.0,51.0,53.0,51.0,0.5555555555555556,1.1111111111111112,0.2777777777777778,1.9444444444444444,3.611111111111111,1.1111111111111112,166.0,1034.2,1033.53,-0.74,488.0,1.3,1
0.0,0.0,2024-01-22 12:58:34,2024-01-22 17:58:34+00:00,1705946314,KNYNEWYO1805,40.638,-74.035,America/New_York,2.0,2.0,1.0,-8.0,-8.0,-8.0,2.0,2.0,1.0,2.0,2.0,1.0,49.0,52.0,47.0,0.5555555555555556,1.1111111111111112,0.2777777777777778,1.3888888888888888,1.9444444444444444,0.8333333333333333,125.0,1033.53,1032.51,-0.74,474.0,1.3,1
0.0,0.0,2024-01-22 13:58:32,2024-01-22 18:58:32+00:00,1705949912,KNYNEWYO1805,40.638,-74.035,America/New_York,2.0,3.0,2.0,-8.0,-7.0,-8.0,2.0,3.0,2.0,2.0,3.0,2.0,47.0,51.0,45.0,0.8333333333333333,1.1111111111111112,0.5555555555555556,1.9444444444444444,2.5,1.6666666666666665,104.0,1032.85,1032.17,-0.74,410.0,1.1,1
0.0,0.0,2024-01-22 14:59:33,2024-01-22 19:59:33+00:00,1705953573,KNYNEWYO1805,40.638,-74.035,America/New_York,3.0,3.0,3.0,-8.0,-7.0,-8.0,3.0,3.0,3.0,3.0,3.0,2.0,44.0,46.0,43.0,1.1111111111111112,1.3888888888888888,0.2777777777777778,2.2222222222222223,3.333333333333333,1.3888888888888888,104.0,1032.17,1031.49,-0.73,376.0,1.0,1
0.0,0.0,2024-01-22 15:59:30,2024-01-22 20:59:30+00:00,1705957170,KNYNEWYO1805,40.638,-74.035,America/New_York,3.0,3.0,3.0,-8.0,-8.0,-9.0,3.0,3.0,3.0,3.0,3.0,3.0,44.0,46.0,42.0,0.8333333333333333,1.1111111111111112,0.2777777777777778,1.9444444444444444,3.888888888888889,1.3888888888888888,139.0,1031.83,1031.16,0.36,156.0,0.4,1
0.0,0.0,2024-01-22 16:59:31,2024-01-22 21:59:31+00:00,1705960771,KNYNEWYO1805,40.638,-74.035,America/New_York,3.0,3.0,2.0,-8.0,-7.0,-8.0,3.0,3.0,2.0,2.0,3.0,1.0,46.0,50.0,45.0,0.8333333333333333,1.6666666666666665,0.2777777777777778,1.9444444444444444,4.166666666666667,1.1111111111111112,111.0,1031.83,1031.49,0.0,38.0,0.1,1
0.0,0.0,2024-01-22 17:58:29,2024-01-22 22:58:29+00:00,1705964309,KNYNEWYO1805,40.638,-74.035,America/New_York,2.0,2.0,2.0,-7.0,-6.0,-7.0,2.0,2.0,2.0,2.0,2.0,0.0,52.0,54.0,51.0,1.1111111111111112,2.2222222222222223,0.8333333333333333,3.0555555555555554,4.722222222222222,1.6666666666666665,209.0,1032.17,1031.83,0.0,1.0,0.0,1
0.0,0.0,2024-01-22 18:59:29,2024-01-22 23:59:29+00:00,1705967969,KNYNEWYO1805,40.638,-74.035,America/New_York,2.0,2.0,2.0,-6.0,-6.0,-7.0,2.0,2.0,2.0,1.0,2.0,0.0,54.0,57.0,53.0,1.1111111111111112,1.6666666666666665,0.8333333333333333,2.5,4.166666666666667,1.1111111111111112,189.0,1032.17,1031.49,0.37,0.0,0.0,1
0.0,0.0,2024-01-22 19:59:26,2024-01-23 00:59:26+00:00,1705971566,KNYNEWYO1805,40.638,-74.035,America/New_York,1.0,2.0,1.0,-6.0,-6.0,-7.0,1.0,2.0,1.0,1.0,2.0,-1.0,56.0,58.0,55.0,1.3888888888888888,1.9444444444444444,1.1111111111111112,2.7777777777777777,3.888888888888889,1.3888888888888888,178.0,1032.17,1031.83,0.0,0.0,0.0,1
0.0,0.0,2024-01-22 20:59:26,2024-01-23 01:59:26+00:00,1705975166,KNYNEWYO1805,40.638,-74.035,America/New_York,1.0,1.0,1.0,-6.0,-6.0,-7.0,1.0,1.0,1.0,0.0,1.0,-2.0,58.0,59.0,57.0,1.1111111111111112,2.2222222222222223,0.8333333333333333,2.7777777777777777,4.444444444444445,1.3888888888888888,178.0,1031.83,1031.49,0.0,0.0,0.0,1
0.0,0.0,2024-01-22 21:59:26,2024-01-23 02:59:26+00:00,1705978766,KNYNEWYO1805,40.638,-74.035,America/New_York,1.0,1.0,1.0,-6.0,-6.0,-6.0,1.0,1.0,1.0,0.0,1.0,-1.0,60.0,61.0,59.0,1.3888888888888888,1.6666666666666665,1.1111111111111112,2.5,3.888888888888889,1.9444444444444444,159.0,1031.83,1031.83,0.0,0.0,0.0,1
0.0,0.0,2024-01-22 22:59:24,2024-01-23 03:59:24+00:00,1705982364,KNYNEWYO1805,40.638,-74.035,America/New_York,1.0,1.0,1.0,-6.0,-6.0,-6.0,1.0,1.0,1.0,0.0,1.0,-1.0,59.0,61.0,58.0,1.3888888888888888,2.2222222222222223,0.8333333333333333,2.5,3.888888888888889,1.6666666666666665,163.0,1032.17,1031.16,0.0,0.0,0.0,1
0.0,0.0,2024-01-22 23:59:24,2024-01-23 04:59:24+00:00,1705985964,KNYNEWYO1805,40.638,-74.035,America/New_York,1.0,1.0,1.0,-6.0,-6.0,-6.0,1.0,1.0,1.0,1.0,1.0,-1.0,60.0,61.0,59.0,1.1111111111111112,1.6666666666666665,0.8333333333333333,2.2222222222222223,3.333333333333333,1.6666666666666665,112.0,1031.49,1030.82,-0.74,0.0,0.0,1
0.0,0.0,2024-01-23 00:58:58,2024-01-23 05:58:58+00:00,1705989538,KNYNEWYO1805,40.638,-74.035,America/New_York,1.0,1.0,1.0,-6.0,-5.0,-6.0,1.0,1.0,1.0,1.0,1.0,0.0,61.0,62.0,59.0,1.1111111111111112,1.3888888888888888,0.5555555555555556,2.2222222222222223,2.7777777777777777,1.3888888888888888,124.0,1030.82,1030.82,0.0,0.0,0.0,1
0.0,0.0,2024-01-23 01:59:22,2024-01-23 06:59:22+00:00,1705993162,KNYNEWYO1805,40.638,-74.035,America/New_York,1.0,1.0,1.0,-5.0,-5.0,-6.0,1.0,1.0,1.0,1.0,1.0,0.0,62.0,63.0,61.0,0.8333333333333333,1.3888888888888888,0.2777777777777778,1.6666666666666665,2.7777777777777777,0.8333333333333333,107.0,1030.82,1030.48,0.37,0.0,0.0,1
0.0,0.0,2024-01-23 02:59:21,2024-01-23 07:59:21+00:00,1705996761,KNYNEWYO1805,40.638,-74.035,America/New_York,1.0,1.0,1.0,-5.0,-5.0,-6.0,1.0,1.0,1.0,1.0,1.0,0.0,61.0,63.0,61.0,0.8333333333333333,1.3888888888888888,0.5555555555555556,1.6666666666666665,2.7777777777777777,1.1111111111111112,104.0,1030.82,1030.48,-0.37,0.0,0.0,1
0.0,0.0,2024-01-23 03:59:18,2024-01-23 08:59:18+00:00,1706000358,KNYNEWYO1805,40.638,-74.035,America/New_York,1.0,1.0,1.0,-5.0,-5.0,-6.0,1.0,1.0,1.0,1.0,1.0,1.0,61.0,63.0,61.0,0.8333333333333333,1.3888888888888888,0.5555555555555556,1.6666666666666665,2.5,1.3888888888888888,109.0,1030.48,1030.14,-0.37,0.0,0.0,1
0.0,0.0,2024-01-23 04:59:18,2024-01-23 09:59:18+00:00,1706003958,KNYNEWYO1805,40.638,-74.035,America/New_York,1.0,1.0,1.0,-6.0,-5.0,-6.0,1.0,1.0,1.0,1.0,1.0,1.0,62.0,63.0,62.0,0.8333333333333333,1.3888888888888888,0.5555555555555556,1.6666666666666665,2.7777777777777777,1.1111111111111112,143.0,1030.48,1030.14,0.0,0.0,0.0,1
0.0,0.0,2024-01-23 05:59:16,2024-01-23 10:59:16+00:00,1706007556,KNYNEWYO1805,40.638,-74.035,America/New_York,1.0,1.0,1.0,-5.0,-5.0,-6.0,1.0,1.0,1.0,1.0,1.0,-1.0,61.0,62.0,60.0,1.1111111111111112,1.6666666666666665,0.5555555555555556,1.9444444444444444,2.7777777777777777,1.3888888888888888,99.0,1030.48,1030.14,0.37,0.0,0.0,1
0.0,0.0,2024-01-23 06:59:17,2024-01-23 11:59:17+00:00,1706011157,KNYNEWYO1805,40.638,-74.035,America/New_York,1.0,2.0,1.0,-5.0,-5.0,-5.0,1.0,2.0,1.0,1.0,2.0,0.0,61.0,62.0,60.0,1.1111111111111112,1.3888888888888888,0.5555555555555556,1.6666666666666665,2.2222222222222223,1.1111111111111112,86.0,1030.82,1030.14,0.37,0.0,0.0,1
0.0,0.0,2024-01-23 07:59:14,2024-01-23 12:59:14+00:00,1706014754,KNYNEWYO1805,40.638,-74.035,America/New_York,2.0,2.0,2.0,-5.0,-5.0,-5.0,2.0,2.0,2.0,2.0,2.0,2.0,60.0,62.0,59.0,0.8333333333333333,1.1111111111111112,0.5555555555555556,1.6666666666666665,2.2222222222222223,1.1111111111111112,82.0,1031.16,1030.82,0.37,14.0,0.0,1
0.0,0.0,2024-01-23 08:59:13,2024-01-23 13:59:13+00:00,1706018353,KNYNEWYO1805,40.638,-74.035,America/New_York,2.0,2.0,2.0,-5.0,-4.0,-5.0,2.0,2.0,2.0,2.0,2.0,1.0,60.0,62.0,60.0,0.8333333333333333,1.3888888888888888,0.5555555555555556,1.6666666666666665,3.333333333333333,1.1111111111111112,78.0,1031.83,1030.82,1.11,87.0,0.2,1
0.0,0.0,2024-01-23 09:59:14,2024-01-23 14:59:14+00:00,1706021954,KNYNEWYO1805,40.638,-74.035,America/New_York,3.0,3.0,3.0,-4.0,-4.0,-4.0,3.0,3.0,3.0,3.0,3.0,3.0,60.0,62.0,60.0,1.1111111111111112,1.3888888888888888,0.8333333333333333,1.6666666666666665,2.2222222222222223,1.3888888888888888,91.0,1032.51,1031.83,0.74,88.0,0.2,1
0.38,0.56,2024-01-23 10:59:13,2024-01-23 15:59:13+00:00,1706025553,KNYNEWYO1805,40.638,-74.035,America/New_York,3.0,3.0,3.0,-3.0,-2.0,-4.0,3.0,3.0,3.0,3.0,3.0,3.0,64.0,67.0,60.0,1.1111111111111112,1.3888888888888888,1.1111111111111112,1.9444444444444444,2.2222222222222223,1.3888888888888888,105.0,1032.85,1032.51,0.37,150.0,0.4,1
0.38,0.0,2024-01-23 11:59:10,2024-01-23 16:59:10+00:00,1706029150,KNYNEWYO1805,40.638,-74.035,America/New_York,4.0,4.0,3.0,-2.0,-2.0,-2.0,4.0,4.0,3.0,3.0,4.0,2.0,66.0,69.0,66.0,1.1111111111111112,1.3888888888888888,0.2777777777777778,1.6666666666666665,2.2222222222222223,0.8333333333333333,105.0,1032.85,1032.51,-0.37,179.0,0.5,1
0.0,0.0,2024-01-23 12:59:10,2024-01-23 17:59:10+00:00,1706032750,KNYNEWYO1805,40.638,-74.035,America/New_York,4.0,4.0,4.0,-1.0,-1.0,-2.0,4.0,4.0,4.0,4.0,4.0,4.0,71.0,73.0,69.0,0.8333333333333333,1.1111111111111112,0.5555555555555556,1.3888888888888888,2.2222222222222223,1.1111111111111112,112.0,1032.51,1032.17,-0.37,139.0,0.4,1
0.0,0.0,2024-01-23 13:59:08,2024-01-23 18:59:08+00:00,1706036348,KNYNEWYO1805,40.638,-74.035,America/New_York,4.0,4.0,4.0,-1.0,0.0,-1.0,4.0,4.0,4.0,4.0,4.0,4.0,73.0,74.0,72.0,0.2777777777777778,0.8333333333333333,0.0,1.1111111111111112,1.3888888888888888,0.2777777777777778,118.0,1032.17,1031.83,-0.37,189.0,0.5,1
0.0,0.0,2024-01-23 14:59:09,2024-01-23 19:59:09+00:00,1706039949,KNYNEWYO1805,40.638,-74.035,America/New_York,4.0,4.0,4.0,0.0,0.0,0.0,4.0,4.0,4.0,4.0,4.0,4.0,75.0,76.0,74.0,0.2777777777777778,0.5555555555555556,0.0,0.8333333333333333,1.3888888888888888,0.5555555555555556,119.0,1032.85,1031.83,1.11,183.0,0.5,1
0.0,0.0,2024-01-23 15:59:06,2024-01-23 20:59:06+00:00,1706043546,KNYNEWYO1805,40.638,-74.035,America/New_York,4.0,4.0,4.0,0.0,1.0,0.0,4.0,4.0,4.0,4.0,4.0,4.0,77.0,77.0,77.0,0.0,0.2777777777777778,0.0,0.2777777777777778,1.1111111111111112,0.0,65.0,1033.19,1032.85,0.37,52.0,0.1,1
0.0,0.0,2024-01-23 16:59:06,2024-01-23 21:59:06+00:00,1706047146,KNYNEWYO1805,40.638,-74.035,America/New_York,4.0,4.0,4.0,1.0,1.0,0.0,4.0,4.0,4.0,4.0,4.0,4.0,77.0,78.0,77.0,0.0,0.2777777777777778,0.0,0.2777777777777778,0.8333333333333333,0.0,81.0,1033.53,1033.19,0.37,32.0,0.1,1
0.0,0.0,2024-01-23 17:59:04,2024-01-23 22:59:04+00:00,1706050744,KNYNEWYO1805,40.638,-74.035,America/New_York,4.0,4.0,4.0,1.0,1.0,0.0,4.0,4.0,4.0,4.0,4.0,4.0,78.0,80.0,77.0,0.0,0.5555555555555556,0.0,0.5555555555555556,1.3888888888888888,0.0,60.0,1033.86,1033.53,0.37,3.0,0.0,1
0.0,0.0,2024-01-23 18:59:04,2024-01-23 23:59:04+00:00,1706054344,KNYNEWYO1805,40.638,-74.035,America/New_York,4.0,4.0,4.0,1.0,1.0,1.0,4.0,4.0,4.0,4.0,4.0,4.0,81.0,83.0,80.0,0.0,0.0,0.0,0.2777777777777778,0.8333333333333333,0.0,271.0,1034.2,1033.86,0.37,0.0,0.0,1
0.0,0.0,2024-01-23 19:59:02,2024-01-24 00:59:02+00:00,1706057942,KNYNEWYO1805,40.638,-74.035,America/New_York,4.0,4.0,4.0,1.0,1.0,1.0,4.0,4.0,4.0,4.0,4.0,4.0,82.0,83.0,81.0,0.0,0.0,0.0,0.0,0.5555555555555556,0.0,93.0,1034.2,1033.86,-0.37,0.0,0.0,1
0.0,0.0,2024-01-23 20:59:02,2024-01-24 01:59:02+00:00,1706061542,KNYNEWYO1805,40.638,-74.035,America/New_York,4.0,4.0,4.0,1.0,1.0,1.0,4.0,4.0,4.0,4.0,4.0,4.0,81.0,83.0,80.0,0.0,0.2777777777777778,0.0,0.2777777777777778,0.8333333333333333,0.0,223.0,1034.2,1033.86,0.37,0.0,0.0,1
0.0,0.0,2024-01-23 21:58:59,2024-01-24 02:58:59+00:00,1706065139,KNYNEWYO1805,40.638,-74.035,America/New_York,4.0,4.0,4.0,1.0,1.0,1.0,4.0,4.0,4.0,4.0,4.0,4.0,81.0,83.0,80.0,0.0,0.5555555555555556,0.0,0.2777777777777778,1.1111111111111112,0.0,215.0,1034.2,1033.86,0.0,0.0,0.0,1
0.0,0.0,2024-01-23 22:59:00,2024-01-24 03:59:00+00:00,1706068740,KNYNEWYO1805,40.638,-74.035,America/New_York,4.0,4.0,4.0,1.0,1.0,0.0,4.0,4.0,4.0,4.0,4.0,4.0,79.0,81.0,75.0,0.0,0.0,0.0,0.0,0.8333333333333333,0.0,77.0,1034.54,1033.86,0.37,0.0,0.0,1
0.03,0.09999999999999998,2024-01-23 23:58:57,2024-01-24 04:58:57+00:00,1706072337,KNYNEWYO1805,40.638,-74.035,America/New_York,4.0,4.0,4.0,0.0,0.0,0.0,4.0,4.0,4.0,4.0,4.0,4.0,74.0,75.0,73.0,0.2777777777777778,1.1111111111111112,0.0,0.5555555555555556,1.6666666666666665,0.0,126.0,1034.2,1033.86,-0.37,0.0,0.0,1
0.03,0.0,2024-01-24 00:58:57,2024-01-24 05:58:57+00:00,1706075937,KNYNEWYO1805,40.638,-74.035,America/New_York,4.0,4.0,4.0,0.0,0.0,0.0,4.0,4.0,4.0,4.0,4.0,4.0,74.0,75.0,74.0,0.2777777777777778,0.5555555555555556,0.0,0.5555555555555556,1.3888888888888888,0.0,108.0,1033.86,1033.86,0.0,0.0,0.0,1
0.0,0.0,2024-01-24 01:58:56,2024-01-24 06:58:56+00:00,1706079536,KNYNEWYO1805,40.638,-74.035,America/New_York,4.0,4.0,4.0,0.0,0.0,-1.0,4.0,4.0,4.0,4.0,4.0,4.0,73.0,75.0,71.0,0.2777777777777778,0.8333333333333333,0.0,0.8333333333333333,2.5,0.0,112.0,1034.2,1033.86,0.0,0.0,0.0,1
0.0,0.0,2024-01-24 02:58:56,2024-01-24 07:58:56+00:00,1706083136,KNYNEWYO1805,40.638,-74.035,America/New_York,4.0,4.0,4.0,0.0,0.0,-1.0,4.0,4.0,4.0,4.0,4.0,3.0,74.0,77.0,72.0,0.5555555555555556,1.3888888888888888,0.0,1.1111111111111112,2.7777777777777777,0.0,111.0,1034.54,1033.86,0.0,0.0,0.0,1
0.0,0.0,2024-01-24 03:58:53,2024-01-24 08:58:53+00:00,1706086733,KNYNEWYO1805,40.638,-74.035,America/New_York,4.0,4.0,4.0,0.0,1.0,0.0,4.0,4.0,4.0,4.0,4.0,4.0,78.0,80.0,77.0,0.2777777777777778,0.8333333333333333,0.0,1.1111111111111112,1.9444444444444444,0.0,157.0,1034.54,1033.86,-0.37,0.0,0.0,1
0.0,0.0,2024-01-24 04:58:53,2024-01-24 09:58:53+00:00,1706090333,KNYNEWYO1805,40.638,-74.035,America/New_York,4.0,4.0,4.0,1.0,1.0,1.0,4.0,4.0,4.0,4.0,4.0,4.0,81.0,83.0,80.0,0.5555555555555556,1.1111111111111112,0.2777777777777778,1.9444444444444444,3.333333333333333,0.8333333333333333,101.0,1034.54,1033.86,-0.37,0.0,0.0,1
0.0,0.0,2024-01-24 05:58:51,2024-01-24 10:58:51+00:00,1706093931,KNYNEWYO1805,40.638,-74.035,America/New_York,4.0,4.0,4.0,1.0,2.0,1.0,4.0,4.0,4.0,4.0,4.0,4.0,84.0,85.0,84.0,0.5555555555555556,1.1111111111111112,0.0,1.3888888888888888,1.9444444444444444,0.8333333333333333,135.0,1033.86,1032.85,-1.11,0.0,0.0,1
0.0,0.0,2024-01-24 06:58:51,2024-01-24 11:58:51+00:00,1706097531,KNYNEWYO1805,40.638,-74.035,America/New_York,4.0,4.0,4.0,2.0,2.0,2.0,4.0,4.0,4.0,4.0,4.0,4.0,85.0,86.0,85.0,0.2777777777777778,1.1111111111111112,0.0,0.8333333333333333,1.9444444444444444,0.0,110.0,1033.53,1032.85,0.37,0.0,0.0,1
0.08,0.28,2024-01-24 07:53:49,2024-01-24 12:53:49+00:00,1706100829,KNYNEWYO1805,40.638,-74.035,America/New_York,5.0,5.0,4.0,3.0,3.0,2.0,5.0,5.0,4.0,5.0,5.0,4.0,86.0,87.0,86.0,0.2777777777777778,0.8333333333333333,0.0,0.5555555555555556,1.3888888888888888,0.0,123.0,1033.53,1033.19,0.0,16.0,0.0,1
0.13,0.09999999999999998,2024-01-24 08:58:49,2024-01-24 13:58:49+00:00,1706104729,KNYNEWYO1805,40.638,-74.035,America/New_York,5.0,6.0,5.0,3.0,3.0,3.0,5.0,6.0,5.0,5.0,6.0,5.0,86.0,87.0,86.0,0.2777777777777778,0.8333333333333333,0.0,0.8333333333333333,1.6666666666666665,0.0,119.0,1033.19,1032.85,-0.35,81.0,0.2,1
0.03,0.0,2024-01-24 09:58:46,2024-01-24 14:58:46+00:00,1706108326,KNYNEWYO1805,40.638,-74.035,America/New_York,6.0,7.0,6.0,4.0,4.0,4.0,6.0,7.0,6.0,6.0,7.0,6.0,83.0,85.0,82.0,0.2777777777777778,1.6666666666666665,0.0,1.1111111111111112,3.0555555555555554,0.0,99.0,1032.85,1032.85,0.0,92.0,0.3,1
0.0,0.0,2024-01-24 10:58:47,2024-01-24 15:58:47+00:00,1706111927,KNYNEWYO1805,40.638,-74.035,America/New_York,7.0,7.0,6.0,4.0,4.0,4.0,7.0,7.0,6.0,7.0,7.0,6.0,83.0,87.0,82.0,0.5555555555555556,1.3888888888888888,0.0,1.3888888888888888,3.333333333333333,0.5555555555555556,294.0,1032.85,1032.51,-0.37,93.0,0.3,1
0.0,0.0,2024-01-24 11:58:45,2024-01-24 16:58:45+00:00,1706115525,KNYNEWYO1805,40.638,-74.035,America/New_York,6.0,6.0,6.0,5.0,5.0,4.0,6.0,6.0,6.0,6.0,6.0,6.0,90.0,92.0,88.0,0.2777777777777778,0.5555555555555556,0.0,0.8333333333333333,1.3888888888888888,0.0,146.0,1032.51,1031.83,-0.74,89.0,0.2,1
0.03,0.0,2024-01-24 12:53:45,2024-01-24 17:53:45+00:00,1706118825,KNYNEWYO1805,40.638,-74.035,America/New_York,6.0,7.0,6.0,5.0,5.0,5.0,6.0,7.0,6.0,6.0,7.0,6.0,92.0,92.0,92.0,0.2777777777777778,0.8333333333333333,0.0,1.1111111111111112,1.3888888888888888,0.0,137.0,1031.83,1030.82,-1.22,89.0,0.3,1
0.03,0.0,2024-01-24 13:58:44,2024-01-24 18:58:44+00:00,1706122724,KNYNEWYO1805,40.638,-74.035,America/New_York,6.0,7.0,6.0,5.0,6.0,5.0,6.0,7.0,6.0,6.0,7.0,6.0,93.0,94.0,93.0,0.2777777777777778,0.8333333333333333,0.0,1.1111111111111112,2.2222222222222223,0.8333333333333333,10.0,1030.82,1030.14,-0.7,73.0,0.2,1
0.13,0.26,2024-01-24 14:59:43,2024-01-24 19:59:43+00:00,1706126383,KNYNEWYO1805,40.638,-74.035,America/New_York,6.0,7.0,6.0,6.0,6.0,6.0,6.0,7.0,6.0,6.0,7.0,6.0,94.0,94.0,94.0,0.2777777777777778,0.5555555555555556,0.0,1.1111111111111112,2.7777777777777777,0.0,154.0,1030.14,1029.46,-0.73,83.0,0.2,1
0.23,0.12,2024-01-24 15:58:43,2024-01-24 20:58:43+00:00,1706129923,KNYNEWYO1805,40.638,-74.035,America/New_York,7.0,7.0,7.0,6.0,6.0,6.0,7.0,7.0,7.0,7.0,7.0,7.0,94.0,94.0,94.0,0.2777777777777778,0.5555555555555556,0.0,0.8333333333333333,1.3888888888888888,0.0,118.0,1029.46,1028.78,-0.74,75.0,0.2,1
0.1,0.0,2024-01-24 16:58:40,2024-01-24 21:58:40+00:00,1706133520,KNYNEWYO1805,40.638,-74.035,America/New_York,7.0,7.0,7.0,6.0,6.0,6.0,7.0,7.0,7.0,7.0,7.0,7.0,94.0,94.0,94.0,0.0,0.2777777777777778,0.0,0.5555555555555556,1.3888888888888888,0.0,89.0,1028.45,1028.11,-0.37,12.0,0.0,1
0.0,0.0,2024-01-24 17:59:01,2024-01-24 22:59:01+00:00,1706137141,KNYNEWYO1805,40.638,-74.035,America/New_York,7.0,7.0,7.0,6.0,6.0,6.0,7.0,7.0,7.0,7.0,7.0,7.0,94.0,94.0,94.0,0.2777777777777778,0.8333333333333333,0.0,0.8333333333333333,1.6666666666666665,0.2777777777777778,104.0,1028.11,1027.77,-0.37,1.0,0.0,1
0.0,0.050000000000000044,2024-01-24 18:58:39,2024-01-24 23:58:39+00:00,1706140719,KNYNEWYO1805,40.638,-74.035,America/New_York,7.0,7.0,7.0,6.0,6.0,6.0,7.0,7.0,7.0,7.0,7.0,7.0,94.0,94.0,94.0,0.2777777777777778,0.8333333333333333,0.0,0.5555555555555556,1.6666666666666665,0.0,128.0,1027.77,1027.43,-0.37,0.0,0.0,1
0.13,0.69,2024-01-24 19:58:37,2024-01-25 00:58:37+00:00,1706144317,KNYNEWYO1805,40.638,-74.035,America/New_York,7.0,8.0,7.0,7.0,7.0,6.0,7.0,8.0,7.0,7.0,8.0,7.0,94.0,95.0,94.0,0.0,0.2777777777777778,0.0,0.5555555555555556,1.1111111111111112,0.0,105.0,1027.43,1026.41,-1.11,0.0,0.0,1
0.13,0.17999999999999994,2024-01-24 20:58:36,2024-01-25 01:58:36+00:00,1706147916,KNYNEWYO1805,40.638,-74.035,America/New_York,8.0,8.0,8.0,7.0,7.0,7.0,8.0,8.0,8.0,8.0,8.0,8.0,94.0,94.0,94.0,0.2777777777777778,0.5555555555555556,0.0,0.8333333333333333,1.3888888888888888,0.0,115.0,1026.41,1025.4,-1.1,0.0,0.0,1
0.03,0.0,2024-01-24 21:58:34,2024-01-25 02:58:34+00:00,1706151514,KNYNEWYO1805,40.638,-74.035,America/New_York,8.0,8.0,8.0,7.0,7.0,7.0,8.0,8.0,8.0,8.0,8.0,8.0,94.0,94.0,94.0,0.0,0.5555555555555556,0.0,0.2777777777777778,1.3888888888888888,0.0,175.0,1025.4,1024.72,-0.73,0.0,0.0,1
0.0,0.0,2024-01-24 22:58:35,2024-01-25 03:58:35+00:00,1706155115,KNYNEWYO1805,40.638,-74.035,America/New_York,7.0,8.0,7.0,6.0,7.0,6.0,7.0,8.0,7.0,7.0,8.0,7.0,94.0,94.0,94.0,0.0,0.2777777777777778,0.0,0.5555555555555556,1.1111111111111112,0.0,164.0,1024.72,1024.04,-0.74,0.0,0.0,1
0.0,0.020000000000000018,2024-01-24 23:59:32,2024-01-25 04:59:32+00:00,1706158772,KNYNEWYO1805,40.638,-74.035,America/New_York,8.0,8.0,7.0,7.0,7.0,6.0,8.0,8.0,7.0,8.0,8.0,7.0,94.0,95.0,94.0,0.0,0.2777777777777778,0.0,0.2777777777777778,0.8333333333333333,0.0,86.0,1024.04,1023.03,-1.09,0.0,0.0,1
0.41,0.46,2024-01-25 00:58:32,2024-01-25 05:58:32+00:00,1706162312,KNYNEWYO1805,40.638,-74.035,America/New_York,8.0,8.0,7.0,7.0,7.0,7.0,8.0,8.0,7.0,8.0,8.0,7.0,94.0,95.0,94.0,0.0,0.0,0.0,0.0,0.0,0.0,,1023.03,1021.67,-1.48,0.0,0.0,1
0.38,0.04999999999999999,2024-01-25 01:58:32,2024-01-25 06:58:32+00:00,1706165912,KNYNEWYO1805,40.638,-74.035,America/New_York,8.0,8.0,7.0,7.0,7.0,6.0,8.0,8.0,7.0,8.0,8.0,7.0,94.0,95.0,94.0,0.0,0.2777777777777778,0.0,0.0,0.8333333333333333,0.0,354.0,1021.67,1021.33,-0.37,0.0,0.0,1
0.0,0.050000000000000044,2024-01-25 02:58:31,2024-01-25 07:58:31+00:00,1706169511,KNYNEWYO1805,40.638,-74.035,America/New_York,7.0,8.0,7.0,7.0,7.0,7.0,7.0,8.0,7.0,7.0,8.0,7.0,95.0,95.0,95.0,0.0,0.0,0.0,0.0,0.2777777777777778,0.0,42.0,1021.33,1021.0,0.0,0.0,0.0,1
0.08,0.22999999999999998,2024-01-25 03:59:28,2024-01-25 08:59:28+00:00,1706173168,KNYNEWYO1805,40.638,-74.035,America/New_York,8.0,8.0,8.0,7.0,8.0,7.0,8.0,8.0,8.0,8.0,8.0,8.0,95.0,96.0,95.0,0.0,0.2777777777777778,0.0,0.5555555555555556,0.8333333333333333,0.0,75.0,1021.0,1020.32,-0.74,0.0,0.0,1
0.28,0.8599999999999999,2024-01-25 04:59:28,2024-01-25 09:59:28+00:00,1706176768,KNYNEWYO1805,40.638,-74.035,America/New_York,9.0,9.0,8.0,8.0,8.0,8.0,9.0,9.0,8.0,9.0,9.0,8.0,96.0,96.0,96.0,0.0,0.2777777777777778,0.0,0.5555555555555556,1.1111111111111112,0.0,98.0,1020.32,1019.64,-0.37,0.0,0.0,1
0.69,1.35,2024-01-25 05:59:26,2024-01-25 10:59:26+00:00,1706180366,KNYNEWYO1805,40.638,-74.035,America/New_York,9.0,10.0,9.0,9.0,9.0,8.0,9.0,10.0,9.0,9.0,10.0,9.0,96.0,96.0,96.0,0.0,0.2777777777777778,0.0,0.5555555555555556,1.3888888888888888,0.0,75.0,1019.98,1019.98,0.0,0.0,0.0,1
0.91,0.6800000000000002,2024-01-25 06:59:26,2024-01-25 11:59:26+00:00,1706183966,KNYNEWYO1805,40.638,-74.035,America/New_York,9.0,9.0,9.0,9.0,9.0,8.0,9.0,9.0,9.0,9.0,9.0,9.0,96.0,96.0,96.0,0.0,0.0,0.0,0.0,0.5555555555555556,0.0,32.0,1020.66,1019.98,0.37,0.0,0.0,1
0.69,0.4599999999999995,2024-01-25 07:59:24,2024-01-25 12:59:24+00:00,1706187564,KNYNEWYO1805,40.638,-74.035,America/New_York,9.0,9.0,9.0,8.0,8.0,8.0,9.0,9.0,9.0,9.0,9.0,9.0,96.0,96.0,96.0,0.0,0.2777777777777778,0.0,0.0,0.8333333333333333,0.0,78.0,1020.66,1020.32,-0.37,4.0,0.0,1
0.51,0.20000000000000018,2024-01-25 08:59:24,2024-01-25 13:59:24+00:00,1706191164,KNYNEWYO1805,40.638,-74.035,America/New_York,9.0,10.0,9.0,9.0,9.0,8.0,9.0,10.0,9.0,9.0,10.0,9.0,96.0,96.0,96.0,0.0,0.0,0.0,0.0,0.2777777777777778,0.0,,1020.66,1020.32,0.0,24.0,0.1,1
0.3,0.0,2024-01-25 09:59:21,2024-01-25 14:59:21+00:00,1706194761,KNYNEWYO1805,40.638,-74.035,America/New_York,10.0,10.0,10.0,9.0,9.0,9.0,10.0,10.0,10.0,10.0,10.0,10.0,96.0,96.0,96.0,0.0,0.0,0.0,0.0,0.2777777777777778,0.0,,1020.66,1020.32,0.0,38.0,0.1,1
0.03,0.28000000000000025,2024-01-25 10:59:22,2024-01-25 15:59:22+00:00,1706198362,KNYNEWYO1805,40.638,-74.035,America/New_York,10.0,11.0,10.0,10.0,10.0,9.0,10.0,11.0,10.0,10.0,11.0,10.0,96.0,97.0,96.0,0.0,0.2777777777777778,0.0,0.2777777777777778,0.8333333333333333,0.0,174.0,1020.66,1020.32,0.0,141.0,0.4,1
0.0,0.08000000000000007,2024-01-25 11:59:20,2024-01-25 16:59:20+00:00,1706201960,KNYNEWYO1805,40.638,-74.035,America/New_York,11.0,12.0,11.0,11.0,11.0,10.0,11.0,12.0,11.0,11.0,12.0,11.0,96.0,97.0,96.0,0.2777777777777778,0.8333333333333333,0.0,0.5555555555555556,1.9444444444444444,0.0,264.0,1020.32,1019.64,-0.74,141.0,0.4,1
0.0,0.0,2024-01-25 12:59:20,2024-01-25 17:59:20+00:00,1706205560,KNYNEWYO1805,40.638,-74.035,America/New_York,12.0,13.0,12.0,11.0,12.0,11.0,12.0,13.0,12.0,12.0,13.0,12.0,94.0,96.0,92.0,0.0,0.2777777777777778,0.0,0.2777777777777778,0.8333333333333333,0.0,336.0,1019.64,1018.96,-0.37,243.0,0.7,1
0.0,0.0,2024-01-25 13:59:17,2024-01-25 18:59:17+00:00,1706209157,KNYNEWYO1805,40.638,-74.035,America/New_York,12.0,13.0,12.0,11.0,11.0,11.0,12.0,13.0,12.0,12.0,13.0,12.0,92.0,93.0,92.0,0.0,0.2777777777777778,0.0,0.2777777777777778,0.8333333333333333,0.0,289.0,1019.3,1018.96,0.0,185.0,0.5,1
0.0,0.0,2024-01-25 14:59:18,2024-01-25 19:59:18+00:00,1706212758,KNYNEWYO1805,40.638,-74.035,America/New_York,12.0,13.0,12.0,11.0,12.0,10.0,12.0,13.0,12.0,12.0,13.0,12.0,92.0,93.0,92.0,0.0,0.2777777777777778,0.0,0.2777777777777778,0.8333333333333333,0.0,270.0,1019.3,1018.96,0.37,162.0,0.5,1
0.0,0.0,2024-01-25 15:59:16,2024-01-25 20:59:16+00:00,1706216356,KNYNEWYO1805,40.638,-74.035,America/New_York,13.0,13.0,13.0,12.0,12.0,11.0,13.0,13.0,13.0,13.0,13.0,13.0,90.0,92.0,89.0,0.0,0.2777777777777778,0.0,0.0,0.8333333333333333,0.0,328.0,1019.64,1019.3,0.37,89.0,0.2,1
0.0,0.0,2024-01-25 16:59:15,2024-01-25 21:59:15+00:00,1706219955,KNYNEWYO1805,40.638,-74.035,America/New_York,12.0,12.0,12.0,10.0,11.0,10.0,12.0,12.0,12.0,12.0,12.0,12.0,90.0,91.0,89.0,0.0,0.0,0.0,0.2777777777777778,1.1111111111111112,0.0,326.0,1020.32,1019.64,0.37,17.0,0.1,1
0.0,0.0,2024-01-25 17:59:13,2024-01-25 22:59:13+00:00,1706223553,KNYNEWYO1805,40.638,-74.035,America/New_York,13.0,13.0,12.0,11.0,11.0,10.0,13.0,13.0,12.0,13.0,13.0,12.0,88.0,91.0,87.0,0.0,0.8333333333333333,0.0,0.5555555555555556,1.6666666666666665,0.0,305.0,1021.0,1019.98,0.74,2.0,0.0,1
0.0,0.0,2024-01-25 18:59:14,2024-01-25 23:59:14+00:00,1706227154,KNYNEWYO1805,40.638,-74.035,America/New_York,13.0,13.0,13.0,11.0,11.0,11.0,13.0,13.0,13.0,13.0,13.0,13.0,87.0,88.0,87.0,0.0,0.2777777777777778,0.0,0.5555555555555556,1.1111111111111112,0.0,299.0,1021.33,1021.0,0.37,0.0,0.0,1
0.0,0.0,2024-01-25 19:59:11,2024-01-26 00:59:11+00:00,1706230751,KNYNEWYO1805,40.638,-74.035,America/New_York,13.0,13.0,13.0,11.0,11.0,11.0,13.0,13.0,13.0,13.0,13.0,13.0,86.0,88.0,84.0,0.2777777777777778,0.8333333333333333,0.0,0.5555555555555556,1.6666666666666665,0.0,165.0,1022.35,1021.67,0.74,0.0,0.0,1
0.0,0.0,2024-01-25 20:59:11,2024-01-26 01:59:11+00:00,1706234351,KNYNEWYO1805,40.638,-74.035,America/New_York,13.0,13.0,13.0,10.0,11.0,10.0,13.0,13.0,13.0,13.0,13.0,13.0,85.0,86.0,84.0,0.2777777777777778,0.8333333333333333,0.0,0.8333333333333333,2.2222222222222223,0.0,135.0,1022.35,1022.01,0.0,0.0,0.0,1
0.0,0.0,2024-01-25 21:59:09,2024-01-26 02:59:09+00:00,1706237949,KNYNEWYO1805,40.638,-74.035,America/New_York,12.0,13.0,12.0,10.0,11.0,10.0,12.0,13.0,12.0,12.0,13.0,12.0,87.0,89.0,86.0,0.5555555555555556,1.1111111111111112,0.0,1.3888888888888888,2.2222222222222223,0.0,174.0,1022.35,1022.01,0.37,0.0,0.0,1
0.0,0.0,2024-01-25 22:59:10,2024-01-26 03:59:10+00:00,1706241550,KNYNEWYO1805,40.638,-74.035,America/New_York,11.0,12.0,10.0,10.0,10.0,9.0,11.0,12.0,10.0,11.0,12.0,10.0,90.0,93.0,89.0,0.8333333333333333,1.6666666666666665,0.2777777777777778,2.2222222222222223,3.333333333333333,1.3888888888888888,356.0,1022.69,1022.35,0.0,0.0,0.0,1
0.0,0.0,2024-01-25 23:59:07,2024-01-26 04:59:07+00:00,1706245147,KNYNEWYO1805,40.638,-74.035,America/New_York,9.0,10.0,8.0,8.0,9.0,7.0,9.0,10.0,8.0,9.0,10.0,8.0,93.0,93.0,93.0,1.1111111111111112,1.6666666666666665,0.2777777777777778,2.2222222222222223,3.333333333333333,0.8333333333333333,143.0,1022.35,1022.35,0.0,0.0,0.0,1
0.0,0.23,2024-01-26 00:59:07,2024-01-26 05:59:07+00:00,1706248747,KNYNEWYO1805,40.638,-74.035,America/New_York,8.0,8.0,7.0,6.0,7.0,6.0,8.0,8.0,7.0,7.0,8.0,7.0,91.0,93.0,91.0,1.3888888888888888,1.6666666666666665,0.8333333333333333,2.5,3.611111111111111,1.6666666666666665,134.0,1022.01,1021.33,-0.74,0.0,0.0,1
0.28,0.17999999999999997,2024-01-26 01:59:04,2024-01-26 06:59:04+00:00,1706252344,KNYNEWYO1805,40.638,-74.035,America/New_York,7.0,7.0,7.0,6.0,6.0,5.0,7.0,7.0,7.0,6.0,7.0,6.0,91.0,92.0,91.0,1.3888888888888888,1.9444444444444444,0.8333333333333333,3.333333333333333,4.166666666666667,1.6666666666666665,141.0,1021.0,1020.66,-0.37,0.0,0.0,1
0.1,0.53,2024-01-26 02:59:05,2024-01-26 07:59:05+00:00,1706255945,KNYNEWYO1805,40.638,-74.035,America/New_York,6.0,7.0,6.0,5.0,5.0,5.0,6.0,7.0,6.0,6.0,7.0,5.0,91.0,92.0,91.0,1.1111111111111112,1.6666666666666665,0.5555555555555556,2.5,3.611111111111111,1.3888888888888888,175.0,1020.66,1020.32,-0.37,0.0,0.0,1
0.08,0.56,2024-01-26 03:59:03,2024-01-26 08:59:03+00:00,1706259543,KNYNEWYO1805,40.638,-74.035,America/New_York,6.0,6.0,6.0,5.0,5.0,5.0,6.0,6.0,6.0,6.0,6.0,4.0,92.0,93.0,92.0,1.1111111111111112,1.9444444444444444,0.2777777777777778,2.2222222222222223,4.722222222222222,1.1111111111111112,164.0,1020.32,1019.64,-0.74,0.0,0.0,1
0.0,0.0,2024-01-26 04:59:03,2024-01-26 09:59:03+00:00,1706263143,KNYNEWYO1805,40.638,-74.035,America/New_York,6.0,6.0,6.0,5.0,5.0,5.0,6.0,6.0,6.0,6.0,6.0,5.0,93.0,94.0,93.0,0.8333333333333333,1.3888888888888888,0.2777777777777778,2.2222222222222223,3.333333333333333,1.1111111111111112,146.0,1019.64,1019.3,0.0,0.0,0.0,1
0.03,0.6600000000000001,2024-01-26 05:59:01,2024-01-26 10:59:01+00:00,1706266741,KNYNEWYO1805,40.638,-74.035,America/New_York,6.0,6.0,6.0,5.0,5.0,5.0,6.0,6.0,6.0,6.0,6.0,4.0,94.0,94.0,94.0,1.1111111111111112,2.2222222222222223,0.2777777777777778,2.2222222222222223,3.611111111111111,1.1111111111111112,146.0,1019.3,1018.63,-0.74,0.0,0.0,1
0.2,0.2799999999999998,2024-01-26 06:59:01,2024-01-26 11:59:01+00:00,1706270341,KNYNEWYO1805,40.638,-74.035,America/New_York,6.0,6.0,6.0,6.0,6.0,5.0,6.0,6.0,6.0,6.0,6.0,5.0,94.0,95.0,94.0,0.8333333333333333,1.6666666666666665,0.2777777777777778,1.9444444444444444,2.7777777777777777,0.8333333333333333,169.0,1018.63,1018.29,-0.37,0.0,0.0,1
0.2,0.28000000000000025,2024-01-26 07:58:59,2024-01-26 12:58:59+00:00,1706273939,KNYNEWYO1805,40.638,-74.035,America/New_York,7.0,7.0,7.0,6.0,6.0,6.0,7.0,7.0,7.0,7.0,7.0,7.0,95.0,95.0,95.0,0.5555555555555556,1.1111111111111112,0.0,1.3888888888888888,2.7777777777777777,0.0,210.0,1018.29,1017.95,-0.37,7.0,0.0,1
0.0,0.0,2024-01-26 08:58:58,2024-01-26 13:58:58+00:00,1706277538,KNYNEWYO1805,40.638,-74.035,America/New_York,7.0,7.0,6.0,6.0,6.0,5.0,7.0,7.0,6.0,7.0,7.0,6.0,95.0,95.0,95.0,0.2777777777777778,0.8333333333333333,0.0,1.1111111111111112,1.9444444444444444,0.2777777777777778,271.0,1017.95,1017.61,-0.37,43.0,0.1,1
0.28,0.2799999999999998,2024-01-26 09:58:59,2024-01-26 14:58:59+00:00,1706281139,KNYNEWYO1805,40.638,-74.035,America/New_York,6.0,6.0,6.0,5.0,5.0,5.0,6.0,6.0,6.0,6.0,6.0,6.0,95.0,96.0,95.0,0.5555555555555556,0.8333333333333333,0.0,1.1111111111111112,1.3888888888888888,0.8333333333333333,341.0,1017.95,1017.27,0.0,88.0,0.2,1
0.28,0.0,2024-01-26 10:58:57,2024-01-26 15:58:57+00:00,1706284737,KNYNEWYO1805,40.638,-74.035,America/New_York,6.0,6.0,6.0,5.0,5.0,5.0,6.0,6.0,6.0,6.0,6.0,6.0,96.0,96.0,96.0,0.5555555555555556,0.8333333333333333,0.0,1.3888888888888888,2.2222222222222223,0.5555555555555556,208.0,1017.95,1017.61,0.0,111.0,0.3,1
0.0,0.10000000000000009,2024-01-26 11:58:55,2024-01-26 16:58:55+00:00,1706288335,KNYNEWYO1805,40.638,-74.035,America/New_York,6.0,7.0,6.0,5.0,5.0,5.0,6.0,7.0,6.0,6.0,7.0,6.0,94.0,95.0,93.0,0.5555555555555556,0.8333333333333333,0.2777777777777778,1.6666666666666665,2.7777777777777777,0.8333333333333333,249.0,1017.61,1016.26,-1.48,241.0,0.7,1
0.0,0.0,2024-01-26 12:58:54,2024-01-26 17:58:54+00:00,1706291934,KNYNEWYO1805,40.638,-74.035,America/New_York,7.0,7.0,7.0,6.0,6.0,6.0,7.0,7.0,7.0,7.0,7.0,7.0,91.0,93.0,91.0,0.5555555555555556,0.8333333333333333,0.0,1.1111111111111112,1.9444444444444444,0.5555555555555556,292.0,1016.26,1015.58,-0.74,266.0,0.7,1
0.0,0.0,2024-01-26 13:58:54,2024-01-26 18:58:54+00:00,1706295534,KNYNEWYO1805,40.638,-74.035,America/New_York,7.0,7.0,7.0,6.0,6.0,5.0,7.0,7.0,7.0,7.0,7.0,7.0,91.0,91.0,91.0,0.2777777777777778,0.8333333333333333,0.0,1.1111111111111112,2.5,0.5555555555555556,137.0,1015.58,1015.24,0.0,150.0,0.4,1
0.0,0.0,2024-01-26 14:58:53,2024-01-26 19:58:53+00:00,1706299133,KNYNEWYO1805,40.638,-74.035,America/New_York,7.0,7.0,7.0,5.0,6.0,5.0,7.0,7.0,7.0,7.0,7.0,7.0,92.0,93.0,92.0,0.2777777777777778,0.8333333333333333,0.0,1.1111111111111112,2.2222222222222223,0.0,139.0,1015.92,1015.24,0.37,128.0,0.3,1
0.0,0.0,2024-01-26 15:58:51,2024-01-26 20:58:51+00:00,1706302731,KNYNEWYO1805,40.638,-74.035,America/New_York,7.0,7.0,7.0,5.0,6.0,5.0,7.0,7.0,7.0,7.0,7.0,7.0,92.0,93.0,92.0,0.0,0.5555555555555556,0.0,0.8333333333333333,1.3888888888888888,0.0,184.0,1016.26,1015.92,0.0,83.0,0.2,1
0.0,0.0,2024-01-26 16:58:50,2024-01-26 21:58:50+00:00,1706306330,KNYNEWYO1805,40.638,-74.035,America/New_York,7.0,7.0,7.0,6.0,6.0,6.0,7.0,7.0,7.0,7.0,7.0,7.0,93.0,93.0,93.0,0.0,0.2777777777777778,0.0,0.2777777777777778,1.1111111111111112,0.0,114.0,1016.26,1015.58,-0.37,32.0,0.1,1
0.0,0.0,2024-01-26 17:58:50,2024-01-26 22:58:50+00:00,1706309930,KNYNEWYO1805,40.638,-74.035,America/New_York,7.0,7.0,6.0,6.0,6.0,5.0,7.0,7.0,6.0,7.0,7.0,6.0,93.0,94.0,93.0,0.0,0.2777777777777778,0.0,0.5555555555555556,1.3888888888888888,0.0,191.0,1016.59,1015.92,0.74,2.0,0.0,1
0.0,0.0,2024-01-26 18:58:49,2024-01-26 23:58:49+00:00,1706313529,KNYNEWYO1805,40.638,-74.035,America/New_York,7.0,7.0,7.0,6.0,6.0,6.0,7.0,7.0,7.0,7.0,7.0,7.0,95.0,96.0,94.0,0.2777777777777778,0.5555555555555556,0.0,0.8333333333333333,1.3888888888888888,0.0,227.0,1017.61,1016.93,0.74,0.0,0.0,1
0.0,0.0,2024-01-26 19:58:47,2024-01-27 00:58:47+00:00,1706317127,KNYNEWYO1805,40.638,-74.035,America/New_York,7.0,7.0,7.0,6.0,6.0,6.0,7.0,7.0,7.0,7.0,7.0,7.0,96.0,96.0,96.0,0.0,0.2777777777777778,0.0,0.5555555555555556,1.1111111111111112,0.0,60.0,1018.29,1017.61,0.74,0.0,0.0,1
0.0,0.0,2024-01-26 20:58:46,2024-01-27 01:58:46+00:00,1706320726,KNYNEWYO1805,40.638,-74.035,America/New_York,7.0,7.0,7.0,6.0,6.0,6.0,7.0,7.0,7.0,7.0,7.0,7.0,96.0,96.0,96.0,0.0,0.2777777777777778,0.0,0.2777777777777778,1.1111111111111112,0.0,163.0,1018.63,1018.29,0.37,0.0,0.0,1
0.0,0.0,2024-01-26 21:58:46,2024-01-27 02:58:46+00:00,1706324326,KNYNEWYO1805,40.638,-74.035,America/New_York,7.0,7.0,6.0,6.0,6.0,6.0,7.0,7.0,6.0,7.0,7.0,6.0,96.0,96.0,96.0,0.0,0.2777777777777778,0.0,0.2777777777777778,1.1111111111111112,0.0,126.0,1018.96,1018.63,-0.37,0.0,0.0,1
0.0,0.0,2024-01-26 22:58:45,2024-01-27 03:58:45+00:00,1706327925,KNYNEWYO1805,40.638,-74.035,America/New_York,7.0,7.0,7.0,6.0,6.0,6.0,7.0,7.0,7.0,7.0,7.0,7.0,96.0,96.0,96.0,0.0,0.2777777777777778,0.0,0.2777777777777778,0.8333333333333333,0.0,155.0,1018.96,1018.63,0.0,0.0,0.0,1
0.0,0.0,2024-01-26 23:58:42,2024-01-27 04:58:42+00:00,1706331522,KNYNEWYO1805,40.638,-74.035,America/New_York,7.0,7.0,6.0,6.0,6.0,6.0,7.0,7.0,6.0,7.0,7.0,6.0,96.0,96.0,96.0,0.0,0.0,0.0,0.2777777777777778,0.5555555555555556,0.0,95.0,1018.96,1018.63,0.37,0.0,0.0,1
0.0,0.0,2024-01-27 00:58:43,2024-01-27 05:58:43+00:00,1706335123,KNYNEWYO1805,40.638,-74.035,America/New_York,7.0,7.0,7.0,6.0,6.0,6.0,7.0,7.0,7.0,7.0,7.0,7.0,96.0,96.0,96.0,0.0,0.2777777777777778,0.0,0.5555555555555556,1.1111111111111112,0.0,127.0,1019.3,1018.96,0.37,0.0,0.0,1
0.0,0.0,2024-01-27 01:58:42,2024-01-27 06:58:42+00:00,1706338722,KNYNEWYO1805,40.638,-74.035,America/New_York,7.0,7.0,7.0,6.0,6.0,6.0,7.0,7.0,7.0,7.0,7.0,7.0,96.0,96.0,96.0,0.0,0.2777777777777778,0.0,0.2777777777777778,1.1111111111111112,0.0,140.0,1019.64,1019.3,0.37,0.0,0.0,1
0.0,0.0,2024-01-27 02:58:41,2024-01-27 07:58:41+00:00,1706342321,KNYNEWYO1805,40.638,-74.035,America/New_York,7.0,7.0,7.0,6.0,7.0,6.0,7.0,7.0,7.0,7.0,7.0,7.0,96.0,97.0,96.0,0.0,0.2777777777777778,0.0,0.2777777777777778,0.8333333333333333,0.0,232.0,1019.64,1019.64,0.0,0.0,0.0,1
0.0,0.0,2024-01-27 03:58:39,2024-01-27 08:58:39+00:00,1706345919,KNYNEWYO1805,40.638,-74.035,America/New_York,7.0,7.0,7.0,6.0,7.0,6.0,7.0,7.0,7.0,7.0,7.0,7.0,97.0,97.0,97.0,0.0,0.2777777777777778,0.0,0.2777777777777778,0.8333333333333333,0.0,141.0,1019.64,1019.3,0.37,0.0,0.0,1
0.0,0.0,2024-01-27 04:58:38,2024-01-27 09:58:38+00:00,1706349518,KNYNEWYO1805,40.638,-74.035,America/New_York,6.0,7.0,6.0,6.0,6.0,6.0,6.0,7.0,6.0,6.0,7.0,6.0,96.0,97.0,96.0,0.0,0.5555555555555556,0.0,0.5555555555555556,1.3888888888888888,0.0,94.0,1020.32,1019.64,0.37,0.0,0.0,1
0.0,0.0,2024-01-27 05:58:36,2024-01-27 10:58:36+00:00,1706353116,KNYNEWYO1805,40.638,-74.035,America/New_York,6.0,6.0,6.0,5.0,6.0,5.0,6.0,6.0,6.0,6.0,6.0,6.0,96.0,96.0,96.0,0.0,0.2777777777777778,0.0,0.5555555555555556,1.1111111111111112,0.0,138.0,1021.33,1020.32,1.11,0.0,0.0,1
0.0,0.0,2024-01-27 06:58:37,2024-01-27 11:58:37+00:00,1706356717,KNYNEWYO1805,40.638,-74.035,America/New_York,6.0,6.0,6.0,6.0,6.0,6.0,6.0,6.0,6.0,6.0,6.0,6.0,95.0,96.0,95.0,0.0,0.2777777777777778,0.0,0.2777777777777778,1.1111111111111112,0.0,308.0,1022.01,1021.33,0.74,0.0,0.0,1
0.0,0.0,2024-01-27 07:58:34,2024-01-27 12:58:34+00:00,1706360314,KNYNEWYO1805,40.638,-74.035,America/New_York,6.0,6.0,6.0,5.0,6.0,5.0,6.0,6.0,6.0,6.0,6.0,6.0,94.0,95.0,93.0,0.0,0.2777777777777778,0.0,0.5555555555555556,1.1111111111111112,0.0,194.0,1022.69,1022.01,0.74,7.0,0.0,1
0.0,0.0,2024-01-27 08:58:33,2024-01-27 13:58:33+00:00,1706363913,KNYNEWYO1805,40.638,-74.035,America/New_York,6.0,6.0,6.0,5.0,5.0,5.0,6.0,6.0,6.0,6.0,6.0,6.0,91.0,93.0,89.0,0.2777777777777778,0.5555555555555556,0.0,0.8333333333333333,1.6666666666666665,0.0,123.0,1023.37,1022.69,0.74,76.0,0.2,1
0.0,0.0,2024-01-27 09:58:32,2024-01-27 14:58:32+00:00,1706367512,KNYNEWYO1805,40.638,-74.035,America/New_York,7.0,7.0,6.0,4.0,5.0,4.0,7.0,7.0,6.0,7.0,7.0,6.0,86.0,89.0,85.0,0.2777777777777778,0.8333333333333333,0.0,0.8333333333333333,1.6666666666666665,0.0,133.0,1023.71,1023.37,0.38,148.0,0.4,1
0.0,0.0,2024-01-27 10:59:33,2024-01-27 15:59:33+00:00,1706371173,KNYNEWYO1805,40.638,-74.035,America/New_York,7.0,7.0,7.0,4.0,4.0,4.0,7.0,7.0,7.0,7.0,7.0,7.0,82.0,84.0,82.0,0.2777777777777778,0.5555555555555556,0.0,0.5555555555555556,1.9444444444444444,0.0,64.0,1024.04,1023.71,0.0,239.0,0.6,1
0.0,0.0,2024-01-27 11:59:31,2024-01-27 16:59:31+00:00,1706374771,KNYNEWYO1805,40.638,-74.035,America/New_York,8.0,8.0,7.0,4.0,5.0,4.0,8.0,8.0,7.0,8.0,8.0,7.0,80.0,81.0,79.0,0.2777777777777778,0.5555555555555556,0.0,0.8333333333333333,1.3888888888888888,0.0,42.0,1023.71,1023.37,-0.37,192.0,0.5,1
0.0,0.0,2024-01-27 12:59:30,2024-01-27 17:59:30+00:00,1706378370,KNYNEWYO1805,40.638,-74.035,America/New_York,8.0,8.0,8.0,4.0,4.0,4.0,8.0,8.0,8.0,8.0,8.0,8.0,77.0,79.0,76.0,0.2777777777777778,0.5555555555555556,0.0,0.8333333333333333,1.3888888888888888,0.0,69.0,1023.37,1023.03,-0.37,196.0,0.5,1
0.0,0.0,2024-01-27 13:59:27,2024-01-27 18:59:27+00:00,1706381967,KNYNEWYO1805,40.638,-74.035,America/New_York,8.0,8.0,8.0,4.0,4.0,4.0,8.0,8.0,8.0,8.0,8.0,8.0,77.0,79.0,76.0,0.2777777777777778,0.5555555555555556,0.0,0.8333333333333333,1.1111111111111112,0.0,150.0,1023.03,1022.69,0.0,94.0,0.3,1
0.0,0.0,2024-01-27 14:59:28,2024-01-27 19:59:28+00:00,1706385568,KNYNEWYO1805,40.638,-74.035,America/New_York,8.0,8.0,8.0,4.0,4.0,4.0,8.0,8.0,8.0,8.0,8.0,8.0,77.0,79.0,76.0,0.0,0.5555555555555556,0.0,0.5555555555555556,1.3888888888888888,0.0,129.0,1023.03,1022.69,0.0,85.0,0.2,1
0.0,0.0,2024-01-27 15:59:26,2024-01-27 20:59:26+00:00,1706389166,KNYNEWYO1805,40.638,-74.035,America/New_York,8.0,8.0,8.0,4.0,4.0,4.0,8.0,8.0,8.0,8.0,8.0,8.0,76.0,77.0,76.0,0.0,0.5555555555555556,0.0,0.5555555555555556,1.1111111111111112,0.0,72.0,1023.37,1022.69,0.37,57.0,0.2,1
0.0,0.0,2024-01-27 16:59:26,2024-01-27 21:59:26+00:00,1706392766,KNYNEWYO1805,40.638,-74.035,America/New_York,8.0,8.0,7.0,4.0,4.0,4.0,8.0,8.0,7.0,8.0,8.0,7.0,77.0,79.0,76.0,0.2777777777777778,0.2777777777777778,0.0,0.5555555555555556,1.1111111111111112,0.0,99.0,1023.37,1022.69,-0.37,19.0,0.1,1
0.0,0.0,2024-01-27 17:59:23,2024-01-27 22:59:23+00:00,1706396363,KNYNEWYO1805,40.638,-74.035,America/New_York,7.0,7.0,7.0,4.0,4.0,4.0,7.0,7.0,7.0,7.0,7.0,7.0,79.0,80.0,79.0,0.0,0.2777777777777778,0.0,0.2777777777777778,0.8333333333333333,0.0,76.0,1022.69,1022.69,0.0,2.0,0.0,1
0.0,0.0,2024-01-27 18:59:24,2024-01-27 23:59:24+00:00,1706399964,KNYNEWYO1805,40.638,-74.035,America/New_York,7.0,7.0,7.0,4.0,4.0,3.0,7.0,7.0,7.0,7.0,7.0,7.0,79.0,80.0,78.0,0.0,0.5555555555555556,0.0,0.5555555555555556,1.1111111111111112,0.0,196.0,1023.03,1022.35,0.74,0.0,0.0,1
0.0,0.0,2024-01-27 19:59:22,2024-01-28 00:59:22+00:00,1706403562,KNYNEWYO1805,40.638,-74.035,America/New_York,7.0,7.0,7.0,4.0,4.0,4.0,7.0,7.0,7.0,7.0,7.0,7.0,81.0,83.0,81.0,0.5555555555555556,1.1111111111111112,0.0,1.1111111111111112,1.9444444444444444,0.2777777777777778,125.0,1023.37,1022.69,-0.37,0.0,0.0,1
0.0,0.0,2024-01-27 20:59:21,2024-01-28 01:59:21+00:00,1706407161,KNYNEWYO1805,40.638,-74.035,America/New_York,7.0,7.0,7.0,4.0,4.0,4.0,7.0,7.0,7.0,7.0,7.0,7.0,83.0,86.0,83.0,0.2777777777777778,0.5555555555555556,0.0,1.1111111111111112,1.6666666666666665,0.0,91.0,1023.37,1022.69,0.0,0.0,0.0,1
0.0,0.0,2024-01-27 21:59:19,2024-01-28 02:59:19+00:00,1706410759,KNYNEWYO1805,40.638,-74.035,America/New_York,6.0,7.0,6.0,4.0,4.0,4.0,6.0,7.0,6.0,6.0,7.0,6.0,85.0,86.0,85.0,0.2777777777777778,0.8333333333333333,0.0,1.1111111111111112,1.9444444444444444,0.0,139.0,1023.37,1022.35,-1.11,0.0,0.0,1
0.0,0.0,2024-01-27 22:59:20,2024-01-28 03:59:20+00:00,1706414360,KNYNEWYO1805,40.638,-74.035,America/New_York,6.0,6.0,6.0,4.0,4.0,4.0,6.0,6.0,6.0,6.0,6.0,6.0,84.0,86.0,84.0,0.5555555555555556,0.8333333333333333,0.0,1.3888888888888888,2.2222222222222223,0.5555555555555556,136.0,1022.35,1022.35,0.0,0.0,0.0,1
0.0,0.0,2024-01-27 23:59:17,2024-01-28 04:59:17+00:00,1706417957,KNYNEWYO1805,40.638,-74.035,America/New_York,6.0,6.0,6.0,4.0,4.0,4.0,6.0,6.0,6.0,6.0,6.0,6.0,85.0,86.0,84.0,0.2777777777777778,1.1111111111111112,0.0,1.1111111111111112,2.7777777777777777,0.5555555555555556,190.0,1022.35,1021.33,-1.11,0.0,0.0,1
0.0,0.0,2024-01-28 00:59:17,2024-01-28 05:59:17+00:00,1706421557,KNYNEWYO1805,40.638,-74.035,America/New_York,6.0,6.0,6.0,4.0,4.0,4.0,6.0,6.0,6.0,6.0,6.0,6.0,84.0,86.0,84.0,0.5555555555555556,1.1111111111111112,0.0,1.6666666666666665,2.5,0.0,101.0,1021.33,1020.66,-0.74,0.0,0.0,1
0.36,1.4,2024-01-28 01:59:17,2024-01-28 06:59:17+00:00,1706425157,KNYNEWYO1805,40.638,-74.035,America/New_York,6.0,6.0,6.0,3.0,4.0,3.0,6.0,6.0,6.0,6.0,6.0,5.0,85.0,86.0,85.0,0.5555555555555556,1.3888888888888888,0.0,1.6666666666666665,3.0555555555555554,0.5555555555555556,124.0,1020.32,1019.64,-0.74,0.0,0.0,1
2.57,2.11,2024-01-28 02:59:16,2024-01-28 07:59:16+00:00,1706428756,KNYNEWYO1805,40.638,-74.035,America/New_York,5.0,6.0,5.0,3.0,3.0,3.0,5.0,6.0,5.0,5.0,6.0,5.0,87.0,89.0,86.0,0.5555555555555556,1.1111111111111112,0.2777777777777778,1.6666666666666665,2.2222222222222223,0.8333333333333333,142.0,1019.64,1017.95,-1.48,0.0,0.0,1
4.17,2.5600000000000005,2024-01-28 03:59:13,2024-01-28 08:59:13+00:00,1706432353,KNYNEWYO1805,40.638,-74.035,America/New_York,5.0,5.0,5.0,3.0,3.0,3.0,5.0,5.0,5.0,5.0,5.0,5.0,90.0,91.0,90.0,0.5555555555555556,1.1111111111111112,0.0,1.3888888888888888,2.2222222222222223,0.8333333333333333,173.0,1017.95,1016.59,-0.74,0.0,0.0,1
4.32,1.7999999999999998,2024-01-28 04:59:13,2024-01-28 09:59:13+00:00,1706435953,KNYNEWYO1805,40.638,-74.035,America/New_York,5.0,5.0,5.0,4.0,4.0,3.0,5.0,5.0,5.0,5.0,5.0,5.0,91.0,92.0,91.0,0.5555555555555556,0.8333333333333333,0.0,1.1111111111111112,1.9444444444444444,0.5555555555555556,143.0,1017.95,1016.59,-0.74,0.0,0.0,1
2.51,2.4699999999999998,2024-01-28 05:59:11,2024-01-28 10:59:11+00:00,1706439551,KNYNEWYO1805,40.638,-74.035,America/New_York,5.0,5.0,4.0,3.0,4.0,3.0,5.0,5.0,4.0,5.0,5.0,4.0,92.0,93.0,92.0,0.8333333333333333,1.3888888888888888,0.0,1.9444444444444444,3.333333333333333,0.8333333333333333,169.0,1016.59,1015.24,-1.48,0.0,0.0,1
4.47,3.7799999999999994,2024-01-28 06:59:12,2024-01-28 11:59:12+00:00,1706443152,KNYNEWYO1805,40.638,-74.035,America/New_York,4.0,4.0,4.0,3.0,3.0,3.0,4.0,4.0,4.0,4.0,4.0,3.0,93.0,93.0,93.0,0.8333333333333333,1.3888888888888888,0.0,1.6666666666666665,2.7777777777777777,0.8333333333333333,149.0,1015.58,1014.22,-1.11,0.0,0.0,1
4.83,3.4300000000000015,2024-01-28 07:59:09,2024-01-28 12:59:09+00:00,1706446749,KNYNEWYO1805,40.638,-74.035,America/New_York,4.0,4.0,4.0,3.0,3.0,3.0,4.0,4.0,4.0,4.0,4.0,3.0,93.0,93.0,93.0,0.8333333333333333,1.3888888888888888,0.2777777777777778,1.9444444444444444,3.333333333333333,1.1111111111111112,153.0,1014.56,1013.55,1.11,2.0,0.0,1
5.05,2.8000000000000007,2024-01-28 08:59:09,2024-01-28 13:59:09+00:00,1706450349,KNYNEWYO1805,40.638,-74.035,America/New_York,4.0,4.0,4.0,3.0,3.0,3.0,4.0,4.0,4.0,4.0,4.0,3.0,93.0,93.0,93.0,0.8333333333333333,1.3888888888888888,0.2777777777777778,1.9444444444444444,2.7777777777777777,0.8333333333333333,223.0,1014.22,1012.87,-1.13,19.0,0.1,1
4.57,2.8699999999999974,2024-01-28 09:59:09,2024-01-28 14:59:09+00:00,1706453949,KNYNEWYO1805,40.638,-74.035,America/New_York,4.0,4.0,4.0,3.0,3.0,3.0,4.0,4.0,4.0,4.0,4.0,3.0,92.0,93.0,91.0,1.1111111111111112,1.6666666666666665,0.2777777777777778,2.5,3.888888888888889,1.1111111111111112,170.0,1013.21,1010.84,-2.59,96.0,0.3,1
1.98,0.0,2024-01-28 10:59:08,2024-01-28 15:59:08+00:00,1706457548,KNYNEWYO1805,40.638,-74.035,America/New_York,4.0,5.0,4.0,3.0,3.0,3.0,4.0,5.0,4.0,4.0,5.0,3.0,90.0,91.0,89.0,0.8333333333333333,1.6666666666666665,0.0,1.9444444444444444,3.888888888888889,1.1111111111111112,227.0,1010.5,1009.14,-1.48,120.0,0.3,1
0.0,0.0,2024-01-28 11:59:05,2024-01-28 16:59:05+00:00,1706461145,KNYNEWYO1805,40.638,-74.035,America/New_York,5.0,5.0,4.0,3.0,3.0,3.0,5.0,5.0,4.0,5.0,5.0,4.0,90.0,92.0,89.0,0.8333333333333333,1.3888888888888888,0.2777777777777778,1.9444444444444444,2.7777777777777777,0.8333333333333333,192.0,1008.81,1007.45,-1.48,115.0,0.3,1
0.0,0.0,2024-01-28 12:59:05,2024-01-28 17:59:05+00:00,1706464745,KNYNEWYO1805,40.638,-74.035,America/New_York,4.0,4.0,4.0,3.0,3.0,3.0,4.0,4.0,4.0,4.0,4.0,3.0,92.0,93.0,92.0,0.8333333333333333,1.3888888888888888,0.2777777777777778,2.2222222222222223,4.444444444444445,1.1111111111111112,67.0,1007.45,1005.76,-1.85,136.0,0.4,1
0.0,0.0,2024-01-28 13:59:05,2024-01-28 18:59:05+00:00,1706468345,KNYNEWYO1805,40.638,-74.035,America/New_York,4.0,4.0,4.0,3.0,3.0,3.0,4.0,4.0,4.0,4.0,4.0,3.0,93.0,94.0,92.0,0.8333333333333333,1.3888888888888888,0.5555555555555556,1.9444444444444444,3.0555555555555554,1.1111111111111112,243.0,1005.76,1004.74,-0.74,93.0,0.3,1
0.0,0.0,2024-01-28 14:59:03,2024-01-28 19:59:03+00:00,1706471943,KNYNEWYO1805,40.638,-74.035,America/New_York,4.0,4.0,4.0,3.0,3.0,3.0,4.0,4.0,4.0,4.0,4.0,4.0,92.0,93.0,92.0,0.5555555555555556,1.1111111111111112,0.2777777777777778,1.6666666666666665,2.5,0.8333333333333333,219.0,1005.08,1004.4,-0.74,73.0,0.2,1
0.0,0.0,2024-01-28 15:59:01,2024-01-28 20:59:01+00:00,1706475541,KNYNEWYO1805,40.638,-74.035,America/New_York,4.0,4.0,4.0,3.0,3.0,3.0,4.0,4.0,4.0,4.0,4.0,4.0,93.0,93.0,93.0,0.8333333333333333,1.3888888888888888,0.2777777777777778,1.6666666666666665,3.0555555555555554,0.8333333333333333,221.0,1004.74,1004.06,-0.37,40.0,0.1,1
0.0,0.0,2024-01-28 16:59:01,2024-01-28 21:59:01+00:00,1706479141,KNYNEWYO1805,40.638,-74.035,America/New_York,4.0,4.0,4.0,3.0,3.0,3.0,4.0,4.0,4.0,4.0,4.0,4.0,92.0,93.0,92.0,0.8333333333333333,1.3888888888888888,0.2777777777777778,1.6666666666666665,2.2222222222222223,1.1111111111111112,269.0,1004.4,1004.06,0.37,22.0,0.1,1
0.0,0.0,2024-01-28 17:59:00,2024-01-28 22:59:00+00:00,1706482740,KNYNEWYO1805,40.638,-74.035,America/New_York,4.0,4.0,4.0,3.0,3.0,3.0,4.0,4.0,4.0,4.0,4.0,4.0,94.0,94.0,94.0,0.5555555555555556,1.1111111111111112,0.2777777777777778,1.6666666666666665,3.611111111111111,0.5555555555555556,139.0,1004.4,1004.06,-0.37,1.0,0.0,1
0.0,0.0,2024-01-28 18:58:59,2024-01-28 23:58:59+00:00,1706486339,KNYNEWYO1805,40.638,-74.035,America/New_York,4.0,4.0,3.0,3.0,3.0,3.0,4.0,4.0,3.0,3.0,4.0,2.0,94.0,94.0,94.0,1.1111111111111112,1.6666666666666665,0.8333333333333333,2.5,3.888888888888889,1.3888888888888888,76.0,1004.06,1004.06,0.0,0.0,0.0,1
0.0,0.0,2024-01-28 19:58:57,2024-01-29 00:58:57+00:00,1706489937,KNYNEWYO1805,40.638,-74.035,America/New_York,3.0,3.0,3.0,3.0,3.0,3.0,3.0,3.0,3.0,3.0,3.0,2.0,94.0,94.0,94.0,1.1111111111111112,1.6666666666666665,0.5555555555555556,2.5,3.611111111111111,1.6666666666666665,81.0,1004.06,1004.06,0.0,0.0,0.0,1
0.0,0.0,2024-01-28 20:58:57,2024-01-29 01:58:57+00:00,1706493537,KNYNEWYO1805,40.638,-74.035,America/New_York,3.0,3.0,3.0,2.0,3.0,2.0,3.0,3.0,3.0,3.0,3.0,2.0,94.0,94.0,94.0,1.1111111111111112,1.3888888888888888,0.8333333333333333,2.5,4.444444444444445,1.6666666666666665,91.0,1003.73,1003.73,0.0,0.0,0.0,1
0.0,0.0,2024-01-28 21:58:57,2024-01-29 02:58:57+00:00,1706497137,KNYNEWYO1805,40.638,-74.035,America/New_York,3.0,3.0,3.0,2.0,2.0,2.0,3.0,3.0,3.0,2.0,3.0,1.0,94.0,94.0,94.0,1.3888888888888888,1.9444444444444444,0.8333333333333333,3.0555555555555554,4.166666666666667,1.6666666666666665,38.0,1003.73,1003.39,-0.37,0.0,0.0,1
0.0,0.0,2024-01-28 22:58:55,2024-01-29 03:58:55+00:00,1706500735,KNYNEWYO1805,40.638,-74.035,America/New_York,3.0,3.0,3.0,2.0,2.0,2.0,3.0,3.0,3.0,3.0,3.0,1.0,94.0,94.0,94.0,1.1111111111111112,1.6666666666666665,0.8333333333333333,2.7777777777777777,3.333333333333333,1.3888888888888888,41.0,1003.39,1003.05,0.0,0.0,0.0,1
0.0,0.0,2024-01-28 23:58:53,2024-01-29 04:58:53+00:00,1706504333,KNYNEWYO1805,40.638,-74.035,America/New_York,3.0,3.0,3.0,2.0,2.0,2.0,3.0,3.0,3.0,3.0,3.0,2.0,93.0,94.0,93.0,1.1111111111111112,1.6666666666666665,0.8333333333333333,2.7777777777777777,3.888888888888889,1.3888888888888888,58.0,1003.73,1003.39,0.37,0.0,0.0,1
0.0,0.0,2024-01-29 00:58:52,2024-01-29 05:58:52+00:00,1706507932,KNYNEWYO1805,40.638,-74.035,America/New_York,3.0,3.0,3.0,2.0,2.0,2.0,3.0,3.0,3.0,3.0,3.0,1.0,94.0,95.0,94.0,1.1111111111111112,1.6666666666666665,0.8333333333333333,2.7777777777777777,3.611111111111111,1.6666666666666665,131.0,1004.06,1003.73,0.37,0.0,0.0,1
0.0,0.0,2024-01-29 01:58:50,2024-01-29 06:58:50+00:00,1706511530,KNYNEWYO1805,40.638,-74.035,America/New_York,3.0,3.0,3.0,2.0,2.0,2.0,3.0,3.0,3.0,2.0,3.0,0.0,93.0,94.0,93.0,1.3888888888888888,2.2222222222222223,0.5555555555555556,3.0555555555555554,4.166666666666667,1.1111111111111112,5.0,1004.4,1004.06,0.37,0.0,0.0,1
0.05,0.08,2024-01-29 02:58:51,2024-01-29 07:58:51+00:00,1706515131,KNYNEWYO1805,40.638,-74.035,America/New_York,3.0,3.0,3.0,2.0,2.0,2.0,3.0,3.0,3.0,3.0,3.0,2.0,92.0,93.0,92.0,1.1111111111111112,1.3888888888888888,0.5555555555555556,2.2222222222222223,3.333333333333333,1.1111111111111112,126.0,1004.74,1004.4,0.37,0.0,0.0,1
0.38,0.43,2024-01-29 03:58:49,2024-01-29 08:58:49+00:00,1706518729,KNYNEWYO1805,40.638,-74.035,America/New_York,3.0,3.0,3.0,2.0,2.0,2.0,3.0,3.0,3.0,3.0,3.0,1.0,92.0,93.0,92.0,1.1111111111111112,1.3888888888888888,0.5555555555555556,2.2222222222222223,3.611111111111111,1.6666666666666665,123.0,1005.42,1004.74,0.74,0.0,0.0,1
0.33,1.93,2024-01-29 04:58:49,2024-01-29 09:58:49+00:00,1706522329,KNYNEWYO1805,40.638,-74.035,America/New_York,3.0,4.0,3.0,2.0,2.0,2.0,3.0,4.0,3.0,3.0,4.0,3.0,90.0,93.0,87.0,0.5555555555555556,1.1111111111111112,0.2777777777777778,1.3888888888888888,2.2222222222222223,1.1111111111111112,147.0,1005.76,1005.42,0.37,0.0,0.0,1
0.25,0.6600000000000001,2024-01-29 05:58:46,2024-01-29 10:58:46+00:00,1706525926,KNYNEWYO1805,40.638,-74.035,America/New_York,4.0,4.0,3.0,2.0,2.0,2.0,4.0,4.0,3.0,4.0,4.0,3.0,87.0,90.0,86.0,0.8333333333333333,1.3888888888888888,0.2777777777777778,1.6666666666666665,2.7777777777777777,1.1111111111111112,128.0,1006.43,1005.76,0.74,0.0,0.0,1
0.3,2.5900000000000003,2024-01-29 06:58:47,2024-01-29 11:58:47+00:00,1706529527,KNYNEWYO1805,40.638,-74.035,America/New_York,3.0,3.0,3.0,2.0,2.0,2.0,3.0,3.0,3.0,3.0,3.0,3.0,89.0,90.0,89.0,0.8333333333333333,1.1111111111111112,0.2777777777777778,1.6666666666666665,3.611111111111111,0.8333333333333333,109.0,1007.45,1006.77,0.74,0.0,0.0,1
0.05,0.0,2024-01-29 07:58:45,2024-01-29 12:58:45+00:00,1706533125,KNYNEWYO1805,40.638,-74.035,America/New_York,3.0,3.0,3.0,2.0,2.0,2.0,3.0,3.0,3.0,3.0,3.0,3.0,88.0,90.0,88.0,0.5555555555555556,0.8333333333333333,0.2777777777777778,1.6666666666666665,2.7777777777777777,0.5555555555555556,45.0,1008.47,1007.45,1.11,13.0,0.0,1
0.0,0.0,2024-01-29 08:58:44,2024-01-29 13:58:44+00:00,1706536724,KNYNEWYO1805,40.638,-74.035,America/New_York,3.0,3.0,3.0,2.0,2.0,1.0,3.0,3.0,3.0,3.0,3.0,3.0,87.0,88.0,87.0,0.5555555555555556,0.8333333333333333,0.0,1.6666666666666665,1.9444444444444444,1.1111111111111112,139.0,1009.14,1008.47,0.74,62.0,0.2,1
0.0,0.0,2024-01-29 09:59:42,2024-01-29 14:59:42+00:00,1706540382,KNYNEWYO1805,40.638,-74.035,America/New_York,4.0,4.0,3.0,2.0,2.0,1.0,4.0,4.0,3.0,4.0,4.0,3.0,86.0,87.0,84.0,0.8333333333333333,0.8333333333333333,0.2777777777777778,1.9444444444444444,3.611111111111111,1.1111111111111112,81.0,1009.82,1009.14,0.73,100.0,0.3,1
0.0,0.0,2024-01-29 10:58:43,2024-01-29 15:58:43+00:00,1706543923,KNYNEWYO1805,40.638,-74.035,America/New_York,4.0,4.0,3.0,1.0,1.0,1.0,4.0,4.0,3.0,4.0,4.0,3.0,84.0,85.0,83.0,0.5555555555555556,0.8333333333333333,0.2777777777777778,1.3888888888888888,2.5,0.8333333333333333,131.0,1010.5,1009.82,0.74,79.0,0.2,1
0.0,0.0,2024-01-29 11:53:41,2024-01-29 16:53:41+00:00,1706547221,KNYNEWYO1805,40.638,-74.035,America/New_York,4.0,4.0,3.0,1.0,1.0,1.0,4.0,4.0,3.0,4.0,4.0,3.0,84.0,85.0,82.0,0.5555555555555556,1.1111111111111112,0.2777777777777778,1.9444444444444444,2.5,1.1111111111111112,7.0,1010.5,1010.5,0.0,84.0,0.2,1
0.0,0.0,2024-01-29 12:58:40,2024-01-29 17:58:40+00:00,1706551120,KNYNEWYO1805,40.638,-74.035,America/New_York,4.0,4.0,4.0,0.0,1.0,0.0,4.0,4.0,4.0,3.0,4.0,2.0,77.0,82.0,75.0,1.1111111111111112,1.6666666666666665,0.8333333333333333,2.5,3.333333333333333,1.3888888888888888,114.0,1010.84,1010.5,0.0,118.0,0.3,1
0.0,0.0,2024-01-29 13:58:38,2024-01-29 18:58:38+00:00,1706554718,KNYNEWYO1805,40.638,-74.035,America/New_York,4.0,4.0,4.0,0.0,0.0,0.0,4.0,4.0,4.0,3.0,3.0,2.0,73.0,75.0,73.0,1.6666666666666665,1.9444444444444444,1.3888888888888888,2.7777777777777777,3.888888888888889,2.5,128.0,1011.18,1010.84,0.37,92.0,0.2,1
0.0,0.0,2024-01-29 14:58:39,2024-01-29 19:58:39+00:00,1706558319,KNYNEWYO1805,40.638,-74.035,America/New_York,4.0,4.0,4.0,0.0,0.0,0.0,4.0,4.0,4.0,4.0,4.0,3.0,72.0,73.0,71.0,1.3888888888888888,1.9444444444444444,0.8333333333333333,2.5,3.888888888888889,1.6666666666666665,128.0,1011.85,1011.18,0.74,74.0,0.2,1
0.0,0.0,2024-01-29 15:59:36,2024-01-29 20:59:36+00:00,1706561976,KNYNEWYO1805,40.638,-74.035,America/New_York,4.0,4.0,4.0,0.0,0.0,-1.0,4.0,4.0,4.0,4.0,4.0,3.0,72.0,76.0,71.0,1.3888888888888888,1.6666666666666665,0.8333333333333333,2.5,3.333333333333333,1.6666666666666665,127.0,1013.21,1011.85,1.45,51.0,0.1,1
0.0,0.0,2024-01-29 16:59:10,2024-01-29 21:59:10+00:00,1706565550,KNYNEWYO1805,40.638,-74.035,America/New_York,4.0,4.0,4.0,0.0,0.0,0.0,4.0,4.0,4.0,4.0,4.0,4.0,75.0,77.0,75.0,0.8333333333333333,1.1111111111111112,0.2777777777777778,1.6666666666666665,2.2222222222222223,0.8333333333333333,204.0,1014.22,1013.21,1.12,11.0,0.0,1
0.0,0.0,2024-01-29 17:58:34,2024-01-29 22:58:34+00:00,1706569114,KNYNEWYO1805,40.638,-74.035,America/New_York,3.0,4.0,3.0,0.0,0.0,-1.0,3.0,4.0,3.0,3.0,4.0,3.0,75.0,76.0,74.0,0.5555555555555556,1.1111111111111112,0.2777777777777778,1.6666666666666665,2.5,1.1111111111111112,208.0,1015.24,1014.22,1.13,2.0,0.0,1
0.0,0.0,2024-01-29 18:59:35,2024-01-29 23:59:35+00:00,1706572775,KNYNEWYO1805,40.638,-74.035,America/New_York,3.0,3.0,3.0,-1.0,0.0,-1.0,3.0,3.0,3.0,3.0,3.0,3.0,75.0,77.0,74.0,0.5555555555555556,0.8333333333333333,0.2777777777777778,1.9444444444444444,3.0555555555555554,0.8333333333333333,281.0,1016.26,1015.24,1.11,0.0,0.0,1
0.0,0.0,2024-01-29 19:59:32,2024-01-30 00:59:32+00:00,1706576372,KNYNEWYO1805,40.638,-74.035,America/New_York,3.0,3.0,3.0,-1.0,0.0,-1.0,3.0,3.0,3.0,3.0,3.0,3.0,75.0,77.0,74.0,0.5555555555555556,1.1111111111111112,0.0,1.9444444444444444,3.333333333333333,1.1111111111111112,14.0,1017.61,1016.59,1.11,0.0,0.0,1
0.0,0.0,2024-01-29 20:59:32,2024-01-30 01:59:32+00:00,1706579972,KNYNEWYO1805,40.638,-74.035,America/New_York,3.0,3.0,3.0,-1.0,-1.0,-1.0,3.0,3.0,3.0,3.0,3.0,3.0,75.0,76.0,74.0,0.8333333333333333,1.1111111111111112,0.2777777777777778,2.2222222222222223,3.611111111111111,1.1111111111111112,337.0,1018.29,1017.61,0.74,0.0,0.0,1
0.0,0.0,2024-01-29 21:59:30,2024-01-30 02:59:30+00:00,1706583570,KNYNEWYO1805,40.638,-74.035,America/New_York,3.0,3.0,3.0,-1.0,-1.0,-1.0,3.0,3.0,3.0,3.0,3.0,2.0,75.0,77.0,75.0,0.8333333333333333,1.3888888888888888,0.2777777777777778,2.5,3.888888888888889,1.1111111111111112,312.0,1018.96,1018.29,0.74,0.0,0.0,1
0.0,0.0,2024-01-29 22:59:31,2024-01-30 03:59:31+00:00,1706587171,KNYNEWYO1805,40.638,-74.035,America/New_York,3.0,3.0,3.0,-1.0,-1.0,-1.0,3.0,3.0,3.0,3.0,3.0,2.0,75.0,76.0,75.0,1.1111111111111112,1.3888888888888888,0.5555555555555556,2.7777777777777777,5.0,1.6666666666666665,69.0,1019.3,1018.96,0.37,0.0,0.0,1
0.0,0.0,2024-01-29 23:59:30,2024-01-30 04:59:30+00:00,1706590770,KNYNEWYO1805,40.638,-74.035,America/New_York,3.0,3.0,3.0,-1.0,-1.0,-2.0,3.0,3.0,3.0,3.0,3.0,3.0,74.0,76.0,73.0,0.8333333333333333,1.1111111111111112,0.2777777777777778,1.6666666666666665,3.888888888888889,0.8333333333333333,310.0,1019.98,1019.3,0.74,0.0,0.0,1
0.0,0.0,2024-01-30 00:59:28,2024-01-30 05:59:28+00:00,1706594368,KNYNEWYO1805,40.638,-74.035,America/New_York,3.0,3.0,2.0,-2.0,-2.0,-2.0,3.0,3.0,2.0,2.0,3.0,1.0,74.0,75.0,74.0,0.8333333333333333,1.6666666666666665,0.2777777777777778,1.1111111111111112,2.2222222222222223,0.5555555555555556,17.0,1019.98,1019.98,0.0,0.0,0.0,1
0.0,0.0,2024-01-30 01:59:27,2024-01-30 06:59:27+00:00,1706597967,KNYNEWYO1805,40.638,-74.035,America/New_York,2.0,2.0,2.0,-2.0,-1.0,-2.0,2.0,2.0,2.0,2.0,2.0,1.0,75.0,76.0,74.0,0.8333333333333333,1.3888888888888888,0.2777777777777778,1.1111111111111112,2.2222222222222223,0.2777777777777778,61.0,1020.32,1019.98,0.0,0.0,0.0,1
0.0,0.0,2024-01-30 02:59:27,2024-01-30 07:59:27+00:00,1706601567,KNYNEWYO1805,40.638,-74.035,America/New_York,2.0,2.0,2.0,-2.0,-2.0,-2.0,2.0,2.0,2.0,2.0,2.0,2.0,73.0,75.0,72.0,0.8333333333333333,1.1111111111111112,0.0,1.1111111111111112,1.6666666666666665,0.0,277.0,1020.66,1020.32,0.37,0.0,0.0,1
0.0,0.0,2024-01-30 03:59:26,2024-01-30 08:59:26+00:00,1706605166,KNYNEWYO1805,40.638,-74.035,America/New_York,2.0,2.0,2.0,-3.0,-2.0,-3.0,2.0,2.0,2.0,2.0,2.0,1.0,71.0,72.0,70.0,0.8333333333333333,1.3888888888888888,0.8333333333333333,1.3888888888888888,2.2222222222222223,0.8333333333333333,44.0,1021.0,1020.32,0.74,0.0,0.0,1
0.0,0.0,2024-01-30 04:59:24,2024-01-30 09:59:24+00:00,1706608764,KNYNEWYO1805,40.638,-74.035,America/New_York,2.0,2.0,2.0,-3.0,-3.0,-3.0,2.0,2.0,2.0,2.0,2.0,2.0,70.0,72.0,70.0,0.8333333333333333,1.1111111111111112,0.0,1.1111111111111112,2.2222222222222223,0.2777777777777778,120.0,1021.33,1021.0,0.37,0.0,0.0,1
0.0,0.0,2024-01-30 05:59:23,2024-01-30 10:59:23+00:00,1706612363,KNYNEWYO1805,40.638,-74.035,America/New_York,2.0,2.0,2.0,-3.0,-3.0,-3.0,2.0,2.0,2.0,2.0,2.0,2.0,69.0,71.0,68.0,0.2777777777777778,0.8333333333333333,0.0,0.5555555555555556,1.1111111111111112,0.0,163.0,1022.35,1021.33,1.11,0.0,0.0,1
0.0,0.0,2024-01-30 06:59:21,2024-01-30 11:59:21+00:00,1706615961,KNYNEWYO1805,40.638,-74.035,America/New_York,2.0,2.0,2.0,-3.0,-3.0,-3.0,2.0,2.0,2.0,2.0,2.0,2.0,70.0,72.0,67.0,0.2777777777777778,0.8333333333333333,0.0,0.5555555555555556,1.3888888888888888,0.0,94.0,1022.69,1022.35,0.37,0.0,0.0,1
0.0,0.0,2024-01-30 07:59:21,2024-01-30 12:59:21+00:00,1706619561,KNYNEWYO1805,40.638,-74.035,America/New_York,2.0,2.0,2.0,-3.0,-2.0,-3.0,2.0,2.0,2.0,2.0,2.0,2.0,71.0,73.0,71.0,0.5555555555555556,1.1111111111111112,0.0,0.8333333333333333,1.3888888888888888,0.0,102.0,1023.37,1022.69,0.74,25.0,0.1,1
0.0,0.0,2024-01-30 08:59:20,2024-01-30 13:59:20+00:00,1706623160,KNYNEWYO1805,40.638,-74.035,America/New_York,2.0,2.0,2.0,-3.0,-3.0,-3.0,2.0,2.0,2.0,2.0,2.0,2.0,70.0,72.0,70.0,0.2777777777777778,0.8333333333333333,0.0,0.5555555555555556,1.1111111111111112,0.0,130.0,1023.71,1023.37,0.37,53.0,0.1,1
0.0,0.0,2024-01-30 09:59:18,2024-01-30 14:59:18+00:00,1706626758,KNYNEWYO1805,40.638,-74.035,America/New_York,2.0,2.0,2.0,-3.0,-3.0,-3.0,2.0,2.0,2.0,2.0,2.0,2.0,69.0,70.0,69.0,0.2777777777777778,0.8333333333333333,0.0,0.5555555555555556,1.1111111111111112,0.0,135.0,1023.71,1023.71,0.0,82.0,0.2,1
0.0,0.0,2024-01-30 10:59:19,2024-01-30 15:59:19+00:00,1706630359,KNYNEWYO1805,40.638,-74.035,America/New_York,3.0,3.0,2.0,-3.0,-2.0,-3.0,3.0,3.0,2.0,3.0,3.0,2.0,68.0,69.0,68.0,0.2777777777777778,0.5555555555555556,0.0,0.2777777777777778,0.8333333333333333,0.0,84.0,1023.71,1023.37,-0.37,105.0,0.3,1
0.0,0.0,2024-01-30 11:59:17,2024-01-30 16:59:17+00:00,1706633957,KNYNEWYO1805,40.638,-74.035,America/New_York,3.0,3.0,3.0,-3.0,-2.0,-3.0,3.0,3.0,3.0,3.0,3.0,3.0,66.0,68.0,66.0,0.0,0.8333333333333333,0.0,0.2777777777777778,0.8333333333333333,0.0,45.0,1023.37,1023.03,-0.37,108.0,0.3,1
0.0,0.0,2024-01-30 12:59:15,2024-01-30 17:59:15+00:00,1706637555,KNYNEWYO1805,40.638,-74.035,America/New_York,3.0,3.0,3.0,-3.0,-3.0,-3.0,3.0,3.0,3.0,3.0,3.0,3.0,65.0,67.0,65.0,0.2777777777777778,0.5555555555555556,0.0,0.2777777777777778,0.8333333333333333,0.0,40.0,1023.03,1022.69,-0.37,92.0,0.2,1
0.0,0.0,2024-01-30 13:59:16,2024-01-30 18:59:16+00:00,1706641156,KNYNEWYO1805,40.638,-74.035,America/New_York,3.0,3.0,3.0,-3.0,-2.0,-3.0,3.0,3.0,3.0,3.0,3.0,3.0,65.0,68.0,64.0,0.2777777777777778,1.1111111111111112,0.0,0.5555555555555556,1.3888888888888888,0.0,76.0,1022.69,1022.69,0.0,83.0,0.2,1
0.0,0.0,2024-01-30 14:59:15,2024-01-30 19:59:15+00:00,1706644755,KNYNEWYO1805,40.638,-74.035,America/New_York,3.0,3.0,3.0,-3.0,-3.0,-3.0,3.0,3.0,3.0,3.0,3.0,3.0,63.0,65.0,63.0,0.5555555555555556,1.3888888888888888,0.0,0.8333333333333333,1.6666666666666665,0.0,77.0,1022.69,1022.35,-0.37,74.0,0.2,1
0.0,0.0,2024-01-30 15:59:12,2024-01-30 20:59:12+00:00,1706648352,KNYNEWYO1805,40.638,-74.035,America/New_York,3.0,3.0,3.0,-3.0,-3.0,-3.0,3.0,3.0,3.0,3.0,3.0,3.0,63.0,64.0,63.0,0.2777777777777778,0.5555555555555556,0.0,0.5555555555555556,1.3888888888888888,0.0,179.0,1022.35,1022.35,0.0,47.0,0.1,1
0.0,0.0,2024-01-30 16:59:12,2024-01-30 21:59:12+00:00,1706651952,KNYNEWYO1805,40.638,-74.035,America/New_York,3.0,3.0,3.0,-3.0,-2.0,-3.0,3.0,3.0,3.0,3.0,3.0,3.0,65.0,67.0,64.0,0.2777777777777778,0.8333333333333333,0.0,1.1111111111111112,1.9444444444444444,0.5555555555555556,122.0,1022.35,1022.35,0.0,16.0,0.0,1
0.0,0.0,2024-01-30 17:59:10,2024-01-30 22:59:10+00:00,1706655550,KNYNEWYO1805,40.638,-74.035,America/New_York,3.0,3.0,3.0,-2.0,-2.0,-3.0,3.0,3.0,3.0,3.0,3.0,3.0,68.0,71.0,67.0,0.5555555555555556,1.3888888888888888,0.2777777777777778,1.6666666666666665,2.7777777777777777,0.8333333333333333,139.0,1022.35,1022.35,0.0,2.0,0.0,1
0.0,0.0,2024-01-30 18:59:10,2024-01-30 23:59:10+00:00,1706659150,KNYNEWYO1805,40.638,-74.035,America/New_York,3.0,3.0,2.0,0.0,0.0,-2.0,3.0,3.0,2.0,3.0,3.0,2.0,82.0,86.0,71.0,0.5555555555555556,1.1111111111111112,0.0,1.3888888888888888,2.5,0.2777777777777778,133.0,1022.69,1022.35,0.0,0.0,0.0,1
0.0,0.0,2024-01-30 19:59:08,2024-01-31 00:59:08+00:00,1706662748,KNYNEWYO1805,40.638,-74.035,America/New_York,3.0,3.0,3.0,0.0,0.0,0.0,3.0,3.0,3.0,3.0,3.0,1.0,80.0,83.0,79.0,0.8333333333333333,1.6666666666666665,0.2777777777777778,2.5,3.333333333333333,0.8333333333333333,121.0,1022.69,1022.35,0.37,0.0,0.0,1
0.0,0.0,2024-01-30 20:59:07,2024-01-31 01:59:07+00:00,1706666347,KNYNEWYO1805,40.638,-74.035,America/New_York,3.0,3.0,3.0,0.0,0.0,-1.0,3.0,3.0,3.0,3.0,3.0,1.0,80.0,81.0,79.0,0.8333333333333333,1.3888888888888888,0.2777777777777778,1.9444444444444444,2.7777777777777777,1.1111111111111112,122.0,1022.69,1022.35,-0.37,0.0,0.0,1
0.0,0.0,2024-01-30 21:59:07,2024-01-31 02:59:07+00:00,1706669947,KNYNEWYO1805,40.638,-74.035,America/New_York,2.0,3.0,2.0,0.0,0.0,0.0,2.0,3.0,2.0,2.0,3.0,1.0,83.0,86.0,81.0,0.8333333333333333,1.3888888888888888,0.5555555555555556,2.2222222222222223,3.611111111111111,1.1111111111111112,105.0,1022.35,1022.35,0.0,0.0,0.0,1
0.0,0.0,2024-01-30 22:59:06,2024-01-31 03:59:06+00:00,1706673546,KNYNEWYO1805,40.638,-74.035,America/New_York,3.0,3.0,2.0,-1.0,0.0,-1.0,3.0,3.0,2.0,2.0,3.0,-1.0,80.0,81.0,79.0,1.1111111111111112,3.0555555555555554,0.2777777777777778,1.9444444444444444,4.444444444444445,0.8333333333333333,117.0,1022.35,1022.01,-0.37,0.0,0.0,1
0.0,0.0,2024-01-30 23:59:00,2024-01-31 04:59:00+00:00,1706677140,KNYNEWYO1805,40.638,-74.035,America/New_York,2.0,2.0,2.0,-1.0,0.0,-1.0,2.0,2.0,2.0,2.0,2.0,1.0,82.0,84.0,81.0,0.8333333333333333,1.3888888888888888,0.2777777777777778,1.6666666666666665,3.333333333333333,0.5555555555555556,70.0,1022.01,1022.01,0.0,0.0,0.0,1
0.0,0.0,2024-01-01 00:59:00,2024-01-01 05:59:00+00:00,1704088740,KNYNEWYO1850,40.759,-73.802,America/New_York,6.0,6.0,6.0,-1.0,-1.0,-1.0,6.0,6.0,6.0,6.0,6.0,4.0,60.0,62.0,60.0,0.8333333333333333,2.5,0.0,1.3888888888888888,3.611111111111111,0.5555555555555556,237.0,1015.21,1014.6,-0.11,0.0,0.0,1
0.0,0.0,2024-01-01 01:59:00,2024-01-01 06:59:00+00:00,1704092340,KNYNEWYO1850,40.759,-73.802,America/New_York,6.0,6.0,6.0,-1.0,-1.0,-1.0,6.0,6.0,6.0,6.0,6.0,4.0,61.0,62.0,61.0,0.8333333333333333,2.5,0.0,1.9444444444444444,3.611111111111111,0.5555555555555556,216.0,1015.1,1014.49,-0.1,0.0,0.0,1
0.0,0.0,2024-01-01 02:59:00,2024-01-01 07:59:00+00:00,1704095940,KNYNEWYO1850,40.759,-73.802,America/New_York,6.0,6.0,6.0,-1.0,-1.0,-1.0,6.0,6.0,6.0,6.0,6.0,4.0,63.0,65.0,61.0,0.5555555555555556,1.6666666666666665,0.0,1.3888888888888888,2.5,0.5555555555555556,272.0,1015.1,1014.7,-0.1,0.0,0.0,1
0.0,0.0,2024-01-01 03:59:00,2024-01-01 08:59:00+00:00,1704099540,KNYNEWYO1850,40.759,-73.802,America/New_York,5.0,6.0,5.0,0.0,0.0,-1.0,5.0,6.0,5.0,5.0,6.0,4.0,65.0,68.0,64.0,0.5555555555555556,1.3888888888888888,0.0,0.8333333333333333,2.5,0.0,279.0,1015.0,1014.29,-0.62,0.0,0.0,1
0.0,0.0,2024-01-01 04:59:00,2024-01-01 09:59:00+00:00,1704103140,KNYNEWYO1850,40.759,-73.802,America/New_York,5.0,5.0,5.0,0.0,0.0,0.0,5.0,5.0,5.0,5.0,5.0,4.0,68.0,70.0,67.0,0.5555555555555556,1.9444444444444444,0.0,1.1111111111111112,2.5,0.5555555555555556,279.0,1014.7,1014.29,0.21,0.0,0.0,1
0.0,0.0,2024-01-01 05:59:00,2024-01-01 10:59:00+00:00,1704106740,KNYNEWYO1850,40.759,-73.802,America/New_York,5.0,5.0,5.0,0.0,0.0,0.0,5.0,5.0,5.0,5.0,5.0,5.0,69.0,72.0,68.0,0.2777777777777778,1.1111111111111112,0.0,0.5555555555555556,1.3888888888888888,0.0,287.0,1014.9,1014.39,0.31,0.0,0.0,1
0.0,0.0,2024-01-01 06:59:00,2024-01-01 11:59:00+00:00,1704110340,KNYNEWYO1850,40.759,-73.802,America/New_York,5.0,5.0,4.0,1.0,2.0,0.0,5.0,5.0,4.0,5.0,5.0,4.0,76.0,82.0,72.0,0.5555555555555556,1.6666666666666665,0.0,0.8333333333333333,1.9444444444444444,0.0,284.0,1015.61,1014.8,0.62,0.04,0.0,1
1.8,0.3,2024-01-01 07:59:00,2024-01-01 12:59:00+00:00,1704113940,KNYNEWYO1850,40.759,-73.802,America/New_York,4.0,4.0,4.0,2.0,2.0,1.0,4.0,4.0,4.0,4.0,4.0,3.0,83.0,85.0,82.0,0.5555555555555556,1.3888888888888888,0.0,1.1111111111111112,1.9444444444444444,0.5555555555555556,279.0,1015.98,1015.31,0.59,6.57,0.0,1
1.19,0.21000000000000002,2024-01-01 08:59:00,2024-01-01 13:59:00+00:00,1704117540,KNYNEWYO1850,40.759,-73.802,America/New_York,4.0,4.0,4.0,2.0,2.0,2.0,4.0,4.0,4.0,4.0,4.0,4.0,85.0,86.0,84.0,0.5555555555555556,1.3888888888888888,0.0,1.1111111111111112,1.9444444444444444,0.5555555555555556,282.0,1016.49,1015.71,0.59,31.25,0.0,1
0.0,0.0,2024-01-01 09:59:00,2024-01-01 14:59:00+00:00,1704121140,KNYNEWYO1850,40.759,-73.802,America/New_York,5.0,5.0,4.0,2.0,2.0,2.0,5.0,5.0,4.0,5.0,5.0,4.0,83.0,86.0,80.0,0.2777777777777778,1.3888888888888888,0.0,0.8333333333333333,1.3888888888888888,0.0,299.0,1016.59,1016.19,0.21,190.32,1.0,1
0.0,0.0,2024-01-01 10:59:00,2024-01-01 15:59:00+00:00,1704124740,KNYNEWYO1850,40.759,-73.802,America/New_York,6.0,7.0,5.0,2.0,2.0,1.0,6.0,7.0,5.0,6.0,7.0,5.0,77.0,80.0,71.0,0.2777777777777778,1.1111111111111112,0.0,0.5555555555555556,1.3888888888888888,0.0,307.0,1016.59,1015.92,-0.38,256.67,2.0,1
0.0,0.0,2024-01-01 11:59:00,2024-01-01 16:59:00+00:00,1704128340,KNYNEWYO1850,40.759,-73.802,America/New_York,7.0,7.0,6.0,2.0,2.0,1.0,7.0,7.0,6.0,7.0,7.0,6.0,70.0,73.0,67.0,0.2777777777777778,1.1111111111111112,0.0,0.8333333333333333,1.3888888888888888,0.0,302.0,1016.09,1015.31,-0.59,316.39,3.0,1
0.0,0.0,2024-01-01 12:59:00,2024-01-01 17:59:00+00:00,1704131940,KNYNEWYO1850,40.759,-73.802,America/New_York,7.0,8.0,7.0,1.0,2.0,1.0,7.0,8.0,7.0,7.0,8.0,7.0,66.0,70.0,64.0,0.5555555555555556,1.3888888888888888,0.0,1.1111111111111112,1.9444444444444444,0.0,282.0,1015.51,1014.8,-0.41,315.25,3.0,1
0.0,0.0,2024-01-01 13:59:00,2024-01-01 18:59:00+00:00,1704135540,KNYNEWYO1850,40.759,-73.802,America/New_York,7.0,8.0,7.0,1.0,2.0,1.0,7.0,8.0,7.0,7.0,8.0,7.0,65.0,68.0,62.0,0.2777777777777778,1.1111111111111112,0.0,0.8333333333333333,1.3888888888888888,0.0,307.0,1015.21,1014.9,0.1,298.1,2.0,1
0.0,0.0,2024-01-01 14:59:00,2024-01-01 19:59:00+00:00,1704139140,KNYNEWYO1850,40.759,-73.802,America/New_York,8.0,9.0,7.0,1.0,2.0,0.0,8.0,9.0,7.0,8.0,9.0,7.0,59.0,64.0,56.0,0.5555555555555556,1.9444444444444444,0.0,1.1111111111111112,2.5,0.0,281.0,1015.51,1014.9,0.41,284.01,2.0,1
0.0,0.0,2024-01-01 15:59:00,2024-01-01 20:59:00+00:00,1704142740,KNYNEWYO1850,40.759,-73.802,America/New_York,7.0,8.0,7.0,0.0,1.0,0.0,7.0,8.0,7.0,7.0,8.0,7.0,61.0,63.0,60.0,0.2777777777777778,1.1111111111111112,0.0,0.5555555555555556,1.3888888888888888,0.0,318.0,1015.71,1015.21,0.1,57.25,0.0,1
0.0,0.0,2024-01-01 16:59:00,2024-01-01 21:59:00+00:00,1704146340,KNYNEWYO1850,40.759,-73.802,America/New_York,7.0,7.0,7.0,0.0,1.0,0.0,7.0,7.0,7.0,7.0,7.0,7.0,61.0,63.0,61.0,0.5555555555555556,1.3888888888888888,0.0,0.8333333333333333,1.3888888888888888,0.0,301.0,1016.09,1015.41,0.38,13.88,0.0,1
0.0,0.0,2024-01-01 17:59:00,2024-01-01 22:59:00+00:00,1704149940,KNYNEWYO1850,40.759,-73.802,America/New_York,7.0,7.0,6.0,0.0,0.0,0.0,7.0,7.0,6.0,7.0,7.0,6.0,63.0,64.0,63.0,0.5555555555555556,1.3888888888888888,0.0,0.8333333333333333,1.3888888888888888,0.0,302.0,1016.49,1015.92,0.41,0.09,0.0,1
0.0,0.0,2024-01-01 18:59:00,2024-01-01 23:59:00+00:00,1704153540,KNYNEWYO1850,40.759,-73.802,America/New_York,6.0,6.0,6.0,1.0,2.0,0.0,6.0,6.0,6.0,6.0,6.0,6.0,68.0,75.0,62.0,0.2777777777777778,0.8333333333333333,0.0,0.5555555555555556,1.1111111111111112,0.0,303.0,1016.9,1016.29,0.41,0.0,0.0,1
0.0,0.0,2024-01-01 19:59:00,2024-01-02 00:59:00+00:00,1704157140,KNYNEWYO1850,40.759,-73.802,America/New_York,5.0,6.0,5.0,0.0,2.0,-1.0,5.0,6.0,5.0,5.0,6.0,5.0,68.0,76.0,65.0,0.5555555555555556,1.3888888888888888,0.0,0.8333333333333333,1.9444444444444444,0.0,300.0,1017.1,1016.7,0.0,0.0,0.0,1
0.0,0.0,2024-01-01 20:59:00,2024-01-02 01:59:00+00:00,1704160740,KNYNEWYO1850,40.759,-73.802,America/New_York,5.0,5.0,4.0,0.0,0.0,-1.0,5.0,5.0,4.0,5.0,5.0,4.0,70.0,74.0,67.0,0.5555555555555556,1.6666666666666665,0.0,1.1111111111111112,2.5,0.0,297.0,1017.41,1016.9,0.42,0.0,0.0,1
0.0,0.0,2024-01-01 21:58:00,2024-01-02 02:58:00+00:00,1704164280,KNYNEWYO1850,40.759,-73.802,America/New_York,4.0,4.0,4.0,0.0,0.0,-1.0,4.0,4.0,4.0,4.0,4.0,3.0,73.0,75.0,71.0,0.5555555555555556,1.3888888888888888,0.0,0.8333333333333333,1.3888888888888888,0.0,300.0,1017.81,1017.2,0.53,0.0,0.0,1
0.0,0.0,2024-01-01 22:59:00,2024-01-02 03:59:00+00:00,1704167940,KNYNEWYO1850,40.759,-73.802,America/New_York,3.0,4.0,3.0,-1.0,-1.0,-1.0,3.0,4.0,3.0,3.0,4.0,2.0,75.0,77.0,72.0,0.8333333333333333,1.3888888888888888,0.0,1.3888888888888888,3.611111111111111,0.5555555555555556,297.0,1017.91,1017.61,0.1,0.0,0.0,1
0.0,0.0,2024-01-01 23:59:00,2024-01-02 04:59:00+00:00,1704171540,KNYNEWYO1850,40.759,-73.802,America/New_York,2.0,3.0,2.0,-2.0,-1.0,-3.0,2.0,3.0,2.0,2.0,3.0,-1.0,75.0,77.0,73.0,1.1111111111111112,2.2222222222222223,0.0,1.9444444444444444,3.0555555555555554,0.5555555555555556,296.0,1018.02,1017.51,-0.21,0.0,0.0,1
0.0,0.0,2024-01-02 00:59:00,2024-01-02 05:59:00+00:00,1704175140,KNYNEWYO1850,40.759,-73.802,America/New_York,1.0,2.0,1.0,-3.0,-3.0,-3.0,1.0,2.0,1.0,1.0,2.0,0.0,72.0,74.0,72.0,0.5555555555555556,1.3888888888888888,0.0,1.1111111111111112,1.9444444444444444,0.0,296.0,1017.91,1017.41,-0.11,0.0,0.0,1
0.0,0.0,2024-01-02 01:59:00,2024-01-02 06:59:00+00:00,1704178740,KNYNEWYO1850,40.759,-73.802,America/New_York,1.0,1.0,0.0,-4.0,-3.0,-5.0,1.0,1.0,0.0,0.0,1.0,-2.0,71.0,74.0,70.0,0.8333333333333333,1.9444444444444444,0.0,1.9444444444444444,3.0555555555555554,0.5555555555555556,295.0,1017.91,1017.41,0.1,0.0,0.0,1
0.0,0.0,2024-01-02 02:59:00,2024-01-02 07:59:00+00:00,1704182340,KNYNEWYO1850,40.759,-73.802,America/New_York,0.0,0.0,0.0,-4.0,-4.0,-5.0,0.0,0.0,0.0,0.0,0.0,-2.0,72.0,73.0,71.0,0.8333333333333333,1.9444444444444444,0.0,1.6666666666666665,3.0555555555555554,0.5555555555555556,297.0,1018.02,1017.71,0.21,0.0,0.0,1
0.0,0.0,2024-01-02 03:59:00,2024-01-02 08:59:00+00:00,1704185940,KNYNEWYO1850,40.759,-73.802,America/New_York,0.0,0.0,-1.0,-5.0,-5.0,-5.0,0.0,0.0,-1.0,-2.0,0.0,-4.0,72.0,73.0,71.0,1.3888888888888888,3.333333333333333,0.0,2.7777777777777777,5.0,1.1111111111111112,285.0,1018.29,1017.81,0.07,0.0,0.0,1
0.0,0.0,2024-01-02 04:59:00,2024-01-02 09:59:00+00:00,1704189540,KNYNEWYO1850,40.759,-73.802,America/New_York,-1.0,-1.0,-1.0,-5.0,-5.0,-5.0,-1.0,-1.0,-1.0,-2.0,-1.0,-4.0,73.0,76.0,72.0,1.1111111111111112,2.7777777777777777,0.0,1.9444444444444444,3.611111111111111,1.1111111111111112,283.0,1018.19,1017.71,-0.1,0.0,0.0,1
0.0,0.0,2024-01-02 05:59:00,2024-01-02 10:59:00+00:00,1704193140,KNYNEWYO1850,40.759,-73.802,America/New_York,-1.0,-1.0,-2.0,-5.0,-5.0,-5.0,-1.0,-1.0,-2.0,-2.0,-1.0,-3.0,75.0,77.0,74.0,0.8333333333333333,1.3888888888888888,0.0,1.6666666666666665,2.5,1.1111111111111112,297.0,1018.49,1017.81,0.48,0.0,0.0,1
0.0,0.0,2024-01-02 06:59:00,2024-01-02 11:59:00+00:00,1704196740,KNYNEWYO1850,40.759,-73.802,America/New_York,-2.0,-2.0,-2.0,-6.0,-5.0,-6.0,-2.0,-2.0,-2.0,-2.0,-2.0,-6.0,74.0,76.0,73.0,0.8333333333333333,3.333333333333333,0.0,1.9444444444444444,4.166666666666667,0.5555555555555556,290.0,1019.1,1018.49,0.62,0.12,0.0,1
0.0,0.0,2024-01-02 07:59:00,2024-01-02 12:59:00+00:00,1704200340,KNYNEWYO1850,40.759,-73.802,America/New_York,-2.0,-2.0,-2.0,-6.0,-6.0,-6.0,-2.0,-2.0,-2.0,-2.0,-2.0,-5.0,74.0,75.0,74.0,0.8333333333333333,2.2222222222222223,0.0,1.3888888888888888,2.5,0.5555555555555556,296.0,1019.3,1018.8,0.1,20.09,0.0,1
0.0,0.0,2024-01-02 08:59:00,2024-01-02 13:59:00+00:00,1704203940,KNYNEWYO1850,40.759,-73.802,America/New_York,-1.0,-1.0,-2.0,-6.0,-6.0,-6.0,-1.0,-1.0,-2.0,-2.0,-1.0,-4.0,70.0,75.0,68.0,0.8333333333333333,2.2222222222222223,0.0,1.9444444444444444,3.611111111111111,0.5555555555555556,292.0,1019.51,1019.0,0.31,75.52,0.0,1
0.0,0.0,2024-01-02 09:58:00,2024-01-02 14:58:00+00:00,1704207480,KNYNEWYO1850,40.759,-73.802,America/New_York,0.0,1.0,-1.0,-6.0,-6.0,-6.0,0.0,1.0,-1.0,-1.0,1.0,-3.0,64.0,68.0,62.0,1.1111111111111112,2.5,0.0,2.5,4.166666666666667,1.1111111111111112,286.0,1019.51,1019.2,0.0,202.93,1.0,1
0.0,0.0,2024-01-02 10:59:00,2024-01-02 15:59:00+00:00,1704211140,KNYNEWYO1850,40.759,-73.802,America/New_York,1.0,2.0,1.0,-6.0,-5.0,-6.0,1.0,2.0,1.0,0.0,2.0,-2.0,60.0,63.0,58.0,1.3888888888888888,2.5,0.0,2.7777777777777777,4.722222222222222,1.3888888888888888,281.0,1019.61,1018.49,-1.03,287.02,2.0,1
0.0,0.0,2024-01-02 11:59:00,2024-01-02 16:59:00+00:00,1704214740,KNYNEWYO1850,40.759,-73.802,America/New_York,2.0,3.0,2.0,-6.0,-5.0,-6.0,2.0,3.0,2.0,1.0,3.0,-1.0,55.0,58.0,53.0,1.6666666666666665,3.333333333333333,0.5555555555555556,3.0555555555555554,5.0,1.3888888888888888,270.0,1018.59,1017.31,-1.33,335.18,3.0,1
0.0,0.0,2024-01-02 12:59:00,2024-01-02 17:59:00+00:00,1704218340,KNYNEWYO1850,40.759,-73.802,America/New_York,4.0,4.0,3.0,-5.0,-5.0,-6.0,4.0,4.0,3.0,3.0,4.0,1.0,51.0,54.0,50.0,1.3888888888888888,3.333333333333333,0.2777777777777778,2.7777777777777777,4.722222222222222,1.1111111111111112,268.0,1017.31,1016.29,-0.83,334.35,3.0,1
0.0,0.0,2024-01-02 13:59:00,2024-01-02 18:59:00+00:00,1704221940,KNYNEWYO1850,40.759,-73.802,America/New_York,5.0,5.0,4.0,-5.0,-5.0,-6.0,5.0,5.0,4.0,4.0,5.0,1.0,48.0,51.0,46.0,1.3888888888888888,3.611111111111111,0.0,2.7777777777777777,4.722222222222222,1.1111111111111112,275.0,1016.19,1015.31,-0.69,312.06,3.0,1
0.0,0.0,2024-01-02 14:58:00,2024-01-02 19:58:00+00:00,1704225480,KNYNEWYO1850,40.759,-73.802,America/New_York,5.0,6.0,5.0,-5.0,-5.0,-5.0,5.0,6.0,5.0,5.0,6.0,3.0,46.0,48.0,45.0,1.3888888888888888,2.7777777777777777,0.5555555555555556,2.5,4.166666666666667,1.3888888888888888,268.0,1015.51,1015.1,0.0,244.06,2.0,1
0.0,0.0,2024-01-02 15:59:00,2024-01-02 20:59:00+00:00,1704229140,KNYNEWYO1850,40.759,-73.802,America/New_York,6.0,6.0,5.0,-5.0,-5.0,-5.0,6.0,6.0,5.0,6.0,6.0,4.0,45.0,47.0,45.0,0.8333333333333333,2.5,0.0,1.9444444444444444,3.0555555555555554,1.1111111111111112,281.0,1015.31,1014.8,0.0,129.81,1.0,1
0.0,0.0,2024-01-02 16:59:00,2024-01-02 21:59:00+00:00,1704232740,KNYNEWYO1850,40.759,-73.802,America/New_York,5.0,6.0,5.0,-5.0,-5.0,-5.0,5.0,6.0,5.0,5.0,6.0,4.0,47.0,49.0,46.0,0.8333333333333333,1.3888888888888888,0.0,1.3888888888888888,1.9444444444444444,0.0,275.0,1015.31,1014.8,0.21,30.42,0.0,1
0.0,0.0,2024-01-02 17:59:00,2024-01-02 22:59:00+00:00,1704236340,KNYNEWYO1850,40.759,-73.802,America/New_York,5.0,5.0,5.0,-4.0,-4.0,-5.0,5.0,5.0,5.0,5.0,5.0,4.0,50.0,53.0,49.0,0.2777777777777778,1.6666666666666665,0.0,1.1111111111111112,1.9444444444444444,0.0,281.0,1015.51,1015.1,0.1,0.13,0.0,1
0.0,0.0,2024-01-02 18:59:00,2024-01-02 23:59:00+00:00,1704239940,KNYNEWYO1850,40.759,-73.802,America/New_York,5.0,5.0,4.0,-4.0,-4.0,-4.0,5.0,5.0,4.0,5.0,5.0,4.0,53.0,55.0,52.0,0.2777777777777778,1.3888888888888888,0.0,0.8333333333333333,1.9444444444444444,0.0,282.0,1015.82,1015.21,0.31,0.0,0.0,1
0.0,0.0,2024-01-02 19:59:00,2024-01-03 00:59:00+00:00,1704243540,KNYNEWYO1850,40.759,-73.802,America/New_York,5.0,5.0,4.0,-4.0,-4.0,-4.0,5.0,5.0,4.0,5.0,5.0,3.0,52.0,54.0,52.0,0.5555555555555556,2.2222222222222223,0.0,1.3888888888888888,3.0555555555555554,0.5555555555555556,273.0,1015.71,1015.31,-0.31,0.0,0.0,1
0.0,0.0,2024-01-02 20:59:00,2024-01-03 01:59:00+00:00,1704247140,KNYNEWYO1850,40.759,-73.802,America/New_York,5.0,5.0,4.0,-4.0,-4.0,-4.0,5.0,5.0,4.0,4.0,5.0,3.0,53.0,54.0,52.0,0.8333333333333333,1.9444444444444444,0.0,1.6666666666666665,3.611111111111111,0.0,273.0,1015.82,1015.21,-0.1,0.0,0.0,1
0.0,0.0,2024-01-02 21:59:00,2024-01-03 02:59:00+00:00,1704250740,KNYNEWYO1850,40.759,-73.802,America/New_York,4.0,4.0,4.0,-4.0,-4.0,-4.0,4.0,4.0,4.0,4.0,4.0,3.0,54.0,56.0,54.0,0.8333333333333333,1.6666666666666665,0.0,1.3888888888888888,2.5,0.0,275.0,1015.71,1015.21,0.31,0.0,0.0,1
0.0,0.0,2024-01-02 22:59:00,2024-01-03 03:59:00+00:00,1704254340,KNYNEWYO1850,40.759,-73.802,America/New_York,4.0,4.0,4.0,-4.0,-3.0,-4.0,4.0,4.0,4.0,4.0,4.0,2.0,56.0,59.0,55.0,1.1111111111111112,2.5,0.0,1.6666666666666665,3.0555555555555554,0.5555555555555556,267.0,1015.82,1015.31,0.0,0.0,0.0,1
0.0,0.0,2024-01-02 23:59:00,2024-01-03 04:59:00+00:00,1704257940,KNYNEWYO1850,40.759,-73.802,America/New_York,4.0,4.0,4.0,-4.0,-3.0,-4.0,4.0,4.0,4.0,4.0,4.0,2.0,58.0,59.0,57.0,0.8333333333333333,1.9444444444444444,0.2777777777777778,1.3888888888888888,2.5,0.5555555555555556,276.0,1015.51,1014.7,-0.83,0.0,0.0,1
0.0,0.0,2024-01-03 00:59:00,2024-01-03 05:59:00+00:00,1704261540,KNYNEWYO1850,40.759,-73.802,America/New_York,3.0,4.0,3.0,-4.0,-3.0,-4.0,3.0,4.0,3.0,3.0,4.0,0.0,59.0,61.0,59.0,1.1111111111111112,3.0555555555555554,0.2777777777777778,1.6666666666666665,3.611111111111111,1.1111111111111112,266.0,1015.1,1014.7,0.11,0.0,0.0,1
0.0,0.0,2024-01-03 01:59:00,2024-01-03 06:59:00+00:00,1704265140,KNYNEWYO1850,40.759,-73.802,America/New_York,3.0,3.0,3.0,-3.0,-3.0,-4.0,3.0,3.0,3.0,2.0,3.0,0.0,64.0,67.0,61.0,1.3888888888888888,3.0555555555555554,0.5555555555555556,2.7777777777777777,4.722222222222222,1.3888888888888888,262.0,1015.1,1014.7,-0.21,0.0,0.0,1
0.0,0.0,2024-01-03 02:59:00,2024-01-03 07:59:00+00:00,1704268740,KNYNEWYO1850,40.759,-73.802,America/New_York,2.0,3.0,2.0,-3.0,-3.0,-3.0,2.0,3.0,2.0,2.0,3.0,0.0,68.0,70.0,67.0,1.1111111111111112,2.5,0.2777777777777778,2.2222222222222223,3.0555555555555554,1.1111111111111112,272.0,1015.21,1014.7,-0.1,0.0,0.0,1
0.0,0.0,2024-01-03 03:59:00,2024-01-03 08:59:00+00:00,1704272340,KNYNEWYO1850,40.759,-73.802,America/New_York,2.0,2.0,2.0,-3.0,-3.0,-3.0,2.0,2.0,2.0,1.0,2.0,-1.0,70.0,72.0,69.0,1.1111111111111112,2.5,0.0,2.2222222222222223,3.611111111111111,1.1111111111111112,265.0,1015.21,1014.7,0.1,0.0,0.0,1
0.0,0.0,2024-01-03 04:59:00,2024-01-03 09:59:00+00:00,1704275940,KNYNEWYO1850,40.759,-73.802,America/New_York,1.0,2.0,1.0,-3.0,-3.0,-4.0,1.0,2.0,1.0,0.0,2.0,-2.0,71.0,72.0,71.0,1.3888888888888888,2.5,0.8333333333333333,2.5,3.611111111111111,1.1111111111111112,264.0,1015.41,1014.9,0.41,0.0,0.0,1
0.0,0.0,2024-01-03 05:59:00,2024-01-03 10:59:00+00:00,1704279540,KNYNEWYO1850,40.759,-73.802,America/New_York,1.0,1.0,1.0,-3.0,-3.0,-4.0,1.0,1.0,1.0,1.0,1.0,-1.0,71.0,72.0,70.0,0.8333333333333333,2.2222222222222223,0.0,1.6666666666666665,3.0555555555555554,0.5555555555555556,277.0,1015.61,1015.1,0.21,0.0,0.0,1
0.0,0.0,2024-01-03 06:58:00,2024-01-03 11:58:00+00:00,1704283080,KNYNEWYO1850,40.759,-73.802,America/New_York,1.0,2.0,1.0,-3.0,-3.0,-4.0,1.0,2.0,1.0,1.0,2.0,0.0,70.0,71.0,70.0,0.5555555555555556,1.6666666666666665,0.0,1.1111111111111112,1.9444444444444444,0.0,281.0,1015.98,1015.41,0.6,0.12,0.0,1
0.0,0.0,2024-01-03 07:59:00,2024-01-03 12:59:00+00:00,1704286740,KNYNEWYO1850,40.759,-73.802,America/New_York,2.0,2.0,2.0,-3.0,-3.0,-3.0,2.0,2.0,2.0,2.0,2.0,0.0,69.0,70.0,68.0,0.5555555555555556,1.9444444444444444,0.0,0.8333333333333333,2.5,0.0,282.0,1016.7,1015.92,0.41,12.9,0.0,1
0.0,0.0,2024-01-03 08:59:00,2024-01-03 13:59:00+00:00,1704290340,KNYNEWYO1850,40.759,-73.802,America/New_York,2.0,3.0,2.0,-3.0,-3.0,-3.0,2.0,3.0,2.0,2.0,3.0,0.0,67.0,68.0,65.0,1.1111111111111112,1.9444444444444444,0.2777777777777778,1.6666666666666665,2.5,1.1111111111111112,275.0,1017.2,1016.49,0.41,79.64,0.0,1
0.0,0.0,2024-01-03 09:59:00,2024-01-03 14:59:00+00:00,1704293940,KNYNEWYO1850,40.759,-73.802,America/New_York,3.0,4.0,3.0,-3.0,-3.0,-3.0,3.0,4.0,3.0,3.0,4.0,2.0,62.0,65.0,60.0,0.8333333333333333,1.6666666666666665,0.0,1.6666666666666665,3.0555555555555554,0.5555555555555556,273.0,1017.2,1016.8,0.1,198.86,1.0,1
0.0,0.0,2024-01-03 10:59:00,2024-01-03 15:59:00+00:00,1704297540,KNYNEWYO1850,40.759,-73.802,America/New_York,4.0,5.0,4.0,-3.0,-3.0,-3.0,4.0,5.0,4.0,3.0,5.0,1.0,59.0,61.0,58.0,1.3888888888888888,2.5,0.0,2.5,3.611111111111111,1.1111111111111112,263.0,1016.9,1016.09,-0.83,279.83,2.0,1
0.0,0.0,2024-01-03 11:59:00,2024-01-03 16:59:00+00:00,1704301140,KNYNEWYO1850,40.759,-73.802,America/New_York,5.0,6.0,5.0,-3.0,-2.0,-3.0,5.0,6.0,5.0,4.0,6.0,3.0,57.0,59.0,56.0,1.3888888888888888,2.7777777777777777,0.2777777777777778,2.5,4.166666666666667,1.1111111111111112,274.0,1016.19,1015.31,-0.79,322.19,3.0,1
0.0,0.0,2024-01-03 12:59:00,2024-01-03 17:59:00+00:00,1704304740,KNYNEWYO1850,40.759,-73.802,America/New_York,6.0,7.0,6.0,-2.0,-2.0,-3.0,6.0,7.0,6.0,5.0,6.0,4.0,54.0,56.0,53.0,1.3888888888888888,2.5,0.0,2.7777777777777777,4.722222222222222,1.3888888888888888,279.0,1015.41,1014.8,-0.62,389.46,3.0,1
0.0,0.0,2024-01-03 13:59:00,2024-01-03 18:59:00+00:00,1704308340,KNYNEWYO1850,40.759,-73.802,America/New_York,6.0,7.0,6.0,-2.0,-2.0,-2.0,6.0,7.0,6.0,6.0,7.0,4.0,53.0,55.0,51.0,1.6666666666666665,3.333333333333333,0.2777777777777778,2.7777777777777777,5.0,1.3888888888888888,268.0,1015.1,1014.49,-0.31,410.48,4.0,1
0.0,0.0,2024-01-03 14:59:00,2024-01-03 19:59:00+00:00,1704311940,KNYNEWYO1850,40.759,-73.802,America/New_York,6.0,6.0,6.0,-2.0,-2.0,-3.0,6.0,6.0,6.0,5.0,6.0,3.0,56.0,57.0,55.0,1.6666666666666665,3.611111111111111,0.5555555555555556,3.333333333333333,4.722222222222222,1.3888888888888888,265.0,1014.8,1014.29,-0.21,127.54,1.0,1
0.0,0.0,2024-01-03 15:59:00,2024-01-03 20:59:00+00:00,1704315540,KNYNEWYO1850,40.759,-73.802,America/New_York,5.0,6.0,5.0,-3.0,-2.0,-3.0,5.0,6.0,5.0,4.0,5.0,3.0,57.0,58.0,57.0,1.3888888888888888,2.5,0.2777777777777778,2.7777777777777777,4.722222222222222,1.3888888888888888,267.0,1014.6,1014.09,0.0,61.82,0.0,1
0.0,0.0,2024-01-03 16:59:00,2024-01-03 21:59:00+00:00,1704319140,KNYNEWYO1850,40.759,-73.802,America/New_York,5.0,5.0,5.0,-3.0,-2.0,-3.0,5.0,5.0,5.0,5.0,5.0,3.0,59.0,60.0,58.0,0.8333333333333333,2.2222222222222223,0.0,1.6666666666666665,3.0555555555555554,0.5555555555555556,281.0,1015.21,1014.09,0.62,17.13,0.0,1
0.0,0.0,2024-01-03 17:59:00,2024-01-03 22:59:00+00:00,1704322740,KNYNEWYO1850,40.759,-73.802,America/New_York,5.0,5.0,5.0,-2.0,-2.0,-3.0,5.0,5.0,5.0,5.0,5.0,3.0,59.0,60.0,59.0,0.8333333333333333,1.9444444444444444,0.0,1.6666666666666665,3.611111111111111,0.5555555555555556,280.0,1015.51,1015.1,0.21,0.06,0.0,1
0.0,0.0,2024-01-03 18:59:00,2024-01-03 23:59:00+00:00,1704326340,KNYNEWYO1850,40.759,-73.802,America/New_York,5.0,5.0,5.0,-2.0,-2.0,-2.0,5.0,5.0,5.0,5.0,5.0,3.0,60.0,61.0,60.0,0.8333333333333333,1.9444444444444444,0.0,1.6666666666666665,2.5,0.5555555555555556,280.0,1015.71,1015.1,0.21,0.0,0.0,1
0.0,0.0,2024-01-03 19:59:00,2024-01-04 00:59:00+00:00,1704329940,KNYNEWYO1850,40.759,-73.802,America/New_York,5.0,5.0,4.0,-2.0,-2.0,-2.0,5.0,5.0,4.0,4.0,5.0,3.0,60.0,61.0,60.0,0.8333333333333333,2.2222222222222223,0.0,1.6666666666666665,3.0555555555555554,0.5555555555555556,278.0,1015.71,1015.0,-0.62,0.0,0.0,1
0.0,0.0,2024-01-03 20:59:00,2024-01-04 01:59:00+00:00,1704333540,KNYNEWYO1850,40.759,-73.802,America/New_York,5.0,5.0,4.0,-2.0,-2.0,-3.0,5.0,5.0,4.0,4.0,5.0,3.0,60.0,61.0,60.0,1.1111111111111112,1.9444444444444444,0.0,1.6666666666666665,3.0555555555555554,0.5555555555555556,275.0,1015.21,1014.7,-0.31,0.0,0.0,1
0.0,0.0,2024-01-03 21:59:00,2024-01-04 02:59:00+00:00,1704337140,KNYNEWYO1850,40.759,-73.802,America/New_York,4.0,4.0,4.0,-2.0,-2.0,-3.0,4.0,4.0,4.0,4.0,4.0,3.0,60.0,62.0,60.0,0.5555555555555556,1.3888888888888888,0.0,1.1111111111111112,2.5,0.5555555555555556,285.0,1014.9,1014.29,-0.1,0.0,0.0,1
0.0,0.0,2024-01-03 22:59:00,2024-01-04 03:59:00+00:00,1704340740,KNYNEWYO1850,40.759,-73.802,America/New_York,4.0,4.0,4.0,-3.0,-2.0,-3.0,4.0,4.0,4.0,4.0,4.0,3.0,60.0,61.0,60.0,0.5555555555555556,1.6666666666666665,0.0,1.1111111111111112,1.9444444444444444,0.5555555555555556,281.0,1015.0,1014.39,0.21,0.0,0.0,1
0.0,0.0,2024-01-03 23:59:00,2024-01-04 04:59:00+00:00,1704344340,KNYNEWYO1850,40.759,-73.802,America/New_York,4.0,4.0,4.0,-2.0,-2.0,-3.0,4.0,4.0,4.0,4.0,4.0,3.0,61.0,62.0,60.0,0.5555555555555556,1.3888888888888888,0.0,1.1111111111111112,1.9444444444444444,0.5555555555555556,277.0,1015.1,1014.49,-0.52,0.0,0.0,1
0.0,0.0,2024-01-04 00:59:00,2024-01-04 05:59:00+00:00,1704347940,KNYNEWYO1850,40.759,-73.802,America/New_York,4.0,4.0,4.0,-2.0,-2.0,-2.0,4.0,4.0,4.0,4.0,4.0,3.0,62.0,63.0,62.0,0.5555555555555556,1.6666666666666665,0.0,1.3888888888888888,1.9444444444444444,0.5555555555555556,278.0,1014.8,1013.99,-0.84,0.0,0.0,1
0.0,0.0,2024-01-04 01:59:00,2024-01-04 06:59:00+00:00,1704351540,KNYNEWYO1850,40.759,-73.802,America/New_York,4.0,4.0,4.0,-2.0,-2.0,-2.0,4.0,4.0,4.0,4.0,4.0,4.0,63.0,64.0,63.0,0.2777777777777778,1.1111111111111112,0.0,0.8333333333333333,1.9444444444444444,0.0,280.0,1014.39,1013.88,-0.21,0.0,0.0,1
0.0,0.0,2024-01-04 02:59:00,2024-01-04 07:59:00+00:00,1704355140,KNYNEWYO1850,40.759,-73.802,America/New_York,4.0,4.0,4.0,-2.0,-2.0,-2.0,4.0,4.0,4.0,4.0,4.0,4.0,63.0,64.0,63.0,0.2777777777777778,1.1111111111111112,0.0,0.5555555555555556,1.3888888888888888,0.0,284.0,1014.09,1013.61,-0.48,0.0,0.0,1
0.0,0.0,2024-01-04 03:59:00,2024-01-04 08:59:00+00:00,1704358740,KNYNEWYO1850,40.759,-73.802,America/New_York,4.0,4.0,4.0,-2.0,-2.0,-2.0,4.0,4.0,4.0,4.0,4.0,4.0,63.0,64.0,63.0,0.2777777777777778,1.1111111111111112,0.0,0.8333333333333333,1.9444444444444444,0.0,270.0,1013.82,1012.7,-0.72,0.0,0.0,1
0.0,0.0,2024-01-04 04:59:00,2024-01-04 09:59:00+00:00,1704362340,KNYNEWYO1850,40.759,-73.802,America/New_York,4.0,4.0,4.0,-2.0,-2.0,-2.0,4.0,4.0,4.0,4.0,4.0,4.0,64.0,65.0,63.0,0.2777777777777778,1.1111111111111112,0.0,0.8333333333333333,1.3888888888888888,0.0,263.0,1013.0,1012.29,-0.1,0.0,0.0,1
0.0,0.0,2024-01-04 05:59:00,2024-01-04 10:59:00+00:00,1704365940,KNYNEWYO1850,40.759,-73.802,America/New_York,4.0,5.0,4.0,-2.0,-2.0,-2.0,4.0,5.0,4.0,4.0,5.0,3.0,63.0,65.0,62.0,0.8333333333333333,2.2222222222222223,0.0,1.6666666666666665,3.0555555555555554,0.5555555555555556,247.0,1012.9,1012.29,-0.31,0.0,0.0,1
0.0,0.0,2024-01-04 06:59:00,2024-01-04 11:59:00+00:00,1704369540,KNYNEWYO1850,40.759,-73.802,America/New_York,4.0,5.0,4.0,-2.0,-1.0,-2.0,4.0,5.0,4.0,4.0,5.0,1.0,65.0,71.0,62.0,1.3888888888888888,3.611111111111111,0.2777777777777778,2.7777777777777777,4.722222222222222,1.1111111111111112,269.0,1012.9,1012.19,0.31,0.07,0.0,1
0.0,0.0,2024-01-04 07:59:00,2024-01-04 12:59:00+00:00,1704373140,KNYNEWYO1850,40.759,-73.802,America/New_York,4.0,4.0,3.0,-1.0,-1.0,-1.0,4.0,4.0,3.0,3.0,4.0,2.0,72.0,73.0,71.0,0.5555555555555556,1.6666666666666665,0.0,1.3888888888888888,3.0555555555555554,0.5555555555555556,265.0,1013.31,1012.8,0.41,13.85,0.0,1
0.0,0.0,2024-01-04 08:59:00,2024-01-04 13:59:00+00:00,1704376740,KNYNEWYO1850,40.759,-73.802,America/New_York,4.0,4.0,4.0,-1.0,-1.0,-1.0,4.0,4.0,4.0,4.0,4.0,2.0,69.0,71.0,68.0,1.1111111111111112,1.9444444444444444,0.2777777777777778,1.9444444444444444,3.0555555555555554,0.5555555555555556,267.0,1013.61,1013.11,0.21,36.04,0.0,1
0.0,0.0,2024-01-04 09:59:00,2024-01-04 14:59:00+00:00,1704380340,KNYNEWYO1850,40.759,-73.802,America/New_York,4.0,4.0,4.0,-1.0,-1.0,-1.0,4.0,4.0,4.0,4.0,4.0,2.0,67.0,69.0,67.0,1.3888888888888888,2.5,0.5555555555555556,2.5,3.611111111111111,1.1111111111111112,266.0,1013.88,1013.51,0.21,52.6,0.0,1
0.0,0.0,2024-01-04 10:59:00,2024-01-04 15:59:00+00:00,1704383940,KNYNEWYO1850,40.759,-73.802,America/New_York,5.0,5.0,4.0,-1.0,-1.0,-1.0,5.0,5.0,4.0,3.0,5.0,2.0,67.0,68.0,65.0,1.6666666666666665,3.0555555555555554,0.2777777777777778,2.7777777777777777,4.166666666666667,1.1111111111111112,268.0,1013.99,1013.41,-0.31,116.1,1.0,1
0.0,0.0,2024-01-04 11:59:00,2024-01-04 16:59:00+00:00,1704387540,KNYNEWYO1850,40.759,-73.802,America/New_York,5.0,6.0,5.0,-1.0,-1.0,-1.0,5.0,6.0,5.0,4.0,6.0,2.0,64.0,65.0,63.0,1.9444444444444444,3.333333333333333,0.5555555555555556,3.333333333333333,5.0,1.3888888888888888,263.0,1013.61,1013.0,-0.41,168.75,1.0,1
0.0,0.0,2024-01-04 12:59:00,2024-01-04 17:59:00+00:00,1704391140,KNYNEWYO1850,40.759,-73.802,America/New_York,6.0,7.0,6.0,-1.0,-1.0,-2.0,6.0,7.0,6.0,5.0,7.0,3.0,59.0,63.0,54.0,1.9444444444444444,4.166666666666667,0.2777777777777778,3.611111111111111,6.111111111111111,1.9444444444444444,272.0,1013.21,1012.29,-0.72,243.66,2.0,1
0.0,0.0,2024-01-04 13:59:00,2024-01-04 18:59:00+00:00,1704394740,KNYNEWYO1850,40.759,-73.802,America/New_York,7.0,7.0,6.0,-2.0,-2.0,-3.0,7.0,7.0,6.0,5.0,7.0,3.0,51.0,54.0,48.0,2.5,5.555555555555555,0.8333333333333333,4.722222222222222,7.777777777777778,1.9444444444444444,265.0,1012.6,1012.29,-0.1,395.0,3.0,1
0.0,0.0,2024-01-04 14:59:00,2024-01-04 19:59:00+00:00,1704398340,KNYNEWYO1850,40.759,-73.802,America/New_York,7.0,8.0,6.0,-4.0,-3.0,-4.0,7.0,8.0,6.0,5.0,8.0,3.0,47.0,49.0,45.0,3.0555555555555554,5.0,0.8333333333333333,5.555555555555555,8.333333333333334,3.611111111111111,266.0,1013.21,1012.39,0.72,287.62,2.0,1
0.0,0.0,2024-01-04 15:59:00,2024-01-04 20:59:00+00:00,1704401940,KNYNEWYO1850,40.759,-73.802,America/New_York,6.0,7.0,6.0,-4.0,-4.0,-4.0,6.0,7.0,6.0,4.0,7.0,3.0,47.0,48.0,46.0,3.0555555555555554,5.833333333333333,0.8333333333333333,5.555555555555555,8.61111111111111,1.3888888888888888,268.0,1014.29,1013.21,0.9,173.27,1.0,1
0.0,0.0,2024-01-04 16:59:00,2024-01-04 21:59:00+00:00,1704405540,KNYNEWYO1850,40.759,-73.802,America/New_York,5.0,6.0,4.0,-6.0,-4.0,-7.0,5.0,6.0,4.0,3.0,5.0,1.0,44.0,47.0,43.0,3.0555555555555554,5.833333333333333,1.1111111111111112,5.555555555555555,9.722222222222221,2.5,260.0,1015.82,1014.19,1.47,41.45,0.0,1
0.0,0.0,2024-01-04 17:59:00,2024-01-04 22:59:00+00:00,1704409140,KNYNEWYO1850,40.759,-73.802,America/New_York,3.0,4.0,3.0,-7.0,-7.0,-7.0,3.0,4.0,3.0,1.0,4.0,-1.0,46.0,47.0,45.0,2.5,4.444444444444445,0.5555555555555556,4.444444444444445,7.222222222222222,2.5,267.0,1017.2,1015.61,1.33,0.19,0.0,1
0.0,0.0,2024-01-04 18:58:00,2024-01-04 23:58:00+00:00,1704412680,KNYNEWYO1850,40.759,-73.802,America/New_York,2.0,3.0,2.0,-8.0,-7.0,-10.0,2.0,3.0,2.0,0.0,3.0,-1.0,46.0,48.0,42.0,2.2222222222222223,4.444444444444445,0.5555555555555556,4.444444444444445,6.111111111111111,1.1111111111111112,266.0,1018.49,1017.0,1.44,0.0,0.0,1
0.0,0.0,2024-01-04 19:59:00,2024-01-05 00:59:00+00:00,1704416340,KNYNEWYO1850,40.759,-73.802,America/New_York,2.0,2.0,1.0,-10.0,-9.0,-11.0,2.0,2.0,1.0,-1.0,2.0,-3.0,40.0,43.0,39.0,2.2222222222222223,4.444444444444445,0.5555555555555556,4.444444444444445,7.222222222222222,0.5555555555555556,271.0,1019.1,1018.08,1.03,0.0,0.0,1
0.0,0.0,2024-01-04 20:59:00,2024-01-05 01:59:00+00:00,1704419940,KNYNEWYO1850,40.759,-73.802,America/New_York,1.0,1.0,0.0,-11.0,-10.0,-12.0,1.0,1.0,0.0,-2.0,1.0,-4.0,40.0,42.0,40.0,2.5,5.833333333333333,0.8333333333333333,5.0,8.333333333333334,2.5,260.0,1020.12,1019.0,0.83,0.0,0.0,1
0.0,0.0,2024-01-04 21:59:00,2024-01-05 02:59:00+00:00,1704423540,KNYNEWYO1850,40.759,-73.802,America/New_York,0.0,0.0,-1.0,-11.0,-10.0,-11.0,0.0,0.0,-1.0,-2.0,0.0,-5.0,44.0,47.0,42.0,1.9444444444444444,5.277777777777778,0.0,3.888888888888889,6.111111111111111,1.3888888888888888,270.0,1020.59,1019.61,0.59,0.0,0.0,1
0.0,0.0,2024-01-04 22:58:00,2024-01-05 03:58:00+00:00,1704427080,KNYNEWYO1850,40.759,-73.802,America/New_York,-1.0,-1.0,-2.0,-11.0,-11.0,-11.0,-1.0,-1.0,-2.0,-4.0,-1.0,-7.0,48.0,50.0,46.0,2.2222222222222223,5.277777777777778,0.0,4.444444444444445,8.333333333333334,1.9444444444444444,256.0,1021.4,1020.49,0.84,0.0,0.0,1
0.0,0.0,2024-01-04 23:59:00,2024-01-05 04:59:00+00:00,1704430740,KNYNEWYO1850,40.759,-73.802,America/New_York,-2.0,-2.0,-2.0,-10.0,-10.0,-11.0,-2.0,-2.0,-2.0,-4.0,-2.0,-7.0,51.0,54.0,50.0,2.2222222222222223,5.0,0.2777777777777778,4.722222222222222,7.222222222222222,1.1111111111111112,249.0,1021.91,1021.2,0.41,0.0,0.0,1
0.0,0.0,2024-01-05 00:59:00,2024-01-05 05:59:00+00:00,1704434340,KNYNEWYO1850,40.759,-73.802,America/New_York,-2.0,-2.0,-3.0,-10.0,-10.0,-11.0,-2.0,-2.0,-3.0,-4.0,-2.0,-7.0,54.0,55.0,53.0,1.6666666666666665,4.166666666666667,0.0,3.611111111111111,6.666666666666666,1.1111111111111112,260.0,1022.38,1021.61,0.74,0.0,0.0,1
0.0,0.0,2024-01-05 01:59:00,2024-01-05 06:59:00+00:00,1704437940,KNYNEWYO1850,40.759,-73.802,America/New_York,-3.0,-3.0,-3.0,-10.0,-10.0,-11.0,-3.0,-3.0,-3.0,-5.0,-3.0,-8.0,55.0,57.0,55.0,1.9444444444444444,3.888888888888889,0.0,3.611111111111111,6.111111111111111,1.3888888888888888,262.0,1022.99,1022.22,0.71,0.0,0.0,1
0.0,0.0,2024-01-05 02:59:00,2024-01-05 07:59:00+00:00,1704441540,KNYNEWYO1850,40.759,-73.802,America/New_York,-3.0,-3.0,-3.0,-10.0,-10.0,-11.0,-3.0,-3.0,-3.0,-5.0,-3.0,-8.0,57.0,58.0,57.0,1.6666666666666665,3.333333333333333,0.2777777777777778,3.333333333333333,6.111111111111111,1.3888888888888888,266.0,1023.91,1022.79,0.72,0.0,0.0,1
0.0,0.0,2024-01-05 03:59:00,2024-01-05 08:59:00+00:00,1704445140,KNYNEWYO1850,40.759,-73.802,America/New_York,-3.0,-3.0,-3.0,-10.0,-10.0,-10.0,-3.0,-3.0,-3.0,-5.0,-3.0,-8.0,58.0,59.0,57.0,1.6666666666666665,3.333333333333333,0.0,3.0555555555555554,5.0,1.1111111111111112,270.0,1024.01,1023.4,0.0,0.0,0.0,1
0.0,0.0,2024-01-05 04:59:00,2024-01-05 09:59:00+00:00,1704448740,KNYNEWYO1850,40.759,-73.802,America/New_York,-3.0,-3.0,-3.0,-10.0,-10.0,-10.0,-3.0,-3.0,-3.0,-4.0,-3.0,-7.0,59.0,60.0,59.0,1.1111111111111112,2.7777777777777777,0.0,2.2222222222222223,4.722222222222222,1.1111111111111112,276.0,1023.91,1023.5,-0.1,0.0,0.0,1
0.0,0.0,2024-01-05 05:59:00,2024-01-05 10:59:00+00:00,1704452340,KNYNEWYO1850,40.759,-73.802,America/New_York,-3.0,-3.0,-3.0,-10.0,-9.0,-10.0,-3.0,-3.0,-3.0,-4.0,-3.0,-7.0,60.0,61.0,59.0,1.1111111111111112,2.7777777777777777,0.0,2.2222222222222223,5.0,1.1111111111111112,272.0,1024.31,1023.6,0.62,0.0,0.0,1
0.0,0.0,2024-01-05 06:59:00,2024-01-05 11:59:00+00:00,1704455940,KNYNEWYO1850,40.759,-73.802,America/New_York,-3.0,-3.0,-3.0,-9.0,-9.0,-9.0,-3.0,-3.0,-3.0,-4.0,-3.0,-7.0,60.0,62.0,60.0,1.1111111111111112,2.7777777777777777,0.0,2.2222222222222223,3.611111111111111,0.5555555555555556,274.0,1024.69,1024.11,0.59,0.17,0.0,1
0.0,0.0,2024-01-05 07:59:00,2024-01-05 12:59:00+00:00,1704459540,KNYNEWYO1850,40.759,-73.802,America/New_York,-3.0,-2.0,-3.0,-9.0,-9.0,-9.0,-3.0,-2.0,-3.0,-4.0,-3.0,-7.0,61.0,63.0,59.0,1.3888888888888888,3.0555555555555554,0.0,2.7777777777777777,5.0,1.3888888888888888,266.0,1025.4,1024.59,0.62,21.48,0.0,1
0.0,0.0,2024-01-05 08:59:00,2024-01-05 13:59:00+00:00,1704463140,KNYNEWYO1850,40.759,-73.802,America/New_York,-2.0,-2.0,-2.0,-9.0,-9.0,-9.0,-2.0,-2.0,-2.0,-4.0,-2.0,-6.0,57.0,60.0,55.0,1.6666666666666665,3.888888888888889,0.2777777777777778,3.333333333333333,5.555555555555555,1.3888888888888888,263.0,1026.11,1025.09,0.41,99.81,0.0,1
0.0,0.0,2024-01-05 09:59:00,2024-01-05 14:59:00+00:00,1704466740,KNYNEWYO1850,40.759,-73.802,America/New_York,-1.0,-1.0,-2.0,-9.0,-9.0,-10.0,-1.0,-1.0,-2.0,-3.0,-1.0,-5.0,54.0,56.0,53.0,1.6666666666666665,3.0555555555555554,0.2777777777777778,3.0555555555555554,4.722222222222222,1.3888888888888888,263.0,1026.52,1025.91,0.41,211.49,2.0,1
0.0,0.0,2024-01-05 10:59:00,2024-01-05 15:59:00+00:00,1704470340,KNYNEWYO1850,40.759,-73.802,America/New_York,0.0,0.0,-1.0,-9.0,-9.0,-10.0,0.0,0.0,-1.0,-2.0,0.0,-5.0,49.0,53.0,48.0,1.9444444444444444,4.444444444444445,0.2777777777777778,3.611111111111111,6.666666666666666,1.1111111111111112,271.0,1026.41,1025.4,-0.93,294.84,2.0,1
0.0,0.0,2024-01-05 11:59:00,2024-01-05 16:59:00+00:00,1704473940,KNYNEWYO1850,40.759,-73.802,America/New_York,1.0,2.0,0.0,-9.0,-9.0,-10.0,1.0,2.0,0.0,0.0,1.0,-3.0,46.0,48.0,44.0,1.6666666666666665,3.333333333333333,0.5555555555555556,3.0555555555555554,4.722222222222222,1.3888888888888888,274.0,1025.3,1023.81,-1.54,331.72,3.0,1
0.0,0.0,2024-01-05 12:59:00,2024-01-05 17:59:00+00:00,1704477540,KNYNEWYO1850,40.759,-73.802,America/New_York,2.0,3.0,2.0,-9.0,-8.0,-9.0,2.0,3.0,2.0,0.0,3.0,-2.0,44.0,45.0,43.0,1.9444444444444444,3.333333333333333,0.2777777777777778,3.0555555555555554,4.722222222222222,1.3888888888888888,250.0,1024.11,1023.2,-0.62,333.24,3.0,1
0.0,0.0,2024-01-05 13:59:00,2024-01-05 18:59:00+00:00,1704481140,KNYNEWYO1850,40.759,-73.802,America/New_York,3.0,3.0,2.0,-8.0,-8.0,-9.0,3.0,3.0,2.0,1.0,3.0,-1.0,43.0,45.0,42.0,1.9444444444444444,3.888888888888889,0.5555555555555556,3.888888888888889,6.111111111111111,1.9444444444444444,265.0,1023.4,1022.79,-0.62,311.86,3.0,1
0.0,0.0,2024-01-05 14:58:00,2024-01-05 19:58:00+00:00,1704484680,KNYNEWYO1850,40.759,-73.802,America/New_York,3.0,3.0,3.0,-8.0,-8.0,-9.0,3.0,3.0,3.0,2.0,3.0,0.0,42.0,44.0,41.0,1.6666666666666665,3.333333333333333,0.5555555555555556,3.333333333333333,4.722222222222222,1.9444444444444444,253.0,1022.89,1022.38,-0.32,249.26,2.0,1
0.0,0.0,2024-01-05 15:59:00,2024-01-05 20:59:00+00:00,1704488340,KNYNEWYO1850,40.759,-73.802,America/New_York,3.0,3.0,3.0,-8.0,-8.0,-8.0,3.0,3.0,3.0,3.0,3.0,1.0,43.0,44.0,42.0,1.3888888888888888,2.5,0.2777777777777778,2.5,3.611111111111111,1.1111111111111112,266.0,1022.69,1022.11,0.31,141.44,1.0,1
0.0,0.0,2024-01-05 16:59:00,2024-01-05 21:59:00+00:00,1704491940,KNYNEWYO1850,40.759,-73.802,America/New_York,3.0,3.0,2.0,-8.0,-8.0,-8.0,3.0,3.0,2.0,2.0,3.0,0.0,45.0,47.0,44.0,1.3888888888888888,2.5,0.2777777777777778,2.2222222222222223,3.611111111111111,1.1111111111111112,263.0,1022.89,1022.38,-0.52,35.27,0.0,1
0.0,0.0,2024-01-05 17:59:00,2024-01-05 22:59:00+00:00,1704495540,KNYNEWYO1850,40.759,-73.802,America/New_York,2.0,3.0,2.0,-8.0,-7.0,-8.0,2.0,3.0,2.0,2.0,3.0,1.0,47.0,48.0,46.0,0.8333333333333333,1.9444444444444444,0.0,1.6666666666666665,3.0555555555555554,0.5555555555555556,261.0,1022.79,1022.32,-0.1,0.17,0.0,1
0.0,0.0,2024-01-05 18:59:00,2024-01-05 23:59:00+00:00,1704499140,KNYNEWYO1850,40.759,-73.802,America/New_York,2.0,3.0,2.0,-8.0,-7.0,-8.0,2.0,3.0,2.0,2.0,3.0,1.0,47.0,48.0,47.0,0.5555555555555556,1.9444444444444444,0.0,1.3888888888888888,3.611111111111111,0.5555555555555556,268.0,1023.71,1022.49,1.03,0.0,0.0,1
0.0,0.0,2024-01-05 19:59:00,2024-01-06 00:59:00+00:00,1704502740,KNYNEWYO1850,40.759,-73.802,America/New_York,2.0,3.0,2.0,-7.0,-7.0,-8.0,2.0,3.0,2.0,2.0,3.0,0.0,49.0,52.0,48.0,0.5555555555555556,1.6666666666666665,0.0,1.6666666666666665,3.611111111111111,0.5555555555555556,234.0,1023.6,1022.79,-0.83,0.0,0.0,1
0.0,0.0,2024-01-05 20:59:00,2024-01-06 01:59:00+00:00,1704506340,KNYNEWYO1850,40.759,-73.802,America/New_York,2.0,2.0,2.0,-6.0,-6.0,-7.0,2.0,2.0,2.0,2.0,2.0,0.0,54.0,56.0,52.0,0.5555555555555556,1.6666666666666665,0.0,1.1111111111111112,3.0555555555555554,0.5555555555555556,245.0,1023.3,1022.69,-0.31,0.0,0.0,1
0.0,0.0,2024-01-05 21:59:00,2024-01-06 02:59:00+00:00,1704509940,KNYNEWYO1850,40.759,-73.802,America/New_York,2.0,2.0,1.0,-6.0,-6.0,-6.0,2.0,2.0,1.0,1.0,2.0,-1.0,56.0,57.0,55.0,0.8333333333333333,1.9444444444444444,0.0,1.6666666666666665,2.5,1.1111111111111112,215.0,1022.99,1022.49,-0.1,0.0,0.0,1
0.0,0.0,2024-01-05 22:59:00,2024-01-06 03:59:00+00:00,1704513540,KNYNEWYO1850,40.759,-73.802,America/New_York,1.0,2.0,1.0,-6.0,-6.0,-6.0,1.0,2.0,1.0,1.0,2.0,-1.0,57.0,58.0,56.0,0.8333333333333333,2.2222222222222223,0.0,1.6666666666666665,3.0555555555555554,0.5555555555555556,210.0,1022.89,1022.01,-0.79,0.0,0.0,1
0.0,0.0,2024-01-05 23:59:00,2024-01-06 04:59:00+00:00,1704517140,KNYNEWYO1850,40.759,-73.802,America/New_York,0.0,1.0,0.0,-6.0,-6.0,-6.0,0.0,1.0,0.0,0.0,1.0,0.0,61.0,65.0,58.0,0.2777777777777778,1.1111111111111112,0.0,0.5555555555555556,1.3888888888888888,0.0,274.0,1022.49,1022.01,-0.21,0.0,0.0,1
0.0,0.0,2024-01-06 00:59:00,2024-01-06 05:59:00+00:00,1704520740,KNYNEWYO1850,40.759,-73.802,America/New_York,0.0,0.0,-1.0,-6.0,-6.0,-6.0,0.0,0.0,-1.0,0.0,0.0,-1.0,66.0,69.0,65.0,0.0,0.0,0.0,0.0,0.5555555555555556,0.0,295.0,1022.32,1021.81,0.21,0.0,0.0,1
0.0,0.0,2024-01-06 01:59:00,2024-01-06 06:59:00+00:00,1704524340,KNYNEWYO1850,40.759,-73.802,America/New_York,0.0,0.0,-1.0,-6.0,-6.0,-6.0,0.0,0.0,-1.0,0.0,0.0,-1.0,64.0,68.0,62.0,0.2777777777777778,1.1111111111111112,0.0,0.5555555555555556,1.3888888888888888,0.0,253.0,1022.79,1022.01,0.38,0.0,0.0,1
0.0,0.0,2024-01-06 02:59:00,2024-01-06 07:59:00+00:00,1704527940,KNYNEWYO1850,40.759,-73.802,America/New_York,-1.0,0.0,-1.0,-6.0,-5.0,-6.0,-1.0,0.0,-1.0,-1.0,0.0,-1.0,68.0,72.0,62.0,0.0,0.2777777777777778,0.0,0.2777777777777778,1.1111111111111112,0.0,316.0,1022.79,1022.01,-0.59,0.0,0.0,1
0.0,0.0,2024-01-06 03:59:00,2024-01-06 08:59:00+00:00,1704531540,KNYNEWYO1850,40.759,-73.802,America/New_York,-1.0,-1.0,-2.0,-6.0,-5.0,-6.0,-1.0,-1.0,-2.0,-1.0,-1.0,-2.0,73.0,76.0,72.0,0.0,0.0,0.0,0.0,0.0,0.0,327.0,1022.49,1021.81,-0.31,0.0,0.0,1
0.0,0.0,2024-01-06 04:59:00,2024-01-06 09:59:00+00:00,1704535140,KNYNEWYO1850,40.759,-73.802,America/New_York,-1.0,-1.0,-2.0,-5.0,-5.0,-6.0,-1.0,-1.0,-2.0,-1.0,-1.0,-2.0,75.0,78.0,74.0,0.0,0.2777777777777778,0.0,0.0,0.5555555555555556,0.0,328.0,1022.11,1021.61,0.0,0.0,0.0,1
0.0,0.0,2024-01-06 05:59:00,2024-01-06 10:59:00+00:00,1704538740,KNYNEWYO1850,40.759,-73.802,America/New_York,-1.0,-1.0,-2.0,-5.0,-5.0,-5.0,-1.0,-1.0,-2.0,-1.0,-1.0,-2.0,78.0,80.0,77.0,0.0,0.2777777777777778,0.0,0.0,0.5555555555555556,0.0,330.0,1022.38,1021.71,0.0,0.0,0.0,1
0.0,0.0,2024-01-06 06:59:00,2024-01-06 11:59:00+00:00,1704542340,KNYNEWYO1850,40.759,-73.802,America/New_York,-1.0,-1.0,-2.0,-4.0,-4.0,-5.0,-1.0,-1.0,-2.0,-1.0,-1.0,-2.0,80.0,81.0,79.0,0.0,0.0,0.0,0.0,0.0,0.0,329.0,1022.32,1021.91,0.31,0.08,0.0,1
0.0,0.0,2024-01-06 07:59:00,2024-01-06 12:59:00+00:00,1704545940,KNYNEWYO1850,40.759,-73.802,America/New_York,-1.0,-1.0,-1.0,-4.0,-4.0,-4.0,-1.0,-1.0,-1.0,-1.0,-1.0,-1.0,78.0,80.0,75.0,0.0,0.5555555555555556,0.0,0.2777777777777778,1.1111111111111112,0.0,336.0,1022.38,1021.81,-0.31,24.35,0.0,1
0.0,0.0,2024-01-06 08:59:00,2024-01-06 13:59:00+00:00,1704549540,KNYNEWYO1850,40.759,-73.802,America/New_York,0.0,0.0,-1.0,-4.0,-4.0,-5.0,0.0,0.0,-1.0,0.0,0.0,-2.0,73.0,75.0,72.0,0.2777777777777778,1.3888888888888888,0.0,1.1111111111111112,1.3888888888888888,0.5555555555555556,348.0,1022.32,1021.61,0.21,55.81,0.0,1
0.0,0.0,2024-01-06 09:59:00,2024-01-06 14:59:00+00:00,1704553140,KNYNEWYO1850,40.759,-73.802,America/New_York,1.0,1.0,0.0,-4.0,-4.0,-4.0,1.0,1.0,0.0,1.0,1.0,-1.0,69.0,72.0,68.0,0.5555555555555556,1.3888888888888888,0.0,1.3888888888888888,3.0555555555555554,0.5555555555555556,353.0,1022.22,1021.1,-0.72,85.14,0.0,1
0.0,0.0,2024-01-06 10:59:00,2024-01-06 15:59:00+00:00,1704556740,KNYNEWYO1850,40.759,-73.802,America/New_York,1.0,2.0,1.0,-3.0,-3.0,-4.0,1.0,2.0,1.0,1.0,2.0,-1.0,70.0,72.0,69.0,0.8333333333333333,2.2222222222222223,0.0,1.6666666666666665,3.611111111111111,0.5555555555555556,350.0,1021.71,1020.12,-1.21,92.04,0.0,1
0.0,0.0,2024-01-06 11:59:00,2024-01-06 16:59:00+00:00,1704560340,KNYNEWYO1850,40.759,-73.802,America/New_York,2.0,2.0,2.0,-4.0,-3.0,-4.0,2.0,2.0,2.0,2.0,2.0,-1.0,67.0,69.0,66.0,0.5555555555555556,2.5,0.0,1.6666666666666665,3.611111111111111,0.0,348.0,1020.59,1019.4,-0.52,111.39,1.0,1
0.0,0.0,2024-01-06 12:59:00,2024-01-06 17:59:00+00:00,1704563940,KNYNEWYO1850,40.759,-73.802,America/New_York,2.0,3.0,2.0,-3.0,-3.0,-4.0,2.0,3.0,2.0,2.0,3.0,0.0,65.0,66.0,65.0,0.8333333333333333,2.2222222222222223,0.0,1.9444444444444444,3.611111111111111,0.5555555555555556,345.0,1019.61,1017.41,-1.93,115.07,1.0,1
0.0,0.0,2024-01-06 13:59:00,2024-01-06 18:59:00+00:00,1704567540,KNYNEWYO1850,40.759,-73.802,America/New_York,3.0,3.0,3.0,-3.0,-3.0,-3.0,3.0,3.0,3.0,2.0,3.0,0.0,65.0,66.0,65.0,0.8333333333333333,2.5,0.0,1.9444444444444444,3.611111111111111,0.5555555555555556,345.0,1017.81,1016.29,-0.93,111.9,1.0,1
0.0,0.0,2024-01-06 14:59:00,2024-01-06 19:59:00+00:00,1704571140,KNYNEWYO1850,40.759,-73.802,America/New_York,3.0,3.0,3.0,-3.0,-2.0,-3.0,3.0,3.0,3.0,3.0,3.0,1.0,67.0,69.0,67.0,0.5555555555555556,1.9444444444444444,0.0,1.3888888888888888,3.611111111111111,0.0,348.0,1016.7,1015.51,-1.0,59.12,0.0,1
0.0,0.0,2024-01-06 15:59:00,2024-01-06 20:59:00+00:00,1704574740,KNYNEWYO1850,40.759,-73.802,America/New_York,2.0,3.0,2.0,-2.0,-1.0,-2.0,2.0,3.0,2.0,2.0,3.0,-1.0,75.0,83.0,69.0,0.5555555555555556,2.5,0.0,1.3888888888888888,3.611111111111111,0.0,334.0,1015.61,1014.49,-0.93,22.12,0.0,1
0.0,0.0,2024-01-06 16:59:00,2024-01-06 21:59:00+00:00,1704578340,KNYNEWYO1850,40.759,-73.802,America/New_York,1.0,2.0,1.0,-1.0,0.0,-1.0,1.0,2.0,1.0,1.0,2.0,-1.0,89.0,93.0,83.0,0.8333333333333333,1.6666666666666665,0.0,1.1111111111111112,2.5,0.0,351.0,1014.9,1013.61,-0.79,4.1,0.0,1
0.0,0.0,2024-01-06 17:59:00,2024-01-06 22:59:00+00:00,1704581940,KNYNEWYO1850,40.759,-73.802,America/New_York,1.0,1.0,1.0,0.0,0.0,0.0,1.0,1.0,1.0,1.0,1.0,-1.0,94.0,95.0,93.0,0.5555555555555556,1.6666666666666665,0.0,1.1111111111111112,2.5,0.5555555555555556,348.0,1013.51,1012.19,-1.34,0.04,0.0,1
0.0,0.0,2024-01-06 18:59:00,2024-01-06 23:59:00+00:00,1704585540,KNYNEWYO1850,40.759,-73.802,America/New_York,1.0,1.0,1.0,0.0,0.0,0.0,1.0,1.0,1.0,1.0,1.0,1.0,95.0,95.0,95.0,0.5555555555555556,0.5555555555555556,0.5555555555555556,1.3888888888888888,1.3888888888888888,1.3888888888888888,6.0,1012.29,1010.8,-1.21,0.0,0.0,1
,0.0,2024-01-06 19:59:00,2024-01-07 00:59:00+00:00,1704589140,KNYNEWYO1850,40.759,-73.802,America/New_York,,,,,,,,,,,,,,,,,,,,,,,1010.8,1007.99,-2.76,,,1
13.79,0.0,2024-01-06 20:58:00,2024-01-07 01:58:00+00:00,1704592680,KNYNEWYO1850,40.759,-73.802,America/New_York,2.0,2.0,2.0,1.0,1.0,1.0,2.0,2.0,2.0,0.0,0.0,0.0,95.0,95.0,95.0,1.6666666666666665,1.6666666666666665,1.6666666666666665,2.5,2.5,2.5,357.0,1007.99,1006.1,-1.75,0.0,0.0,1
8.99,3.1,2024-01-06 21:58:00,2024-01-07 02:58:00+00:00,1704596280,KNYNEWYO1850,40.759,-73.802,America/New_York,2.0,2.0,2.0,1.0,1.0,1.0,2.0,2.0,2.0,1.0,2.0,-1.0,95.0,95.0,95.0,1.1111111111111112,2.2222222222222223,0.5555555555555556,2.2222222222222223,3.611111111111111,1.1111111111111112,337.0,1006.4,1004.91,-1.33,0.0,0.0,1
5.99,3.0,2024-01-06 22:59:00,2024-01-07 03:59:00+00:00,1704599940,KNYNEWYO1850,40.759,-73.802,America/New_York,2.0,2.0,2.0,1.0,2.0,1.0,2.0,2.0,2.0,0.0,2.0,-2.0,95.0,96.0,95.0,1.6666666666666665,3.333333333333333,0.2777777777777778,3.333333333333333,5.555555555555555,1.1111111111111112,325.0,1005.49,1003.79,-1.05,0.0,0.0,1
1.8,1.2899999999999991,2024-01-06 23:59:00,2024-01-07 04:59:00+00:00,1704603540,KNYNEWYO1850,40.759,-73.802,America/New_York,3.0,3.0,2.0,2.0,2.0,2.0,3.0,3.0,2.0,2.0,3.0,0.0,94.0,95.0,94.0,1.1111111111111112,3.333333333333333,0.0,2.2222222222222223,4.722222222222222,0.5555555555555556,344.0,1004.2,1003.59,0.21,0.0,0.0,1
1.8,0.99,2024-01-07 00:59:00,2024-01-07 05:59:00+00:00,1704607140,KNYNEWYO1850,40.759,-73.802,America/New_York,2.0,3.0,2.0,2.0,2.0,2.0,2.0,3.0,2.0,2.0,3.0,-1.0,95.0,96.0,95.0,0.8333333333333333,2.7777777777777777,0.0,2.2222222222222223,4.166666666666667,0.5555555555555556,331.0,1004.3,1003.59,-0.31,0.0,0.0,1
1.8,0.51,2024-01-07 01:59:00,2024-01-07 06:59:00+00:00,1704610740,KNYNEWYO1850,40.759,-73.802,America/New_York,2.0,3.0,2.0,2.0,2.0,2.0,2.0,3.0,2.0,2.0,3.0,-2.0,96.0,96.0,96.0,1.1111111111111112,4.166666666666667,0.2777777777777778,2.2222222222222223,5.0,0.5555555555555556,330.0,1003.69,1002.91,-0.59,0.0,0.0,1
1.8,0.5099999999999998,2024-01-07 02:59:00,2024-01-07 07:59:00+00:00,1704614340,KNYNEWYO1850,40.759,-73.802,America/New_York,3.0,3.0,3.0,2.0,2.0,2.0,3.0,3.0,3.0,2.0,3.0,-2.0,96.0,97.0,96.0,1.3888888888888888,5.0,0.2777777777777778,3.333333333333333,7.777777777777778,1.1111111111111112,338.0,1003.12,1002.4,-0.62,0.0,0.0,1
1.8,0.30000000000000027,2024-01-07 03:59:00,2024-01-07 08:59:00+00:00,1704617940,KNYNEWYO1850,40.759,-73.802,America/New_York,3.0,3.0,3.0,2.0,2.0,2.0,3.0,3.0,3.0,2.0,3.0,-1.0,96.0,97.0,96.0,1.1111111111111112,3.611111111111111,0.0,2.7777777777777777,6.111111111111111,0.5555555555555556,348.0,1002.4,1001.39,-1.03,0.0,0.0,1
1.8,0.48,2024-01-07 04:59:00,2024-01-07 09:59:00+00:00,1704621540,KNYNEWYO1850,40.759,-73.802,America/New_York,3.0,3.0,3.0,2.0,2.0,2.0,3.0,3.0,3.0,2.0,3.0,0.0,97.0,97.0,97.0,1.1111111111111112,3.0555555555555554,0.0,2.5,5.0,1.1111111111111112,351.0,1001.49,1001.02,-0.31,0.0,0.0,1
1.8,0.31000000000000005,2024-01-07 05:59:00,2024-01-07 10:59:00+00:00,1704625140,KNYNEWYO1850,40.759,-73.802,America/New_York,3.0,3.0,3.0,2.0,3.0,2.0,3.0,3.0,3.0,3.0,3.0,1.0,97.0,97.0,97.0,0.8333333333333333,1.9444444444444444,0.0,2.2222222222222223,3.611111111111111,0.5555555555555556,340.0,1001.39,1000.91,-0.17,0.0,0.0,1
1.8,0.5099999999999998,2024-01-07 06:59:00,2024-01-07 11:59:00+00:00,1704628740,KNYNEWYO1850,40.759,-73.802,America/New_York,3.0,3.0,3.0,3.0,3.0,3.0,3.0,3.0,3.0,3.0,3.0,1.0,97.0,98.0,97.0,0.8333333333333333,1.9444444444444444,0.0,1.6666666666666665,3.0555555555555554,0.5555555555555556,334.0,1001.19,1000.81,0.1,0.02,0.0,1
1.8,0.20000000000000018,2024-01-07 07:59:00,2024-01-07 12:59:00+00:00,1704632340,KNYNEWYO1850,40.759,-73.802,America/New_York,3.0,3.0,3.0,3.0,3.0,3.0,3.0,3.0,3.0,3.0,3.0,1.0,97.0,98.0,97.0,0.8333333333333333,2.2222222222222223,0.0,2.2222222222222223,4.166666666666667,0.5555555555555556,330.0,1000.91,1000.31,-0.21,7.58,0.0,1
1.8,0.48,2024-01-07 08:59:00,2024-01-07 13:59:00+00:00,1704635940,KNYNEWYO1850,40.759,-73.802,America/New_York,3.0,3.0,3.0,3.0,3.0,2.0,3.0,3.0,3.0,2.0,3.0,1.0,97.0,98.0,97.0,0.8333333333333333,1.9444444444444444,0.0,1.9444444444444444,3.611111111111111,0.5555555555555556,308.0,1001.19,1000.61,0.38,20.77,0.0,1
4.8,1.2999999999999998,2024-01-07 09:59:00,2024-01-07 14:59:00+00:00,1704639540,KNYNEWYO1850,40.759,-73.802,America/New_York,2.0,3.0,2.0,2.0,2.0,2.0,2.0,3.0,2.0,2.0,3.0,1.0,98.0,98.0,98.0,0.5555555555555556,1.6666666666666665,0.0,1.3888888888888888,3.0555555555555554,0.5555555555555556,308.0,1001.29,1000.61,-0.21,69.09,0.0,1
1.8,0.5099999999999998,2024-01-07 10:59:00,2024-01-07 15:59:00+00:00,1704643140,KNYNEWYO1850,40.759,-73.802,America/New_York,3.0,3.0,3.0,2.0,2.0,2.0,3.0,3.0,3.0,2.0,3.0,1.0,96.0,98.0,96.0,0.8333333333333333,1.6666666666666665,0.0,1.3888888888888888,2.5,0.5555555555555556,315.0,1000.91,1000.31,-0.1,76.2,0.0,1
4.8,2.0,2024-01-07 11:59:00,2024-01-07 16:59:00+00:00,1704646740,KNYNEWYO1850,40.759,-73.802,America/New_York,2.0,3.0,1.0,1.0,2.0,1.0,2.0,3.0,1.0,0.0,3.0,-3.0,96.0,98.0,96.0,1.9444444444444444,3.611111111111111,0.0,3.0555555555555554,5.0,1.1111111111111112,263.0,1001.49,1000.51,0.9,124.37,1.0,1
3.0,0.5099999999999998,2024-01-07 12:58:00,2024-01-07 17:58:00+00:00,1704650280,KNYNEWYO1850,40.759,-73.802,America/New_York,2.0,2.0,1.0,1.0,2.0,1.0,2.0,2.0,1.0,0.0,2.0,-2.0,96.0,98.0,95.0,1.9444444444444444,3.888888888888889,0.8333333333333333,3.333333333333333,5.0,1.3888888888888888,263.0,1001.39,1000.91,-0.07,178.14,1.0,1
1.19,0.0,2024-01-07 13:59:00,2024-01-07 18:59:00+00:00,1704653940,KNYNEWYO1850,40.759,-73.802,America/New_York,2.0,2.0,2.0,1.0,1.0,1.0,2.0,2.0,2.0,1.0,2.0,-2.0,93.0,95.0,91.0,1.6666666666666665,3.888888888888889,0.0,3.0555555555555554,5.0,0.5555555555555556,285.0,1001.59,1000.81,0.38,215.9,2.0,1
0.0,0.0,2024-01-07 14:59:00,2024-01-07 19:59:00+00:00,1704657540,KNYNEWYO1850,40.759,-73.802,America/New_York,2.0,3.0,2.0,1.0,1.0,1.0,2.0,3.0,2.0,1.0,3.0,-1.0,89.0,92.0,88.0,1.3888888888888888,2.7777777777777777,0.2777777777777778,2.7777777777777777,4.166666666666667,1.1111111111111112,287.0,1002.51,1001.29,1.05,104.3,1.0,1
0.0,0.0,2024-01-07 15:59:00,2024-01-07 20:59:00+00:00,1704661140,KNYNEWYO1850,40.759,-73.802,America/New_York,2.0,3.0,2.0,1.0,1.0,0.0,2.0,3.0,2.0,2.0,3.0,-1.0,87.0,88.0,85.0,1.3888888888888888,3.611111111111111,0.2777777777777778,2.7777777777777777,4.722222222222222,1.3888888888888888,284.0,1004.0,1002.51,1.52,80.37,0.0,1
0.0,0.0,2024-01-07 16:58:00,2024-01-07 21:58:00+00:00,1704664680,KNYNEWYO1850,40.759,-73.802,America/New_York,2.0,3.0,2.0,0.0,0.0,0.0,2.0,3.0,2.0,1.0,3.0,-1.0,84.0,86.0,83.0,1.6666666666666665,3.333333333333333,0.2777777777777778,2.7777777777777777,5.0,1.1111111111111112,271.0,1005.38,1003.79,1.65,11.93,0.0,1
0.0,0.0,2024-01-07 17:59:00,2024-01-07 22:59:00+00:00,1704668340,KNYNEWYO1850,40.759,-73.802,America/New_York,2.0,2.0,2.0,-1.0,0.0,-1.0,2.0,2.0,2.0,2.0,2.0,-1.0,82.0,84.0,80.0,1.1111111111111112,2.5,0.0,2.5,5.0,1.1111111111111112,282.0,1007.11,1005.49,1.65,0.12,0.0,1
0.0,0.0,2024-01-07 18:59:00,2024-01-07 23:59:00+00:00,1704671940,KNYNEWYO1850,40.759,-73.802,America/New_York,2.0,2.0,2.0,-1.0,-1.0,-1.0,2.0,2.0,2.0,1.0,2.0,-1.0,78.0,81.0,77.0,1.6666666666666665,2.7777777777777777,0.0,3.0555555555555554,5.0,1.3888888888888888,268.0,1008.81,1006.91,2.0,0.0,0.0,1
0.0,0.0,2024-01-07 19:59:00,2024-01-08 00:59:00+00:00,1704675540,KNYNEWYO1850,40.759,-73.802,America/New_York,2.0,2.0,2.0,0.0,0.0,-1.0,2.0,2.0,2.0,2.0,2.0,0.0,81.0,84.0,78.0,1.1111111111111112,2.5,0.5555555555555556,2.2222222222222223,4.166666666666667,1.1111111111111112,275.0,1010.4,1008.7,1.62,0.0,0.0,1
0.0,0.0,2024-01-07 20:59:00,2024-01-08 01:59:00+00:00,1704679140,KNYNEWYO1850,40.759,-73.802,America/New_York,2.0,3.0,2.0,-1.0,0.0,-1.0,2.0,3.0,2.0,1.0,2.0,-1.0,80.0,83.0,76.0,1.6666666666666665,3.0555555555555554,0.8333333333333333,2.7777777777777777,4.722222222222222,1.3888888888888888,262.0,1011.72,1010.3,1.45,0.0,0.0,1
0.0,0.0,2024-01-07 21:57:00,2024-01-08 02:57:00+00:00,1704682620,KNYNEWYO1850,40.759,-73.802,America/New_York,2.0,3.0,2.0,-2.0,-1.0,-3.0,2.0,3.0,2.0,0.0,3.0,-2.0,72.0,76.0,70.0,2.2222222222222223,4.722222222222222,1.1111111111111112,4.166666666666667,7.222222222222222,1.9444444444444444,261.0,1012.7,1011.41,1.35,0.0,0.0,1
0.0,0.0,2024-01-07 22:59:00,2024-01-08 03:59:00+00:00,1704686340,KNYNEWYO1850,40.759,-73.802,America/New_York,2.0,2.0,2.0,-2.0,-2.0,-3.0,2.0,2.0,2.0,0.0,2.0,-2.0,71.0,74.0,69.0,2.2222222222222223,4.444444444444445,0.5555555555555556,4.166666666666667,8.333333333333334,1.9444444444444444,262.0,1013.82,1012.7,0.72,0.0,0.0,1
0.0,0.0,2024-01-07 23:59:00,2024-01-08 04:59:00+00:00,1704689940,KNYNEWYO1850,40.759,-73.802,America/New_York,2.0,2.0,2.0,-2.0,-2.0,-2.0,2.0,2.0,2.0,0.0,2.0,-1.0,73.0,75.0,73.0,2.2222222222222223,3.611111111111111,0.8333333333333333,3.888888888888889,6.111111111111111,1.9444444444444444,260.0,1015.1,1013.72,1.14,0.0,0.0,1
0.0,0.0,2024-01-08 00:59:00,2024-01-08 05:59:00+00:00,1704693540,KNYNEWYO1850,40.759,-73.802,America/New_York,2.0,2.0,2.0,-2.0,-2.0,-3.0,2.0,2.0,2.0,0.0,2.0,-2.0,72.0,74.0,71.0,2.2222222222222223,5.277777777777778,0.5555555555555556,4.444444444444445,6.666666666666666,1.9444444444444444,268.0,1016.19,1015.0,1.0,0.0,0.0,1
0.0,0.0,2024-01-08 01:59:00,2024-01-08 06:59:00+00:00,1704697140,KNYNEWYO1850,40.759,-73.802,America/New_York,2.0,2.0,2.0,-2.0,-2.0,-3.0,2.0,2.0,2.0,0.0,2.0,-2.0,71.0,73.0,71.0,2.2222222222222223,5.0,0.2777777777777778,4.166666666666667,6.666666666666666,1.9444444444444444,266.0,1017.2,1016.19,1.03,0.0,0.0,1
0.0,0.0,2024-01-08 02:59:00,2024-01-08 07:59:00+00:00,1704700740,KNYNEWYO1850,40.759,-73.802,America/New_York,2.0,3.0,2.0,-2.0,-2.0,-2.0,2.0,3.0,2.0,0.0,3.0,-2.0,71.0,73.0,71.0,2.2222222222222223,4.166666666666667,0.2777777777777778,3.888888888888889,5.555555555555555,1.3888888888888888,262.0,1018.9,1017.2,1.31,0.0,0.0,1
0.0,0.0,2024-01-08 03:59:00,2024-01-08 08:59:00+00:00,1704704340,KNYNEWYO1850,40.759,-73.802,America/New_York,3.0,3.0,3.0,-2.0,-2.0,-3.0,3.0,3.0,3.0,1.0,3.0,-1.0,69.0,71.0,68.0,2.2222222222222223,3.888888888888889,0.8333333333333333,4.166666666666667,6.111111111111111,1.3888888888888888,259.0,1019.51,1018.69,0.31,0.0,0.0,1
0.0,0.0,2024-01-08 04:59:00,2024-01-08 09:59:00+00:00,1704707940,KNYNEWYO1850,40.759,-73.802,America/New_York,3.0,3.0,3.0,-3.0,-3.0,-4.0,3.0,3.0,3.0,0.0,1.0,-2.0,64.0,69.0,63.0,3.0555555555555554,5.833333333333333,1.6666666666666665,6.111111111111111,11.11111111111111,2.5,266.0,1020.29,1019.2,1.1,0.0,0.0,1
0.0,0.0,2024-01-08 05:59:00,2024-01-08 10:59:00+00:00,1704711540,KNYNEWYO1850,40.759,-73.802,America/New_York,3.0,3.0,3.0,-3.0,-3.0,-4.0,3.0,3.0,3.0,1.0,3.0,-2.0,64.0,66.0,64.0,2.2222222222222223,5.0,0.8333333333333333,4.722222222222222,9.722222222222221,1.9444444444444444,279.0,1022.32,1020.22,2.07,0.0,0.0,1
0.0,0.0,2024-01-08 06:59:00,2024-01-08 11:59:00+00:00,1704715140,KNYNEWYO1850,40.759,-73.802,America/New_York,2.0,3.0,2.0,-4.0,-3.0,-4.0,2.0,3.0,2.0,1.0,3.0,-1.0,64.0,66.0,64.0,1.6666666666666665,3.333333333333333,0.5555555555555556,3.333333333333333,5.0,1.3888888888888888,269.0,1023.2,1021.91,1.1,0.17,0.0,1
0.0,0.0,2024-01-08 07:59:00,2024-01-08 12:59:00+00:00,1704718740,KNYNEWYO1850,40.759,-73.802,America/New_York,2.0,3.0,2.0,-4.0,-3.0,-4.0,2.0,3.0,2.0,0.0,3.0,-1.0,64.0,65.0,64.0,1.9444444444444444,3.888888888888889,0.0,3.888888888888889,6.666666666666666,2.5,265.0,1023.91,1022.89,0.62,23.67,0.0,1
0.0,0.0,2024-01-08 08:59:00,2024-01-08 13:59:00+00:00,1704722340,KNYNEWYO1850,40.759,-73.802,America/New_York,3.0,3.0,3.0,-3.0,-3.0,-4.0,3.0,3.0,3.0,1.0,3.0,-2.0,64.0,65.0,61.0,2.5,5.277777777777778,0.5555555555555556,4.444444444444445,7.222222222222222,2.5,262.0,1026.01,1024.01,1.93,102.67,1.0,1
0.0,0.0,2024-01-08 09:59:00,2024-01-08 14:59:00+00:00,1704725940,KNYNEWYO1850,40.759,-73.802,America/New_York,4.0,4.0,3.0,-4.0,-3.0,-4.0,4.0,4.0,3.0,2.0,4.0,0.0,58.0,62.0,55.0,1.9444444444444444,3.888888888888889,0.8333333333333333,3.888888888888889,5.555555555555555,2.5,278.0,1026.99,1025.6,1.21,212.95,2.0,1
0.0,0.0,2024-01-08 10:59:00,2024-01-08 15:59:00+00:00,1704729540,KNYNEWYO1850,40.759,-73.802,America/New_York,5.0,5.0,4.0,-4.0,-4.0,-4.0,5.0,5.0,4.0,3.0,5.0,1.0,52.0,55.0,51.0,1.9444444444444444,4.722222222222222,0.0,3.888888888888889,6.111111111111111,1.1111111111111112,277.0,1027.4,1026.89,0.0,299.91,2.0,1
0.0,0.0,2024-01-08 11:59:00,2024-01-08 16:59:00+00:00,1704733140,KNYNEWYO1850,40.759,-73.802,America/New_York,6.0,6.0,5.0,-4.0,-4.0,-5.0,6.0,6.0,5.0,4.0,6.0,2.0,49.0,51.0,47.0,1.9444444444444444,3.888888888888889,0.8333333333333333,3.611111111111111,5.0,1.9444444444444444,272.0,1027.4,1026.79,0.21,341.03,3.0,1
0.0,0.0,2024-01-08 12:59:00,2024-01-08 17:59:00+00:00,1704736740,KNYNEWYO1850,40.759,-73.802,America/New_York,6.0,7.0,6.0,-4.0,-4.0,-5.0,6.0,7.0,6.0,5.0,7.0,3.0,46.0,48.0,45.0,2.2222222222222223,4.722222222222222,0.5555555555555556,3.888888888888889,6.111111111111111,1.3888888888888888,266.0,1027.6,1027.09,0.0,348.78,3.0,1
0.0,0.0,2024-01-08 13:59:00,2024-01-08 18:59:00+00:00,1704740340,KNYNEWYO1850,40.759,-73.802,America/New_York,7.0,7.0,7.0,-4.0,-4.0,-5.0,7.0,7.0,7.0,6.0,7.0,4.0,44.0,46.0,44.0,1.6666666666666665,3.611111111111111,0.5555555555555556,3.333333333333333,5.0,1.9444444444444444,276.0,1027.6,1027.09,0.31,332.31,3.0,1
0.0,0.0,2024-01-08 14:59:00,2024-01-08 19:59:00+00:00,1704743940,KNYNEWYO1850,40.759,-73.802,America/New_York,7.0,8.0,6.0,-4.0,-4.0,-4.0,7.0,8.0,6.0,6.0,8.0,4.0,46.0,48.0,44.0,1.6666666666666665,3.888888888888889,0.2777777777777778,3.333333333333333,6.666666666666666,1.3888888888888888,269.0,1027.9,1027.4,-0.1,309.51,3.0,1
0.0,0.0,2024-01-08 15:59:00,2024-01-08 20:59:00+00:00,1704747540,KNYNEWYO1850,40.759,-73.802,America/New_York,7.0,7.0,6.0,-4.0,-3.0,-4.0,7.0,7.0,6.0,6.0,7.0,4.0,47.0,49.0,47.0,1.3888888888888888,2.7777777777777777,0.5555555555555556,2.7777777777777777,4.722222222222222,1.3888888888888888,267.0,1028.51,1027.4,0.93,150.41,1.0,1
0.0,0.0,2024-01-08 16:59:00,2024-01-08 21:59:00+00:00,1704751140,KNYNEWYO1850,40.759,-73.802,America/New_York,6.0,6.0,5.0,-4.0,-3.0,-4.0,6.0,6.0,5.0,5.0,6.0,4.0,50.0,53.0,49.0,1.3888888888888888,3.333333333333333,0.0,2.2222222222222223,4.166666666666667,1.1111111111111112,269.0,1028.72,1028.11,0.41,39.35,0.0,1
0.0,0.0,2024-01-08 17:59:00,2024-01-08 22:59:00+00:00,1704754740,KNYNEWYO1850,40.759,-73.802,America/New_York,5.0,5.0,5.0,-3.0,-3.0,-4.0,5.0,5.0,5.0,5.0,5.0,4.0,53.0,54.0,52.0,0.8333333333333333,1.3888888888888888,0.0,1.3888888888888888,2.5,0.0,278.0,1030.21,1028.62,1.21,0.31,0.0,1
0.0,0.0,2024-01-08 18:59:00,2024-01-08 23:59:00+00:00,1704758340,KNYNEWYO1850,40.759,-73.802,America/New_York,5.0,5.0,5.0,-3.0,-3.0,-4.0,5.0,5.0,5.0,5.0,5.0,5.0,55.0,57.0,54.0,0.5555555555555556,1.1111111111111112,0.0,1.1111111111111112,1.9444444444444444,0.5555555555555556,280.0,1030.41,1029.7,0.21,0.0,0.0,1
0.0,0.0,2024-01-08 19:59:00,2024-01-09 00:59:00+00:00,1704761940,KNYNEWYO1850,40.759,-73.802,America/New_York,4.0,5.0,3.0,-3.0,-2.0,-3.0,4.0,5.0,3.0,4.0,5.0,3.0,61.0,68.0,58.0,0.0,0.5555555555555556,0.0,0.2777777777777778,1.1111111111111112,0.0,308.0,1030.51,1029.9,-0.11,0.0,0.0,1
0.0,0.0,2024-01-08 20:59:00,2024-01-09 01:59:00+00:00,1704765540,KNYNEWYO1850,40.759,-73.802,America/New_York,3.0,3.0,2.0,-2.0,-2.0,-3.0,3.0,3.0,2.0,3.0,3.0,2.0,70.0,73.0,68.0,0.0,0.0,0.0,0.0,0.5555555555555556,0.0,318.0,1030.41,1029.9,0.0,0.0,0.0,1
0.0,0.0,2024-01-08 21:59:00,2024-01-09 02:59:00+00:00,1704769140,KNYNEWYO1850,40.759,-73.802,America/New_York,2.0,3.0,1.0,-2.0,-2.0,-2.0,2.0,3.0,1.0,2.0,3.0,1.0,75.0,79.0,72.0,0.0,0.0,0.0,0.0,0.5555555555555556,0.0,318.0,1030.11,1029.09,-0.93,0.0,0.0,1
0.0,0.0,2024-01-08 22:58:00,2024-01-09 03:58:00+00:00,1704772680,KNYNEWYO1850,40.759,-73.802,America/New_York,1.0,1.0,1.0,-2.0,-2.0,-2.0,1.0,1.0,1.0,1.0,1.0,1.0,79.0,82.0,79.0,0.0,0.0,0.0,0.0,0.5555555555555556,0.0,319.0,1029.5,1028.78,0.0,0.0,0.0,1
0.0,0.0,2024-01-08 23:59:00,2024-01-09 04:59:00+00:00,1704776340,KNYNEWYO1850,40.759,-73.802,America/New_York,1.0,1.0,1.0,-2.0,-2.0,-2.0,1.0,1.0,1.0,1.0,1.0,1.0,80.0,82.0,80.0,0.0,0.0,0.0,0.0,0.5555555555555556,0.0,320.0,1029.19,1028.78,-0.21,0.0,0.0,1
0.0,0.0,2024-01-09 00:59:00,2024-01-09 05:59:00+00:00,1704779940,KNYNEWYO1850,40.759,-73.802,America/New_York,0.0,1.0,-1.0,-2.0,-2.0,-3.0,0.0,1.0,-1.0,0.0,1.0,-1.0,84.0,88.0,81.0,0.0,0.0,0.0,0.0,0.0,0.0,320.0,1030.0,1028.89,0.84,0.0,0.0,1
0.0,0.0,2024-01-09 01:59:00,2024-01-09 06:59:00+00:00,1704783540,KNYNEWYO1850,40.759,-73.802,America/New_York,0.0,0.0,0.0,-2.0,-2.0,-2.0,0.0,0.0,0.0,0.0,0.0,0.0,83.0,85.0,83.0,0.0,0.0,0.0,0.0,0.5555555555555556,0.0,320.0,1030.11,1028.89,-1.03,0.0,0.0,1
0.0,0.0,2024-01-09 02:59:00,2024-01-09 07:59:00+00:00,1704787140,KNYNEWYO1850,40.759,-73.802,America/New_York,0.0,0.0,0.0,-2.0,-2.0,-2.0,0.0,0.0,0.0,0.0,0.0,0.0,85.0,87.0,85.0,0.0,0.0,0.0,0.0,0.0,0.0,320.0,1029.5,1028.78,0.21,0.0,0.0,1
0.0,0.0,2024-01-09 03:59:00,2024-01-09 08:59:00+00:00,1704790740,KNYNEWYO1850,40.759,-73.802,America/New_York,0.0,0.0,0.0,-2.0,-2.0,-2.0,0.0,0.0,0.0,0.0,0.0,0.0,85.0,87.0,83.0,0.0,0.0,0.0,0.0,0.0,0.0,320.0,1029.29,1028.01,-1.0,0.0,0.0,1
0.0,0.0,2024-01-09 04:59:00,2024-01-09 09:59:00+00:00,1704794340,KNYNEWYO1850,40.759,-73.802,America/New_York,0.0,1.0,0.0,-2.0,-2.0,-3.0,0.0,1.0,0.0,0.0,1.0,0.0,81.0,83.0,79.0,0.0,0.0,0.0,0.0,0.5555555555555556,0.0,320.0,1028.31,1027.7,-0.31,0.0,0.0,1
0.0,0.0,2024-01-09 05:59:00,2024-01-09 10:59:00+00:00,1704797940,KNYNEWYO1850,40.759,-73.802,America/New_York,1.0,1.0,0.0,-2.0,-2.0,-3.0,1.0,1.0,0.0,1.0,1.0,0.0,78.0,80.0,77.0,0.0,0.0,0.0,0.0,0.5555555555555556,0.0,325.0,1028.41,1027.8,-0.1,0.0,0.0,1
0.0,0.0,2024-01-09 06:59:00,2024-01-09 11:59:00+00:00,1704801540,KNYNEWYO1850,40.759,-73.802,America/New_York,2.0,3.0,1.0,-2.0,-1.0,-2.0,2.0,3.0,1.0,2.0,3.0,1.0,77.0,78.0,76.0,0.0,0.5555555555555556,0.0,0.5555555555555556,1.1111111111111112,0.0,336.0,1028.21,1027.19,-0.93,0.03,0.0,1
0.0,0.0,2024-01-09 07:58:00,2024-01-09 12:58:00+00:00,1704805080,KNYNEWYO1850,40.759,-73.802,America/New_York,3.0,3.0,3.0,-1.0,0.0,-1.0,3.0,3.0,3.0,3.0,3.0,3.0,77.0,78.0,76.0,0.2777777777777778,1.1111111111111112,0.0,0.8333333333333333,1.3888888888888888,0.0,346.0,1027.29,1025.6,-1.54,12.79,0.0,1
0.0,0.0,2024-01-09 08:59:00,2024-01-09 13:59:00+00:00,1704808740,KNYNEWYO1850,40.759,-73.802,America/New_York,4.0,4.0,3.0,0.0,0.0,0.0,4.0,4.0,3.0,4.0,4.0,2.0,76.0,77.0,76.0,0.5555555555555556,1.3888888888888888,0.0,1.3888888888888888,2.5,0.5555555555555556,353.0,1026.11,1025.5,0.1,56.61,0.0,1
0.0,0.0,2024-01-09 09:59:00,2024-01-09 14:59:00+00:00,1704812340,KNYNEWYO1850,40.759,-73.802,America/New_York,5.0,5.0,4.0,1.0,1.0,0.0,5.0,5.0,4.0,5.0,5.0,4.0,75.0,77.0,75.0,0.5555555555555556,1.3888888888888888,0.0,1.1111111111111112,3.0555555555555554,0.0,357.0,1025.91,1024.99,-0.72,92.08,0.0,1
0.0,0.0,2024-01-09 10:59:00,2024-01-09 15:59:00+00:00,1704815940,KNYNEWYO1850,40.759,-73.802,America/New_York,6.0,6.0,5.0,1.0,1.0,1.0,6.0,6.0,5.0,5.0,6.0,4.0,73.0,75.0,70.0,0.8333333333333333,2.5,0.0,2.5,5.0,0.0,359.0,1024.99,1023.91,-1.1,65.52,0.0,1
1.8,0.3,2024-01-09 11:59:00,2024-01-09 16:59:00+00:00,1704819540,KNYNEWYO1850,40.759,-73.802,America/New_York,6.0,6.0,5.0,3.0,3.0,1.0,6.0,6.0,5.0,5.0,6.0,4.0,80.0,85.0,71.0,1.1111111111111112,2.2222222222222223,0.0,3.0555555555555554,5.555555555555555,1.3888888888888888,12.0,1023.81,1021.3,-2.55,40.92,0.0,1
1.8,0.31,2024-01-09 12:59:00,2024-01-09 17:59:00+00:00,1704823140,KNYNEWYO1850,40.759,-73.802,America/New_York,6.0,6.0,6.0,3.0,4.0,3.0,6.0,6.0,6.0,5.0,6.0,3.0,85.0,87.0,83.0,1.6666666666666665,3.611111111111111,0.0,3.888888888888889,6.111111111111111,1.9444444444444444,9.0,1021.2,1018.49,-2.76,78.03,0.0,1
3.0,0.9900000000000001,2024-01-09 13:59:00,2024-01-09 18:59:00+00:00,1704826740,KNYNEWYO1850,40.759,-73.802,America/New_York,6.0,6.0,6.0,4.0,5.0,4.0,6.0,6.0,6.0,5.0,6.0,3.0,87.0,91.0,86.0,1.3888888888888888,3.333333333333333,0.2777777777777778,3.611111111111111,6.111111111111111,1.3888888888888888,1.0,1018.49,1016.7,-1.72,75.62,0.0,1
3.0,1.6999999999999997,2024-01-09 14:59:00,2024-01-09 19:59:00+00:00,1704830340,KNYNEWYO1850,40.759,-73.802,America/New_York,6.0,6.0,6.0,5.0,5.0,4.0,6.0,6.0,6.0,5.0,6.0,2.0,92.0,93.0,91.0,1.6666666666666665,5.0,0.0,4.444444444444445,8.61111111111111,1.1111111111111112,23.0,1016.9,1014.39,-2.55,21.97,0.0,1
3.0,1.8100000000000005,2024-01-09 15:59:00,2024-01-09 20:59:00+00:00,1704833940,KNYNEWYO1850,40.759,-73.802,America/New_York,6.0,7.0,6.0,5.0,6.0,5.0,6.0,7.0,6.0,5.0,7.0,3.0,94.0,95.0,93.0,1.9444444444444444,4.722222222222222,0.0,4.722222222222222,7.777777777777778,1.1111111111111112,14.0,1014.49,1011.62,-2.76,14.42,0.0,1
3.0,1.4899999999999993,2024-01-09 16:59:00,2024-01-09 21:59:00+00:00,1704837540,KNYNEWYO1850,40.759,-73.802,America/New_York,7.0,8.0,7.0,7.0,7.0,6.0,7.0,8.0,7.0,6.0,7.0,3.0,95.0,96.0,95.0,2.2222222222222223,6.388888888888888,0.2777777777777778,5.277777777777778,11.666666666666666,1.9444444444444444,19.0,1011.62,1009.11,-2.55,4.02,0.0,1
4.8,3.610000000000001,2024-01-09 17:59:00,2024-01-09 22:59:00+00:00,1704841140,KNYNEWYO1850,40.759,-73.802,America/New_York,8.0,9.0,8.0,8.0,8.0,7.0,8.0,9.0,8.0,7.0,9.0,5.0,96.0,97.0,96.0,2.7777777777777777,5.277777777777778,0.8333333333333333,5.555555555555555,8.333333333333334,1.3888888888888888,19.0,1009.31,1006.3,-2.86,0.02,0.0,1
7.8,3.789999999999999,2024-01-09 18:59:00,2024-01-09 23:59:00+00:00,1704844740,KNYNEWYO1850,40.759,-73.802,America/New_York,9.0,10.0,9.0,9.0,10.0,8.0,9.0,10.0,9.0,8.0,10.0,6.0,97.0,97.0,97.0,2.5,5.0,0.8333333333333333,6.111111111111111,10.277777777777777,2.5,24.0,1006.5,1002.61,-3.55,0.0,0.0,1
8.99,6.09,2024-01-09 19:59:00,2024-01-10 00:59:00+00:00,1704848340,KNYNEWYO1850,40.759,-73.802,America/New_York,10.0,11.0,10.0,10.0,10.0,9.0,10.0,11.0,10.0,10.0,11.0,7.0,97.0,98.0,97.0,2.5,6.111111111111111,0.8333333333333333,5.555555555555555,9.166666666666666,3.0555555555555554,28.0,1002.51,999.59,-2.7,0.0,0.0,1
12.6,9.219999999999999,2024-01-09 20:58:00,2024-01-10 01:58:00+00:00,1704851880,KNYNEWYO1850,40.759,-73.802,America/New_York,11.0,11.0,11.0,11.0,11.0,10.0,11.0,11.0,11.0,11.0,11.0,11.0,98.0,99.0,98.0,2.2222222222222223,5.277777777777778,0.8333333333333333,5.833333333333333,9.166666666666666,1.9444444444444444,23.0,1000.0,995.9,-4.24,0.0,0.0,1
8.99,7.09,2024-01-09 21:59:00,2024-01-10 02:59:00+00:00,1704855540,KNYNEWYO1850,40.759,-73.802,America/New_York,12.0,12.0,11.0,12.0,12.0,11.0,12.0,12.0,11.0,12.0,12.0,11.0,98.0,99.0,98.0,2.7777777777777777,4.444444444444445,1.3888888888888888,6.111111111111111,11.11111111111111,1.9444444444444444,26.0,996.11,992.01,-4.17,0.0,0.0,1
8.99,5.310000000000002,2024-01-09 22:59:00,2024-01-10 03:59:00+00:00,1704859140,KNYNEWYO1850,40.759,-73.802,America/New_York,12.0,13.0,12.0,12.0,13.0,12.0,12.0,13.0,12.0,12.0,13.0,12.0,98.0,99.0,98.0,3.611111111111111,9.166666666666666,1.1111111111111112,8.055555555555555,14.166666666666666,4.166666666666667,47.0,992.11,988.99,-2.96,0.0,0.0,1
57.61,13.479999999999997,2024-01-09 23:59:00,2024-01-10 04:59:00+00:00,1704862740,KNYNEWYO1850,40.759,-73.802,America/New_York,13.0,13.0,12.0,12.0,13.0,12.0,13.0,13.0,12.0,13.0,13.0,12.0,99.0,99.0,99.0,2.2222222222222223,5.0,0.2777777777777778,5.555555555555555,11.666666666666666,1.1111111111111112,63.0,991.81,988.01,0.11,0.0,0.0,1
7.8,5.59,2024-01-10 00:59:00,2024-01-10 05:59:00+00:00,1704866340,KNYNEWYO1850,40.759,-73.802,America/New_York,12.0,12.0,12.0,12.0,12.0,12.0,12.0,12.0,12.0,12.0,12.0,12.0,99.0,99.0,99.0,1.1111111111111112,3.611111111111111,0.0,2.2222222222222223,4.722222222222222,1.1111111111111112,338.0,989.3,986.29,-3.12,0.0,0.0,1
6.6,2.51,2024-01-10 01:59:00,2024-01-10 06:59:00+00:00,1704869940,KNYNEWYO1850,40.759,-73.802,America/New_York,12.0,12.0,12.0,12.0,12.0,12.0,12.0,12.0,12.0,12.0,12.0,12.0,99.0,99.0,99.0,1.6666666666666665,5.277777777777778,0.2777777777777778,4.444444444444445,9.166666666666666,1.3888888888888888,19.0,986.59,983.81,-2.03,0.0,0.0,1
10.8,2.290000000000001,2024-01-10 02:58:00,2024-01-10 07:58:00+00:00,1704873480,KNYNEWYO1850,40.759,-73.802,America/New_York,12.0,13.0,12.0,12.0,12.0,12.0,12.0,13.0,12.0,12.0,13.0,12.0,99.0,99.0,99.0,1.6666666666666665,3.611111111111111,0.2777777777777778,3.888888888888889,6.666666666666666,1.9444444444444444,9.0,984.9,982.19,-2.59,0.0,0.0,1
0.0,0.0,2024-01-10 03:59:00,2024-01-10 08:59:00+00:00,1704877140,KNYNEWYO1850,40.759,-73.802,America/New_York,12.0,12.0,11.0,12.0,12.0,11.0,12.0,12.0,11.0,12.0,12.0,11.0,99.0,99.0,99.0,1.3888888888888888,3.0555555555555554,0.2777777777777778,3.611111111111111,5.0,1.3888888888888888,247.0,982.39,981.51,-0.31,0.0,0.0,1
0.0,0.0,2024-01-10 04:59:00,2024-01-10 09:59:00+00:00,1704880740,KNYNEWYO1850,40.759,-73.802,America/New_York,11.0,11.0,11.0,11.0,11.0,11.0,11.0,11.0,11.0,11.0,11.0,11.0,99.0,99.0,99.0,0.5555555555555556,2.2222222222222223,0.0,1.6666666666666665,3.0555555555555554,0.5555555555555556,177.0,981.92,980.9,-0.62,0.0,0.0,1
0.0,0.0,2024-01-10 05:58:00,2024-01-10 10:58:00+00:00,1704884280,KNYNEWYO1850,40.759,-73.802,America/New_York,11.0,12.0,10.0,10.0,12.0,7.0,11.0,12.0,10.0,11.0,12.0,8.0,92.0,99.0,84.0,2.5,4.722222222222222,0.0,4.444444444444445,7.222222222222222,2.5,233.0,983.41,981.31,1.89,0.0,0.0,1
0.0,0.0,2024-01-10 06:59:00,2024-01-10 11:59:00+00:00,1704887940,KNYNEWYO1850,40.759,-73.802,America/New_York,10.0,10.0,9.0,6.0,7.0,5.0,10.0,10.0,9.0,9.0,10.0,7.0,78.0,85.0,72.0,2.2222222222222223,4.166666666666667,0.8333333333333333,4.444444444444445,7.777777777777778,2.5,250.0,985.0,983.1,1.72,0.06,0.0,1
0.0,0.0,2024-01-10 07:59:00,2024-01-10 12:59:00+00:00,1704891540,KNYNEWYO1850,40.759,-73.802,America/New_York,10.0,10.0,9.0,4.0,5.0,3.0,10.0,10.0,9.0,8.0,10.0,7.0,70.0,76.0,63.0,2.5,4.722222222222222,0.2777777777777778,5.0,7.777777777777778,2.5,237.0,986.01,984.8,1.16,26.3,0.0,1
0.0,0.0,2024-01-10 08:59:00,2024-01-10 13:59:00+00:00,1704895140,KNYNEWYO1850,40.759,-73.802,America/New_York,10.0,10.0,10.0,3.0,4.0,3.0,10.0,10.0,10.0,9.0,10.0,7.0,62.0,66.0,61.0,2.5,5.833333333333333,0.5555555555555556,4.722222222222222,7.777777777777778,2.5,244.0,988.01,985.81,2.24,64.02,0.0,1
0.0,0.0,2024-01-10 09:58:00,2024-01-10 14:58:00+00:00,1704898680,KNYNEWYO1850,40.759,-73.802,America/New_York,9.0,10.0,9.0,1.0,3.0,0.0,9.0,10.0,9.0,8.0,9.0,7.0,55.0,62.0,51.0,2.7777777777777777,5.277777777777778,1.1111111111111112,5.833333333333333,9.722222222222221,3.0555555555555554,237.0,989.6,988.11,1.46,187.58,1.0,1
0.0,0.0,2024-01-10 10:59:00,2024-01-10 15:59:00+00:00,1704902340,KNYNEWYO1850,40.759,-73.802,America/New_York,10.0,10.0,9.0,0.0,1.0,-1.0,10.0,10.0,9.0,8.0,10.0,6.0,51.0,55.0,48.0,2.7777777777777777,6.388888888888888,0.5555555555555556,5.833333333333333,10.833333333333334,3.0555555555555554,240.0,990.79,989.4,1.21,331.7,3.0,1
0.0,0.0,2024-01-10 11:59:00,2024-01-10 16:59:00+00:00,1704905940,KNYNEWYO1850,40.759,-73.802,America/New_York,9.0,10.0,9.0,-1.0,1.0,-2.0,9.0,10.0,9.0,8.0,9.0,6.0,47.0,55.0,43.0,3.333333333333333,6.666666666666666,0.8333333333333333,6.944444444444445,13.88888888888889,3.0555555555555554,227.0,991.3,990.42,0.31,432.17,4.0,1
0.0,0.0,2024-01-10 12:59:00,2024-01-10 17:59:00+00:00,1704909540,KNYNEWYO1850,40.759,-73.802,America/New_York,10.0,11.0,9.0,-2.0,-1.0,-2.0,10.0,11.0,9.0,8.0,11.0,7.0,45.0,49.0,42.0,3.0555555555555554,6.111111111111111,0.8333333333333333,6.666666666666666,11.666666666666666,2.5,233.0,991.6,990.59,0.93,500.79,4.0,1
0.0,0.0,2024-01-10 13:59:00,2024-01-10 18:59:00+00:00,1704913140,KNYNEWYO1850,40.759,-73.802,America/New_York,10.0,11.0,9.0,-2.0,-1.0,-2.0,10.0,11.0,9.0,8.0,11.0,6.0,44.0,46.0,42.0,3.611111111111111,6.388888888888888,1.1111111111111112,6.944444444444445,10.277777777777777,3.611111111111111,248.0,993.4,991.5,1.72,472.8,4.0,1
0.0,0.0,2024-01-10 14:59:00,2024-01-10 19:59:00+00:00,1704916740,KNYNEWYO1850,40.759,-73.802,America/New_York,9.0,9.0,9.0,-2.0,-1.0,-2.0,9.0,9.0,9.0,7.0,9.0,6.0,47.0,50.0,46.0,3.0555555555555554,6.111111111111111,0.5555555555555556,6.111111111111111,11.666666666666666,2.5,232.0,994.89,993.4,1.52,56.65,0.0,1
0.0,0.0,2024-01-10 15:59:00,2024-01-10 20:59:00+00:00,1704920340,KNYNEWYO1850,40.759,-73.802,America/New_York,9.0,9.0,9.0,-1.0,-1.0,-1.0,9.0,9.0,9.0,7.0,9.0,5.0,49.0,51.0,49.0,2.7777777777777777,7.777777777777778,1.1111111111111112,6.111111111111111,10.277777777777777,3.611111111111111,212.0,996.41,994.68,1.45,43.6,0.0,1
0.0,0.0,2024-01-10 16:59:00,2024-01-10 21:59:00+00:00,1704923940,KNYNEWYO1850,40.759,-73.802,America/New_York,9.0,9.0,9.0,-1.0,-1.0,-1.0,9.0,9.0,9.0,7.0,9.0,6.0,50.0,51.0,50.0,2.7777777777777777,5.833333333333333,0.2777777777777778,5.555555555555555,9.166666666666666,1.9444444444444444,193.0,997.9,996.21,1.52,8.83,0.0,1
0.0,0.0,2024-01-10 17:59:00,2024-01-10 22:59:00+00:00,1704927540,KNYNEWYO1850,40.759,-73.802,America/New_York,9.0,9.0,9.0,-1.0,-1.0,-1.0,9.0,9.0,9.0,8.0,9.0,6.0,50.0,52.0,49.0,2.2222222222222223,4.166666666666667,0.5555555555555556,5.0,8.61111111111111,2.5,216.0,999.39,997.6,1.52,0.13,0.0,1
0.0,0.0,2024-01-10 18:59:00,2024-01-10 23:59:00+00:00,1704931140,KNYNEWYO1850,40.759,-73.802,America/New_York,9.0,9.0,9.0,-1.0,-1.0,-1.0,9.0,9.0,9.0,7.0,9.0,6.0,50.0,52.0,50.0,2.7777777777777777,5.277777777777778,0.8333333333333333,5.0,8.61111111111111,1.9444444444444444,219.0,1000.61,999.09,1.45,0.0,0.0,1
0.0,0.0,2024-01-10 19:59:00,2024-01-11 00:59:00+00:00,1704934740,KNYNEWYO1850,40.759,-73.802,America/New_York,8.0,9.0,8.0,-1.0,-1.0,-1.0,8.0,9.0,8.0,7.0,8.0,6.0,51.0,53.0,51.0,2.5,4.166666666666667,1.1111111111111112,5.0,8.333333333333334,3.0555555555555554,232.0,1001.8,1000.51,1.1,0.0,0.0,1
0.0,0.0,2024-01-10 20:59:00,2024-01-11 01:59:00+00:00,1704938340,KNYNEWYO1850,40.759,-73.802,America/New_York,8.0,8.0,8.0,-1.0,-1.0,-2.0,8.0,8.0,8.0,7.0,8.0,5.0,51.0,53.0,50.0,2.2222222222222223,5.277777777777778,0.2777777777777778,4.722222222222222,8.61111111111111,1.9444444444444444,239.0,1002.51,1001.39,0.72,0.0,0.0,1
0.0,0.0,2024-01-10 21:59:00,2024-01-11 02:59:00+00:00,1704941940,KNYNEWYO1850,40.759,-73.802,America/New_York,8.0,8.0,8.0,-1.0,-1.0,-2.0,8.0,8.0,8.0,7.0,8.0,5.0,52.0,54.0,51.0,2.2222222222222223,4.722222222222222,0.2777777777777778,4.166666666666667,6.666666666666666,1.1111111111111112,241.0,1003.12,1002.1,1.03,0.0,0.0,1
0.0,0.0,2024-01-10 22:59:00,2024-01-11 03:59:00+00:00,1704945540,KNYNEWYO1850,40.759,-73.802,America/New_York,7.0,8.0,7.0,-1.0,-1.0,-2.0,7.0,8.0,7.0,6.0,7.0,4.0,54.0,55.0,53.0,1.9444444444444444,4.444444444444445,0.5555555555555556,4.166666666666667,7.222222222222222,1.3888888888888888,230.0,1003.89,1003.01,0.59,0.0,0.0,1
0.0,0.0,2024-01-10 23:59:00,2024-01-11 04:59:00+00:00,1704949140,KNYNEWYO1850,40.759,-73.802,America/New_York,7.0,7.0,7.0,-1.0,-1.0,-2.0,7.0,7.0,7.0,6.0,7.0,4.0,55.0,56.0,54.0,1.9444444444444444,4.444444444444445,0.5555555555555556,3.888888888888889,6.111111111111111,1.1111111111111112,249.0,1004.5,1003.69,0.83,0.0,0.0,1
0.0,0.0,2024-01-11 00:59:00,2024-01-11 05:59:00+00:00,1704952740,KNYNEWYO1850,40.759,-73.802,America/New_York,7.0,7.0,7.0,-1.0,-1.0,-2.0,7.0,7.0,7.0,5.0,7.0,3.0,56.0,57.0,55.0,1.9444444444444444,4.444444444444445,0.5555555555555556,4.166666666666667,6.111111111111111,1.9444444444444444,232.0,1005.38,1004.3,0.96,0.0,0.0,1
0.0,0.0,2024-01-11 01:59:00,2024-01-11 06:59:00+00:00,1704956340,KNYNEWYO1850,40.759,-73.802,America/New_York,6.0,7.0,6.0,-2.0,-2.0,-2.0,6.0,7.0,6.0,4.0,7.0,3.0,55.0,56.0,55.0,2.7777777777777777,4.722222222222222,1.1111111111111112,5.555555555555555,7.777777777777778,2.5,247.0,1006.2,1005.01,1.0,0.0,0.0,1
0.0,0.0,2024-01-11 02:59:00,2024-01-11 07:59:00+00:00,1704959940,KNYNEWYO1850,40.759,-73.802,America/New_York,6.0,6.0,6.0,-2.0,-2.0,-2.0,6.0,6.0,6.0,5.0,6.0,3.0,56.0,57.0,56.0,2.5,4.722222222222222,1.1111111111111112,5.0,7.222222222222222,2.5,252.0,1006.91,1005.79,0.93,0.0,0.0,1
0.0,0.0,2024-01-11 03:59:00,2024-01-11 08:59:00+00:00,1704963540,KNYNEWYO1850,40.759,-73.802,America/New_York,6.0,6.0,6.0,-2.0,-2.0,-2.0,6.0,6.0,6.0,4.0,6.0,3.0,55.0,56.0,54.0,2.5,4.444444444444445,0.5555555555555556,4.722222222222222,6.111111111111111,2.5,252.0,1007.42,1006.71,0.21,0.0,0.0,1
0.0,0.0,2024-01-11 04:59:00,2024-01-11 09:59:00+00:00,1704967140,KNYNEWYO1850,40.759,-73.802,America/New_York,6.0,6.0,6.0,-2.0,-2.0,-3.0,6.0,6.0,6.0,5.0,6.0,3.0,55.0,56.0,55.0,1.9444444444444444,5.0,0.8333333333333333,3.888888888888889,6.111111111111111,2.5,257.0,1007.79,1007.01,0.59,0.0,0.0,1
0.0,0.0,2024-01-11 05:59:00,2024-01-11 10:59:00+00:00,1704970740,KNYNEWYO1850,40.759,-73.802,America/New_York,6.0,6.0,6.0,-3.0,-3.0,-3.0,6.0,6.0,6.0,5.0,6.0,3.0,54.0,55.0,53.0,1.6666666666666665,3.611111111111111,0.5555555555555556,3.611111111111111,6.111111111111111,1.3888888888888888,257.0,1008.3,1007.48,0.52,0.0,0.0,1
0.0,0.0,2024-01-11 06:59:00,2024-01-11 11:59:00+00:00,1704974340,KNYNEWYO1850,40.759,-73.802,America/New_York,6.0,6.0,5.0,-3.0,-3.0,-3.0,6.0,6.0,5.0,5.0,6.0,3.0,54.0,55.0,54.0,1.6666666666666665,3.333333333333333,0.2777777777777778,3.0555555555555554,4.722222222222222,1.1111111111111112,246.0,1008.91,1008.09,0.72,0.16,0.0,1
0.0,0.0,2024-01-11 07:59:00,2024-01-11 12:59:00+00:00,1704977940,KNYNEWYO1850,40.759,-73.802,America/New_York,5.0,6.0,5.0,-3.0,-3.0,-3.0,5.0,6.0,5.0,5.0,6.0,3.0,54.0,55.0,53.0,1.3888888888888888,3.333333333333333,0.2777777777777778,3.0555555555555554,5.0,1.3888888888888888,255.0,1009.69,1009.01,0.21,25.73,0.0,1
0.0,0.0,2024-01-11 08:58:00,2024-01-11 13:58:00+00:00,1704981480,KNYNEWYO1850,40.759,-73.802,America/New_York,6.0,6.0,6.0,-3.0,-2.0,-3.0,6.0,6.0,6.0,5.0,6.0,3.0,53.0,55.0,52.0,1.1111111111111112,2.7777777777777777,0.0,1.9444444444444444,3.611111111111111,1.1111111111111112,232.0,1010.5,1009.21,1.23,108.31,1.0,1
0.0,0.0,2024-01-11 09:59:00,2024-01-11 14:59:00+00:00,1704985140,KNYNEWYO1850,40.759,-73.802,America/New_York,6.0,7.0,6.0,-3.0,-3.0,-3.0,6.0,7.0,6.0,6.0,7.0,4.0,50.0,52.0,50.0,1.6666666666666665,2.7777777777777777,0.2777777777777778,2.5,5.0,0.5555555555555556,210.0,1010.7,1009.89,0.0,213.75,2.0,1
0.0,0.0,2024-01-11 10:59:00,2024-01-11 15:59:00+00:00,1704988740,KNYNEWYO1850,40.759,-73.802,America/New_York,7.0,7.0,7.0,-3.0,-3.0,-3.0,7.0,7.0,7.0,6.0,7.0,5.0,49.0,50.0,48.0,1.6666666666666665,3.611111111111111,0.0,2.7777777777777777,5.0,0.5555555555555556,223.0,1010.6,1010.09,0.1,324.33,3.0,1
0.0,0.0,2024-01-11 11:59:00,2024-01-11 16:59:00+00:00,1704992340,KNYNEWYO1850,40.759,-73.802,America/New_York,7.0,7.0,6.0,-3.0,-2.0,-3.0,7.0,7.0,6.0,5.0,7.0,4.0,51.0,53.0,49.0,1.9444444444444444,3.611111111111111,0.5555555555555556,3.611111111111111,5.555555555555555,1.3888888888888888,215.0,1010.5,1009.89,-0.31,377.45,3.0,1
0.0,0.0,2024-01-11 12:59:00,2024-01-11 17:59:00+00:00,1704995940,KNYNEWYO1850,40.759,-73.802,America/New_York,6.0,7.0,6.0,-3.0,-3.0,-3.0,6.0,7.0,6.0,5.0,7.0,3.0,52.0,54.0,51.0,1.6666666666666665,3.333333333333333,0.2777777777777778,3.0555555555555554,5.555555555555555,0.5555555555555556,213.0,1010.09,1009.11,-0.69,411.07,4.0,1
0.0,0.0,2024-01-11 13:59:00,2024-01-11 18:59:00+00:00,1704999540,KNYNEWYO1850,40.759,-73.802,America/New_York,7.0,8.0,6.0,-3.0,-3.0,-3.0,7.0,8.0,6.0,6.0,8.0,4.0,50.0,52.0,48.0,1.6666666666666665,3.888888888888889,0.8333333333333333,3.0555555555555554,5.555555555555555,1.1111111111111112,238.0,1009.52,1008.81,-0.52,418.01,4.0,1
0.0,0.0,2024-01-11 14:59:00,2024-01-11 19:59:00+00:00,1705003140,KNYNEWYO1850,40.759,-73.802,America/New_York,8.0,8.0,7.0,-3.0,-2.0,-3.0,8.0,8.0,7.0,8.0,8.0,5.0,47.0,49.0,47.0,1.1111111111111112,3.611111111111111,0.0,2.5,5.0,0.5555555555555556,214.0,1009.31,1008.6,0.41,262.04,2.0,1
0.0,0.0,2024-01-11 15:58:00,2024-01-11 20:58:00+00:00,1705006680,KNYNEWYO1850,40.759,-73.802,America/New_York,8.0,8.0,8.0,-3.0,-2.0,-3.0,8.0,8.0,8.0,8.0,8.0,6.0,47.0,48.0,47.0,1.1111111111111112,2.7777777777777777,0.2777777777777778,2.2222222222222223,3.611111111111111,1.1111111111111112,252.0,1009.79,1009.11,0.6,156.92,1.0,1
0.0,0.0,2024-01-11 16:59:00,2024-01-11 21:59:00+00:00,1705010340,KNYNEWYO1850,40.759,-73.802,America/New_York,7.0,8.0,7.0,-3.0,-2.0,-3.0,7.0,8.0,7.0,7.0,8.0,6.0,49.0,51.0,47.0,1.3888888888888888,3.333333333333333,0.2777777777777778,2.5,4.722222222222222,1.3888888888888888,219.0,1010.7,1009.58,0.72,42.91,0.0,1
0.0,0.0,2024-01-11 17:58:00,2024-01-11 22:58:00+00:00,1705013880,KNYNEWYO1850,40.759,-73.802,America/New_York,7.0,7.0,7.0,-2.0,-2.0,-2.0,7.0,7.0,7.0,7.0,7.0,6.0,51.0,54.0,50.0,0.5555555555555556,1.9444444444444444,0.0,1.6666666666666665,4.166666666666667,0.5555555555555556,218.0,1011.21,1010.5,0.63,0.66,0.0,1
0.0,0.0,2024-01-11 18:59:00,2024-01-11 23:59:00+00:00,1705017540,KNYNEWYO1850,40.759,-73.802,America/New_York,7.0,7.0,7.0,-1.0,-1.0,-2.0,7.0,7.0,7.0,7.0,7.0,7.0,55.0,57.0,54.0,0.2777777777777778,1.1111111111111112,0.0,1.1111111111111112,1.9444444444444444,0.5555555555555556,260.0,1011.89,1010.7,0.72,0.0,0.0,1
0.0,0.0,2024-01-11 19:59:00,2024-01-12 00:59:00+00:00,1705021140,KNYNEWYO1850,40.759,-73.802,America/New_York,7.0,8.0,7.0,-1.0,-1.0,-1.0,7.0,8.0,7.0,7.0,8.0,6.0,55.0,57.0,54.0,0.8333333333333333,2.2222222222222223,0.0,2.2222222222222223,4.166666666666667,0.5555555555555556,219.0,1012.6,1011.79,0.52,0.0,0.0,1
0.0,0.0,2024-01-11 20:59:00,2024-01-12 01:59:00+00:00,1705024740,KNYNEWYO1850,40.759,-73.802,America/New_York,8.0,8.0,8.0,-1.0,0.0,-1.0,8.0,8.0,8.0,7.0,8.0,5.0,55.0,57.0,55.0,1.1111111111111112,3.888888888888889,0.0,2.5,4.722222222222222,1.1111111111111112,213.0,1013.31,1012.5,0.83,0.0,0.0,1
0.0,0.0,2024-01-11 21:59:00,2024-01-12 02:59:00+00:00,1705028340,KNYNEWYO1850,40.759,-73.802,America/New_York,7.0,8.0,7.0,0.0,0.0,-1.0,7.0,8.0,7.0,7.0,8.0,5.0,58.0,60.0,57.0,0.8333333333333333,3.0555555555555554,0.0,1.9444444444444444,3.611111111111111,0.5555555555555556,239.0,1014.19,1013.11,0.69,0.0,0.0,1
0.0,0.0,2024-01-11 22:59:00,2024-01-12 03:59:00+00:00,1705031940,KNYNEWYO1850,40.759,-73.802,America/New_York,7.0,7.0,7.0,0.0,0.0,0.0,7.0,7.0,7.0,7.0,7.0,6.0,59.0,60.0,59.0,0.8333333333333333,1.9444444444444444,0.0,1.9444444444444444,3.0555555555555554,1.1111111111111112,230.0,1014.8,1013.99,0.72,0.0,0.0,1
0.0,0.0,2024-01-11 23:59:00,2024-01-12 04:59:00+00:00,1705035540,KNYNEWYO1850,40.759,-73.802,America/New_York,7.0,7.0,7.0,0.0,0.0,0.0,7.0,7.0,7.0,7.0,7.0,5.0,60.0,62.0,59.0,1.1111111111111112,2.2222222222222223,0.0,1.9444444444444444,3.0555555555555554,1.1111111111111112,229.0,1015.41,1014.6,0.72,0.0,0.0,1
0.0,0.0,2024-01-12 00:59:00,2024-01-12 05:59:00+00:00,1705039140,KNYNEWYO1850,40.759,-73.802,America/New_York,6.0,7.0,6.0,0.0,0.0,0.0,6.0,7.0,6.0,6.0,7.0,5.0,64.0,66.0,62.0,0.5555555555555556,1.6666666666666665,0.0,1.1111111111111112,2.5,0.5555555555555556,240.0,1015.98,1015.1,0.52,0.0,0.0,1
0.0,0.0,2024-01-12 01:59:00,2024-01-12 06:59:00+00:00,1705042740,KNYNEWYO1850,40.759,-73.802,America/New_York,6.0,6.0,6.0,0.0,0.0,0.0,6.0,6.0,6.0,6.0,6.0,6.0,66.0,67.0,65.0,0.5555555555555556,1.3888888888888888,0.0,1.1111111111111112,3.0555555555555554,0.5555555555555556,248.0,1017.51,1015.98,1.45,0.0,0.0,1
0.0,0.0,2024-01-12 02:59:00,2024-01-12 07:59:00+00:00,1705046340,KNYNEWYO1850,40.759,-73.802,America/New_York,6.0,7.0,6.0,0.0,0.0,-1.0,6.0,7.0,6.0,6.0,7.0,4.0,64.0,67.0,61.0,0.5555555555555556,2.5,0.0,1.3888888888888888,3.611111111111111,0.5555555555555556,270.0,1018.69,1017.31,1.0,0.0,0.0,1
0.0,0.0,2024-01-12 03:59:00,2024-01-12 08:59:00+00:00,1705049940,KNYNEWYO1850,40.759,-73.802,America/New_York,6.0,7.0,6.0,-1.0,0.0,-1.0,6.0,7.0,6.0,6.0,7.0,5.0,61.0,64.0,60.0,0.8333333333333333,2.5,0.0,1.6666666666666665,3.611111111111111,0.5555555555555556,276.0,1018.9,1018.29,0.21,0.0,0.0,1
0.0,0.0,2024-01-12 04:59:00,2024-01-12 09:59:00+00:00,1705053540,KNYNEWYO1850,40.759,-73.802,America/New_York,5.0,6.0,5.0,-1.0,0.0,-1.0,5.0,6.0,5.0,5.0,6.0,5.0,64.0,66.0,63.0,0.2777777777777778,1.1111111111111112,0.0,0.8333333333333333,1.3888888888888888,0.0,285.0,1019.4,1018.59,0.31,0.0,0.0,1
0.0,0.0,2024-01-12 05:59:00,2024-01-12 10:59:00+00:00,1705057140,KNYNEWYO1850,40.759,-73.802,America/New_York,5.0,6.0,4.0,-1.0,-1.0,-1.0,5.0,6.0,4.0,5.0,6.0,4.0,65.0,70.0,62.0,0.2777777777777778,1.6666666666666665,0.0,0.8333333333333333,2.5,0.0,277.0,1020.01,1018.59,1.14,0.0,0.0,1
0.0,0.0,2024-01-12 06:59:00,2024-01-12 11:59:00+00:00,1705060740,KNYNEWYO1850,40.759,-73.802,America/New_York,5.0,6.0,5.0,-1.0,-1.0,-2.0,5.0,6.0,5.0,5.0,6.0,4.0,62.0,64.0,61.0,0.8333333333333333,2.2222222222222223,0.0,1.3888888888888888,3.0555555555555554,0.5555555555555556,276.0,1020.39,1019.71,0.38,0.17,0.0,1
0.0,0.0,2024-01-12 07:59:00,2024-01-12 12:59:00+00:00,1705064340,KNYNEWYO1850,40.759,-73.802,America/New_York,5.0,5.0,5.0,-1.0,-1.0,-2.0,5.0,5.0,5.0,5.0,5.0,4.0,64.0,66.0,61.0,0.5555555555555556,1.9444444444444444,0.0,1.1111111111111112,2.5,0.0,279.0,1021.2,1019.81,0.62,21.73,0.0,1
0.0,0.0,2024-01-12 08:59:00,2024-01-12 13:59:00+00:00,1705067940,KNYNEWYO1850,40.759,-73.802,America/New_York,6.0,7.0,5.0,-1.0,-1.0,-1.0,6.0,7.0,5.0,6.0,7.0,4.0,62.0,64.0,59.0,0.8333333333333333,1.6666666666666665,0.0,1.3888888888888888,2.5,0.5555555555555556,280.0,1021.61,1020.89,0.41,101.93,0.0,1
0.0,0.0,2024-01-12 09:59:00,2024-01-12 14:59:00+00:00,1705071540,KNYNEWYO1850,40.759,-73.802,America/New_York,7.0,7.0,6.0,-1.0,-1.0,-1.0,7.0,7.0,6.0,6.0,7.0,6.0,58.0,59.0,55.0,0.5555555555555556,1.3888888888888888,0.0,1.3888888888888888,1.9444444444444444,0.0,297.0,1022.01,1021.4,0.31,219.01,2.0,1
0.0,0.0,2024-01-12 10:59:00,2024-01-12 15:59:00+00:00,1705075140,KNYNEWYO1850,40.759,-73.802,America/New_York,8.0,8.0,7.0,-1.0,-1.0,-1.0,8.0,8.0,7.0,8.0,8.0,7.0,54.0,57.0,53.0,0.5555555555555556,1.3888888888888888,0.0,1.3888888888888888,2.5,0.5555555555555556,316.0,1022.59,1021.81,0.31,305.62,2.0,1
0.0,0.0,2024-01-12 11:58:00,2024-01-12 16:58:00+00:00,1705078680,KNYNEWYO1850,40.759,-73.802,America/New_York,9.0,9.0,8.0,-1.0,0.0,-1.0,9.0,9.0,8.0,9.0,9.0,8.0,51.0,54.0,49.0,0.2777777777777778,1.3888888888888888,0.0,1.1111111111111112,1.9444444444444444,0.0,312.0,1022.49,1021.4,-0.84,338.78,3.0,1
0.0,0.0,2024-01-12 12:59:00,2024-01-12 17:59:00+00:00,1705082340,KNYNEWYO1850,40.759,-73.802,America/New_York,9.0,10.0,9.0,-1.0,-1.0,-2.0,9.0,10.0,9.0,9.0,10.0,9.0,47.0,50.0,44.0,0.5555555555555556,1.3888888888888888,0.0,1.3888888888888888,3.611111111111111,0.5555555555555556,352.0,1021.5,1019.71,-1.83,352.89,3.0,1
0.0,0.0,2024-01-12 13:59:00,2024-01-12 18:59:00+00:00,1705085940,KNYNEWYO1850,40.759,-73.802,America/New_York,10.0,11.0,10.0,-2.0,-1.0,-3.0,10.0,11.0,10.0,10.0,11.0,9.0,42.0,45.0,41.0,1.1111111111111112,2.5,0.0,2.2222222222222223,3.611111111111111,1.1111111111111112,343.0,1019.91,1019.0,-0.72,361.03,3.0,1
0.0,0.0,2024-01-12 14:59:00,2024-01-12 19:59:00+00:00,1705089540,KNYNEWYO1850,40.759,-73.802,America/New_York,9.0,10.0,8.0,-1.0,-1.0,-2.0,9.0,10.0,8.0,9.0,10.0,7.0,48.0,52.0,43.0,0.8333333333333333,2.5,0.0,2.2222222222222223,4.166666666666667,0.5555555555555556,356.0,1019.2,1018.69,-0.21,207.55,2.0,1
0.0,0.0,2024-01-12 15:59:00,2024-01-12 20:59:00+00:00,1705093140,KNYNEWYO1850,40.759,-73.802,America/New_York,8.0,8.0,7.0,-1.0,0.0,-1.0,8.0,8.0,7.0,7.0,8.0,6.0,56.0,62.0,51.0,0.8333333333333333,2.5,0.0,1.9444444444444444,4.166666666666667,0.5555555555555556,8.0,1018.8,1018.49,0.0,80.62,0.0,1
0.0,0.0,2024-01-12 16:59:00,2024-01-12 21:59:00+00:00,1705096740,KNYNEWYO1850,40.759,-73.802,America/New_York,7.0,7.0,6.0,1.0,2.0,0.0,7.0,7.0,6.0,6.0,7.0,5.0,69.0,74.0,62.0,1.1111111111111112,2.5,0.0,2.5,4.166666666666667,1.1111111111111112,11.0,1018.49,1017.2,-1.21,24.46,0.0,1
0.0,0.0,2024-01-12 17:59:00,2024-01-12 22:59:00+00:00,1705100340,KNYNEWYO1850,40.759,-73.802,America/New_York,6.0,6.0,6.0,2.0,3.0,2.0,6.0,6.0,6.0,6.0,6.0,5.0,76.0,78.0,74.0,0.8333333333333333,1.9444444444444444,0.0,1.9444444444444444,3.0555555555555554,0.5555555555555556,356.0,1017.2,1015.61,-1.24,0.48,0.0,1
0.0,0.0,2024-01-12 18:57:00,2024-01-12 23:57:00+00:00,1705103820,KNYNEWYO1850,40.759,-73.802,America/New_York,6.0,7.0,6.0,3.0,3.0,3.0,6.0,7.0,6.0,6.0,7.0,5.0,77.0,78.0,77.0,0.8333333333333333,2.2222222222222223,0.0,1.6666666666666665,4.166666666666667,0.0,7.0,1015.98,1014.19,-1.78,0.0,0.0,1
0.0,0.0,2024-01-12 19:58:00,2024-01-13 00:58:00+00:00,1705107480,KNYNEWYO1850,40.759,-73.802,America/New_York,7.0,7.0,7.0,3.0,4.0,3.0,7.0,7.0,7.0,6.0,7.0,5.0,78.0,81.0,76.0,1.1111111111111112,3.0555555555555554,0.0,2.5,5.0,0.5555555555555556,3.0,1014.29,1012.6,-1.75,0.0,0.0,1
0.0,0.0,2024-01-12 20:59:00,2024-01-13 01:59:00+00:00,1705111140,KNYNEWYO1850,40.759,-73.802,America/New_York,7.0,8.0,7.0,4.0,4.0,4.0,7.0,8.0,7.0,7.0,8.0,5.0,80.0,81.0,80.0,1.3888888888888888,4.166666666666667,0.5555555555555556,3.0555555555555554,6.666666666666666,0.5555555555555556,2.0,1012.5,1010.09,-1.93,0.0,0.0,1
0.0,0.0,2024-01-12 21:59:00,2024-01-13 02:59:00+00:00,1705114740,KNYNEWYO1850,40.759,-73.802,America/New_York,8.0,8.0,8.0,4.0,5.0,4.0,8.0,8.0,8.0,7.0,8.0,5.0,78.0,80.0,78.0,1.6666666666666665,5.0,0.2777777777777778,3.611111111111111,7.222222222222222,0.5555555555555556,11.0,1011.89,1009.01,0.53,0.0,0.0,1
1.8,0.3,2024-01-12 22:58:00,2024-01-13 03:58:00+00:00,1705118280,KNYNEWYO1850,40.759,-73.802,America/New_York,8.0,8.0,8.0,5.0,6.0,5.0,8.0,8.0,8.0,7.0,8.0,5.0,81.0,86.0,78.0,2.2222222222222223,4.722222222222222,0.8333333333333333,4.722222222222222,7.777777777777778,1.9444444444444444,17.0,1011.31,1006.5,-3.43,0.0,0.0,1
7.8,2.0100000000000002,2024-01-12 23:59:00,2024-01-13 04:59:00+00:00,1705121940,KNYNEWYO1850,40.759,-73.802,America/New_York,8.0,8.0,8.0,6.0,7.0,6.0,8.0,8.0,8.0,6.0,8.0,5.0,91.0,93.0,87.0,2.5,4.166666666666667,0.2777777777777778,5.277777777777778,9.166666666666666,1.9444444444444444,32.0,1007.48,1004.1,-3.03,0.0,0.0,1
5.99,3.1,2024-01-13 00:59:00,2024-01-13 05:59:00+00:00,1705125540,KNYNEWYO1850,40.759,-73.802,America/New_York,8.0,9.0,8.0,8.0,8.0,7.0,8.0,9.0,8.0,7.0,9.0,6.0,94.0,95.0,93.0,2.2222222222222223,4.166666666666667,0.5555555555555556,4.722222222222222,8.61111111111111,1.1111111111111112,9.0,1004.81,1001.08,-2.76,0.0,0.0,1
12.6,7.800000000000001,2024-01-13 01:59:00,2024-01-13 06:59:00+00:00,1705129140,KNYNEWYO1850,40.759,-73.802,America/New_York,9.0,9.0,9.0,8.0,9.0,8.0,9.0,9.0,9.0,8.0,9.0,6.0,96.0,98.0,95.0,2.5,5.277777777777778,0.5555555555555556,4.722222222222222,9.722222222222221,1.1111111111111112,19.0,1001.8,998.71,-2.72,0.0,0.0,1
16.79,9.19,2024-01-13 02:59:00,2024-01-13 07:59:00+00:00,1705132740,KNYNEWYO1850,40.759,-73.802,America/New_York,10.0,10.0,9.0,9.0,10.0,9.0,10.0,10.0,9.0,9.0,10.0,6.0,98.0,98.0,98.0,1.9444444444444444,5.277777777777778,0.2777777777777778,3.611111111111111,7.777777777777778,1.1111111111111112,18.0,998.82,996.21,-2.65,0.0,0.0,1
11.99,5.609999999999999,2024-01-13 03:59:00,2024-01-13 08:59:00+00:00,1705136340,KNYNEWYO1850,40.759,-73.802,America/New_York,11.0,11.0,10.0,10.0,11.0,10.0,11.0,11.0,10.0,11.0,11.0,10.0,98.0,99.0,98.0,1.6666666666666665,3.333333333333333,0.8333333333333333,3.333333333333333,7.222222222222222,1.1111111111111112,20.0,996.21,994.11,-2.14,0.0,0.0,1
5.99,1.0,2024-01-13 04:59:00,2024-01-13 09:59:00+00:00,1705139940,KNYNEWYO1850,40.759,-73.802,America/New_York,11.0,12.0,11.0,11.0,12.0,11.0,11.0,12.0,11.0,11.0,12.0,11.0,98.0,99.0,98.0,0.8333333333333333,2.5,0.0,1.6666666666666665,5.0,0.5555555555555556,340.0,994.01,991.6,-2.45,0.0,0.0,1
1.19,0.1999999999999993,2024-01-13 05:59:00,2024-01-13 10:59:00+00:00,1705143540,KNYNEWYO1850,40.759,-73.802,America/New_York,12.0,13.0,12.0,12.0,12.0,12.0,12.0,13.0,12.0,12.0,13.0,12.0,99.0,99.0,99.0,1.1111111111111112,2.2222222222222223,0.0,2.2222222222222223,4.722222222222222,0.5555555555555556,337.0,991.6,990.11,-1.21,0.0,0.0,1
0.0,0.0,2024-01-13 06:59:00,2024-01-13 11:59:00+00:00,1705147140,KNYNEWYO1850,40.759,-73.802,America/New_York,12.0,13.0,12.0,12.0,12.0,12.0,12.0,13.0,12.0,12.0,13.0,12.0,99.0,99.0,99.0,1.3888888888888888,3.0555555555555554,0.2777777777777778,3.0555555555555554,4.722222222222222,1.1111111111111112,342.0,990.32,988.59,-1.34,0.06,0.0,1
0.0,0.0,2024-01-13 07:59:00,2024-01-13 12:59:00+00:00,1705150740,KNYNEWYO1850,40.759,-73.802,America/New_York,12.0,12.0,11.0,12.0,12.0,11.0,12.0,12.0,11.0,12.0,12.0,11.0,99.0,99.0,99.0,0.8333333333333333,2.2222222222222223,0.0,1.6666666666666665,3.0555555555555554,0.5555555555555556,337.0,989.1,988.11,-0.9,20.43,0.0,1
0.0,0.0,2024-01-13 08:59:00,2024-01-13 13:59:00+00:00,1705154340,KNYNEWYO1850,40.759,-73.802,America/New_York,12.0,12.0,12.0,12.0,12.0,12.0,12.0,12.0,12.0,12.0,12.0,12.0,99.0,99.0,99.0,0.8333333333333333,1.3888888888888888,0.0,1.3888888888888888,3.0555555555555554,0.5555555555555556,324.0,988.28,987.61,-0.38,83.55,0.0,1
1.8,0.3000000000000007,2024-01-13 09:59:00,2024-01-13 14:59:00+00:00,1705157940,KNYNEWYO1850,40.759,-73.802,America/New_York,13.0,14.0,12.0,12.0,13.0,12.0,13.0,14.0,12.0,13.0,14.0,12.0,98.0,99.0,97.0,1.3888888888888888,2.5,0.0,2.2222222222222223,4.166666666666667,1.1111111111111112,94.0,988.28,987.5,0.0,146.51,1.0,1
0.0,0.0,2024-01-13 10:59:00,2024-01-13 15:59:00+00:00,1705161540,KNYNEWYO1850,40.759,-73.802,America/New_York,15.0,15.0,14.0,11.0,13.0,9.0,15.0,15.0,14.0,15.0,15.0,14.0,80.0,97.0,72.0,2.5,4.722222222222222,0.5555555555555556,3.333333333333333,6.666666666666666,0.5555555555555556,176.0,988.22,987.61,0.1,415.34,4.0,1
0.0,0.0,2024-01-13 11:59:00,2024-01-13 16:59:00+00:00,1705165140,KNYNEWYO1850,40.759,-73.802,America/New_York,14.0,14.0,13.0,8.0,9.0,7.0,14.0,14.0,13.0,14.0,14.0,13.0,69.0,73.0,65.0,2.5,4.722222222222222,0.5555555555555556,4.722222222222222,7.222222222222222,1.3888888888888888,204.0,988.11,987.4,0.1,411.49,4.0,1
0.0,0.0,2024-01-13 12:59:00,2024-01-13 17:59:00+00:00,1705168740,KNYNEWYO1850,40.759,-73.802,America/New_York,12.0,14.0,9.0,7.0,8.0,5.0,12.0,14.0,9.0,12.0,14.0,6.0,69.0,76.0,67.0,3.333333333333333,6.944444444444445,1.1111111111111112,6.111111111111111,11.666666666666666,2.5,226.0,989.2,987.5,1.62,483.83,4.0,1
0.0,0.0,2024-01-13 13:59:00,2024-01-13 18:59:00+00:00,1705172340,KNYNEWYO1850,40.759,-73.802,America/New_York,10.0,10.0,9.0,4.0,5.0,3.0,10.0,10.0,9.0,9.0,10.0,7.0,66.0,74.0,64.0,2.7777777777777777,4.722222222222222,0.8333333333333333,5.555555555555555,8.333333333333334,2.5,188.0,990.01,988.99,0.93,389.99,3.0,1
0.0,0.0,2024-01-13 14:59:00,2024-01-13 19:59:00+00:00,1705175940,KNYNEWYO1850,40.759,-73.802,America/New_York,10.0,10.0,9.0,2.0,4.0,-1.0,10.0,10.0,9.0,8.0,10.0,6.0,61.0,69.0,50.0,3.0555555555555554,7.5,1.1111111111111112,6.111111111111111,9.722222222222221,3.0555555555555554,231.0,991.6,989.91,1.72,275.41,2.0,1
0.0,0.0,2024-01-13 15:59:00,2024-01-13 20:59:00+00:00,1705179540,KNYNEWYO1850,40.759,-73.802,America/New_York,9.0,9.0,9.0,-2.0,-1.0,-3.0,9.0,9.0,9.0,8.0,9.0,6.0,46.0,50.0,43.0,3.0555555555555554,6.111111111111111,1.1111111111111112,6.111111111111111,10.277777777777777,3.0555555555555554,220.0,993.5,991.4,1.93,171.78,1.0,1
0.0,0.0,2024-01-13 16:59:00,2024-01-13 21:59:00+00:00,1705183140,KNYNEWYO1850,40.759,-73.802,America/New_York,8.0,9.0,8.0,-5.0,-2.0,-5.0,8.0,9.0,8.0,6.0,9.0,4.0,40.0,45.0,39.0,3.888888888888889,7.5,1.1111111111111112,7.5,11.666666666666666,1.9444444444444444,245.0,995.6,993.5,1.93,47.58,0.0,1
0.0,0.0,2024-01-13 17:59:00,2024-01-13 22:59:00+00:00,1705186740,KNYNEWYO1850,40.759,-73.802,America/New_York,7.0,8.0,7.0,-5.0,-4.0,-6.0,7.0,8.0,7.0,5.0,8.0,3.0,40.0,44.0,39.0,3.611111111111111,6.111111111111111,1.1111111111111112,6.388888888888888,9.722222222222221,2.5,251.0,997.49,995.4,2.14,0.62,0.0,1
0.0,0.0,2024-01-13 18:59:00,2024-01-13 23:59:00+00:00,1705190340,KNYNEWYO1850,40.759,-73.802,America/New_York,6.0,7.0,5.0,-6.0,-6.0,-6.0,6.0,7.0,5.0,3.0,5.0,1.0,41.0,43.0,39.0,4.166666666666667,8.333333333333334,1.6666666666666665,8.055555555555555,13.88888888888889,4.166666666666667,217.0,999.29,997.29,1.72,0.0,0.0,1
0.0,0.0,2024-01-13 19:59:00,2024-01-14 00:59:00+00:00,1705193940,KNYNEWYO1850,40.759,-73.802,America/New_York,5.0,5.0,4.0,-6.0,-6.0,-6.0,5.0,5.0,4.0,2.0,4.0,1.0,45.0,48.0,43.0,3.333333333333333,6.111111111111111,1.1111111111111112,6.388888888888888,11.11111111111111,3.611111111111111,229.0,1001.02,999.19,1.89,0.0,0.0,1
0.0,0.0,2024-01-13 20:59:00,2024-01-14 01:59:00+00:00,1705197540,KNYNEWYO1850,40.759,-73.802,America/New_York,4.0,4.0,4.0,-6.0,-6.0,-7.0,4.0,4.0,4.0,2.0,4.0,0.0,45.0,47.0,45.0,2.7777777777777777,6.666666666666666,0.5555555555555556,5.277777777777778,8.61111111111111,2.5,234.0,1002.81,1001.02,1.72,0.0,0.0,1
0.0,0.0,2024-01-13 21:59:00,2024-01-14 02:59:00+00:00,1705201140,KNYNEWYO1850,40.759,-73.802,America/New_York,3.0,4.0,3.0,-7.0,-7.0,-8.0,3.0,4.0,3.0,1.0,3.0,-1.0,45.0,48.0,43.0,3.0555555555555554,5.833333333333333,1.1111111111111112,5.555555555555555,10.277777777777777,3.0555555555555554,237.0,1004.0,1002.61,1.21,0.0,0.0,1
0.0,0.0,2024-01-13 22:59:00,2024-01-14 03:59:00+00:00,1705204740,KNYNEWYO1850,40.759,-73.802,America/New_York,3.0,3.0,3.0,-8.0,-7.0,-8.0,3.0,3.0,3.0,0.0,3.0,-2.0,46.0,48.0,46.0,3.0555555555555554,5.555555555555555,0.8333333333333333,6.111111111111111,10.277777777777777,2.5,230.0,1005.38,1003.89,1.52,0.0,0.0,1
0.0,0.0,2024-01-13 23:59:00,2024-01-14 04:59:00+00:00,1705208340,KNYNEWYO1850,40.759,-73.802,America/New_York,2.0,3.0,2.0,-8.0,-8.0,-8.0,2.0,3.0,2.0,0.0,3.0,-2.0,46.0,48.0,46.0,2.5,5.277777777777778,0.5555555555555556,5.277777777777778,7.777777777777778,2.5,225.0,1006.5,1005.22,1.03,0.0,0.0,1
0.0,0.0,2024-01-14 00:59:00,2024-01-14 05:59:00+00:00,1705211940,KNYNEWYO1850,40.759,-73.802,America/New_York,2.0,2.0,2.0,-8.0,-7.0,-8.0,2.0,2.0,2.0,0.0,2.0,-3.0,48.0,51.0,47.0,2.2222222222222223,5.0,0.2777777777777778,3.611111111111111,6.666666666666666,1.3888888888888888,245.0,1007.59,1006.4,0.93,0.0,0.0,1
0.0,0.0,2024-01-14 01:59:00,2024-01-14 06:59:00+00:00,1705215540,KNYNEWYO1850,40.759,-73.802,America/New_York,2.0,2.0,2.0,-8.0,-7.0,-8.0,2.0,2.0,2.0,0.0,2.0,-3.0,49.0,52.0,47.0,2.2222222222222223,5.277777777777778,0.8333333333333333,4.722222222222222,7.777777777777778,1.9444444444444444,240.0,1008.6,1007.48,0.83,0.0,0.0,1
0.0,0.0,2024-01-14 02:59:00,2024-01-14 07:59:00+00:00,1705219140,KNYNEWYO1850,40.759,-73.802,America/New_York,1.0,2.0,1.0,-8.0,-7.0,-8.0,1.0,2.0,1.0,-1.0,2.0,-3.0,51.0,53.0,50.0,1.9444444444444444,4.166666666666667,0.5555555555555556,4.166666666666667,7.222222222222222,1.9444444444444444,227.0,1009.52,1008.4,0.72,0.0,0.0,1
0.0,0.0,2024-01-14 03:59:00,2024-01-14 08:59:00+00:00,1705222740,KNYNEWYO1850,40.759,-73.802,America/New_York,1.0,1.0,1.0,-8.0,-8.0,-8.0,1.0,1.0,1.0,-1.0,1.0,-3.0,50.0,52.0,49.0,1.9444444444444444,3.888888888888889,0.5555555555555556,3.888888888888889,9.166666666666666,1.3888888888888888,225.0,1009.79,1009.11,0.1,0.0,0.0,1
0.0,0.0,2024-01-14 04:59:00,2024-01-14 09:59:00+00:00,1705226340,KNYNEWYO1850,40.759,-73.802,America/New_York,1.0,1.0,1.0,-7.0,-7.0,-8.0,1.0,1.0,1.0,0.0,1.0,-3.0,53.0,57.0,51.0,1.3888888888888888,3.611111111111111,0.2777777777777778,3.0555555555555554,6.111111111111111,1.3888888888888888,211.0,1010.09,1009.52,0.52,0.0,0.0,1
0.0,0.0,2024-01-14 05:59:00,2024-01-14 10:59:00+00:00,1705229940,KNYNEWYO1850,40.759,-73.802,America/New_York,0.0,1.0,0.0,-6.0,-6.0,-7.0,0.0,1.0,0.0,0.0,1.0,-2.0,60.0,62.0,58.0,0.8333333333333333,1.9444444444444444,0.0,1.9444444444444444,5.0,0.5555555555555556,222.0,1010.9,1009.89,0.62,0.0,0.0,1
0.0,0.0,2024-01-14 06:59:00,2024-01-14 11:59:00+00:00,1705233540,KNYNEWYO1850,40.759,-73.802,America/New_York,0.0,1.0,0.0,-6.0,-6.0,-7.0,0.0,1.0,0.0,0.0,1.0,-3.0,60.0,62.0,59.0,1.1111111111111112,3.0555555555555554,0.0,2.2222222222222223,4.722222222222222,1.1111111111111112,194.0,1011.21,1010.5,0.1,0.18,0.0,1
0.0,0.0,2024-01-14 07:59:00,2024-01-14 12:59:00+00:00,1705237140,KNYNEWYO1850,40.759,-73.802,America/New_York,0.0,1.0,0.0,-6.0,-6.0,-6.0,0.0,1.0,0.0,0.0,1.0,-3.0,61.0,62.0,61.0,1.1111111111111112,2.5,0.0,2.2222222222222223,4.166666666666667,1.1111111111111112,215.0,1010.8,1010.3,0.0,23.3,0.0,1
0.0,0.0,2024-01-14 08:59:00,2024-01-14 13:59:00+00:00,1705240740,KNYNEWYO1850,40.759,-73.802,America/New_York,1.0,2.0,1.0,-5.0,-5.0,-6.0,1.0,2.0,1.0,0.0,2.0,-2.0,61.0,62.0,58.0,1.1111111111111112,3.0555555555555554,0.0,2.7777777777777777,4.722222222222222,1.1111111111111112,166.0,1011.11,1010.4,-0.21,107.07,1.0,1
0.0,0.0,2024-01-14 09:59:00,2024-01-14 14:59:00+00:00,1705244340,KNYNEWYO1850,40.759,-73.802,America/New_York,3.0,4.0,2.0,-5.0,-5.0,-6.0,3.0,4.0,2.0,2.0,4.0,-1.0,54.0,59.0,51.0,1.6666666666666665,3.611111111111111,0.2777777777777778,3.0555555555555554,5.0,1.3888888888888888,185.0,1010.8,1010.3,-0.1,297.57,2.0,1
0.0,0.0,2024-01-14 10:58:00,2024-01-14 15:58:00+00:00,1705247880,KNYNEWYO1850,40.759,-73.802,America/New_York,4.0,6.0,3.0,-6.0,-5.0,-6.0,4.0,6.0,3.0,3.0,6.0,0.0,48.0,53.0,45.0,1.6666666666666665,3.888888888888889,0.2777777777777778,3.611111111111111,8.61111111111111,1.1111111111111112,160.0,1010.5,1007.99,-2.28,312.13,3.0,1
0.0,0.0,2024-01-14 11:59:00,2024-01-14 16:59:00+00:00,1705251540,KNYNEWYO1850,40.759,-73.802,America/New_York,6.0,7.0,6.0,-5.0,-5.0,-6.0,6.0,7.0,6.0,5.0,7.0,3.0,43.0,45.0,42.0,1.9444444444444444,4.166666666666667,0.2777777777777778,3.888888888888889,7.222222222222222,1.3888888888888888,144.0,1008.3,1007.01,-1.0,409.83,3.0,1
0.0,0.0,2024-01-14 12:59:00,2024-01-14 17:59:00+00:00,1705255140,KNYNEWYO1850,40.759,-73.802,America/New_York,6.0,7.0,6.0,-5.0,-5.0,-6.0,6.0,7.0,6.0,5.0,7.0,3.0,43.0,46.0,41.0,2.5,4.722222222222222,0.2777777777777778,4.722222222222222,9.166666666666666,1.3888888888888888,203.0,1007.11,1005.79,-0.62,420.69,4.0,1
0.0,0.0,2024-01-14 13:59:00,2024-01-14 18:59:00+00:00,1705258740,KNYNEWYO1850,40.759,-73.802,America/New_York,3.0,6.0,2.0,-2.0,-1.0,-5.0,3.0,6.0,2.0,0.0,4.0,-2.0,67.0,79.0,46.0,3.611111111111111,6.111111111111111,1.1111111111111112,6.666666666666666,10.277777777777777,3.611111111111111,227.0,1008.7,1006.6,1.21,89.7,0.0,1
0.0,0.0,2024-01-14 14:59:00,2024-01-14 19:59:00+00:00,1705262340,KNYNEWYO1850,40.759,-73.802,America/New_York,3.0,4.0,3.0,-5.0,-4.0,-8.0,3.0,4.0,3.0,1.0,3.0,-1.0,53.0,57.0,43.0,3.0555555555555554,5.833333333333333,0.8333333333333333,5.833333333333333,9.722222222222221,1.3888888888888888,205.0,1008.81,1007.79,0.31,190.92,1.0,1
0.0,0.0,2024-01-14 15:59:00,2024-01-14 20:59:00+00:00,1705265940,KNYNEWYO1850,40.759,-73.802,America/New_York,4.0,4.0,4.0,-10.0,-8.0,-14.0,4.0,4.0,4.0,1.0,3.0,-1.0,36.0,43.0,25.0,4.166666666666667,7.5,1.6666666666666665,7.777777777777778,11.666666666666666,4.722222222222222,229.0,1010.6,1008.5,2.14,156.84,1.0,1
0.0,0.0,2024-01-14 16:12:00,2024-01-14 21:12:00+00:00,1705266720,KNYNEWYO1850,40.759,-73.802,America/New_York,4.0,4.0,3.0,-15.0,-14.0,-16.0,4.0,4.0,3.0,0.0,1.0,-2.0,23.0,25.0,23.0,5.0,7.777777777777778,2.7777777777777777,8.333333333333334,10.277777777777777,5.555555555555555,248.0,1011.21,1010.4,2.54,50.46,0.0,1
0.0,0.0,2024-01-14 17:59:00,2024-01-14 22:59:00+00:00,1705273140,KNYNEWYO1850,40.759,-73.802,America/New_York,1.0,1.0,1.0,-15.0,-15.0,-16.0,1.0,1.0,1.0,-3.0,-2.0,-4.0,29.0,30.0,28.0,3.888888888888889,5.277777777777778,2.7777777777777777,6.944444444444445,8.61111111111111,4.166666666666667,232.0,1015.92,1015.1,3.05,0.0,0.0,0
0.0,0.0,2024-01-14 18:59:00,2024-01-14 23:59:00+00:00,1705276740,KNYNEWYO1850,40.759,-73.802,America/New_York,0.0,1.0,0.0,-15.0,-15.0,-16.0,0.0,1.0,0.0,-3.0,0.0,-5.0,30.0,32.0,29.0,3.333333333333333,5.833333333333333,1.1111111111111112,6.111111111111111,8.61111111111111,3.0555555555555554,251.0,1017.31,1015.71,1.24,0.0,0.0,1
0.0,0.0,2024-01-14 19:59:00,2024-01-15 00:59:00+00:00,1705280340,KNYNEWYO1850,40.759,-73.802,America/New_York,-1.0,0.0,-1.0,-15.0,-15.0,-16.0,-1.0,0.0,-1.0,-4.0,-2.0,-5.0,31.0,33.0,31.0,2.7777777777777777,4.722222222222222,1.3888888888888888,5.0,8.333333333333334,3.0555555555555554,256.0,1018.39,1017.1,0.79,0.0,0.0,1
0.0,0.0,2024-01-14 20:59:00,2024-01-15 01:59:00+00:00,1705283940,KNYNEWYO1850,40.759,-73.802,America/New_York,-1.0,-1.0,-1.0,-15.0,-15.0,-16.0,-1.0,-1.0,-1.0,-5.0,-3.0,-7.0,33.0,34.0,32.0,2.7777777777777777,5.555555555555555,1.3888888888888888,5.0,7.777777777777778,2.5,251.0,1018.8,1017.71,0.79,0.0,0.0,1
0.0,0.0,2024-01-14 21:59:00,2024-01-15 02:59:00+00:00,1705287540,KNYNEWYO1850,40.759,-73.802,America/New_York,-2.0,-1.0,-2.0,-15.0,-15.0,-16.0,-2.0,-1.0,-2.0,-4.0,-1.0,-7.0,34.0,36.0,33.0,2.2222222222222223,4.444444444444445,0.8333333333333333,3.888888888888889,6.666666666666666,1.3888888888888888,258.0,1019.4,1018.59,0.72,0.0,0.0,1
0.0,0.0,2024-01-14 22:59:00,2024-01-15 03:59:00+00:00,1705291140,KNYNEWYO1850,40.759,-73.802,America/New_York,-2.0,-2.0,-2.0,-15.0,-15.0,-15.0,-2.0,-2.0,-2.0,-4.0,-2.0,-7.0,36.0,38.0,35.0,1.9444444444444444,3.611111111111111,0.2777777777777778,3.611111111111111,6.111111111111111,1.3888888888888888,260.0,1019.91,1019.2,0.21,0.0,0.0,1
0.0,0.0,2024-01-14 23:59:00,2024-01-15 04:59:00+00:00,1705294740,KNYNEWYO1850,40.759,-73.802,America/New_York,-3.0,-2.0,-3.0,-15.0,-14.0,-15.0,-3.0,-2.0,-3.0,-6.0,-3.0,-8.0,38.0,40.0,37.0,2.2222222222222223,3.888888888888889,0.5555555555555556,3.888888888888889,6.666666666666666,1.9444444444444444,265.0,1020.01,1019.2,0.21,0.0,0.0,1
0.0,0.0,2024-01-15 00:59:00,2024-01-15 05:59:00+00:00,1705298340,KNYNEWYO1850,40.759,-73.802,America/New_York,-3.0,-3.0,-3.0,-15.0,-15.0,-15.0,-3.0,-3.0,-3.0,-5.0,-3.0,-8.0,39.0,40.0,38.0,1.9444444444444444,3.611111111111111,0.0,3.888888888888889,5.555555555555555,1.9444444444444444,259.0,1020.89,1019.91,1.02,0.0,0.0,1
0.0,0.0,2024-01-15 01:59:00,2024-01-15 06:59:00+00:00,1705301940,KNYNEWYO1850,40.759,-73.802,America/New_York,-3.0,-3.0,-3.0,-15.0,-14.0,-15.0,-3.0,-3.0,-3.0,-4.0,-3.0,-7.0,40.0,42.0,39.0,1.3888888888888888,2.7777777777777777,0.2777777777777778,2.5,4.166666666666667,1.1111111111111112,269.0,1021.71,1020.69,0.72,0.0,0.0,1
0.0,0.0,2024-01-15 02:59:00,2024-01-15 07:59:00+00:00,1705305540,KNYNEWYO1850,40.759,-73.802,America/New_York,-4.0,-3.0,-4.0,-15.0,-14.0,-15.0,-4.0,-3.0,-4.0,-5.0,-3.0,-8.0,41.0,42.0,41.0,1.6666666666666665,3.0555555555555554,0.0,3.0555555555555554,4.166666666666667,1.3888888888888888,262.0,1022.01,1021.5,0.0,0.0,0.0,1
0.0,0.0,2024-01-15 03:59:00,2024-01-15 08:59:00+00:00,1705309140,KNYNEWYO1850,40.759,-73.802,America/New_York,-4.0,-4.0,-4.0,-14.0,-14.0,-15.0,-4.0,-4.0,-4.0,-6.0,-4.0,-9.0,43.0,45.0,42.0,1.9444444444444444,3.611111111111111,0.8333333333333333,3.333333333333333,4.722222222222222,1.3888888888888888,264.0,1021.91,1021.3,-0.31,0.0,0.0,1
0.0,0.0,2024-01-15 04:58:00,2024-01-15 09:58:00+00:00,1705312680,KNYNEWYO1850,40.759,-73.802,America/New_York,-4.0,-4.0,-4.0,-15.0,-14.0,-15.0,-4.0,-4.0,-4.0,-6.0,-4.0,-9.0,44.0,46.0,43.0,1.6666666666666665,3.0555555555555554,0.0,2.7777777777777777,4.722222222222222,1.1111111111111112,261.0,1022.38,1021.5,0.6,0.0,0.0,1
0.0,0.0,2024-01-15 05:59:00,2024-01-15 10:59:00+00:00,1705316340,KNYNEWYO1850,40.759,-73.802,America/New_York,-4.0,-4.0,-4.0,-15.0,-14.0,-16.0,-4.0,-4.0,-4.0,-5.0,-4.0,-8.0,43.0,46.0,41.0,1.1111111111111112,2.7777777777777777,0.2777777777777778,2.5,4.166666666666667,1.1111111111111112,262.0,1023.1,1022.22,0.9,0.0,0.0,1
0.0,0.0,2024-01-15 06:59:00,2024-01-15 11:59:00+00:00,1705319940,KNYNEWYO1850,40.759,-73.802,America/New_York,-4.0,-4.0,-5.0,-15.0,-14.0,-15.0,-4.0,-4.0,-5.0,-5.0,-4.0,-8.0,43.0,45.0,42.0,1.1111111111111112,1.9444444444444444,0.2777777777777778,2.5,3.611111111111111,1.1111111111111112,269.0,1023.5,1022.79,0.31,0.17,0.0,1
0.0,0.0,2024-01-15 07:59:00,2024-01-15 12:59:00+00:00,1705323540,KNYNEWYO1850,40.759,-73.802,America/New_York,-4.0,-4.0,-5.0,-14.0,-14.0,-15.0,-4.0,-4.0,-5.0,-5.0,-4.0,-8.0,46.0,47.0,43.0,1.1111111111111112,2.5,0.2777777777777778,2.2222222222222223,3.611111111111111,1.1111111111111112,263.0,1023.91,1023.2,0.31,29.16,0.0,1
0.0,0.0,2024-01-15 08:59:00,2024-01-15 13:59:00+00:00,1705327140,KNYNEWYO1850,40.759,-73.802,America/New_York,-4.0,-4.0,-4.0,-14.0,-14.0,-14.0,-4.0,-4.0,-4.0,-5.0,-4.0,-8.0,45.0,46.0,44.0,1.1111111111111112,2.2222222222222223,0.0,2.2222222222222223,3.0555555555555554,1.1111111111111112,267.0,1024.01,1023.5,-0.1,100.2,0.0,1
0.0,0.0,2024-01-15 09:59:00,2024-01-15 14:59:00+00:00,1705330740,KNYNEWYO1850,40.759,-73.802,America/New_York,-3.0,-3.0,-4.0,-14.0,-14.0,-14.0,-3.0,-3.0,-4.0,-4.0,-3.0,-8.0,43.0,45.0,42.0,1.1111111111111112,2.7777777777777777,0.0,2.2222222222222223,3.0555555555555554,1.1111111111111112,265.0,1024.59,1023.71,0.62,173.0,1.0,1
0.0,0.0,2024-01-15 10:59:00,2024-01-15 15:59:00+00:00,1705334340,KNYNEWYO1850,40.759,-73.802,America/New_York,-3.0,-3.0,-3.0,-14.0,-14.0,-15.0,-3.0,-3.0,-3.0,-3.0,-3.0,-6.0,39.0,43.0,38.0,0.8333333333333333,2.2222222222222223,0.0,1.6666666666666665,3.0555555555555554,0.5555555555555556,262.0,1024.59,1024.11,-0.31,136.14,1.0,1
0.0,0.0,2024-01-15 11:59:00,2024-01-15 16:59:00+00:00,1705337940,KNYNEWYO1850,40.759,-73.802,America/New_York,-2.0,-2.0,-3.0,-14.0,-14.0,-15.0,-2.0,-2.0,-3.0,-3.0,-2.0,-6.0,39.0,41.0,38.0,1.1111111111111112,3.0555555555555554,0.0,2.2222222222222223,4.166666666666667,0.5555555555555556,250.0,1024.21,1023.3,-0.72,156.54,1.0,1
0.0,0.0,2024-01-15 12:59:00,2024-01-15 17:59:00+00:00,1705341540,KNYNEWYO1850,40.759,-73.802,America/New_York,-2.0,-2.0,-2.0,-14.0,-14.0,-14.0,-2.0,-2.0,-2.0,-3.0,-2.0,-5.0,40.0,42.0,40.0,1.1111111111111112,2.2222222222222223,0.2777777777777778,2.5,4.166666666666667,1.1111111111111112,213.0,1023.5,1022.69,-0.52,173.85,1.0,1
0.0,0.0,2024-01-15 13:59:00,2024-01-15 18:59:00+00:00,1705345140,KNYNEWYO1850,40.759,-73.802,America/New_York,-2.0,-2.0,-2.0,-14.0,-14.0,-15.0,-2.0,-2.0,-2.0,-3.0,-2.0,-5.0,40.0,41.0,37.0,1.1111111111111112,2.2222222222222223,0.0,2.2222222222222223,3.611111111111111,1.1111111111111112,193.0,1022.89,1022.22,-0.38,118.23,1.0,1
0.0,0.0,2024-01-15 14:59:00,2024-01-15 19:59:00+00:00,1705348740,KNYNEWYO1850,40.759,-73.802,America/New_York,-2.0,-2.0,-2.0,-16.0,-15.0,-17.0,-2.0,-2.0,-2.0,-2.0,-2.0,-5.0,34.0,38.0,31.0,0.5555555555555556,2.2222222222222223,0.0,1.6666666666666665,3.0555555555555554,0.5555555555555556,249.0,1022.49,1021.91,-0.21,71.75,0.0,1
0.0,0.0,2024-01-15 15:59:00,2024-01-15 20:59:00+00:00,1705352340,KNYNEWYO1850,40.759,-73.802,America/New_York,-2.0,-2.0,-2.0,-16.0,-15.0,-17.0,-2.0,-2.0,-2.0,-2.0,-2.0,-4.0,32.0,35.0,31.0,0.8333333333333333,1.9444444444444444,0.0,1.6666666666666665,3.0555555555555554,0.5555555555555556,266.0,1022.32,1021.61,0.1,48.94,0.0,1
0.0,0.0,2024-01-15 16:59:00,2024-01-15 21:59:00+00:00,1705355940,KNYNEWYO1850,40.759,-73.802,America/New_York,-2.0,-2.0,-2.0,-15.0,-15.0,-16.0,-2.0,-2.0,-2.0,-2.0,-2.0,-4.0,35.0,36.0,34.0,0.5555555555555556,1.6666666666666665,0.0,1.3888888888888888,3.0555555555555554,0.5555555555555556,263.0,1022.22,1021.81,-0.1,19.98,0.0,1
0.0,0.0,2024-01-15 17:59:00,2024-01-15 22:59:00+00:00,1705359540,KNYNEWYO1850,40.759,-73.802,America/New_York,-2.0,-2.0,-2.0,-14.0,-13.0,-15.0,-2.0,-2.0,-2.0,-2.0,-2.0,-4.0,39.0,42.0,36.0,0.5555555555555556,1.6666666666666665,0.0,1.3888888888888888,2.5,0.5555555555555556,230.0,1022.22,1021.71,0.1,0.62,0.0,1
0.0,0.0,2024-01-15 18:59:00,2024-01-15 23:59:00+00:00,1705363140,KNYNEWYO1850,40.759,-73.802,America/New_York,-2.0,-2.0,-2.0,-12.0,-12.0,-13.0,-2.0,-2.0,-2.0,-2.0,-2.0,-2.0,43.0,45.0,42.0,0.5555555555555556,1.1111111111111112,0.0,1.1111111111111112,1.9444444444444444,0.5555555555555556,262.0,1022.11,1021.2,-0.52,0.0,0.0,1
0.0,0.0,2024-01-15 19:58:00,2024-01-16 00:58:00+00:00,1705366680,KNYNEWYO1850,40.759,-73.802,America/New_York,-2.0,-2.0,-2.0,-12.0,-11.0,-12.0,-2.0,-2.0,-2.0,-2.0,-2.0,-2.0,45.0,47.0,44.0,0.5555555555555556,1.3888888888888888,0.0,1.3888888888888888,2.5,0.5555555555555556,251.0,1022.11,1021.4,0.53,0.0,0.0,1
0.0,0.0,2024-01-15 20:59:00,2024-01-16 01:59:00+00:00,1705370340,KNYNEWYO1850,40.759,-73.802,America/New_York,-2.0,-2.0,-3.0,-9.0,-6.0,-11.0,-2.0,-2.0,-3.0,-2.0,-2.0,-5.0,56.0,76.0,47.0,0.8333333333333333,1.6666666666666665,0.0,1.6666666666666665,3.0555555555555554,0.5555555555555556,84.0,1022.32,1021.81,-0.21,0.0,0.0,1
0.0,0.0,2024-01-15 21:59:00,2024-01-16 02:59:00+00:00,1705373940,KNYNEWYO1850,40.759,-73.802,America/New_York,-3.0,-3.0,-3.0,-5.0,-5.0,-6.0,-3.0,-3.0,-3.0,-3.0,-3.0,-3.0,85.0,89.0,76.0,0.2777777777777778,1.1111111111111112,0.0,1.1111111111111112,2.5,0.5555555555555556,265.0,1022.11,1021.5,-0.32,0.0,0.0,1
0.0,0.0,2024-01-15 22:59:00,2024-01-16 03:59:00+00:00,1705377540,KNYNEWYO1850,40.759,-73.802,America/New_York,-3.0,-3.0,-3.0,-5.0,-5.0,-5.0,-3.0,-3.0,-3.0,-3.0,-3.0,-6.0,90.0,91.0,87.0,0.5555555555555556,1.3888888888888888,0.0,0.8333333333333333,1.3888888888888888,0.5555555555555556,267.0,1021.91,1021.1,-0.41,0.01,0.0,1
0.0,0.0,2024-01-15 23:59:00,2024-01-16 04:59:00+00:00,1705381140,KNYNEWYO1850,40.759,-73.802,America/New_York,-4.0,-3.0,-4.0,-5.0,-5.0,-5.0,-4.0,-3.0,-4.0,-4.0,-3.0,-4.0,91.0,93.0,91.0,0.2777777777777778,1.1111111111111112,0.0,0.5555555555555556,1.3888888888888888,0.0,296.0,1021.5,1020.12,-1.03,0.01,0.0,1
0.0,0.0,2024-01-16 00:59:00,2024-01-16 05:59:00+00:00,1705384740,KNYNEWYO1850,40.759,-73.802,America/New_York,-4.0,-4.0,-4.0,-5.0,-5.0,-5.0,-4.0,-4.0,-4.0,-4.0,-4.0,-4.0,92.0,93.0,92.0,0.2777777777777778,1.1111111111111112,0.0,0.5555555555555556,1.3888888888888888,0.0,299.0,1020.29,1019.4,-0.72,0.0,0.0,1
0.0,0.0,2024-01-16 01:59:00,2024-01-16 06:59:00+00:00,1705388340,KNYNEWYO1850,40.759,-73.802,America/New_York,-4.0,-3.0,-4.0,-5.0,-4.0,-5.0,-4.0,-3.0,-4.0,-4.0,-3.0,-4.0,92.0,93.0,92.0,0.2777777777777778,0.8333333333333333,0.0,0.5555555555555556,1.3888888888888888,0.0,318.0,1019.61,1018.59,-0.52,0.01,0.0,1
0.0,0.0,2024-01-16 02:59:00,2024-01-16 07:59:00+00:00,1705391940,KNYNEWYO1850,40.759,-73.802,America/New_York,-3.0,-3.0,-3.0,-4.0,-4.0,-5.0,-3.0,-3.0,-3.0,-3.0,-3.0,-3.0,91.0,92.0,91.0,0.2777777777777778,1.1111111111111112,0.0,0.8333333333333333,1.9444444444444444,0.0,308.0,1018.9,1017.91,-0.69,0.01,0.0,1
0.0,0.0,2024-01-16 03:59:00,2024-01-16 08:59:00+00:00,1705395540,KNYNEWYO1850,40.759,-73.802,America/New_York,-3.0,-3.0,-3.0,-4.0,-4.0,-5.0,-3.0,-3.0,-3.0,-3.0,-3.0,-3.0,92.0,93.0,91.0,0.2777777777777778,0.8333333333333333,0.0,0.5555555555555556,1.3888888888888888,0.0,319.0,1018.08,1016.7,-1.21,0.01,0.0,1
0.0,0.0,2024-01-16 04:59:00,2024-01-16 09:59:00+00:00,1705399140,KNYNEWYO1850,40.759,-73.802,America/New_York,-3.0,-3.0,-3.0,-4.0,-4.0,-4.0,-3.0,-3.0,-3.0,-3.0,-3.0,-3.0,93.0,94.0,93.0,0.2777777777777778,1.3888888888888888,0.0,1.1111111111111112,2.5,0.0,341.0,1017.1,1015.98,-1.03,0.01,0.0,1
0.0,0.0,2024-01-16 05:58:00,2024-01-16 10:58:00+00:00,1705402680,KNYNEWYO1850,40.759,-73.802,America/New_York,-3.0,-3.0,-3.0,-4.0,-4.0,-4.0,-3.0,-3.0,-3.0,-3.0,-3.0,-5.0,94.0,94.0,94.0,0.2777777777777778,1.3888888888888888,0.0,1.1111111111111112,1.9444444444444444,0.0,344.0,1016.29,1015.21,-1.12,0.01,0.0,1
0.0,0.0,2024-01-16 06:59:00,2024-01-16 11:59:00+00:00,1705406340,KNYNEWYO1850,40.759,-73.802,America/New_York,-3.0,-2.0,-3.0,-3.0,-3.0,-4.0,-3.0,-2.0,-3.0,-3.0,-2.0,-5.0,93.0,94.0,93.0,0.5555555555555556,1.3888888888888888,0.0,1.3888888888888888,1.9444444444444444,0.5555555555555556,337.0,1015.21,1013.72,-1.14,0.02,0.0,1
0.0,0.0,2024-01-16 07:59:00,2024-01-16 12:59:00+00:00,1705409940,KNYNEWYO1850,40.759,-73.802,America/New_York,-2.0,-2.0,-2.0,-3.0,-2.0,-3.0,-2.0,-2.0,-2.0,-2.0,-2.0,-2.0,94.0,95.0,94.0,0.2777777777777778,0.8333333333333333,0.0,0.8333333333333333,2.5,0.0,312.0,1014.09,1012.7,-1.41,3.69,0.0,1
0.0,0.0,2024-01-16 08:59:00,2024-01-16 13:59:00+00:00,1705413540,KNYNEWYO1850,40.759,-73.802,America/New_York,-2.0,-2.0,-2.0,-3.0,-2.0,-3.0,-2.0,-2.0,-2.0,-2.0,-2.0,-2.0,95.0,95.0,95.0,0.2777777777777778,1.1111111111111112,0.0,1.1111111111111112,2.5,0.5555555555555556,312.0,1012.6,1011.41,-1.1,12.83,0.0,1
0.0,0.0,2024-01-16 09:59:00,2024-01-16 14:59:00+00:00,1705417140,KNYNEWYO1850,40.759,-73.802,America/New_York,-1.0,-1.0,-2.0,-2.0,-2.0,-2.0,-1.0,-1.0,-2.0,-1.0,-1.0,-3.0,95.0,96.0,95.0,0.5555555555555556,1.3888888888888888,0.0,1.1111111111111112,1.9444444444444444,0.0,306.0,1011.72,1010.4,-1.34,33.89,0.0,1
0.0,0.0,2024-01-16 10:59:00,2024-01-16 15:59:00+00:00,1705420740,KNYNEWYO1850,40.759,-73.802,America/New_York,-1.0,-1.0,-1.0,-1.0,-1.0,-2.0,-1.0,-1.0,-1.0,-2.0,-1.0,-5.0,95.0,96.0,95.0,0.8333333333333333,3.611111111111111,0.0,1.9444444444444444,6.111111111111111,0.5555555555555556,305.0,1010.4,1008.3,-2.14,47.52,0.0,1
1.8,0.99,2024-01-16 11:59:00,2024-01-16 16:59:00+00:00,1705424340,KNYNEWYO1850,40.759,-73.802,America/New_York,-1.0,0.0,-1.0,-1.0,-1.0,-1.0,-1.0,0.0,-1.0,-1.0,0.0,-4.0,95.0,96.0,95.0,0.2777777777777778,2.5,0.0,1.1111111111111112,3.611111111111111,0.5555555555555556,332.0,1008.4,1005.32,-3.12,105.13,1.0,1
1.8,0.81,2024-01-16 12:59:00,2024-01-16 17:59:00+00:00,1705427940,KNYNEWYO1850,40.759,-73.802,America/New_York,0.0,0.0,0.0,-1.0,-1.0,-1.0,0.0,0.0,0.0,0.0,0.0,0.0,95.0,96.0,95.0,0.5555555555555556,1.3888888888888888,0.0,1.1111111111111112,1.9444444444444444,0.5555555555555556,327.0,1005.38,1003.79,-1.55,95.8,0.0,1
1.8,0.6900000000000002,2024-01-16 13:59:00,2024-01-16 18:59:00+00:00,1705431540,KNYNEWYO1850,40.759,-73.802,America/New_York,0.0,0.0,-1.0,-1.0,-1.0,-1.0,0.0,0.0,-1.0,-1.0,0.0,-3.0,95.0,96.0,95.0,0.8333333333333333,2.2222222222222223,0.0,1.3888888888888888,2.5,0.0,296.0,1004.2,1003.12,0.62,55.65,0.0,1
1.8,0.2999999999999998,2024-01-16 14:59:00,2024-01-16 19:59:00+00:00,1705435140,KNYNEWYO1850,40.759,-73.802,America/New_York,-1.0,-1.0,-1.0,-2.0,-1.0,-2.0,-1.0,-1.0,-1.0,-3.0,-1.0,-6.0,95.0,96.0,94.0,1.6666666666666665,3.611111111111111,0.2777777777777778,2.7777777777777777,4.722222222222222,1.3888888888888888,233.0,1004.81,1003.79,0.83,26.35,0.0,1
1.8,0.0,2024-01-16 15:59:00,2024-01-16 20:59:00+00:00,1705438740,KNYNEWYO1850,40.759,-73.802,America/New_York,-2.0,-1.0,-2.0,-3.0,-2.0,-4.0,-2.0,-1.0,-2.0,-4.0,-2.0,-7.0,93.0,95.0,92.0,1.6666666666666665,3.333333333333333,0.2777777777777778,3.333333333333333,5.555555555555555,1.1111111111111112,162.0,1005.79,1004.71,0.9,19.89,0.0,1
0.0,0.0,2024-01-16 16:59:00,2024-01-16 21:59:00+00:00,1705442340,KNYNEWYO1850,40.759,-73.802,America/New_York,-2.0,-2.0,-3.0,-3.0,-3.0,-3.0,-2.0,-2.0,-3.0,-4.0,-2.0,-6.0,93.0,95.0,92.0,1.3888888888888888,2.7777777777777777,0.2777777777777778,2.5,3.611111111111111,1.3888888888888888,162.0,1005.79,1005.38,0.0,15.08,0.0,1
0.0,0.0,2024-01-16 17:59:00,2024-01-16 22:59:00+00:00,1705445940,KNYNEWYO1850,40.759,-73.802,America/New_York,-2.0,-2.0,-2.0,-4.0,-3.0,-5.0,-2.0,-2.0,-2.0,-4.0,-2.0,-7.0,87.0,93.0,82.0,1.9444444444444444,4.166666666666667,0.8333333333333333,3.611111111111111,6.111111111111111,1.3888888888888888,162.0,1006.5,1005.38,0.83,0.47,0.0,1
0.0,0.0,2024-01-16 18:59:00,2024-01-16 23:59:00+00:00,1705449540,KNYNEWYO1850,40.759,-73.802,America/New_York,-2.0,-2.0,-2.0,-5.0,-4.0,-6.0,-2.0,-2.0,-2.0,-5.0,-2.0,-7.0,79.0,84.0,74.0,2.2222222222222223,4.444444444444445,0.8333333333333333,3.888888888888889,6.111111111111111,1.9444444444444444,163.0,1007.01,1006.4,0.42,0.0,0.0,1
0.0,0.0,2024-01-16 19:59:00,2024-01-17 00:59:00+00:00,1705453140,KNYNEWYO1850,40.759,-73.802,America/New_York,-3.0,-2.0,-3.0,-6.0,-6.0,-7.0,-3.0,-2.0,-3.0,-5.0,-2.0,-7.0,75.0,78.0,73.0,1.9444444444444444,3.333333333333333,0.8333333333333333,3.611111111111111,6.111111111111111,1.3888888888888888,163.0,1007.42,1006.81,0.41,0.0,0.0,1
0.0,0.0,2024-01-16 20:59:00,2024-01-17 01:59:00+00:00,1705456740,KNYNEWYO1850,40.759,-73.802,America/New_York,-3.0,-3.0,-3.0,-7.0,-7.0,-8.0,-3.0,-3.0,-3.0,-6.0,-3.0,-8.0,73.0,75.0,70.0,2.2222222222222223,4.166666666666667,0.8333333333333333,3.611111111111111,5.555555555555555,1.3888888888888888,163.0,1007.99,1007.11,0.48,0.0,0.0,1
0.0,0.0,2024-01-16 21:59:00,2024-01-17 02:59:00+00:00,1705460340,KNYNEWYO1850,40.759,-73.802,America/New_York,-4.0,-3.0,-4.0,-9.0,-8.0,-10.0,-4.0,-3.0,-4.0,-7.0,-4.0,-10.0,67.0,73.0,63.0,2.5,4.722222222222222,1.1111111111111112,4.166666666666667,6.111111111111111,1.9444444444444444,163.0,1009.01,1007.69,1.14,0.0,0.0,1
0.0,0.0,2024-01-16 22:59:00,2024-01-17 03:59:00+00:00,1705463940,KNYNEWYO1850,40.759,-73.802,America/New_York,-5.0,-5.0,-5.0,-11.0,-10.0,-11.0,-5.0,-5.0,-5.0,-8.0,-5.0,-10.0,63.0,64.0,62.0,2.2222222222222223,3.888888888888889,1.1111111111111112,4.166666666666667,6.111111111111111,2.5,163.0,1009.89,1008.81,0.9,0.0,0.0,1
0.0,0.0,2024-01-16 23:59:00,2024-01-17 04:59:00+00:00,1705467540,KNYNEWYO1850,40.759,-73.802,America/New_York,-5.0,-5.0,-5.0,-11.0,-10.0,-11.0,-5.0,-5.0,-5.0,-8.0,-5.0,-10.0,64.0,68.0,62.0,1.9444444444444444,3.333333333333333,0.0,3.333333333333333,4.722222222222222,1.1111111111111112,163.0,1010.6,1009.69,0.83,0.0,0.0,1
0.0,0.0,2024-01-17 00:59:00,2024-01-17 05:59:00+00:00,1705471140,KNYNEWYO1850,40.759,-73.802,America/New_York,-6.0,-5.0,-6.0,-11.0,-11.0,-12.0,-6.0,-5.0,-6.0,-9.0,-6.0,-11.0,64.0,67.0,63.0,2.5,4.444444444444445,0.8333333333333333,4.166666666666667,6.111111111111111,1.9444444444444444,163.0,1011.01,1010.4,0.1,0.0,0.0,1
0.0,0.0,2024-01-17 01:59:00,2024-01-17 06:59:00+00:00,1705474740,KNYNEWYO1850,40.759,-73.802,America/New_York,-6.0,-6.0,-6.0,-11.0,-11.0,-11.0,-6.0,-6.0,-6.0,-9.0,-6.0,-12.0,65.0,67.0,64.0,1.9444444444444444,4.166666666666667,0.8333333333333333,3.611111111111111,5.555555555555555,1.9444444444444444,230.0,1011.72,1011.01,0.31,0.0,0.0,1
0.0,0.0,2024-01-17 02:59:00,2024-01-17 07:59:00+00:00,1705478340,KNYNEWYO1850,40.759,-73.802,America/New_York,-6.0,-6.0,-6.0,-11.0,-11.0,-12.0,-6.0,-6.0,-6.0,-9.0,-6.0,-11.0,66.0,69.0,65.0,1.9444444444444444,3.333333333333333,0.5555555555555556,3.333333333333333,5.555555555555555,1.1111111111111112,272.0,1011.72,1011.21,-0.1,0.0,0.0,1
0.0,0.0,2024-01-17 03:59:00,2024-01-17 08:59:00+00:00,1705481940,KNYNEWYO1850,40.759,-73.802,America/New_York,-6.0,-6.0,-7.0,-11.0,-11.0,-12.0,-6.0,-6.0,-7.0,-9.0,-6.0,-13.0,67.0,69.0,65.0,1.9444444444444444,5.277777777777778,0.8333333333333333,3.888888888888889,7.222222222222222,1.9444444444444444,266.0,1011.62,1011.31,-0.1,0.0,0.0,1
0.0,0.0,2024-01-17 04:58:00,2024-01-17 09:58:00+00:00,1705485480,KNYNEWYO1850,40.759,-73.802,America/New_York,-7.0,-7.0,-7.0,-12.0,-12.0,-12.0,-7.0,-7.0,-7.0,-9.0,-7.0,-13.0,66.0,68.0,65.0,1.9444444444444444,4.166666666666667,0.0,3.333333333333333,5.555555555555555,1.3888888888888888,264.0,1011.99,1011.41,0.49,0.0,0.0,1
0.0,0.0,2024-01-17 05:59:00,2024-01-17 10:59:00+00:00,1705489140,KNYNEWYO1850,40.759,-73.802,America/New_York,-7.0,-7.0,-7.0,-12.0,-12.0,-13.0,-7.0,-7.0,-7.0,-11.0,-7.0,-13.0,65.0,68.0,63.0,2.5,4.166666666666667,0.5555555555555556,4.166666666666667,6.111111111111111,2.5,266.0,1012.9,1012.09,0.72,0.0,0.0,1
0.0,0.0,2024-01-17 06:59:00,2024-01-17 11:59:00+00:00,1705492740,KNYNEWYO1850,40.759,-73.802,America/New_York,-7.0,-7.0,-8.0,-13.0,-12.0,-13.0,-7.0,-7.0,-8.0,-11.0,-7.0,-14.0,64.0,66.0,62.0,2.2222222222222223,4.722222222222222,1.1111111111111112,4.166666666666667,8.333333333333334,1.9444444444444444,261.0,1013.88,1012.7,0.72,0.21,0.0,1
0.0,0.0,2024-01-17 07:59:00,2024-01-17 12:59:00+00:00,1705496340,KNYNEWYO1850,40.759,-73.802,America/New_York,-8.0,-7.0,-8.0,-13.0,-12.0,-14.0,-8.0,-7.0,-8.0,-11.0,-7.0,-14.0,64.0,67.0,63.0,2.2222222222222223,3.888888888888889,0.2777777777777778,3.888888888888889,5.555555555555555,1.3888888888888888,258.0,1014.09,1013.51,0.59,20.63,0.0,1
0.0,0.0,2024-01-17 08:59:00,2024-01-17 13:59:00+00:00,1705499940,KNYNEWYO1850,40.759,-73.802,America/New_York,-7.0,-7.0,-8.0,-13.0,-13.0,-14.0,-7.0,-7.0,-8.0,-11.0,-7.0,-13.0,64.0,66.0,62.0,2.2222222222222223,3.611111111111111,0.8333333333333333,3.888888888888889,5.0,2.5,260.0,1014.9,1014.09,0.62,125.52,1.0,1
0.0,0.0,2024-01-17 09:59:00,2024-01-17 14:59:00+00:00,1705503540,KNYNEWYO1850,40.759,-73.802,America/New_York,-7.0,-7.0,-7.0,-13.0,-12.0,-13.0,-7.0,-7.0,-7.0,-10.0,-7.0,-13.0,62.0,64.0,61.0,2.2222222222222223,4.166666666666667,0.5555555555555556,4.166666666666667,6.111111111111111,1.3888888888888888,253.0,1015.31,1014.49,0.52,153.23,1.0,1
0.0,0.0,2024-01-17 10:59:00,2024-01-17 15:59:00+00:00,1705507140,KNYNEWYO1850,40.759,-73.802,America/New_York,-7.0,-6.0,-7.0,-13.0,-13.0,-14.0,-7.0,-6.0,-7.0,-10.0,-6.0,-12.0,59.0,62.0,56.0,2.2222222222222223,3.611111111111111,0.8333333333333333,4.166666666666667,6.666666666666666,2.5,244.0,1015.61,1015.1,0.21,311.03,3.0,1
0.0,0.0,2024-01-17 11:59:00,2024-01-17 16:59:00+00:00,1705510740,KNYNEWYO1850,40.759,-73.802,America/New_York,-6.0,-6.0,-6.0,-14.0,-14.0,-15.0,-6.0,-6.0,-6.0,-10.0,-6.0,-12.0,51.0,56.0,47.0,2.5,4.722222222222222,1.1111111111111112,4.444444444444445,6.666666666666666,2.5,265.0,1015.51,1014.39,-0.52,367.79,3.0,1
0.0,0.0,2024-01-17 12:58:00,2024-01-17 17:58:00+00:00,1705514280,KNYNEWYO1850,40.759,-73.802,America/New_York,-5.0,-5.0,-6.0,-16.0,-15.0,-17.0,-5.0,-5.0,-6.0,-9.0,-5.0,-12.0,43.0,48.0,39.0,3.0555555555555554,5.277777777777778,0.8333333333333333,5.555555555555555,8.61111111111111,3.611111111111111,254.0,1014.6,1013.61,-0.81,370.4,3.0,1
0.0,0.0,2024-01-17 13:59:00,2024-01-17 18:59:00+00:00,1705517940,KNYNEWYO1850,40.759,-73.802,America/New_York,-4.0,-3.0,-5.0,-16.0,-15.0,-17.0,-4.0,-3.0,-5.0,-8.0,-4.0,-10.0,39.0,43.0,36.0,2.5,4.444444444444445,0.8333333333333333,5.0,7.777777777777778,2.5,237.0,1014.19,1013.51,-0.21,356.51,3.0,1
0.0,0.0,2024-01-17 14:59:00,2024-01-17 19:59:00+00:00,1705521540,KNYNEWYO1850,40.759,-73.802,America/New_York,-4.0,-3.0,-4.0,-16.0,-15.0,-17.0,-4.0,-3.0,-4.0,-7.0,-4.0,-10.0,37.0,41.0,35.0,2.5,5.0,0.5555555555555556,4.722222222222222,7.222222222222222,1.3888888888888888,248.0,1014.09,1013.41,0.38,287.55,2.0,1
0.0,0.0,2024-01-17 15:59:00,2024-01-17 20:59:00+00:00,1705525140,KNYNEWYO1850,40.759,-73.802,America/New_York,-4.0,-4.0,-5.0,-17.0,-16.0,-18.0,-4.0,-4.0,-5.0,-8.0,-4.0,-10.0,36.0,39.0,33.0,2.5,4.722222222222222,0.5555555555555556,4.722222222222222,7.222222222222222,1.9444444444444444,239.0,1015.1,1013.82,1.03,178.29,1.0,1
0.0,0.0,2024-01-17 16:59:00,2024-01-17 21:59:00+00:00,1705528740,KNYNEWYO1850,40.759,-73.802,America/New_York,-5.0,-4.0,-5.0,-17.0,-16.0,-17.0,-5.0,-4.0,-5.0,-7.0,-4.0,-10.0,37.0,40.0,36.0,1.9444444444444444,3.888888888888889,0.5555555555555556,3.888888888888889,6.111111111111111,1.9444444444444444,208.0,1015.31,1014.8,0.41,53.66,0.0,1
0.0,0.0,2024-01-17 17:58:00,2024-01-17 22:58:00+00:00,1705532280,KNYNEWYO1850,40.759,-73.802,America/New_York,-5.0,-5.0,-5.0,-17.0,-16.0,-17.0,-5.0,-5.0,-5.0,-8.0,-5.0,-10.0,38.0,41.0,37.0,1.9444444444444444,4.166666666666667,0.5555555555555556,3.888888888888889,6.666666666666666,1.3888888888888888,205.0,1016.49,1015.21,1.12,1.7,0.0,1
0.0,0.0,2024-01-17 18:59:00,2024-01-17 23:59:00+00:00,1705535940,KNYNEWYO1850,40.759,-73.802,America/New_York,-5.0,-5.0,-5.0,-17.0,-16.0,-17.0,-5.0,-5.0,-5.0,-8.0,-5.0,-10.0,39.0,43.0,37.0,2.2222222222222223,4.444444444444445,0.2777777777777778,4.166666666666667,7.777777777777778,1.9444444444444444,206.0,1017.51,1016.39,0.83,0.0,0.0,1
0.0,0.0,2024-01-17 19:59:00,2024-01-18 00:59:00+00:00,1705539540,KNYNEWYO1850,40.759,-73.802,America/New_York,-5.0,-5.0,-5.0,-16.0,-15.0,-17.0,-5.0,-5.0,-5.0,-8.0,-5.0,-10.0,41.0,45.0,38.0,1.9444444444444444,4.166666666666667,0.2777777777777778,3.611111111111111,6.111111111111111,1.3888888888888888,209.0,1017.61,1017.1,0.1,0.0,0.0,1
0.0,0.0,2024-01-17 20:59:00,2024-01-18 01:59:00+00:00,1705543140,KNYNEWYO1850,40.759,-73.802,America/New_York,-5.0,-5.0,-5.0,-16.0,-15.0,-16.0,-5.0,-5.0,-5.0,-7.0,-5.0,-11.0,41.0,44.0,40.0,1.9444444444444444,4.444444444444445,0.8333333333333333,3.611111111111111,6.666666666666666,1.3888888888888888,203.0,1018.19,1017.1,1.1,0.0,0.0,1
0.0,0.0,2024-01-17 21:59:00,2024-01-18 02:59:00+00:00,1705546740,KNYNEWYO1850,40.759,-73.802,America/New_York,-5.0,-5.0,-5.0,-16.0,-15.0,-17.0,-5.0,-5.0,-5.0,-7.0,-5.0,-10.0,41.0,44.0,39.0,1.6666666666666665,3.333333333333333,0.2777777777777778,3.611111111111111,6.666666666666666,1.1111111111111112,225.0,1019.2,1018.02,0.83,0.0,0.0,1
0.0,0.0,2024-01-17 22:59:00,2024-01-18 03:59:00+00:00,1705550340,KNYNEWYO1850,40.759,-73.802,America/New_York,-5.0,-5.0,-5.0,-16.0,-15.0,-16.0,-5.0,-5.0,-5.0,-7.0,-5.0,-10.0,42.0,44.0,40.0,1.6666666666666665,4.166666666666667,0.2777777777777778,3.333333333333333,6.111111111111111,0.5555555555555556,210.0,1020.01,1018.9,0.83,0.0,0.0,1
0.0,0.0,2024-01-17 23:58:00,2024-01-18 04:58:00+00:00,1705553880,KNYNEWYO1850,40.759,-73.802,America/New_York,-5.0,-5.0,-5.0,-16.0,-16.0,-16.0,-5.0,-5.0,-5.0,-6.0,-5.0,-9.0,41.0,43.0,40.0,1.3888888888888888,3.0555555555555554,0.2777777777777778,2.5,4.722222222222222,1.1111111111111112,229.0,1020.12,1019.61,0.32,0.0,0.0,1
0.0,0.0,2024-01-18 00:59:00,2024-01-18 05:59:00+00:00,1705557540,KNYNEWYO1850,40.759,-73.802,America/New_York,-5.0,-5.0,-5.0,-16.0,-15.0,-16.0,-5.0,-5.0,-5.0,-6.0,-5.0,-10.0,41.0,44.0,41.0,1.3888888888888888,3.0555555555555554,0.2777777777777778,2.7777777777777777,4.166666666666667,1.1111111111111112,206.0,1020.12,1019.71,0.21,0.0,0.0,1
0.0,0.0,2024-01-18 01:59:00,2024-01-18 06:59:00+00:00,1705561140,KNYNEWYO1850,40.759,-73.802,America/New_York,-5.0,-5.0,-5.0,-15.0,-15.0,-16.0,-5.0,-5.0,-5.0,-6.0,-5.0,-9.0,43.0,46.0,42.0,1.1111111111111112,2.2222222222222223,0.2777777777777778,2.7777777777777777,4.722222222222222,1.1111111111111112,225.0,1020.49,1019.71,0.28,0.0,0.0,1
0.0,0.0,2024-01-18 02:59:00,2024-01-18 07:59:00+00:00,1705564740,KNYNEWYO1850,40.759,-73.802,America/New_York,-5.0,-5.0,-5.0,-16.0,-15.0,-16.0,-5.0,-5.0,-5.0,-6.0,-5.0,-10.0,43.0,46.0,42.0,1.1111111111111112,3.0555555555555554,0.0,2.5,4.166666666666667,0.5555555555555556,211.0,1020.79,1020.39,0.21,0.0,0.0,1
0.0,0.0,2024-01-18 03:59:00,2024-01-18 08:59:00+00:00,1705568340,KNYNEWYO1850,40.759,-73.802,America/New_York,-5.0,-5.0,-5.0,-15.0,-15.0,-16.0,-5.0,-5.0,-5.0,-7.0,-5.0,-10.0,43.0,46.0,41.0,1.6666666666666665,3.611111111111111,0.0,3.333333333333333,6.111111111111111,1.1111111111111112,230.0,1021.0,1020.49,0.0,0.0,0.0,1
0.0,0.0,2024-01-18 04:59:00,2024-01-18 09:59:00+00:00,1705571940,KNYNEWYO1850,40.759,-73.802,America/New_York,-4.0,-4.0,-5.0,-16.0,-15.0,-16.0,-4.0,-4.0,-5.0,-7.0,-4.0,-10.0,39.0,42.0,39.0,1.9444444444444444,4.166666666666667,0.5555555555555556,4.166666666666667,7.222222222222222,1.3888888888888888,254.0,1020.89,1020.12,-0.41,0.0,0.0,1
0.0,0.0,2024-01-18 05:59:00,2024-01-18 10:59:00+00:00,1705575540,KNYNEWYO1850,40.759,-73.802,America/New_York,-4.0,-4.0,-4.0,-15.0,-14.0,-16.0,-4.0,-4.0,-4.0,-6.0,-4.0,-8.0,41.0,44.0,39.0,1.3888888888888888,2.7777777777777777,0.2777777777777778,2.7777777777777777,4.722222222222222,1.1111111111111112,251.0,1020.89,1020.22,0.38,0.0,0.0,1
0.0,0.0,2024-01-18 06:59:00,2024-01-18 11:59:00+00:00,1705579140,KNYNEWYO1850,40.759,-73.802,America/New_York,-4.0,-4.0,-4.0,-15.0,-15.0,-15.0,-4.0,-4.0,-4.0,-5.0,-4.0,-8.0,43.0,44.0,41.0,1.1111111111111112,2.5,0.0,2.5,4.722222222222222,1.1111111111111112,219.0,1021.1,1020.29,0.1,0.13,0.0,1
0.0,0.0,2024-01-18 07:59:00,2024-01-18 12:59:00+00:00,1705582740,KNYNEWYO1850,40.759,-73.802,America/New_York,-4.0,-4.0,-4.0,-14.0,-14.0,-15.0,-4.0,-4.0,-4.0,-5.0,-4.0,-8.0,45.0,48.0,42.0,1.1111111111111112,2.2222222222222223,0.0,2.2222222222222223,4.166666666666667,0.5555555555555556,200.0,1021.4,1020.59,0.52,15.71,0.0,1
0.0,0.0,2024-01-18 08:59:00,2024-01-18 13:59:00+00:00,1705586340,KNYNEWYO1850,40.759,-73.802,America/New_York,-4.0,-3.0,-4.0,-14.0,-13.0,-14.0,-4.0,-3.0,-4.0,-4.0,-4.0,-8.0,46.0,49.0,45.0,0.8333333333333333,2.5,0.0,1.6666666666666665,3.611111111111111,0.5555555555555556,211.0,1022.11,1021.1,1.03,49.98,0.0,1
0.0,0.0,2024-01-18 09:59:00,2024-01-18 14:59:00+00:00,1705589940,KNYNEWYO1850,40.759,-73.802,America/New_York,-3.0,-2.0,-3.0,-13.0,-13.0,-14.0,-3.0,-2.0,-3.0,-4.0,-2.0,-7.0,44.0,48.0,42.0,1.1111111111111112,2.7777777777777777,0.0,2.2222222222222223,4.166666666666667,0.5555555555555556,230.0,1022.38,1021.91,0.0,95.61,0.0,1
0.0,0.0,2024-01-18 10:58:00,2024-01-18 15:58:00+00:00,1705593480,KNYNEWYO1850,40.759,-73.802,America/New_York,-2.0,-2.0,-2.0,-13.0,-13.0,-14.0,-2.0,-2.0,-2.0,-3.0,-2.0,-5.0,41.0,43.0,39.0,1.1111111111111112,2.7777777777777777,0.2777777777777778,2.2222222222222223,4.166666666666667,1.1111111111111112,229.0,1021.91,1021.1,-0.53,124.81,1.0,1
0.0,0.0,2024-01-18 11:58:00,2024-01-18 16:58:00+00:00,1705597080,KNYNEWYO1850,40.759,-73.802,America/New_York,-1.0,-1.0,-2.0,-12.0,-9.0,-13.0,-1.0,-1.0,-2.0,-3.0,-1.0,-6.0,46.0,59.0,41.0,1.6666666666666665,3.888888888888889,0.5555555555555556,3.611111111111111,7.222222222222222,1.3888888888888888,225.0,1021.71,1021.2,-0.21,133.07,1.0,1
0.0,0.0,2024-01-18 12:59:00,2024-01-18 17:59:00+00:00,1705600740,KNYNEWYO1850,40.759,-73.802,America/New_York,-2.0,-2.0,-3.0,-9.0,-8.0,-9.0,-2.0,-2.0,-3.0,-4.0,-2.0,-6.0,61.0,64.0,57.0,1.6666666666666665,3.333333333333333,0.2777777777777778,3.333333333333333,5.0,1.3888888888888888,246.0,1021.4,1019.61,-1.44,149.63,1.0,1
0.0,0.0,2024-01-18 13:59:00,2024-01-18 18:59:00+00:00,1705604340,KNYNEWYO1850,40.759,-73.802,America/New_York,-1.0,-1.0,-2.0,-9.0,-8.0,-10.0,-1.0,-1.0,-2.0,-2.0,-1.0,-5.0,54.0,59.0,49.0,1.1111111111111112,2.5,0.0,2.2222222222222223,3.0555555555555554,0.5555555555555556,229.0,1019.61,1018.49,-0.95,142.33,1.0,1
0.0,0.0,2024-01-18 14:59:00,2024-01-18 19:59:00+00:00,1705607940,KNYNEWYO1850,40.759,-73.802,America/New_York,0.0,0.0,-1.0,-10.0,-10.0,-11.0,0.0,0.0,-1.0,-1.0,0.0,-4.0,46.0,50.0,45.0,1.1111111111111112,2.7777777777777777,0.0,2.5,4.166666666666667,1.1111111111111112,211.0,1018.9,1017.71,-0.41,193.65,1.0,1
0.0,0.0,2024-01-18 15:58:00,2024-01-18 20:58:00+00:00,1705611480,KNYNEWYO1850,40.759,-73.802,America/New_York,0.0,0.0,0.0,-10.0,-9.0,-11.0,0.0,0.0,0.0,0.0,0.0,-2.0,47.0,49.0,45.0,0.5555555555555556,1.3888888888888888,0.0,1.6666666666666665,3.0555555555555554,0.5555555555555556,204.0,1018.19,1016.9,-0.91,102.68,1.0,1
0.0,0.0,2024-01-18 16:59:00,2024-01-18 21:59:00+00:00,1705615140,KNYNEWYO1850,40.759,-73.802,America/New_York,0.0,0.0,0.0,-9.0,-8.0,-9.0,0.0,0.0,0.0,0.0,0.0,-2.0,51.0,55.0,49.0,0.2777777777777778,1.3888888888888888,0.0,1.1111111111111112,1.9444444444444444,0.0,253.0,1017.2,1016.7,-0.31,29.72,0.0,1
0.0,0.0,2024-01-18 17:59:00,2024-01-18 22:59:00+00:00,1705618740,KNYNEWYO1850,40.759,-73.802,America/New_York,0.0,0.0,0.0,-8.0,-8.0,-9.0,0.0,0.0,0.0,0.0,0.0,-2.0,52.0,54.0,50.0,0.8333333333333333,1.6666666666666665,0.0,1.6666666666666665,3.0555555555555554,0.5555555555555556,221.0,1017.81,1016.9,0.32,0.72,0.0,1
0.0,0.0,2024-01-18 18:59:00,2024-01-18 23:59:00+00:00,1705622340,KNYNEWYO1850,40.759,-73.802,America/New_York,0.0,1.0,0.0,-9.0,-8.0,-9.0,0.0,1.0,0.0,0.0,1.0,-1.0,50.0,52.0,49.0,0.5555555555555556,1.6666666666666665,0.0,1.3888888888888888,2.5,0.5555555555555556,244.0,1018.02,1017.31,0.41,0.0,0.0,1
0.0,0.0,2024-01-18 19:59:00,2024-01-19 00:59:00+00:00,1705625940,KNYNEWYO1850,40.759,-73.802,America/New_York,0.0,1.0,0.0,-8.0,-8.0,-9.0,0.0,1.0,0.0,0.0,1.0,-1.0,52.0,55.0,49.0,0.5555555555555556,1.6666666666666665,0.0,1.1111111111111112,2.5,0.5555555555555556,223.0,1018.08,1017.51,0.21,0.0,0.0,1
0.0,0.0,2024-01-18 20:59:00,2024-01-19 01:59:00+00:00,1705629540,KNYNEWYO1850,40.759,-73.802,America/New_York,0.0,0.0,0.0,-8.0,-8.0,-8.0,0.0,0.0,0.0,0.0,0.0,-2.0,52.0,55.0,52.0,0.8333333333333333,1.9444444444444444,0.0,1.6666666666666665,3.0555555555555554,0.5555555555555556,229.0,1018.29,1017.41,-0.41,0.0,0.0,1
0.0,0.0,2024-01-18 21:59:00,2024-01-19 02:59:00+00:00,1705633140,KNYNEWYO1850,40.759,-73.802,America/New_York,0.0,0.0,0.0,-8.0,-8.0,-9.0,0.0,0.0,0.0,0.0,0.0,0.0,53.0,55.0,51.0,0.2777777777777778,1.1111111111111112,0.0,0.5555555555555556,1.3888888888888888,0.0,266.0,1017.71,1016.19,-1.14,0.0,0.0,1
0.0,0.0,2024-01-18 22:59:00,2024-01-19 03:59:00+00:00,1705636740,KNYNEWYO1850,40.759,-73.802,America/New_York,0.0,0.0,0.0,-8.0,-8.0,-8.0,0.0,0.0,0.0,0.0,0.0,0.0,54.0,56.0,53.0,0.0,0.2777777777777778,0.0,0.2777777777777778,1.1111111111111112,0.0,310.0,1016.39,1015.71,-0.48,0.0,0.0,1
0.0,0.0,2024-01-18 23:59:00,2024-01-19 04:59:00+00:00,1705640340,KNYNEWYO1850,40.759,-73.802,America/New_York,0.0,1.0,0.0,-7.0,-7.0,-9.0,0.0,1.0,0.0,0.0,1.0,0.0,55.0,58.0,50.0,0.0,0.5555555555555556,0.0,0.2777777777777778,1.1111111111111112,0.0,299.0,1015.98,1015.31,-0.31,0.0,0.0,1
0.0,0.0,2024-01-19 00:59:00,2024-01-19 05:59:00+00:00,1705643940,KNYNEWYO1850,40.759,-73.802,America/New_York,0.0,0.0,0.0,-7.0,-7.0,-8.0,0.0,0.0,0.0,0.0,0.0,0.0,57.0,59.0,55.0,0.0,0.5555555555555556,0.0,0.2777777777777778,1.1111111111111112,0.0,325.0,1015.41,1014.09,-1.03,0.0,0.0,1
0.0,0.0,2024-01-19 01:59:00,2024-01-19 06:59:00+00:00,1705647540,KNYNEWYO1850,40.759,-73.802,America/New_York,-1.0,0.0,-1.0,-7.0,-7.0,-8.0,-1.0,0.0,-1.0,-1.0,0.0,-1.0,60.0,64.0,57.0,0.0,0.2777777777777778,0.0,0.2777777777777778,0.5555555555555556,0.0,314.0,1014.8,1013.72,-0.52,0.0,0.0,1
0.0,0.0,2024-01-19 02:59:00,2024-01-19 07:59:00+00:00,1705651140,KNYNEWYO1850,40.759,-73.802,America/New_York,-1.0,-1.0,-1.0,-7.0,-7.0,-7.0,-1.0,-1.0,-1.0,-1.0,-1.0,-1.0,62.0,65.0,61.0,0.2777777777777778,0.8333333333333333,0.0,0.5555555555555556,1.3888888888888888,0.0,331.0,1014.19,1013.31,-0.69,0.0,0.0,1
0.0,0.0,2024-01-19 03:59:00,2024-01-19 08:59:00+00:00,1705654740,KNYNEWYO1850,40.759,-73.802,America/New_York,-1.0,-1.0,-1.0,-7.0,-7.0,-7.0,-1.0,-1.0,-1.0,-1.0,-1.0,-1.0,62.0,64.0,60.0,0.2777777777777778,0.8333333333333333,0.0,0.5555555555555556,1.1111111111111112,0.0,339.0,1013.51,1012.5,-0.83,0.0,0.0,1
0.0,0.0,2024-01-19 04:59:00,2024-01-19 09:59:00+00:00,1705658340,KNYNEWYO1850,40.759,-73.802,America/New_York,-1.0,-1.0,-1.0,-7.0,-7.0,-7.0,-1.0,-1.0,-1.0,-1.0,-1.0,-1.0,62.0,63.0,61.0,0.0,0.8333333333333333,0.0,0.5555555555555556,1.1111111111111112,0.0,336.0,1012.7,1012.09,0.0,0.0,0.0,1
0.0,0.0,2024-01-19 05:59:00,2024-01-19 10:59:00+00:00,1705661940,KNYNEWYO1850,40.759,-73.802,America/New_York,-1.0,-1.0,-1.0,-7.0,-7.0,-8.0,-1.0,-1.0,-1.0,-1.0,-1.0,-1.0,60.0,62.0,59.0,0.2777777777777778,0.8333333333333333,0.0,0.5555555555555556,1.9444444444444444,0.0,331.0,1012.5,1011.72,-0.59,0.0,0.0,1
0.0,0.0,2024-01-19 06:59:00,2024-01-19 11:59:00+00:00,1705665540,KNYNEWYO1850,40.759,-73.802,America/New_York,-1.0,-1.0,-1.0,-7.0,-7.0,-8.0,-1.0,-1.0,-1.0,-1.0,-1.0,-3.0,62.0,65.0,60.0,0.2777777777777778,1.3888888888888888,0.0,1.1111111111111112,2.5,0.0,329.0,1011.99,1010.8,-0.9,0.12,0.0,1
0.0,0.0,2024-01-19 07:59:00,2024-01-19 12:59:00+00:00,1705669140,KNYNEWYO1850,40.759,-73.802,America/New_York,-1.0,-1.0,-2.0,-7.0,-6.0,-7.0,-1.0,-1.0,-2.0,-2.0,-1.0,-4.0,67.0,70.0,65.0,0.5555555555555556,1.6666666666666665,0.0,1.6666666666666665,3.611111111111111,0.5555555555555556,343.0,1011.11,1010.19,-0.62,19.91,0.0,1
0.0,0.0,2024-01-19 08:59:00,2024-01-19 13:59:00+00:00,1705672740,KNYNEWYO1850,40.759,-73.802,America/New_York,-1.0,-1.0,-1.0,-5.0,-5.0,-6.0,-1.0,-1.0,-1.0,-1.0,-1.0,-4.0,72.0,73.0,71.0,0.5555555555555556,2.5,0.0,1.6666666666666665,3.611111111111111,0.5555555555555556,346.0,1010.5,1010.09,0.1,94.14,0.0,1
0.0,0.0,2024-01-19 09:59:00,2024-01-19 14:59:00+00:00,1705676340,KNYNEWYO1850,40.759,-73.802,America/New_York,-1.0,-1.0,-1.0,-4.0,-3.0,-5.0,-1.0,-1.0,-1.0,-1.0,-1.0,-3.0,77.0,83.0,73.0,0.5555555555555556,1.3888888888888888,0.0,1.3888888888888888,2.5,0.5555555555555556,336.0,1010.6,1009.69,-0.52,118.97,1.0,1
0.0,0.0,2024-01-19 10:59:00,2024-01-19 15:59:00+00:00,1705679940,KNYNEWYO1850,40.759,-73.802,America/New_York,-1.0,-1.0,-2.0,-4.0,-3.0,-4.0,-1.0,-1.0,-2.0,-1.0,-1.0,-3.0,84.0,85.0,83.0,0.5555555555555556,1.6666666666666665,0.0,1.6666666666666665,3.0555555555555554,0.5555555555555556,334.0,1010.09,1008.7,-1.1,202.35,1.0,1
0.0,0.0,2024-01-19 11:59:00,2024-01-19 16:59:00+00:00,1705683540,KNYNEWYO1850,40.759,-73.802,America/New_York,-1.0,-1.0,-2.0,-3.0,-3.0,-4.0,-1.0,-1.0,-2.0,-2.0,-1.0,-4.0,88.0,92.0,84.0,0.5555555555555556,1.6666666666666665,0.0,1.3888888888888888,3.611111111111111,0.0,327.0,1009.01,1007.21,-1.72,149.64,1.0,1
0.0,0.0,2024-01-19 12:59:00,2024-01-19 17:59:00+00:00,1705687140,KNYNEWYO1850,40.759,-73.802,America/New_York,-2.0,-2.0,-2.0,-3.0,-3.0,-3.0,-2.0,-2.0,-2.0,-2.0,-2.0,-4.0,91.0,92.0,90.0,0.5555555555555556,1.6666666666666665,0.0,1.3888888888888888,1.9444444444444444,0.5555555555555556,312.0,1007.42,1006.2,-1.24,93.95,0.0,1
0.0,0.0,2024-01-19 13:58:00,2024-01-19 18:58:00+00:00,1705690680,KNYNEWYO1850,40.759,-73.802,America/New_York,-2.0,-2.0,-2.0,-3.0,-3.0,-4.0,-2.0,-2.0,-2.0,-2.0,-2.0,-5.0,90.0,91.0,90.0,0.5555555555555556,1.6666666666666665,0.0,1.6666666666666665,3.611111111111111,0.5555555555555556,317.0,1006.4,1005.89,-0.32,67.05,0.0,1
0.0,0.0,2024-01-19 14:59:00,2024-01-19 19:59:00+00:00,1705694340,KNYNEWYO1850,40.759,-73.802,America/New_York,-2.0,-2.0,-2.0,-4.0,-3.0,-4.0,-2.0,-2.0,-2.0,-2.0,-2.0,-5.0,88.0,90.0,86.0,0.8333333333333333,2.5,0.0,1.6666666666666665,3.0555555555555554,0.0,312.0,1006.3,1005.79,-0.1,75.4,0.0,1
0.0,0.0,2024-01-19 15:59:00,2024-01-19 20:59:00+00:00,1705697940,KNYNEWYO1850,40.759,-73.802,America/New_York,-2.0,-2.0,-2.0,-4.0,-3.0,-4.0,-2.0,-2.0,-2.0,-2.0,-2.0,-4.0,86.0,88.0,82.0,0.5555555555555556,1.6666666666666665,0.0,1.1111111111111112,2.5,0.0,299.0,1006.5,1005.99,0.31,41.89,0.0,1
0.0,0.0,2024-01-19 16:59:00,2024-01-19 21:59:00+00:00,1705701540,KNYNEWYO1850,40.759,-73.802,America/New_York,-2.0,-2.0,-2.0,-4.0,-4.0,-5.0,-2.0,-2.0,-2.0,-2.0,-2.0,-5.0,83.0,86.0,81.0,0.8333333333333333,1.9444444444444444,0.0,1.6666666666666665,4.166666666666667,0.0,298.0,1007.42,1006.2,0.93,31.82,0.0,1
0.0,0.0,2024-01-19 17:59:00,2024-01-19 22:59:00+00:00,1705705140,KNYNEWYO1850,40.759,-73.802,America/New_York,-2.0,-2.0,-3.0,-4.0,-4.0,-5.0,-2.0,-2.0,-3.0,-3.0,-2.0,-7.0,85.0,87.0,81.0,1.3888888888888888,3.333333333333333,0.2777777777777778,2.7777777777777777,5.0,1.1111111111111112,291.0,1008.4,1007.11,1.1,0.88,0.0,1
0.0,0.0,2024-01-19 18:59:00,2024-01-19 23:59:00+00:00,1705708740,KNYNEWYO1850,40.759,-73.802,America/New_York,-3.0,-2.0,-3.0,-6.0,-5.0,-7.0,-3.0,-2.0,-3.0,-3.0,-2.0,-5.0,76.0,82.0,74.0,1.1111111111111112,1.9444444444444444,0.0,2.2222222222222223,4.166666666666667,0.0,290.0,1009.01,1008.09,0.52,0.0,0.0,1
0.0,0.0,2024-01-19 19:59:00,2024-01-20 00:59:00+00:00,1705712340,KNYNEWYO1850,40.759,-73.802,America/New_York,-3.0,-3.0,-3.0,-7.0,-6.0,-7.0,-3.0,-3.0,-3.0,-3.0,-3.0,-6.0,75.0,77.0,73.0,0.8333333333333333,2.5,0.2777777777777778,1.6666666666666665,3.0555555555555554,0.5555555555555556,292.0,1009.21,1008.6,0.1,0.01,0.0,1
0.0,0.0,2024-01-19 20:59:00,2024-01-20 01:59:00+00:00,1705715940,KNYNEWYO1850,40.759,-73.802,America/New_York,-3.0,-3.0,-3.0,-7.0,-7.0,-7.0,-3.0,-3.0,-3.0,-4.0,-3.0,-7.0,75.0,76.0,74.0,1.1111111111111112,2.5,0.0,2.2222222222222223,4.722222222222222,1.1111111111111112,277.0,1009.58,1008.91,0.21,0.0,0.0,1
0.0,0.0,2024-01-19 21:59:00,2024-01-20 02:59:00+00:00,1705719540,KNYNEWYO1850,40.759,-73.802,America/New_York,-3.0,-3.0,-3.0,-7.0,-6.0,-7.0,-3.0,-3.0,-3.0,-4.0,-3.0,-6.0,77.0,80.0,76.0,0.8333333333333333,2.2222222222222223,0.0,1.6666666666666665,3.0555555555555554,0.5555555555555556,279.0,1009.69,1009.41,0.07,0.0,0.0,1
0.0,0.0,2024-01-19 22:59:00,2024-01-20 03:59:00+00:00,1705723140,KNYNEWYO1850,40.759,-73.802,America/New_York,-3.0,-3.0,-3.0,-7.0,-6.0,-8.0,-3.0,-3.0,-3.0,-5.0,-3.0,-8.0,76.0,80.0,68.0,1.6666666666666665,3.888888888888889,0.0,2.5,5.0,0.5555555555555556,265.0,1010.19,1009.41,0.62,0.0,0.0,1
0.0,0.0,2024-01-19 23:59:00,2024-01-20 04:59:00+00:00,1705726740,KNYNEWYO1850,40.759,-73.802,America/New_York,-3.0,-3.0,-3.0,-8.0,-7.0,-9.0,-3.0,-3.0,-3.0,-6.0,-3.0,-8.0,67.0,72.0,63.0,2.2222222222222223,4.166666666666667,0.8333333333333333,3.888888888888889,6.111111111111111,1.9444444444444444,262.0,1010.6,1010.09,0.31,0.0,0.0,1
0.0,0.0,2024-01-20 00:59:00,2024-01-20 05:59:00+00:00,1705730340,KNYNEWYO1850,40.759,-73.802,America/New_York,-4.0,-3.0,-4.0,-11.0,-9.0,-12.0,-4.0,-3.0,-4.0,-8.0,-3.0,-10.0,59.0,64.0,55.0,2.7777777777777777,5.277777777777778,0.5555555555555556,5.0,7.777777777777778,3.0555555555555554,253.0,1010.9,1010.19,0.41,0.0,0.0,1
0.0,0.0,2024-01-20 01:59:00,2024-01-20 06:59:00+00:00,1705733940,KNYNEWYO1850,40.759,-73.802,America/New_York,-5.0,-4.0,-5.0,-12.0,-11.0,-12.0,-5.0,-4.0,-5.0,-8.0,-4.0,-10.0,56.0,60.0,53.0,2.5,4.444444444444445,0.8333333333333333,4.722222222222222,8.61111111111111,1.9444444444444444,267.0,1011.41,1010.7,0.0,0.0,0.0,1
0.0,0.0,2024-01-20 02:59:00,2024-01-20 07:59:00+00:00,1705737540,KNYNEWYO1850,40.759,-73.802,America/New_York,-6.0,-5.0,-6.0,-13.0,-12.0,-14.0,-6.0,-5.0,-6.0,-11.0,-6.0,-13.0,56.0,59.0,54.0,3.333333333333333,5.277777777777778,1.1111111111111112,5.833333333333333,7.777777777777778,2.5,260.0,1011.99,1011.31,0.11,0.0,0.0,1
0.0,0.0,2024-01-20 03:59:00,2024-01-20 08:59:00+00:00,1705741140,KNYNEWYO1850,40.759,-73.802,America/New_York,-7.0,-6.0,-7.0,-14.0,-13.0,-14.0,-7.0,-6.0,-7.0,-11.0,-7.0,-14.0,56.0,61.0,54.0,3.0555555555555554,6.388888888888888,1.1111111111111112,5.555555555555555,8.61111111111111,2.5,259.0,1011.99,1011.41,0.18,0.0,0.0,1
0.0,0.0,2024-01-20 04:59:00,2024-01-20 09:59:00+00:00,1705744740,KNYNEWYO1850,40.759,-73.802,America/New_York,-7.0,-7.0,-8.0,-14.0,-13.0,-14.0,-7.0,-7.0,-8.0,-12.0,-7.0,-15.0,60.0,62.0,59.0,2.7777777777777777,5.555555555555555,1.3888888888888888,5.0,8.61111111111111,2.5,259.0,1012.7,1011.79,0.93,0.0,0.0,1
0.0,0.0,2024-01-20 05:59:00,2024-01-20 10:59:00+00:00,1705748340,KNYNEWYO1850,40.759,-73.802,America/New_York,-8.0,-8.0,-8.0,-14.0,-14.0,-14.0,-8.0,-8.0,-8.0,-13.0,-8.0,-15.0,61.0,62.0,60.0,3.333333333333333,6.388888888888888,1.3888888888888888,5.555555555555555,8.333333333333334,3.0555555555555554,260.0,1013.51,1012.6,0.83,0.0,0.0,1
0.0,0.0,2024-01-20 06:59:00,2024-01-20 11:59:00+00:00,1705751940,KNYNEWYO1850,40.759,-73.802,America/New_York,-8.0,-8.0,-8.0,-14.0,-14.0,-14.0,-8.0,-8.0,-8.0,-13.0,-8.0,-15.0,61.0,63.0,60.0,3.0555555555555554,5.555555555555555,1.3888888888888888,5.555555555555555,8.61111111111111,3.611111111111111,261.0,1013.88,1013.31,0.52,0.29,0.0,1
0.0,0.0,2024-01-20 07:59:00,2024-01-20 12:59:00+00:00,1705755540,KNYNEWYO1850,40.759,-73.802,America/New_York,-8.0,-8.0,-8.0,-14.0,-13.0,-14.0,-8.0,-8.0,-8.0,-12.0,-8.0,-15.0,61.0,63.0,60.0,3.0555555555555554,5.0,1.3888888888888888,5.277777777777778,6.666666666666666,2.5,262.0,1013.88,1013.51,0.1,24.07,0.0,1
0.0,0.0,2024-01-20 08:59:00,2024-01-20 13:59:00+00:00,1705759140,KNYNEWYO1850,40.759,-73.802,America/New_York,-7.0,-7.0,-8.0,-14.0,-14.0,-14.0,-7.0,-7.0,-8.0,-11.0,-7.0,-14.0,59.0,61.0,57.0,2.5,4.722222222222222,0.8333333333333333,5.0,8.333333333333334,2.5,273.0,1014.09,1013.61,0.28,114.35,1.0,1
0.0,0.0,2024-01-20 09:59:00,2024-01-20 14:59:00+00:00,1705762740,KNYNEWYO1850,40.759,-73.802,America/New_York,-7.0,-6.0,-7.0,-14.0,-14.0,-14.0,-7.0,-6.0,-7.0,-11.0,-7.0,-14.0,55.0,58.0,54.0,3.333333333333333,5.0,0.8333333333333333,5.833333333333333,8.333333333333334,2.5,263.0,1014.19,1013.72,0.0,234.63,2.0,1
0.0,0.0,2024-01-20 10:59:00,2024-01-20 15:59:00+00:00,1705766340,KNYNEWYO1850,40.759,-73.802,America/New_York,-6.0,-5.0,-6.0,-14.0,-13.0,-14.0,-6.0,-5.0,-6.0,-9.0,-5.0,-11.0,52.0,55.0,51.0,2.2222222222222223,3.888888888888889,0.8333333333333333,4.444444444444445,6.666666666666666,2.5,261.0,1014.19,1013.72,0.0,326.88,3.0,1
0.0,0.0,2024-01-20 11:59:00,2024-01-20 16:59:00+00:00,1705769940,KNYNEWYO1850,40.759,-73.802,America/New_York,-5.0,-5.0,-5.0,-14.0,-13.0,-15.0,-5.0,-5.0,-5.0,-9.0,-5.0,-12.0,49.0,52.0,47.0,3.0555555555555554,6.388888888888888,1.3888888888888888,5.555555555555555,9.166666666666666,3.0555555555555554,266.0,1013.82,1013.0,-0.63,426.77,4.0,1
0.0,0.0,2024-01-20 12:59:00,2024-01-20 17:59:00+00:00,1705773540,KNYNEWYO1850,40.759,-73.802,America/New_York,-4.0,-4.0,-5.0,-14.0,-13.0,-14.0,-4.0,-4.0,-5.0,-9.0,-7.0,-11.0,48.0,51.0,46.0,2.7777777777777777,5.0,1.3888888888888888,5.277777777777778,7.222222222222222,3.611111111111111,252.0,1013.11,1012.29,-0.52,534.3,5.0,1
0.0,0.0,2024-01-20 13:59:00,2024-01-20 18:59:00+00:00,1705777140,KNYNEWYO1850,40.759,-73.802,America/New_York,-4.0,-4.0,-5.0,-14.0,-13.0,-15.0,-4.0,-4.0,-5.0,-9.0,-5.0,-11.0,47.0,51.0,45.0,3.0555555555555554,5.277777777777778,1.1111111111111112,5.277777777777778,7.222222222222222,2.5,259.0,1012.7,1012.19,0.21,385.22,3.0,1
0.0,0.0,2024-01-20 14:59:00,2024-01-20 19:59:00+00:00,1705780740,KNYNEWYO1850,40.759,-73.802,America/New_York,-4.0,-4.0,-5.0,-14.0,-13.0,-14.0,-4.0,-4.0,-5.0,-8.0,-5.0,-10.0,47.0,50.0,45.0,2.7777777777777777,4.166666666666667,0.8333333333333333,5.0,6.666666666666666,3.0555555555555554,259.0,1013.0,1012.5,0.21,411.43,4.0,1
0.0,0.0,2024-01-20 15:59:00,2024-01-20 20:59:00+00:00,1705784340,KNYNEWYO1850,40.759,-73.802,America/New_York,-5.0,-5.0,-5.0,-14.0,-13.0,-14.0,-5.0,-5.0,-5.0,-9.0,-5.0,-11.0,48.0,50.0,48.0,3.333333333333333,5.555555555555555,1.1111111111111112,6.111111111111111,8.333333333333334,3.611111111111111,257.0,1013.88,1013.0,0.72,100.82,0.0,1
0.0,0.0,2024-01-20 16:59:00,2024-01-20 21:59:00+00:00,1705787940,KNYNEWYO1850,40.759,-73.802,America/New_York,-5.0,-5.0,-6.0,-14.0,-14.0,-15.0,-5.0,-5.0,-6.0,-10.0,-6.0,-13.0,50.0,52.0,49.0,3.333333333333333,6.666666666666666,1.3888888888888888,6.111111111111111,8.333333333333334,3.0555555555555554,256.0,1015.0,1013.72,1.02,53.63,0.0,1
0.0,0.0,2024-01-20 17:59:00,2024-01-20 22:59:00+00:00,1705791540,KNYNEWYO1850,40.759,-73.802,America/New_York,-6.0,-6.0,-6.0,-14.0,-14.0,-15.0,-6.0,-6.0,-6.0,-11.0,-6.0,-14.0,52.0,53.0,50.0,3.611111111111111,6.666666666666666,1.3888888888888888,6.666666666666666,9.722222222222221,3.611111111111111,258.0,1015.71,1014.8,0.72,1.43,0.0,1
0.0,0.0,2024-01-20 18:59:00,2024-01-20 23:59:00+00:00,1705795140,KNYNEWYO1850,40.759,-73.802,America/New_York,-6.0,-6.0,-7.0,-14.0,-14.0,-15.0,-6.0,-6.0,-7.0,-12.0,-9.0,-14.0,52.0,54.0,52.0,3.611111111111111,5.833333333333333,1.6666666666666665,6.388888888888888,8.61111111111111,4.166666666666667,257.0,1016.19,1015.51,0.48,0.0,0.0,1
0.0,0.0,2024-01-20 19:59:00,2024-01-21 00:59:00+00:00,1705798740,KNYNEWYO1850,40.759,-73.802,America/New_York,-7.0,-6.0,-7.0,-14.0,-14.0,-15.0,-7.0,-6.0,-7.0,-12.0,-7.0,-15.0,54.0,55.0,53.0,3.611111111111111,7.5,0.8333333333333333,6.666666666666666,10.277777777777777,3.0555555555555554,256.0,1016.49,1015.92,-0.1,0.0,0.0,1
0.0,0.0,2024-01-20 20:59:00,2024-01-21 01:59:00+00:00,1705802340,KNYNEWYO1850,40.759,-73.802,America/New_York,-7.0,-7.0,-7.0,-14.0,-14.0,-15.0,-7.0,-7.0,-7.0,-12.0,-10.0,-14.0,55.0,58.0,54.0,3.611111111111111,5.833333333333333,1.6666666666666665,6.388888888888888,10.833333333333334,4.722222222222222,255.0,1016.8,1015.98,0.52,0.0,0.0,1
0.0,0.0,2024-01-20 21:59:00,2024-01-21 02:59:00+00:00,1705805940,KNYNEWYO1850,40.759,-73.802,America/New_York,-7.0,-7.0,-7.0,-13.0,-13.0,-14.0,-7.0,-7.0,-7.0,-12.0,-7.0,-14.0,58.0,60.0,57.0,3.333333333333333,6.111111111111111,1.1111111111111112,5.555555555555555,9.166666666666666,3.0555555555555554,260.0,1017.61,1016.59,0.93,0.0,0.0,1
0.0,0.0,2024-01-20 22:59:00,2024-01-21 03:59:00+00:00,1705809540,KNYNEWYO1850,40.759,-73.802,America/New_York,-7.0,-7.0,-7.0,-13.0,-13.0,-13.0,-7.0,-7.0,-7.0,-11.0,-7.0,-13.0,60.0,62.0,60.0,2.7777777777777777,4.722222222222222,0.5555555555555556,5.0,8.333333333333334,1.3888888888888888,263.0,1017.91,1017.31,0.21,0.0,0.0,1
0.0,0.0,2024-01-20 23:59:00,2024-01-21 04:59:00+00:00,1705813140,KNYNEWYO1850,40.759,-73.802,America/New_York,-7.0,-6.0,-7.0,-13.0,-13.0,-13.0,-7.0,-6.0,-7.0,-11.0,-6.0,-14.0,59.0,61.0,59.0,2.7777777777777777,6.111111111111111,0.2777777777777778,5.277777777777778,7.777777777777778,3.611111111111111,264.0,1018.29,1017.61,0.28,0.0,0.0,1
0.0,0.0,2024-01-21 00:59:00,2024-01-21 05:59:00+00:00,1705816740,KNYNEWYO1850,40.759,-73.802,America/New_York,-6.0,-6.0,-6.0,-13.0,-12.0,-13.0,-6.0,-6.0,-6.0,-11.0,-6.0,-14.0,60.0,63.0,59.0,3.0555555555555554,6.388888888888888,1.1111111111111112,5.833333333333333,8.333333333333334,2.5,258.0,1018.69,1017.91,0.53,0.0,0.0,1
0.0,0.0,2024-01-21 01:59:00,2024-01-21 06:59:00+00:00,1705820340,KNYNEWYO1850,40.759,-73.802,America/New_York,-6.0,-6.0,-6.0,-12.0,-12.0,-12.0,-6.0,-6.0,-6.0,-10.0,-6.0,-13.0,63.0,64.0,62.0,2.5,5.0,0.8333333333333333,4.722222222222222,7.777777777777778,1.9444444444444444,265.0,1019.81,1018.49,1.05,0.0,0.0,1
0.0,0.0,2024-01-21 02:59:00,2024-01-21 07:59:00+00:00,1705823940,KNYNEWYO1850,40.759,-73.802,America/New_York,-6.0,-6.0,-6.0,-12.0,-12.0,-12.0,-6.0,-6.0,-6.0,-10.0,-6.0,-12.0,63.0,64.0,62.0,2.2222222222222223,4.166666666666667,0.2777777777777778,4.166666666666667,6.666666666666666,1.9444444444444444,264.0,1020.22,1019.51,0.41,0.0,0.0,1
0.0,0.0,2024-01-21 03:59:00,2024-01-21 08:59:00+00:00,1705827540,KNYNEWYO1850,40.759,-73.802,America/New_York,-6.0,-6.0,-6.0,-12.0,-12.0,-13.0,-6.0,-6.0,-6.0,-10.0,-6.0,-13.0,61.0,63.0,59.0,2.7777777777777777,5.555555555555555,1.1111111111111112,4.722222222222222,6.666666666666666,2.5,257.0,1020.59,1019.81,0.59,0.0,0.0,1
0.0,0.0,2024-01-21 04:59:00,2024-01-21 09:59:00+00:00,1705831140,KNYNEWYO1850,40.759,-73.802,America/New_York,-6.0,-6.0,-6.0,-13.0,-12.0,-13.0,-6.0,-6.0,-6.0,-10.0,-6.0,-13.0,59.0,60.0,58.0,2.5,5.277777777777778,0.8333333333333333,5.0,8.333333333333334,2.5,259.0,1021.71,1020.29,1.24,0.0,0.0,1
0.0,0.0,2024-01-21 05:59:00,2024-01-21 10:59:00+00:00,1705834740,KNYNEWYO1850,40.759,-73.802,America/New_York,-6.0,-6.0,-6.0,-13.0,-13.0,-13.0,-6.0,-6.0,-6.0,-10.0,-6.0,-13.0,58.0,60.0,57.0,2.5,5.277777777777778,1.1111111111111112,5.0,8.61111111111111,2.5,255.0,1022.89,1021.5,1.21,0.0,0.0,1
0.0,0.0,2024-01-21 06:59:00,2024-01-21 11:59:00+00:00,1705838340,KNYNEWYO1850,40.759,-73.802,America/New_York,-7.0,-6.0,-7.0,-13.0,-13.0,-14.0,-7.0,-6.0,-7.0,-11.0,-7.0,-13.0,58.0,59.0,57.0,2.7777777777777777,4.722222222222222,1.1111111111111112,5.0,6.666666666666666,2.5,263.0,1023.81,1022.59,1.03,0.31,0.0,1
0.0,0.0,2024-01-21 07:59:00,2024-01-21 12:59:00+00:00,1705841940,KNYNEWYO1850,40.759,-73.802,America/New_York,-7.0,-7.0,-7.0,-14.0,-13.0,-14.0,-7.0,-7.0,-7.0,-10.0,-7.0,-13.0,57.0,59.0,55.0,2.5,5.0,0.5555555555555556,4.722222222222222,8.333333333333334,1.9444444444444444,255.0,1024.89,1023.71,1.1,22.82,0.0,1
0.0,0.0,2024-01-21 08:59:00,2024-01-21 13:59:00+00:00,1705845540,KNYNEWYO1850,40.759,-73.802,America/New_York,-6.0,-6.0,-7.0,-14.0,-14.0,-14.0,-6.0,-6.0,-7.0,-10.0,-6.0,-14.0,53.0,57.0,51.0,2.7777777777777777,5.833333333333333,0.8333333333333333,5.0,7.777777777777778,2.5,261.0,1025.6,1024.69,0.62,117.81,1.0,1
0.0,0.0,2024-01-21 09:59:00,2024-01-21 14:59:00+00:00,1705849140,KNYNEWYO1850,40.759,-73.802,America/New_York,-6.0,-5.0,-6.0,-14.0,-14.0,-15.0,-6.0,-5.0,-6.0,-10.0,-6.0,-13.0,49.0,52.0,48.0,3.333333333333333,6.111111111111111,1.1111111111111112,6.111111111111111,9.166666666666666,2.5,259.0,1026.31,1025.4,0.41,238.48,2.0,1
0.0,0.0,2024-01-21 10:59:00,2024-01-21 15:59:00+00:00,1705852740,KNYNEWYO1850,40.759,-73.802,America/New_York,-5.0,-4.0,-5.0,-14.0,-13.0,-14.0,-5.0,-4.0,-5.0,-9.0,-4.0,-11.0,48.0,49.0,47.0,3.0555555555555554,6.666666666666666,1.1111111111111112,5.555555555555555,9.166666666666666,2.5,259.0,1026.79,1026.01,0.39,334.41,3.0,1
0.0,0.0,2024-01-21 11:59:00,2024-01-21 16:59:00+00:00,1705856340,KNYNEWYO1850,40.759,-73.802,America/New_York,-4.0,-3.0,-4.0,-14.0,-13.0,-14.0,-4.0,-3.0,-4.0,-9.0,-5.0,-10.0,46.0,47.0,45.0,3.888888888888889,6.666666666666666,1.3888888888888888,6.944444444444445,9.722222222222221,4.166666666666667,257.0,1026.89,1025.7,-1.0,381.97,3.0,1
0.0,0.0,2024-01-21 12:59:00,2024-01-21 17:59:00+00:00,1705859940,KNYNEWYO1850,40.759,-73.802,America/New_York,-3.0,-2.0,-3.0,-13.0,-13.0,-14.0,-3.0,-2.0,-3.0,-7.0,-5.0,-8.0,44.0,47.0,43.0,3.0555555555555554,5.0,1.3888888888888888,5.277777777777778,7.777777777777778,3.0555555555555554,260.0,1026.11,1025.3,-0.41,385.62,3.0,1
0.0,0.0,2024-01-21 13:59:00,2024-01-21 18:59:00+00:00,1705863540,KNYNEWYO1850,40.759,-73.802,America/New_York,-2.0,-1.0,-2.0,-13.0,-12.0,-13.0,-2.0,-1.0,-2.0,-5.0,-2.0,-7.0,42.0,44.0,41.0,3.0555555555555554,5.277777777777778,0.2777777777777778,5.277777777777778,7.222222222222222,2.5,261.0,1025.8,1025.09,0.11,374.21,3.0,1
0.0,0.0,2024-01-21 14:59:00,2024-01-21 19:59:00+00:00,1705867140,KNYNEWYO1850,40.759,-73.802,America/New_York,-1.0,0.0,-1.0,-12.0,-11.0,-13.0,-1.0,0.0,-1.0,-5.0,-1.0,-7.0,41.0,44.0,40.0,3.333333333333333,6.111111111111111,1.1111111111111112,5.833333333333333,9.166666666666666,3.0555555555555554,259.0,1025.91,1025.4,0.32,307.17,2.0,1
0.0,0.0,2024-01-21 15:59:00,2024-01-21 20:59:00+00:00,1705870740,KNYNEWYO1850,40.759,-73.802,America/New_York,-1.0,0.0,-1.0,-12.0,-11.0,-12.0,-1.0,0.0,-1.0,-4.0,0.0,-6.0,42.0,44.0,41.0,3.333333333333333,5.0,1.1111111111111112,5.555555555555555,8.61111111111111,3.0555555555555554,250.0,1027.09,1025.8,1.1,195.54,1.0,1
0.0,0.0,2024-01-21 16:59:00,2024-01-21 21:59:00+00:00,1705874340,KNYNEWYO1850,40.759,-73.802,America/New_York,-1.0,-1.0,-2.0,-12.0,-12.0,-12.0,-1.0,-1.0,-2.0,-5.0,-1.0,-7.0,44.0,46.0,43.0,2.7777777777777777,5.833333333333333,0.8333333333333333,5.0,7.777777777777778,3.611111111111111,255.0,1028.01,1026.89,1.07,59.9,0.0,1
0.0,0.0,2024-01-21 17:59:00,2024-01-21 22:59:00+00:00,1705877940,KNYNEWYO1850,40.759,-73.802,America/New_York,-2.0,-2.0,-2.0,-12.0,-11.0,-12.0,-2.0,-2.0,-2.0,-4.0,-2.0,-6.0,46.0,48.0,45.0,1.9444444444444444,3.888888888888889,0.8333333333333333,3.611111111111111,5.555555555555555,1.3888888888888888,260.0,1028.99,1027.8,1.23,2.69,0.0,1
0.0,0.0,2024-01-21 18:59:00,2024-01-21 23:59:00+00:00,1705881540,KNYNEWYO1850,40.759,-73.802,America/New_York,-2.0,-2.0,-2.0,-12.0,-11.0,-12.0,-2.0,-2.0,-2.0,-5.0,-2.0,-8.0,47.0,49.0,45.0,2.5,5.555555555555555,0.8333333333333333,4.444444444444445,7.222222222222222,1.9444444444444444,259.0,1029.8,1028.99,0.52,0.0,0.0,1
0.0,0.0,2024-01-21 19:59:00,2024-01-22 00:59:00+00:00,1705885140,KNYNEWYO1850,40.759,-73.802,America/New_York,-2.0,-2.0,-3.0,-12.0,-12.0,-12.0,-2.0,-2.0,-3.0,-6.0,-2.0,-8.0,48.0,49.0,47.0,2.5,4.444444444444445,0.8333333333333333,4.444444444444445,7.777777777777778,2.5,257.0,1030.21,1029.6,0.53,0.0,0.0,1
0.0,0.0,2024-01-21 20:59:00,2024-01-22 01:59:00+00:00,1705888740,KNYNEWYO1850,40.759,-73.802,America/New_York,-3.0,-3.0,-3.0,-12.0,-12.0,-13.0,-3.0,-3.0,-3.0,-6.0,-3.0,-8.0,47.0,49.0,46.0,2.2222222222222223,4.444444444444445,0.5555555555555556,3.888888888888889,6.111111111111111,1.3888888888888888,265.0,1030.82,1029.9,0.72,0.0,0.0,1
0.0,0.0,2024-01-21 21:59:00,2024-01-22 02:59:00+00:00,1705892340,KNYNEWYO1850,40.759,-73.802,America/New_York,-3.0,-3.0,-3.0,-12.0,-12.0,-13.0,-3.0,-3.0,-3.0,-5.0,-3.0,-9.0,49.0,51.0,47.0,1.6666666666666665,5.833333333333333,0.2777777777777778,3.333333333333333,7.222222222222222,0.5555555555555556,262.0,1031.49,1030.61,0.63,0.0,0.0,1
0.0,0.0,2024-01-21 22:59:00,2024-01-22 03:59:00+00:00,1705895940,KNYNEWYO1850,40.759,-73.802,America/New_York,-4.0,-3.0,-4.0,-12.0,-12.0,-13.0,-4.0,-3.0,-4.0,-7.0,-4.0,-9.0,51.0,54.0,49.0,2.2222222222222223,4.166666666666667,0.8333333333333333,3.888888888888889,6.111111111111111,1.9444444444444444,263.0,1032.0,1031.29,0.42,0.0,0.0,1
0.0,0.0,2024-01-21 23:59:00,2024-01-22 04:59:00+00:00,1705899540,KNYNEWYO1850,40.759,-73.802,America/New_York,-4.0,-4.0,-4.0,-11.0,-11.0,-12.0,-4.0,-4.0,-4.0,-6.0,-4.0,-9.0,56.0,58.0,54.0,1.9444444444444444,3.888888888888889,0.5555555555555556,3.888888888888889,5.555555555555555,1.9444444444444444,264.0,1032.41,1031.6,0.21,0.0,0.0,1
0.0,0.0,2024-01-22 00:59:00,2024-01-22 05:59:00+00:00,1705903140,KNYNEWYO1850,40.759,-73.802,America/New_York,-4.0,-4.0,-4.0,-11.0,-10.0,-11.0,-4.0,-4.0,-4.0,-7.0,-4.0,-9.0,58.0,60.0,58.0,2.2222222222222223,4.166666666666667,1.1111111111111112,3.888888888888889,5.555555555555555,2.5,258.0,1032.92,1032.21,0.64,0.0,0.0,1
0.0,0.0,2024-01-22 01:59:00,2024-01-22 06:59:00+00:00,1705906740,KNYNEWYO1850,40.759,-73.802,America/New_York,-4.0,-4.0,-4.0,-10.0,-10.0,-11.0,-4.0,-4.0,-4.0,-5.0,-4.0,-8.0,60.0,62.0,60.0,0.8333333333333333,3.0555555555555554,0.0,1.9444444444444444,5.0,0.5555555555555556,271.0,1032.81,1032.31,0.32,0.0,0.0,1
0.0,0.0,2024-01-22 02:58:00,2024-01-22 07:58:00+00:00,1705910280,KNYNEWYO1850,40.759,-73.802,America/New_York,-4.0,-4.0,-4.0,-10.0,-10.0,-10.0,-4.0,-4.0,-4.0,-5.0,-4.0,-8.0,61.0,62.0,61.0,1.1111111111111112,2.7777777777777777,0.0,2.2222222222222223,3.611111111111111,0.5555555555555556,276.0,1033.39,1032.61,0.32,0.0,0.0,1
0.0,0.0,2024-01-22 03:59:00,2024-01-22 08:59:00+00:00,1705913940,KNYNEWYO1850,40.759,-73.802,America/New_York,-4.0,-4.0,-4.0,-10.0,-10.0,-10.0,-4.0,-4.0,-4.0,-5.0,-4.0,-8.0,63.0,65.0,62.0,0.8333333333333333,2.5,0.0,1.9444444444444444,3.611111111111111,0.5555555555555556,278.0,1033.49,1032.41,0.21,0.0,0.0,1
0.0,0.0,2024-01-22 04:59:00,2024-01-22 09:59:00+00:00,1705917540,KNYNEWYO1850,40.759,-73.802,America/New_York,-4.0,-4.0,-4.0,-10.0,-10.0,-10.0,-4.0,-4.0,-4.0,-4.0,-4.0,-7.0,64.0,66.0,63.0,0.8333333333333333,2.2222222222222223,0.0,1.6666666666666665,5.0,0.5555555555555556,275.0,1033.39,1032.61,-0.6,0.0,0.0,1
0.0,0.0,2024-01-22 05:59:00,2024-01-22 10:59:00+00:00,1705921140,KNYNEWYO1850,40.759,-73.802,America/New_York,-4.0,-4.0,-5.0,-10.0,-9.0,-10.0,-4.0,-4.0,-5.0,-4.0,-4.0,-7.0,65.0,67.0,64.0,0.5555555555555556,1.6666666666666665,0.0,1.1111111111111112,3.0555555555555554,0.0,285.0,1033.29,1032.71,0.07,0.0,0.0,1
0.0,0.0,2024-01-22 06:59:00,2024-01-22 11:59:00+00:00,1705924740,KNYNEWYO1850,40.759,-73.802,America/New_York,-4.0,-3.0,-5.0,-9.0,-9.0,-10.0,-4.0,-3.0,-5.0,-4.0,-3.0,-5.0,67.0,69.0,66.0,0.2777777777777778,1.3888888888888888,0.0,0.5555555555555556,1.9444444444444444,0.0,281.0,1033.9,1033.09,0.72,0.44,0.0,1
0.0,0.0,2024-01-22 07:59:00,2024-01-22 12:59:00+00:00,1705928340,KNYNEWYO1850,40.759,-73.802,America/New_York,-3.0,-3.0,-4.0,-9.0,-9.0,-9.0,-3.0,-3.0,-4.0,-4.0,-3.0,-7.0,64.0,66.0,63.0,0.8333333333333333,1.9444444444444444,0.0,1.9444444444444444,3.0555555555555554,1.1111111111111112,272.0,1034.0,1033.59,0.1,23.72,0.0,1
0.0,0.0,2024-01-22 08:59:00,2024-01-22 13:59:00+00:00,1705931940,KNYNEWYO1850,40.759,-73.802,America/New_York,-3.0,-2.0,-3.0,-9.0,-9.0,-9.0,-3.0,-2.0,-3.0,-3.0,-2.0,-6.0,61.0,64.0,59.0,0.5555555555555556,1.9444444444444444,0.0,1.3888888888888888,3.0555555555555554,0.0,276.0,1034.3,1033.7,0.1,118.71,1.0,1
0.0,0.0,2024-01-22 09:59:00,2024-01-22 14:59:00+00:00,1705935540,KNYNEWYO1850,40.759,-73.802,America/New_York,-2.0,-1.0,-2.0,-9.0,-9.0,-9.0,-2.0,-1.0,-2.0,-2.0,-1.0,-5.0,57.0,59.0,56.0,1.1111111111111112,2.5,0.0,2.2222222222222223,3.611111111111111,1.1111111111111112,276.0,1034.51,1033.9,0.1,237.73,2.0,1
0.0,0.0,2024-01-22 10:59:00,2024-01-22 15:59:00+00:00,1705939140,KNYNEWYO1850,40.759,-73.802,America/New_York,0.0,1.0,-1.0,-9.0,-8.0,-9.0,0.0,1.0,-1.0,0.0,1.0,-3.0,53.0,56.0,51.0,0.5555555555555556,1.6666666666666665,0.0,1.3888888888888888,1.9444444444444444,0.5555555555555556,264.0,1034.3,1033.39,-0.52,316.17,3.0,1
0.0,0.0,2024-01-22 11:59:00,2024-01-22 16:59:00+00:00,1705942740,KNYNEWYO1850,40.759,-73.802,America/New_York,1.0,1.0,0.0,-8.0,-8.0,-9.0,1.0,1.0,0.0,1.0,1.0,-2.0,50.0,52.0,49.0,0.8333333333333333,2.2222222222222223,0.0,1.9444444444444444,3.611111111111111,0.5555555555555556,226.0,1033.7,1032.61,-1.0,368.76,3.0,1
0.0,0.0,2024-01-22 12:58:00,2024-01-22 17:58:00+00:00,1705946280,KNYNEWYO1850,40.759,-73.802,America/New_York,2.0,2.0,1.0,-9.0,-8.0,-9.0,2.0,2.0,1.0,1.0,2.0,-2.0,46.0,49.0,42.0,1.1111111111111112,2.7777777777777777,0.0,2.2222222222222223,3.611111111111111,0.5555555555555556,218.0,1032.71,1031.49,-1.16,389.97,3.0,1
0.0,0.0,2024-01-22 13:59:00,2024-01-22 18:59:00+00:00,1705949940,KNYNEWYO1850,40.759,-73.802,America/New_York,3.0,3.0,2.0,-10.0,-9.0,-11.0,3.0,3.0,2.0,2.0,3.0,0.0,38.0,43.0,35.0,1.3888888888888888,2.7777777777777777,0.2777777777777778,3.0555555555555554,4.722222222222222,1.3888888888888888,232.0,1031.9,1030.99,-0.31,352.16,3.0,1
0.0,0.0,2024-01-22 14:59:00,2024-01-22 19:59:00+00:00,1705953540,KNYNEWYO1850,40.759,-73.802,America/New_York,3.0,3.0,3.0,-11.0,-10.0,-11.0,3.0,3.0,3.0,2.0,3.0,0.0,35.0,36.0,34.0,1.6666666666666665,3.888888888888889,0.2777777777777778,3.333333333333333,5.0,1.3888888888888888,199.0,1031.29,1030.72,-0.18,318.6,3.0,1
0.0,0.0,2024-01-22 15:59:00,2024-01-22 20:59:00+00:00,1705957140,KNYNEWYO1850,40.759,-73.802,America/New_York,3.0,3.0,3.0,-10.0,-9.0,-11.0,3.0,3.0,3.0,2.0,3.0,0.0,37.0,41.0,34.0,1.1111111111111112,3.0555555555555554,0.0,2.5,4.166666666666667,1.3888888888888888,217.0,1030.99,1030.31,0.0,273.87,2.0,1
0.0,0.0,2024-01-22 16:59:00,2024-01-22 21:59:00+00:00,1705960740,KNYNEWYO1850,40.759,-73.802,America/New_York,3.0,3.0,3.0,-10.0,-10.0,-11.0,3.0,3.0,3.0,2.0,3.0,-1.0,38.0,40.0,37.0,1.3888888888888888,3.611111111111111,0.2777777777777778,2.7777777777777777,4.722222222222222,1.1111111111111112,200.0,1030.88,1030.51,0.28,60.0,0.0,1
0.0,0.0,2024-01-22 17:59:00,2024-01-22 22:59:00+00:00,1705964340,KNYNEWYO1850,40.759,-73.802,America/New_York,3.0,3.0,3.0,-10.0,-9.0,-10.0,3.0,3.0,3.0,2.0,3.0,0.0,39.0,41.0,39.0,1.1111111111111112,2.2222222222222223,0.0,2.5,4.166666666666667,1.1111111111111112,225.0,1031.09,1030.51,0.28,1.97,0.0,1
0.0,0.0,2024-01-22 18:59:00,2024-01-22 23:59:00+00:00,1705967940,KNYNEWYO1850,40.759,-73.802,America/New_York,2.0,3.0,2.0,-8.0,-7.0,-9.0,2.0,3.0,2.0,2.0,3.0,1.0,48.0,50.0,41.0,0.5555555555555556,1.3888888888888888,0.0,1.3888888888888888,3.0555555555555554,0.5555555555555556,227.0,1031.09,1030.51,0.0,0.0,0.0,1
0.0,0.0,2024-01-22 19:59:00,2024-01-23 00:59:00+00:00,1705971540,KNYNEWYO1850,40.759,-73.802,America/New_York,2.0,2.0,2.0,-8.0,-7.0,-8.0,2.0,2.0,2.0,1.0,2.0,-1.0,47.0,49.0,46.0,1.3888888888888888,2.7777777777777777,0.2777777777777778,2.5,4.166666666666667,1.1111111111111112,201.0,1031.19,1030.61,0.38,0.0,0.0,1
0.0,0.0,2024-01-22 20:59:00,2024-01-23 01:59:00+00:00,1705975140,KNYNEWYO1850,40.759,-73.802,America/New_York,1.0,2.0,1.0,-8.0,-7.0,-8.0,1.0,2.0,1.0,1.0,2.0,-1.0,51.0,54.0,48.0,1.1111111111111112,2.2222222222222223,0.2777777777777778,2.5,4.166666666666667,1.1111111111111112,196.0,1031.19,1030.31,-0.59,0.0,0.0,1
0.0,0.0,2024-01-22 21:59:00,2024-01-23 02:59:00+00:00,1705978740,KNYNEWYO1850,40.759,-73.802,America/New_York,1.0,1.0,1.0,-7.0,-7.0,-8.0,1.0,1.0,1.0,0.0,1.0,-2.0,52.0,54.0,52.0,1.6666666666666665,3.333333333333333,0.0,3.0555555555555554,5.0,1.1111111111111112,206.0,1030.99,1030.41,0.21,0.0,0.0,1
0.0,0.0,2024-01-22 22:59:00,2024-01-23 03:59:00+00:00,1705982340,KNYNEWYO1850,40.759,-73.802,America/New_York,1.0,1.0,1.0,-7.0,-7.0,-7.0,1.0,1.0,1.0,0.0,1.0,-3.0,52.0,53.0,52.0,1.9444444444444444,3.888888888888889,0.5555555555555556,3.611111111111111,6.666666666666666,1.3888888888888888,222.0,1031.09,1030.21,0.07,0.0,0.0,1
0.0,0.0,2024-01-22 23:58:00,2024-01-23 04:58:00+00:00,1705985880,KNYNEWYO1850,40.759,-73.802,America/New_York,1.0,2.0,1.0,-7.0,-7.0,-7.0,1.0,2.0,1.0,0.0,2.0,-2.0,52.0,53.0,52.0,1.6666666666666665,3.0555555555555554,0.8333333333333333,3.333333333333333,5.0,1.3888888888888888,212.0,1030.99,1029.8,-0.74,0.0,0.0,1
0.0,0.0,2024-01-23 00:58:00,2024-01-23 05:58:00+00:00,1705989480,KNYNEWYO1850,40.759,-73.802,America/New_York,2.0,2.0,2.0,-7.0,-7.0,-7.0,2.0,2.0,2.0,1.0,2.0,-2.0,52.0,53.0,52.0,1.3888888888888888,3.0555555555555554,0.0,2.7777777777777777,4.166666666666667,1.3888888888888888,205.0,1030.21,1029.7,-0.21,0.0,0.0,1
0.0,0.0,2024-01-23 01:59:00,2024-01-23 06:59:00+00:00,1705993140,KNYNEWYO1850,40.759,-73.802,America/New_York,2.0,2.0,2.0,-7.0,-7.0,-7.0,2.0,2.0,2.0,1.0,2.0,-1.0,53.0,54.0,53.0,0.8333333333333333,1.9444444444444444,0.0,1.9444444444444444,3.611111111111111,1.1111111111111112,248.0,1030.0,1029.5,0.57,0.0,0.0,1
0.0,0.0,2024-01-23 02:59:00,2024-01-23 07:59:00+00:00,1705996740,KNYNEWYO1850,40.759,-73.802,America/New_York,2.0,2.0,2.0,-7.0,-7.0,-7.0,2.0,2.0,2.0,2.0,2.0,-1.0,52.0,54.0,51.0,0.8333333333333333,2.5,0.0,1.9444444444444444,3.611111111111111,1.1111111111111112,222.0,1030.11,1029.5,-0.21,0.0,0.0,1
0.0,0.0,2024-01-23 03:59:00,2024-01-23 08:59:00+00:00,1706000340,KNYNEWYO1850,40.759,-73.802,America/New_York,2.0,2.0,2.0,-7.0,-7.0,-7.0,2.0,2.0,2.0,2.0,2.0,-1.0,51.0,52.0,50.0,1.1111111111111112,2.7777777777777777,0.2777777777777778,2.2222222222222223,4.722222222222222,1.1111111111111112,202.0,1029.7,1028.89,-0.72,0.0,0.0,1
0.0,0.0,2024-01-23 04:59:00,2024-01-23 09:59:00+00:00,1706003940,KNYNEWYO1850,40.759,-73.802,America/New_York,2.0,2.0,2.0,-7.0,-7.0,-7.0,2.0,2.0,2.0,1.0,2.0,-1.0,52.0,54.0,51.0,1.1111111111111112,2.2222222222222223,0.0,2.2222222222222223,3.0555555555555554,1.1111111111111112,212.0,1029.29,1028.78,-0.1,0.0,0.0,1
0.0,0.0,2024-01-23 05:59:00,2024-01-23 10:59:00+00:00,1706007540,KNYNEWYO1850,40.759,-73.802,America/New_York,2.0,2.0,2.0,-7.0,-6.0,-7.0,2.0,2.0,2.0,2.0,2.0,0.0,54.0,55.0,53.0,0.8333333333333333,2.2222222222222223,0.0,2.2222222222222223,3.611111111111111,1.1111111111111112,237.0,1029.6,1028.78,0.41,0.0,0.0,1
0.0,0.0,2024-01-23 06:59:00,2024-01-23 11:59:00+00:00,1706011140,KNYNEWYO1850,40.759,-73.802,America/New_York,2.0,2.0,2.0,-6.0,-6.0,-7.0,2.0,2.0,2.0,2.0,2.0,1.0,54.0,55.0,53.0,0.5555555555555556,1.3888888888888888,0.0,1.3888888888888888,2.5,0.5555555555555556,272.0,1029.9,1029.19,0.21,0.18,0.0,1
0.0,0.0,2024-01-23 07:59:00,2024-01-23 12:59:00+00:00,1706014740,KNYNEWYO1850,40.759,-73.802,America/New_York,3.0,3.0,2.0,-6.0,-6.0,-7.0,3.0,3.0,2.0,3.0,3.0,2.0,52.0,54.0,49.0,0.2777777777777778,1.1111111111111112,0.0,0.8333333333333333,1.3888888888888888,0.0,265.0,1030.11,1029.6,0.31,12.44,0.0,1
0.0,0.0,2024-01-23 08:59:00,2024-01-23 13:59:00+00:00,1706018340,KNYNEWYO1850,40.759,-73.802,America/New_York,4.0,4.0,3.0,-7.0,-6.0,-7.0,4.0,4.0,3.0,4.0,4.0,3.0,46.0,50.0,43.0,0.5555555555555556,1.3888888888888888,0.0,1.1111111111111112,2.5,0.5555555555555556,270.0,1030.61,1029.9,0.41,68.55,0.0,1
0.0,0.0,2024-01-23 09:59:00,2024-01-23 14:59:00+00:00,1706021940,KNYNEWYO1850,40.759,-73.802,America/New_York,5.0,5.0,4.0,-6.0,-6.0,-7.0,5.0,5.0,4.0,4.0,5.0,3.0,44.0,47.0,43.0,0.8333333333333333,2.5,0.0,1.6666666666666665,3.0555555555555554,0.0,270.0,1031.49,1030.51,0.9,108.41,1.0,1
0.0,0.0,2024-01-23 10:59:00,2024-01-23 15:59:00+00:00,1706025540,KNYNEWYO1850,40.759,-73.802,America/New_York,5.0,5.0,4.0,-5.0,-4.0,-6.0,5.0,5.0,4.0,4.0,5.0,2.0,48.0,56.0,44.0,1.3888888888888888,2.5,0.2777777777777778,2.5,4.166666666666667,1.3888888888888888,265.0,1032.1,1031.19,0.52,141.44,1.0,1
0.0,0.0,2024-01-23 11:59:00,2024-01-23 16:59:00+00:00,1706029140,KNYNEWYO1850,40.759,-73.802,America/New_York,4.0,4.0,4.0,-3.0,-1.0,-4.0,4.0,4.0,4.0,3.0,4.0,2.0,61.0,69.0,56.0,1.3888888888888888,2.5,0.8333333333333333,2.5,4.166666666666667,1.3888888888888888,265.0,1031.9,1031.39,0.1,156.86,1.0,1
1.8,0.51,2024-01-23 12:59:00,2024-01-23 17:59:00+00:00,1706032740,KNYNEWYO1850,40.759,-73.802,America/New_York,4.0,4.0,3.0,-1.0,0.0,-2.0,4.0,4.0,3.0,3.0,4.0,1.0,72.0,76.0,67.0,1.1111111111111112,2.5,0.2777777777777778,1.6666666666666665,3.0555555555555554,0.5555555555555556,271.0,1031.9,1031.09,-0.31,154.96,1.0,1
0.0,0.0,2024-01-23 13:59:00,2024-01-23 18:59:00+00:00,1706036340,KNYNEWYO1850,40.759,-73.802,America/New_York,3.0,3.0,3.0,0.0,1.0,-1.0,3.0,3.0,3.0,3.0,3.0,2.0,79.0,85.0,74.0,0.8333333333333333,1.6666666666666665,0.0,1.3888888888888888,2.5,0.5555555555555556,278.0,1031.49,1030.82,-0.41,116.29,1.0,1
0.0,0.0,2024-01-23 14:59:00,2024-01-23 19:59:00+00:00,1706039940,KNYNEWYO1850,40.759,-73.802,America/New_York,4.0,4.0,3.0,0.0,1.0,0.0,4.0,4.0,3.0,4.0,4.0,2.0,79.0,84.0,77.0,0.8333333333333333,1.6666666666666665,0.0,1.3888888888888888,1.9444444444444444,0.5555555555555556,277.0,1031.7,1030.72,0.74,128.91,1.0,1
0.0,0.0,2024-01-23 15:59:00,2024-01-23 20:59:00+00:00,1706043540,KNYNEWYO1850,40.759,-73.802,America/New_York,4.0,4.0,4.0,0.0,0.0,0.0,4.0,4.0,4.0,4.0,4.0,3.0,76.0,77.0,75.0,0.5555555555555556,1.6666666666666665,0.0,1.3888888888888888,2.5,0.5555555555555556,281.0,1032.61,1031.7,0.41,54.47,0.0,1
0.0,0.0,2024-01-23 16:59:00,2024-01-23 21:59:00+00:00,1706047140,KNYNEWYO1850,40.759,-73.802,America/New_York,4.0,4.0,4.0,0.0,1.0,0.0,4.0,4.0,4.0,4.0,4.0,4.0,77.0,79.0,77.0,0.2777777777777778,1.1111111111111112,0.0,0.8333333333333333,1.3888888888888888,0.0,283.0,1032.81,1032.1,0.0,17.65,0.0,1
0.0,0.0,2024-01-23 17:59:00,2024-01-23 22:59:00+00:00,1706050740,KNYNEWYO1850,40.759,-73.802,America/New_York,4.0,4.0,4.0,0.0,1.0,0.0,4.0,4.0,4.0,4.0,4.0,4.0,77.0,79.0,77.0,0.2777777777777778,1.1111111111111112,0.0,0.8333333333333333,1.3888888888888888,0.0,288.0,1033.19,1032.71,0.28,1.15,0.0,1
0.0,0.0,2024-01-23 18:59:00,2024-01-23 23:59:00+00:00,1706054340,KNYNEWYO1850,40.759,-73.802,America/New_York,4.0,4.0,3.0,1.0,1.0,0.0,4.0,4.0,3.0,4.0,4.0,3.0,79.0,82.0,78.0,0.0,1.1111111111111112,0.0,0.5555555555555556,1.3888888888888888,0.0,307.0,1033.49,1032.98,0.41,0.0,0.0,1
0.0,0.0,2024-01-23 19:59:00,2024-01-24 00:59:00+00:00,1706057940,KNYNEWYO1850,40.759,-73.802,America/New_York,3.0,3.0,3.0,1.0,1.0,1.0,3.0,3.0,3.0,3.0,3.0,3.0,82.0,83.0,82.0,0.0,0.5555555555555556,0.0,0.2777777777777778,1.1111111111111112,0.0,333.0,1033.9,1033.09,0.0,0.0,0.0,1
0.0,0.0,2024-01-23 20:59:00,2024-01-24 01:59:00+00:00,1706061540,KNYNEWYO1850,40.759,-73.802,America/New_York,3.0,3.0,3.0,1.0,1.0,1.0,3.0,3.0,3.0,3.0,3.0,3.0,83.0,84.0,83.0,0.2777777777777778,0.8333333333333333,0.0,0.5555555555555556,1.3888888888888888,0.0,338.0,1033.59,1032.92,0.31,0.0,0.0,1
0.0,0.0,2024-01-23 21:59:00,2024-01-24 02:59:00+00:00,1706065140,KNYNEWYO1850,40.759,-73.802,America/New_York,3.0,3.0,3.0,1.0,1.0,1.0,3.0,3.0,3.0,3.0,3.0,3.0,82.0,83.0,82.0,0.0,0.0,0.0,0.0,0.5555555555555556,0.0,331.0,1033.7,1032.98,-0.31,0.0,0.0,1
0.0,0.0,2024-01-23 22:59:00,2024-01-24 03:59:00+00:00,1706068740,KNYNEWYO1850,40.759,-73.802,America/New_York,3.0,4.0,3.0,1.0,1.0,1.0,3.0,4.0,3.0,3.0,4.0,3.0,82.0,83.0,81.0,0.0,0.2777777777777778,0.0,0.2777777777777778,0.5555555555555556,0.0,331.0,1033.9,1033.19,0.21,0.0,0.0,1
0.0,0.0,2024-01-23 23:59:00,2024-01-24 04:59:00+00:00,1706072340,KNYNEWYO1850,40.759,-73.802,America/New_York,3.0,4.0,3.0,1.0,1.0,1.0,3.0,4.0,3.0,3.0,4.0,3.0,83.0,85.0,82.0,0.2777777777777778,0.8333333333333333,0.0,0.5555555555555556,1.1111111111111112,0.0,339.0,1033.9,1033.09,-0.72,0.0,0.0,1
0.0,0.0,2024-01-24 00:59:00,2024-01-24 05:59:00+00:00,1706075940,KNYNEWYO1850,40.759,-73.802,America/New_York,3.0,3.0,3.0,1.0,1.0,0.0,3.0,3.0,3.0,3.0,3.0,3.0,84.0,85.0,83.0,0.0,0.5555555555555556,0.0,0.2777777777777778,1.1111111111111112,0.0,330.0,1033.49,1032.98,0.31,0.0,0.0,1
0.0,0.0,2024-01-24 01:59:00,2024-01-24 06:59:00+00:00,1706079540,KNYNEWYO1850,40.759,-73.802,America/New_York,3.0,3.0,3.0,0.0,0.0,0.0,3.0,3.0,3.0,3.0,3.0,3.0,80.0,83.0,80.0,0.0,0.8333333333333333,0.0,0.2777777777777778,1.1111111111111112,0.0,347.0,1033.59,1033.19,-0.1,0.0,0.0,1
0.0,0.0,2024-01-24 02:59:00,2024-01-24 07:59:00+00:00,1706083140,KNYNEWYO1850,40.759,-73.802,America/New_York,3.0,3.0,3.0,0.0,0.0,0.0,3.0,3.0,3.0,3.0,3.0,3.0,82.0,84.0,80.0,0.2777777777777778,0.8333333333333333,0.0,0.5555555555555556,1.3888888888888888,0.0,336.0,1033.9,1033.19,0.41,0.0,0.0,1
0.0,0.0,2024-01-24 03:59:00,2024-01-24 08:59:00+00:00,1706086740,KNYNEWYO1850,40.759,-73.802,America/New_York,3.0,3.0,3.0,0.0,1.0,0.0,3.0,3.0,3.0,3.0,3.0,3.0,85.0,86.0,84.0,0.2777777777777778,1.1111111111111112,0.0,0.5555555555555556,1.3888888888888888,0.0,338.0,1034.0,1033.09,-0.62,0.0,0.0,1
1.8,0.3,2024-01-24 04:59:00,2024-01-24 09:59:00+00:00,1706090340,KNYNEWYO1850,40.759,-73.802,America/New_York,3.0,3.0,3.0,1.0,1.0,1.0,3.0,3.0,3.0,3.0,3.0,3.0,87.0,90.0,86.0,0.2777777777777778,1.1111111111111112,0.0,0.5555555555555556,1.3888888888888888,0.0,337.0,1033.9,1033.09,-0.21,0.0,0.0,1
0.0,0.0,2024-01-24 05:59:00,2024-01-24 10:59:00+00:00,1706093940,KNYNEWYO1850,40.759,-73.802,America/New_York,3.0,3.0,3.0,1.0,2.0,1.0,3.0,3.0,3.0,3.0,3.0,1.0,90.0,92.0,90.0,0.5555555555555556,1.6666666666666665,0.0,1.1111111111111112,2.5,0.0,7.0,1033.29,1032.31,-0.69,0.0,0.0,1
0.0,0.0,2024-01-24 06:59:00,2024-01-24 11:59:00+00:00,1706097540,KNYNEWYO1850,40.759,-73.802,America/New_York,3.0,3.0,3.0,2.0,2.0,2.0,3.0,3.0,3.0,3.0,3.0,3.0,92.0,93.0,92.0,0.2777777777777778,0.5555555555555556,0.0,0.2777777777777778,0.5555555555555556,0.0,329.0,1032.98,1032.21,0.1,0.06,0.0,1
1.19,0.21000000000000002,2024-01-24 07:59:00,2024-01-24 12:59:00+00:00,1706101140,KNYNEWYO1850,40.759,-73.802,America/New_York,3.0,4.0,3.0,2.0,3.0,2.0,3.0,4.0,3.0,3.0,4.0,3.0,93.0,94.0,93.0,0.2777777777777778,0.5555555555555556,0.0,0.2777777777777778,1.1111111111111112,0.0,331.0,1033.09,1032.51,0.07,11.15,0.0,1
1.19,0.0,2024-01-24 08:59:00,2024-01-24 13:59:00+00:00,1706104740,KNYNEWYO1850,40.759,-73.802,America/New_York,4.0,4.0,3.0,3.0,3.0,3.0,4.0,4.0,3.0,4.0,4.0,3.0,94.0,94.0,94.0,0.2777777777777778,0.8333333333333333,0.0,0.5555555555555556,1.1111111111111112,0.0,339.0,1032.92,1032.1,-0.52,59.84,0.0,1
0.0,0.0,2024-01-24 09:59:00,2024-01-24 14:59:00+00:00,1706108340,KNYNEWYO1850,40.759,-73.802,America/New_York,4.0,5.0,4.0,3.0,4.0,3.0,4.0,5.0,4.0,4.0,5.0,4.0,93.0,94.0,92.0,0.0,0.8333333333333333,0.0,0.2777777777777778,1.1111111111111112,0.0,315.0,1032.61,1032.21,-0.31,85.64,0.0,1
0.0,0.0,2024-01-24 10:59:00,2024-01-24 15:59:00+00:00,1706111940,KNYNEWYO1850,40.759,-73.802,America/New_York,4.0,4.0,4.0,3.0,3.0,3.0,4.0,4.0,4.0,4.0,4.0,4.0,93.0,94.0,92.0,0.5555555555555556,1.1111111111111112,0.0,0.8333333333333333,1.9444444444444444,0.5555555555555556,295.0,1032.71,1032.0,-0.31,87.12,0.0,1
0.0,0.0,2024-01-24 11:59:00,2024-01-24 16:59:00+00:00,1706115540,KNYNEWYO1850,40.759,-73.802,America/New_York,4.0,4.0,4.0,4.0,4.0,3.0,4.0,4.0,4.0,4.0,4.0,4.0,94.0,96.0,94.0,0.2777777777777778,0.5555555555555556,0.0,0.5555555555555556,1.1111111111111112,0.0,293.0,1032.21,1031.19,-1.03,73.76,0.0,1
0.0,0.0,2024-01-24 12:58:00,2024-01-24 17:58:00+00:00,1706119080,KNYNEWYO1850,40.759,-73.802,America/New_York,5.0,5.0,4.0,4.0,5.0,4.0,5.0,5.0,4.0,5.0,5.0,4.0,96.0,97.0,96.0,0.0,0.5555555555555556,0.0,0.2777777777777778,1.1111111111111112,0.0,310.0,1031.29,1030.21,-0.81,81.74,0.0,1
1.8,0.28,2024-01-24 13:59:00,2024-01-24 18:59:00+00:00,1706122740,KNYNEWYO1850,40.759,-73.802,America/New_York,5.0,6.0,5.0,5.0,5.0,4.0,5.0,6.0,5.0,5.0,6.0,5.0,97.0,97.0,97.0,0.0,0.5555555555555556,0.0,0.2777777777777778,0.5555555555555556,0.0,313.0,1030.31,1029.19,-0.83,76.39,0.0,1
1.19,0.19999999999999996,2024-01-24 14:59:00,2024-01-24 19:59:00+00:00,1706126340,KNYNEWYO1850,40.759,-73.802,America/New_York,6.0,7.0,5.0,6.0,6.0,5.0,6.0,7.0,5.0,6.0,7.0,5.0,97.0,98.0,97.0,0.0,0.8333333333333333,0.0,0.2777777777777778,1.3888888888888888,0.0,299.0,1029.39,1028.78,-0.41,63.29,0.0,1
1.8,0.51,2024-01-24 15:59:00,2024-01-24 20:59:00+00:00,1706129940,KNYNEWYO1850,40.759,-73.802,America/New_York,7.0,7.0,7.0,6.0,6.0,6.0,7.0,7.0,7.0,7.0,7.0,7.0,98.0,98.0,98.0,0.0,1.1111111111111112,0.0,0.2777777777777778,1.3888888888888888,0.0,340.0,1028.99,1028.01,-0.9,51.63,0.0,1
1.19,0.0,2024-01-24 16:59:00,2024-01-24 21:59:00+00:00,1706133540,KNYNEWYO1850,40.759,-73.802,America/New_York,7.0,7.0,7.0,6.0,6.0,6.0,7.0,7.0,7.0,7.0,7.0,7.0,98.0,99.0,98.0,0.0,0.5555555555555556,0.0,0.0,1.1111111111111112,0.0,311.0,1028.31,1027.5,-0.62,11.16,0.0,1
1.8,0.30000000000000004,2024-01-24 17:59:00,2024-01-24 22:59:00+00:00,1706137140,KNYNEWYO1850,40.759,-73.802,America/New_York,7.0,7.0,7.0,6.0,6.0,6.0,7.0,7.0,7.0,7.0,7.0,7.0,99.0,99.0,99.0,0.0,0.5555555555555556,0.0,0.2777777777777778,1.1111111111111112,0.0,315.0,1027.5,1026.99,-0.21,0.82,0.0,1
1.19,0.20999999999999974,2024-01-24 18:59:00,2024-01-24 23:59:00+00:00,1706140740,KNYNEWYO1850,40.759,-73.802,America/New_York,7.0,7.0,7.0,6.0,7.0,6.0,7.0,7.0,7.0,7.0,7.0,7.0,99.0,99.0,99.0,0.2777777777777778,0.8333333333333333,0.0,0.2777777777777778,1.1111111111111112,0.0,320.0,1027.29,1026.41,-0.9,0.0,0.0,1
1.8,0.30000000000000027,2024-01-24 19:59:00,2024-01-25 00:59:00+00:00,1706144340,KNYNEWYO1850,40.759,-73.802,America/New_York,7.0,7.0,7.0,7.0,7.0,7.0,7.0,7.0,7.0,7.0,7.0,7.0,99.0,99.0,99.0,0.0,0.2777777777777778,0.0,0.2777777777777778,0.5555555555555556,0.0,313.0,1026.79,1025.8,-0.59,0.0,0.0,1
1.19,0.18000000000000016,2024-01-24 20:59:00,2024-01-25 01:59:00+00:00,1706147940,KNYNEWYO1850,40.759,-73.802,America/New_York,7.0,7.0,7.0,7.0,7.0,7.0,7.0,7.0,7.0,7.0,7.0,7.0,99.0,99.0,99.0,0.0,0.2777777777777778,0.0,0.0,0.5555555555555556,0.0,332.0,1025.91,1024.59,-1.24,0.0,0.0,1
0.0,0.0,2024-01-24 21:59:00,2024-01-25 02:59:00+00:00,1706151540,KNYNEWYO1850,40.759,-73.802,America/New_York,7.0,7.0,7.0,7.0,7.0,7.0,7.0,7.0,7.0,7.0,7.0,7.0,99.0,99.0,99.0,0.0,0.2777777777777778,0.0,0.0,0.5555555555555556,0.0,318.0,1024.99,1023.71,-1.1,0.0,0.0,1
0.0,0.0,2024-01-24 22:59:00,2024-01-25 03:59:00+00:00,1706155140,KNYNEWYO1850,40.759,-73.802,America/New_York,7.0,8.0,7.0,7.0,7.0,7.0,7.0,8.0,7.0,7.0,8.0,7.0,99.0,99.0,99.0,0.0,0.2777777777777778,0.0,0.0,0.5555555555555556,0.0,322.0,1024.01,1023.2,-0.31,0.0,0.0,1
0.0,0.0,2024-01-24 23:59:00,2024-01-25 04:59:00+00:00,1706158740,KNYNEWYO1850,40.759,-73.802,America/New_York,8.0,8.0,7.0,8.0,8.0,7.0,8.0,8.0,7.0,8.0,8.0,7.0,99.0,99.0,99.0,0.0,0.8333333333333333,0.0,0.2777777777777778,1.1111111111111112,0.0,319.0,1023.5,1022.01,-1.21,0.0,0.0,1
1.8,0.61,2024-01-25 00:59:00,2024-01-25 05:59:00+00:00,1706162340,KNYNEWYO1850,40.759,-73.802,America/New_York,8.0,8.0,8.0,8.0,8.0,8.0,8.0,8.0,8.0,8.0,8.0,8.0,99.0,99.0,99.0,0.0,0.2777777777777778,0.0,0.0,0.5555555555555556,0.0,317.0,1022.32,1020.89,-1.34,0.0,0.0,1
0.0,0.0,2024-01-25 01:58:00,2024-01-25 06:58:00+00:00,1706165880,KNYNEWYO1850,40.759,-73.802,America/New_York,8.0,8.0,8.0,8.0,8.0,8.0,8.0,8.0,8.0,8.0,8.0,8.0,99.0,99.0,99.0,0.0,0.2777777777777778,0.0,0.0,0.5555555555555556,0.0,329.0,1020.79,1020.12,-0.6,0.0,0.0,1
0.0,0.0,2024-01-25 02:59:00,2024-01-25 07:59:00+00:00,1706169540,KNYNEWYO1850,40.759,-73.802,America/New_York,8.0,8.0,8.0,8.0,8.0,8.0,8.0,8.0,8.0,8.0,8.0,8.0,99.0,99.0,99.0,0.0,0.5555555555555556,0.0,0.0,0.5555555555555556,0.0,325.0,1020.39,1019.71,-0.31,0.0,0.0,1
1.8,0.4800000000000001,2024-01-25 03:59:00,2024-01-25 08:59:00+00:00,1706173140,KNYNEWYO1850,40.759,-73.802,America/New_York,9.0,9.0,8.0,8.0,9.0,8.0,9.0,9.0,8.0,9.0,9.0,8.0,99.0,99.0,99.0,0.0,0.5555555555555556,0.0,0.2777777777777778,1.1111111111111112,0.0,292.0,1020.01,1019.1,-0.52,0.0,0.0,1
1.8,1.0199999999999998,2024-01-25 04:59:00,2024-01-25 09:59:00+00:00,1706176740,KNYNEWYO1850,40.759,-73.802,America/New_York,9.0,9.0,9.0,9.0,9.0,9.0,9.0,9.0,9.0,9.0,9.0,9.0,99.0,99.0,99.0,0.0,1.1111111111111112,0.0,0.5555555555555556,1.3888888888888888,0.0,279.0,1019.4,1018.69,-0.41,0.0,0.0,1
3.0,1.5,2024-01-25 05:59:00,2024-01-25 10:59:00+00:00,1706180340,KNYNEWYO1850,40.759,-73.802,America/New_York,10.0,10.0,9.0,9.0,10.0,9.0,10.0,10.0,9.0,10.0,10.0,9.0,99.0,99.0,99.0,0.5555555555555556,1.3888888888888888,0.0,0.8333333333333333,1.3888888888888888,0.0,255.0,1019.3,1018.69,0.41,0.0,0.0,1
3.61,0.9899999999999998,2024-01-25 06:59:00,2024-01-25 11:59:00+00:00,1706183940,KNYNEWYO1850,40.759,-73.802,America/New_York,10.0,10.0,10.0,10.0,10.0,10.0,10.0,10.0,10.0,10.0,10.0,10.0,99.0,99.0,99.0,0.5555555555555556,1.6666666666666665,0.0,1.3888888888888888,3.611111111111111,0.0,267.0,1019.51,1019.0,0.41,0.09,0.0,1
1.8,0.8100000000000005,2024-01-25 07:59:00,2024-01-25 12:59:00+00:00,1706187540,KNYNEWYO1850,40.759,-73.802,America/New_York,10.0,11.0,10.0,10.0,10.0,10.0,10.0,11.0,10.0,10.0,11.0,10.0,99.0,99.0,99.0,0.5555555555555556,1.3888888888888888,0.0,1.1111111111111112,2.5,0.5555555555555556,256.0,1019.71,1019.3,0.0,6.77,0.0,1
1.8,0.6899999999999995,2024-01-25 08:59:00,2024-01-25 13:59:00+00:00,1706191140,KNYNEWYO1850,40.759,-73.802,America/New_York,11.0,11.0,11.0,11.0,11.0,11.0,11.0,11.0,11.0,11.0,11.0,11.0,99.0,99.0,99.0,0.2777777777777778,1.1111111111111112,0.0,0.2777777777777778,1.3888888888888888,0.0,285.0,1019.81,1019.2,0.0,35.64,0.0,1
1.8,0.3000000000000007,2024-01-25 09:59:00,2024-01-25 14:59:00+00:00,1706194740,KNYNEWYO1850,40.759,-73.802,America/New_York,11.0,11.0,11.0,11.0,11.0,11.0,11.0,11.0,11.0,11.0,11.0,11.0,99.0,99.0,99.0,0.2777777777777778,1.1111111111111112,0.0,0.2777777777777778,1.3888888888888888,0.0,271.0,1019.91,1019.3,0.52,45.08,0.0,1
3.0,0.79,2024-01-25 10:59:00,2024-01-25 15:59:00+00:00,1706198340,KNYNEWYO1850,40.759,-73.802,America/New_York,12.0,12.0,11.0,11.0,12.0,11.0,12.0,12.0,11.0,12.0,12.0,11.0,99.0,99.0,99.0,0.2777777777777778,0.8333333333333333,0.0,0.5555555555555556,1.3888888888888888,0.0,270.0,1019.91,1019.1,-0.41,119.34,1.0,1
0.0,0.0,2024-01-25 11:59:00,2024-01-25 16:59:00+00:00,1706201940,KNYNEWYO1850,40.759,-73.802,America/New_York,12.0,13.0,12.0,12.0,12.0,12.0,12.0,13.0,12.0,12.0,13.0,12.0,98.0,99.0,96.0,0.5555555555555556,1.1111111111111112,0.0,0.8333333333333333,1.3888888888888888,0.5555555555555556,243.0,1019.4,1018.29,-0.72,303.53,2.0,1
0.0,0.0,2024-01-25 12:59:00,2024-01-25 17:59:00+00:00,1706205540,KNYNEWYO1850,40.759,-73.802,America/New_York,13.0,14.0,13.0,12.0,13.0,12.0,13.0,14.0,13.0,13.0,14.0,13.0,93.0,96.0,92.0,0.5555555555555556,1.6666666666666665,0.0,0.8333333333333333,1.9444444444444444,0.0,273.0,1018.8,1018.19,-0.21,189.12,1.0,1
0.0,0.0,2024-01-25 13:59:00,2024-01-25 18:59:00+00:00,1706209140,KNYNEWYO1850,40.759,-73.802,America/New_York,14.0,14.0,14.0,12.0,13.0,12.0,14.0,14.0,14.0,14.0,14.0,14.0,90.0,92.0,90.0,0.5555555555555556,1.6666666666666665,0.0,1.1111111111111112,1.9444444444444444,0.0,283.0,1018.39,1017.91,-0.21,262.91,2.0,1
0.0,0.0,2024-01-25 14:59:00,2024-01-25 19:59:00+00:00,1706212740,KNYNEWYO1850,40.759,-73.802,America/New_York,14.0,14.0,14.0,12.0,12.0,12.0,14.0,14.0,14.0,14.0,14.0,14.0,90.0,91.0,90.0,0.2777777777777778,1.1111111111111112,0.0,0.5555555555555556,1.3888888888888888,0.0,299.0,1018.69,1017.91,0.62,153.74,1.0,1
0.0,0.0,2024-01-25 15:59:00,2024-01-25 20:59:00+00:00,1706216340,KNYNEWYO1850,40.759,-73.802,America/New_York,13.0,14.0,13.0,12.0,12.0,12.0,13.0,14.0,13.0,13.0,14.0,13.0,90.0,92.0,90.0,0.2777777777777778,1.1111111111111112,0.0,0.5555555555555556,1.3888888888888888,0.0,316.0,1018.9,1018.39,0.1,80.7,0.0,1
0.0,0.0,2024-01-25 16:59:00,2024-01-25 21:59:00+00:00,1706219940,KNYNEWYO1850,40.759,-73.802,America/New_York,13.0,13.0,13.0,12.0,12.0,12.0,13.0,13.0,13.0,13.0,13.0,13.0,92.0,93.0,92.0,0.2777777777777778,1.1111111111111112,0.0,0.5555555555555556,1.3888888888888888,0.0,319.0,1019.4,1018.49,0.41,24.86,0.0,1
0.0,0.0,2024-01-25 17:59:00,2024-01-25 22:59:00+00:00,1706223540,KNYNEWYO1850,40.759,-73.802,America/New_York,13.0,13.0,13.0,12.0,12.0,12.0,13.0,13.0,13.0,13.0,13.0,13.0,93.0,94.0,93.0,0.2777777777777778,1.1111111111111112,0.0,0.5555555555555556,1.3888888888888888,0.0,322.0,1020.22,1019.2,0.93,1.59,0.0,1
0.0,0.0,2024-01-25 18:59:00,2024-01-25 23:59:00+00:00,1706227140,KNYNEWYO1850,40.759,-73.802,America/New_York,12.0,13.0,12.0,11.0,12.0,11.0,12.0,13.0,12.0,12.0,13.0,12.0,94.0,96.0,94.0,0.2777777777777778,0.8333333333333333,0.0,0.2777777777777778,1.1111111111111112,0.0,297.0,1020.79,1020.22,0.53,0.0,0.0,1
0.0,0.0,2024-01-25 19:59:00,2024-01-26 00:59:00+00:00,1706230740,KNYNEWYO1850,40.759,-73.802,America/New_York,11.0,12.0,11.0,11.0,11.0,10.0,11.0,12.0,11.0,11.0,12.0,11.0,96.0,96.0,96.0,0.0,0.5555555555555556,0.0,0.2777777777777778,0.5555555555555556,0.0,304.0,1021.5,1020.59,0.62,0.0,0.0,1
0.0,0.0,2024-01-25 20:59:00,2024-01-26 01:59:00+00:00,1706234340,KNYNEWYO1850,40.759,-73.802,America/New_York,11.0,11.0,11.0,10.0,10.0,10.0,11.0,11.0,11.0,11.0,11.0,11.0,96.0,97.0,96.0,0.0,0.2777777777777778,0.0,0.0,0.5555555555555556,0.0,300.0,1021.71,1021.1,-0.21,0.0,0.0,1
0.0,0.0,2024-01-25 21:59:00,2024-01-26 02:59:00+00:00,1706237940,KNYNEWYO1850,40.759,-73.802,America/New_York,11.0,11.0,11.0,10.0,10.0,10.0,11.0,11.0,11.0,11.0,11.0,11.0,96.0,97.0,96.0,0.0,0.0,0.0,0.2777777777777778,0.5555555555555556,0.0,312.0,1021.61,1021.2,0.32,0.0,0.0,1
0.0,0.0,2024-01-25 22:59:00,2024-01-26 03:59:00+00:00,1706241540,KNYNEWYO1850,40.759,-73.802,America/New_York,11.0,11.0,10.0,10.0,10.0,9.0,11.0,11.0,10.0,11.0,11.0,9.0,95.0,96.0,95.0,0.2777777777777778,1.9444444444444444,0.0,0.5555555555555556,2.5,0.0,30.0,1022.22,1021.5,0.41,0.0,0.0,1
0.0,0.0,2024-01-25 23:59:00,2024-01-26 04:59:00+00:00,1706245140,KNYNEWYO1850,40.759,-73.802,America/New_York,9.0,9.0,8.0,8.0,9.0,7.0,9.0,9.0,8.0,9.0,9.0,8.0,96.0,97.0,93.0,1.1111111111111112,2.2222222222222223,0.0,1.6666666666666665,3.0555555555555554,0.5555555555555556,358.0,1021.91,1021.4,-0.31,0.0,0.0,1
1.8,0.51,2024-01-26 00:59:00,2024-01-26 05:59:00+00:00,1706248740,KNYNEWYO1850,40.759,-73.802,America/New_York,8.0,8.0,7.0,7.0,7.0,6.0,8.0,8.0,7.0,8.0,8.0,6.0,92.0,94.0,92.0,0.8333333333333333,2.5,0.0,1.6666666666666665,3.0555555555555554,0.5555555555555556,352.0,1021.61,1020.79,-0.75,0.0,0.0,1
1.8,0.48,2024-01-26 01:59:00,2024-01-26 06:59:00+00:00,1706252340,KNYNEWYO1850,40.759,-73.802,America/New_York,7.0,7.0,7.0,6.0,6.0,6.0,7.0,7.0,7.0,7.0,7.0,5.0,94.0,95.0,94.0,0.8333333333333333,2.2222222222222223,0.0,1.6666666666666665,3.611111111111111,0.5555555555555556,351.0,1020.89,1020.01,-0.69,0.0,0.0,1
1.8,0.71,2024-01-26 02:59:00,2024-01-26 07:59:00+00:00,1706255940,KNYNEWYO1850,40.759,-73.802,America/New_York,6.0,7.0,6.0,6.0,6.0,5.0,6.0,7.0,6.0,6.0,7.0,5.0,94.0,95.0,93.0,0.5555555555555556,2.5,0.0,1.1111111111111112,3.0555555555555554,0.0,344.0,1020.39,1019.3,-0.41,0.0,0.0,1
1.8,0.51,2024-01-26 03:58:00,2024-01-26 08:58:00+00:00,1706259480,KNYNEWYO1850,40.759,-73.802,America/New_York,6.0,6.0,6.0,5.0,6.0,5.0,6.0,6.0,6.0,6.0,6.0,5.0,96.0,97.0,95.0,0.5555555555555556,1.6666666666666665,0.0,1.1111111111111112,3.0555555555555554,0.0,337.0,1019.71,1018.9,-0.32,0.0,0.0,1
3.0,1.6,2024-01-26 04:59:00,2024-01-26 09:59:00+00:00,1706263140,KNYNEWYO1850,40.759,-73.802,America/New_York,6.0,6.0,6.0,5.0,5.0,5.0,6.0,6.0,6.0,6.0,6.0,4.0,97.0,98.0,97.0,0.5555555555555556,1.6666666666666665,0.0,1.3888888888888888,2.5,0.0,344.0,1019.4,1018.29,-1.03,0.0,0.0,1
3.0,0.69,2024-01-26 05:59:00,2024-01-26 10:59:00+00:00,1706266740,KNYNEWYO1850,40.759,-73.802,America/New_York,6.0,6.0,6.0,5.0,5.0,5.0,6.0,6.0,6.0,6.0,6.0,5.0,98.0,98.0,98.0,0.5555555555555556,1.6666666666666665,0.0,0.8333333333333333,2.5,0.0,341.0,1018.8,1018.08,-0.21,0.0,0.0,1
1.8,0.2999999999999998,2024-01-26 06:59:00,2024-01-26 11:59:00+00:00,1706270340,KNYNEWYO1850,40.759,-73.802,America/New_York,6.0,6.0,6.0,5.0,6.0,5.0,6.0,6.0,6.0,6.0,6.0,6.0,98.0,99.0,98.0,0.5555555555555556,1.3888888888888888,0.0,1.1111111111111112,1.9444444444444444,0.0,342.0,1018.19,1017.61,-0.48,0.17,0.0,1
1.8,0.5099999999999998,2024-01-26 07:59:00,2024-01-26 12:59:00+00:00,1706273940,KNYNEWYO1850,40.759,-73.802,America/New_York,5.0,6.0,5.0,5.0,6.0,5.0,5.0,6.0,5.0,5.0,6.0,4.0,98.0,99.0,98.0,0.5555555555555556,1.6666666666666665,0.0,0.8333333333333333,2.5,0.0,313.0,1018.02,1017.41,-0.21,12.99,0.0,1
1.19,0.20000000000000018,2024-01-26 08:59:00,2024-01-26 13:59:00+00:00,1706277540,KNYNEWYO1850,40.759,-73.802,America/New_York,5.0,5.0,5.0,5.0,5.0,5.0,5.0,5.0,5.0,5.0,5.0,4.0,99.0,99.0,99.0,0.5555555555555556,1.3888888888888888,0.0,1.1111111111111112,1.9444444444444444,0.0,302.0,1017.71,1016.7,-0.41,58.0,0.0,1
0.0,0.0,2024-01-26 09:59:00,2024-01-26 14:59:00+00:00,1706281140,KNYNEWYO1850,40.759,-73.802,America/New_York,5.0,5.0,5.0,5.0,5.0,5.0,5.0,5.0,5.0,5.0,5.0,4.0,99.0,99.0,99.0,0.5555555555555556,1.6666666666666665,0.0,1.1111111111111112,2.5,0.0,311.0,1017.2,1016.7,-0.31,92.37,0.0,1
4.8,1.0899999999999999,2024-01-26 10:59:00,2024-01-26 15:59:00+00:00,1706284740,KNYNEWYO1850,40.759,-73.802,America/New_York,5.0,5.0,5.0,5.0,5.0,5.0,5.0,5.0,5.0,5.0,5.0,4.0,99.0,99.0,99.0,0.5555555555555556,1.6666666666666665,0.0,1.6666666666666665,3.0555555555555554,0.5555555555555556,306.0,1017.31,1016.59,0.0,178.27,1.0,1
0.0,0.0,2024-01-26 11:59:00,2024-01-26 16:59:00+00:00,1706288340,KNYNEWYO1850,40.759,-73.802,America/New_York,6.0,6.0,5.0,6.0,6.0,5.0,6.0,6.0,5.0,6.0,6.0,4.0,99.0,99.0,99.0,0.5555555555555556,1.6666666666666665,0.0,1.1111111111111112,3.611111111111111,0.0,339.0,1016.59,1015.21,-1.33,215.76,2.0,1
0.0,0.0,2024-01-26 12:59:00,2024-01-26 17:59:00+00:00,1706291940,KNYNEWYO1850,40.759,-73.802,America/New_York,6.0,7.0,6.0,6.0,6.0,6.0,6.0,7.0,6.0,6.0,7.0,6.0,98.0,99.0,98.0,0.5555555555555556,1.3888888888888888,0.0,0.8333333333333333,1.3888888888888888,0.5555555555555556,318.0,1015.41,1014.39,-0.72,161.23,1.0,1
0.0,0.0,2024-01-26 13:59:00,2024-01-26 18:59:00+00:00,1706295540,KNYNEWYO1850,40.759,-73.802,America/New_York,6.0,7.0,6.0,6.0,6.0,6.0,6.0,7.0,6.0,6.0,7.0,6.0,97.0,98.0,97.0,0.2777777777777778,0.2777777777777778,0.0,0.5555555555555556,1.1111111111111112,0.5555555555555556,313.0,1014.8,1014.19,0.0,101.74,0.0,1
0.0,0.0,2024-01-26 14:59:00,2024-01-26 19:59:00+00:00,1706299140,KNYNEWYO1850,40.759,-73.802,America/New_York,6.0,6.0,6.0,6.0,6.0,6.0,6.0,6.0,6.0,6.0,6.0,6.0,98.0,98.0,98.0,0.2777777777777778,0.2777777777777778,0.0,0.2777777777777778,0.5555555555555556,0.0,315.0,1015.1,1014.19,0.41,87.88,0.0,1
0.0,0.0,2024-01-26 15:59:00,2024-01-26 20:59:00+00:00,1706302740,KNYNEWYO1850,40.759,-73.802,America/New_York,6.0,6.0,6.0,6.0,6.0,5.0,6.0,6.0,6.0,6.0,6.0,6.0,98.0,99.0,98.0,0.0,0.8333333333333333,0.0,0.2777777777777778,1.1111111111111112,0.0,340.0,1015.31,1014.8,0.21,71.55,0.0,1
0.0,0.0,2024-01-26 16:59:00,2024-01-26 21:59:00+00:00,1706306340,KNYNEWYO1850,40.759,-73.802,America/New_York,6.0,6.0,6.0,6.0,6.0,5.0,6.0,6.0,6.0,6.0,6.0,6.0,98.0,99.0,98.0,0.2777777777777778,0.8333333333333333,0.0,0.5555555555555556,1.1111111111111112,0.0,337.0,1015.41,1014.49,-0.21,36.83,0.0,1
0.0,0.0,2024-01-26 17:59:00,2024-01-26 22:59:00+00:00,1706309940,KNYNEWYO1850,40.759,-73.802,America/New_York,6.0,6.0,6.0,6.0,6.0,6.0,6.0,6.0,6.0,6.0,6.0,6.0,99.0,99.0,99.0,0.2777777777777778,0.2777777777777778,0.2777777777777778,0.5555555555555556,0.5555555555555556,0.5555555555555556,334.0,1015.71,1015.0,0.72,9.21,0.0,1
0.0,0.0,2024-01-26 18:59:00,2024-01-26 23:59:00+00:00,1706313540,KNYNEWYO1850,40.759,-73.802,America/New_York,6.0,7.0,6.0,6.0,6.0,6.0,6.0,7.0,6.0,6.0,7.0,6.0,99.0,99.0,99.0,0.2777777777777778,0.5555555555555556,0.0,0.2777777777777778,1.1111111111111112,0.0,302.0,1016.7,1015.61,0.9,0.0,0.0,1
0.0,0.0,2024-01-26 19:59:00,2024-01-27 00:59:00+00:00,1706317140,KNYNEWYO1850,40.759,-73.802,America/New_York,6.0,6.0,5.0,5.0,6.0,5.0,6.0,6.0,5.0,6.0,6.0,5.0,99.0,99.0,99.0,0.2777777777777778,1.1111111111111112,0.0,0.5555555555555556,1.3888888888888888,0.0,300.0,1017.71,1016.59,1.03,0.0,0.0,1
0.0,0.0,2024-01-26 20:59:00,2024-01-27 01:59:00+00:00,1706320740,KNYNEWYO1850,40.759,-73.802,America/New_York,5.0,5.0,5.0,5.0,5.0,5.0,5.0,5.0,5.0,5.0,5.0,5.0,99.0,99.0,99.0,0.2777777777777778,0.2777777777777778,0.0,0.2777777777777778,0.5555555555555556,0.0,306.0,1017.91,1017.31,-0.1,0.0,0.0,1
0.0,0.0,2024-01-26 21:59:00,2024-01-27 02:59:00+00:00,1706324340,KNYNEWYO1850,40.759,-73.802,America/New_York,5.0,5.0,5.0,5.0,5.0,5.0,5.0,5.0,5.0,5.0,5.0,5.0,99.0,99.0,99.0,0.2777777777777778,0.5555555555555556,0.0,0.5555555555555556,1.1111111111111112,0.0,308.0,1018.02,1017.31,0.0,0.0,0.0,1
0.0,0.0,2024-01-26 22:59:00,2024-01-27 03:59:00+00:00,1706327940,KNYNEWYO1850,40.759,-73.802,America/New_York,5.0,6.0,5.0,5.0,5.0,5.0,5.0,6.0,5.0,5.0,6.0,5.0,99.0,99.0,99.0,0.2777777777777778,1.1111111111111112,0.0,0.5555555555555556,1.3888888888888888,0.0,347.0,1018.19,1017.61,0.1,0.0,0.0,1
0.0,0.0,2024-01-26 23:59:00,2024-01-27 04:59:00+00:00,1706331540,KNYNEWYO1850,40.759,-73.802,America/New_York,5.0,6.0,5.0,5.0,5.0,5.0,5.0,6.0,5.0,5.0,6.0,5.0,99.0,99.0,99.0,0.2777777777777778,0.8333333333333333,0.0,0.2777777777777778,1.1111111111111112,0.0,342.0,1018.19,1017.71,0.17,0.0,0.0,1
0.0,0.0,2024-01-27 00:59:00,2024-01-27 05:59:00+00:00,1706335140,KNYNEWYO1850,40.759,-73.802,America/New_York,5.0,6.0,5.0,5.0,5.0,5.0,5.0,6.0,5.0,5.0,6.0,5.0,99.0,99.0,99.0,0.0,0.2777777777777778,0.0,0.0,0.5555555555555556,0.0,312.0,1018.29,1017.91,0.0,0.0,0.0,1
0.0,0.0,2024-01-27 01:59:00,2024-01-27 06:59:00+00:00,1706338740,KNYNEWYO1850,40.759,-73.802,America/New_York,6.0,6.0,5.0,6.0,6.0,5.0,6.0,6.0,5.0,6.0,6.0,5.0,99.0,99.0,99.0,0.0,0.2777777777777778,0.0,0.0,0.5555555555555556,0.0,298.0,1018.49,1018.02,0.21,0.0,0.0,1
0.0,0.0,2024-01-27 02:59:00,2024-01-27 07:59:00+00:00,1706342340,KNYNEWYO1850,40.759,-73.802,America/New_York,6.0,6.0,6.0,6.0,6.0,5.0,6.0,6.0,6.0,6.0,6.0,6.0,99.0,99.0,99.0,0.2777777777777778,0.8333333333333333,0.0,0.2777777777777778,1.1111111111111112,0.0,321.0,1019.0,1018.39,0.11,0.0,0.0,1
0.0,0.0,2024-01-27 03:59:00,2024-01-27 08:59:00+00:00,1706345940,KNYNEWYO1850,40.759,-73.802,America/New_York,5.0,6.0,5.0,5.0,5.0,5.0,5.0,6.0,5.0,5.0,6.0,5.0,99.0,99.0,99.0,0.0,0.5555555555555556,0.0,0.2777777777777778,1.3888888888888888,0.0,332.0,1019.1,1018.49,0.21,0.0,0.0,1
0.0,0.0,2024-01-27 04:59:00,2024-01-27 09:59:00+00:00,1706349540,KNYNEWYO1850,40.759,-73.802,America/New_York,5.0,5.0,5.0,5.0,5.0,5.0,5.0,5.0,5.0,5.0,5.0,5.0,99.0,99.0,99.0,0.0,0.0,0.0,0.0,0.0,0.0,302.0,1019.71,1018.8,0.62,0.0,0.0,1
0.0,0.0,2024-01-27 05:59:00,2024-01-27 10:59:00+00:00,1706353140,KNYNEWYO1850,40.759,-73.802,America/New_York,5.0,5.0,5.0,5.0,5.0,5.0,5.0,5.0,5.0,5.0,5.0,5.0,99.0,99.0,99.0,0.0,0.2777777777777778,0.0,0.0,0.5555555555555556,0.0,326.0,1020.39,1019.4,0.9,0.0,0.0,1
0.0,0.0,2024-01-27 06:59:00,2024-01-27 11:59:00+00:00,1706356740,KNYNEWYO1850,40.759,-73.802,America/New_York,5.0,5.0,5.0,5.0,5.0,5.0,5.0,5.0,5.0,5.0,5.0,5.0,99.0,99.0,99.0,0.2777777777777778,0.2777777777777778,0.2777777777777778,0.5555555555555556,0.5555555555555556,0.5555555555555556,326.0,1021.2,1020.29,0.62,0.0,0.0,1
,0.0,2024-01-27 07:59:00,2024-01-27 12:59:00+00:00,1706360340,KNYNEWYO1850,40.759,-73.802,America/New_York,,,,,,,,,,,,,,,,,,,,,,,1022.22,1021.0,0.84,,,1
0.0,0.0,2024-01-27 08:59:00,2024-01-27 13:59:00+00:00,1706363940,KNYNEWYO1850,40.759,-73.802,America/New_York,5.0,5.0,5.0,5.0,5.0,5.0,5.0,5.0,5.0,5.0,5.0,5.0,99.0,99.0,99.0,0.0,0.0,0.0,0.0,0.0,0.0,316.0,1022.59,1021.91,0.1,81.6,0.0,1
0.0,0.0,2024-01-27 09:58:00,2024-01-27 14:58:00+00:00,1706367480,KNYNEWYO1850,40.759,-73.802,America/New_York,5.0,5.0,5.0,5.0,5.0,5.0,5.0,5.0,5.0,5.0,5.0,5.0,99.0,99.0,99.0,0.0,0.0,0.0,0.0,0.0,0.0,316.0,1022.79,1022.22,0.11,81.6,0.0,1
,0.0,2024-01-27 10:59:00,2024-01-27 15:59:00+00:00,1706371140,KNYNEWYO1850,40.759,-73.802,America/New_York,,,,,,,,,,,,,,,,,,,,,,,1023.1,1022.38,0.21,,,1
,0.0,2024-01-27 11:58:00,2024-01-27 16:58:00+00:00,1706374680,KNYNEWYO1850,40.759,-73.802,America/New_York,,,,,,,,,,,,,,,,,,,,,,,1022.79,1022.22,-0.43,,,1
0.0,0.0,2024-01-27 12:59:00,2024-01-27 17:59:00+00:00,1706378340,KNYNEWYO1850,40.759,-73.802,America/New_York,8.0,8.0,8.0,5.0,5.0,5.0,8.0,8.0,8.0,8.0,8.0,8.0,79.0,80.0,78.0,0.5555555555555556,1.1111111111111112,0.5555555555555556,1.3888888888888888,1.3888888888888888,1.1111111111111112,305.0,1022.38,1021.71,-0.31,456.2,4.0,1
0.0,0.0,2024-01-27 13:59:00,2024-01-27 18:59:00+00:00,1706381940,KNYNEWYO1850,40.759,-73.802,America/New_York,8.0,8.0,8.0,4.0,5.0,4.0,8.0,8.0,8.0,8.0,8.0,8.0,78.0,80.0,77.0,0.2777777777777778,0.5555555555555556,0.0,0.2777777777777778,1.1111111111111112,0.0,342.0,1022.32,1021.81,0.21,92.46,0.0,1
0.0,0.0,2024-01-27 14:58:00,2024-01-27 19:58:00+00:00,1706385480,KNYNEWYO1850,40.759,-73.802,America/New_York,8.0,8.0,8.0,4.0,4.0,4.0,8.0,8.0,8.0,8.0,8.0,8.0,76.0,77.0,76.0,0.8333333333333333,1.1111111111111112,0.0,0.8333333333333333,1.1111111111111112,0.0,297.0,1022.22,1021.61,0.0,92.46,0.0,1
0.0,0.0,2024-01-27 15:59:00,2024-01-27 20:59:00+00:00,1706389140,KNYNEWYO1850,40.759,-73.802,America/New_York,8.0,8.0,8.0,4.0,4.0,4.0,8.0,8.0,8.0,8.0,8.0,8.0,76.0,76.0,76.0,1.1111111111111112,1.1111111111111112,1.1111111111111112,1.1111111111111112,1.1111111111111112,1.1111111111111112,297.0,1022.69,1021.61,0.48,50.33,0.0,1
0.0,0.0,2024-01-27 16:59:00,2024-01-27 21:59:00+00:00,1706392740,KNYNEWYO1850,40.759,-73.802,America/New_York,8.0,8.0,8.0,4.0,4.0,4.0,8.0,8.0,8.0,8.0,8.0,8.0,77.0,78.0,77.0,0.2777777777777778,0.2777777777777778,0.0,0.2777777777777778,0.5555555555555556,0.0,291.0,1022.38,1021.71,-0.21,3.27,0.0,1
0.0,0.0,2024-01-27 17:59:00,2024-01-27 22:59:00+00:00,1706396340,KNYNEWYO1850,40.759,-73.802,America/New_York,7.0,8.0,7.0,4.0,4.0,4.0,7.0,8.0,7.0,7.0,8.0,7.0,77.0,78.0,77.0,0.0,0.0,0.0,0.5555555555555556,0.5555555555555556,0.0,309.0,1022.11,1021.61,-0.21,1.34,0.0,1
0.0,0.0,2024-01-27 18:59:00,2024-01-27 23:59:00+00:00,1706399940,KNYNEWYO1850,40.759,-73.802,America/New_York,7.0,7.0,7.0,4.0,4.0,4.0,7.0,7.0,7.0,7.0,7.0,7.0,79.0,80.0,77.0,0.0,0.0,0.0,0.0,0.5555555555555556,0.0,309.0,1022.38,1021.4,0.41,0.91,0.0,1
0.0,0.0,2024-01-27 19:59:00,2024-01-28 00:59:00+00:00,1706403540,KNYNEWYO1850,40.759,-73.802,America/New_York,7.0,7.0,7.0,4.0,4.0,4.0,7.0,7.0,7.0,7.0,7.0,7.0,80.0,81.0,80.0,0.2777777777777778,0.2777777777777778,0.0,0.2777777777777778,0.5555555555555556,0.0,327.0,1022.49,1021.81,-0.31,0.0,0.0,1
0.0,0.0,2024-01-27 20:59:00,2024-01-28 01:59:00+00:00,1706407140,KNYNEWYO1850,40.759,-73.802,America/New_York,6.0,7.0,6.0,4.0,4.0,4.0,6.0,7.0,6.0,6.0,7.0,6.0,81.0,82.0,81.0,0.0,0.2777777777777778,0.0,0.2777777777777778,0.5555555555555556,0.0,327.0,1022.38,1021.61,0.41,0.0,0.0,1
0.0,0.0,2024-01-27 21:59:00,2024-01-28 02:59:00+00:00,1706410740,KNYNEWYO1850,40.759,-73.802,America/New_York,6.0,6.0,6.0,4.0,4.0,4.0,6.0,6.0,6.0,6.0,6.0,6.0,82.0,82.0,82.0,0.0,0.0,0.0,0.0,0.0,0.0,327.0,1022.38,1021.5,-0.63,0.0,0.0,1
,0.0,2024-01-27 22:59:00,2024-01-28 03:59:00+00:00,1706414340,KNYNEWYO1850,40.759,-73.802,America/New_York,,,,,,,,,,,,,,,,,,,,,,,1021.61,1020.89,-0.21,,,1
,0.0,2024-01-27 23:59:00,2024-01-28 04:59:00+00:00,1706417940,KNYNEWYO1850,40.759,-73.802,America/New_York,,,,,,,,,,,,,,,,,,,,,,,1021.81,1020.39,-0.93,,,1
0.0,0.0,2024-01-28 00:59:00,2024-01-28 05:59:00+00:00,1706421540,KNYNEWYO1850,40.759,-73.802,America/New_York,5.0,5.0,5.0,3.0,3.0,3.0,5.0,5.0,5.0,5.0,5.0,5.0,88.0,88.0,88.0,0.2777777777777778,0.2777777777777778,0.2777777777777778,0.5555555555555556,0.5555555555555556,0.5555555555555556,331.0,1020.69,1019.61,-1.0,0.0,0.0,1
1.8,0.3,2024-01-28 01:59:00,2024-01-28 06:59:00+00:00,1706425140,KNYNEWYO1850,40.759,-73.802,America/New_York,5.0,5.0,5.0,3.0,3.0,3.0,5.0,5.0,5.0,5.0,5.0,5.0,88.0,89.0,88.0,0.2777777777777778,0.5555555555555556,0.0,0.5555555555555556,1.1111111111111112,0.0,332.0,1019.91,1019.0,-0.52,0.0,0.0,1
1.8,0.21000000000000002,2024-01-28 02:59:00,2024-01-28 07:59:00+00:00,1706428740,KNYNEWYO1850,40.759,-73.802,America/New_York,5.0,5.0,5.0,4.0,4.0,3.0,5.0,5.0,5.0,5.0,5.0,5.0,90.0,91.0,89.0,0.2777777777777778,0.2777777777777778,0.0,0.2777777777777778,0.5555555555555556,0.0,328.0,1019.3,1017.31,-1.93,0.0,0.0,1
13.79,2.2800000000000002,2024-01-28 03:59:00,2024-01-28 08:59:00+00:00,1706432340,KNYNEWYO1850,40.759,-73.802,America/New_York,5.0,5.0,4.0,4.0,4.0,4.0,5.0,5.0,4.0,5.0,5.0,4.0,93.0,95.0,91.0,0.2777777777777778,0.2777777777777778,0.2777777777777778,0.5555555555555556,0.5555555555555556,0.5555555555555556,332.0,1017.61,1015.71,-1.83,0.0,0.0,1
0.0,0.0,2024-01-28 04:59:00,2024-01-28 09:59:00+00:00,1706435940,KNYNEWYO1850,40.759,-73.802,America/New_York,4.0,4.0,4.0,4.0,4.0,4.0,4.0,4.0,4.0,4.0,4.0,4.0,95.0,95.0,95.0,0.2777777777777778,0.2777777777777778,0.2777777777777778,0.5555555555555556,0.5555555555555556,0.5555555555555556,334.0,1017.2,1015.61,0.38,0.0,0.0,1
,0.0,2024-01-28 05:59:00,2024-01-28 10:59:00+00:00,1706439540,KNYNEWYO1850,40.759,-73.802,America/New_York,,,,,,,,,,,,,,,,,,,,,,,1015.98,1014.8,-1.21,,,1
,0.0,2024-01-28 06:59:00,2024-01-28 11:59:00+00:00,1706443140,KNYNEWYO1850,40.759,-73.802,America/New_York,,,,,,,,,,,,,,,,,,,,,,,1015.0,1013.88,-1.14,,,1
81.0,0.0,2024-01-28 07:59:00,2024-01-28 12:59:00+00:00,1706446740,KNYNEWYO1850,40.759,-73.802,America/New_York,4.0,4.0,4.0,3.0,3.0,3.0,4.0,4.0,4.0,2.0,2.0,2.0,97.0,97.0,97.0,2.2222222222222223,2.2222222222222223,2.2222222222222223,2.5,2.5,2.5,9.0,1013.88,1013.0,-0.52,2.98,0.0,1
0.0,0.0,2024-01-28 08:59:00,2024-01-28 13:59:00+00:00,1706450340,KNYNEWYO1850,40.759,-73.802,America/New_York,4.0,4.0,4.0,3.0,3.0,3.0,4.0,4.0,4.0,2.0,2.0,2.0,97.0,97.0,97.0,2.2222222222222223,2.2222222222222223,2.2222222222222223,2.5,2.5,2.5,9.0,1013.72,1012.39,-0.83,2.98,0.0,1
,0.0,2024-01-28 09:59:00,2024-01-28 14:59:00+00:00,1706453940,KNYNEWYO1850,40.759,-73.802,America/New_York,,,,,,,,,,,,,,,,,,,,,,,1012.6,1009.99,-2.34,,,1
,0.0,2024-01-28 10:59:00,2024-01-28 15:59:00+00:00,1706457540,KNYNEWYO1850,40.759,-73.802,America/New_York,,,,,,,,,,,,,,,,,,,,,,,1010.3,1008.3,-1.93,,,1
43.79,0.0,2024-01-28 11:59:00,2024-01-28 16:59:00+00:00,1706461140,KNYNEWYO1850,40.759,-73.802,America/New_York,4.0,4.0,4.0,3.0,3.0,3.0,4.0,4.0,4.0,3.0,4.0,2.0,95.0,96.0,95.0,1.1111111111111112,1.6666666666666665,0.5555555555555556,1.9444444444444444,2.5,1.1111111111111112,342.0,1008.5,1006.6,-1.52,82.63,0.0,1
1.19,0.20000000000000284,2024-01-28 12:59:00,2024-01-28 17:59:00+00:00,1706464740,KNYNEWYO1850,40.759,-73.802,America/New_York,4.0,4.0,4.0,3.0,4.0,3.0,4.0,4.0,4.0,3.0,4.0,2.0,96.0,97.0,96.0,1.1111111111111112,2.2222222222222223,0.2777777777777778,2.2222222222222223,4.722222222222222,1.1111111111111112,328.0,1006.71,1005.38,-1.14,94.71,0.0,1
1.8,0.7899999999999991,2024-01-28 13:59:00,2024-01-28 18:59:00+00:00,1706468340,KNYNEWYO1850,40.759,-73.802,America/New_York,4.0,4.0,4.0,3.0,4.0,3.0,4.0,4.0,4.0,3.0,4.0,2.0,97.0,97.0,97.0,1.1111111111111112,2.2222222222222223,0.2777777777777778,1.9444444444444444,3.611111111111111,0.5555555555555556,331.0,1005.49,1003.69,-1.83,82.39,0.0,1
1.8,0.21000000000000085,2024-01-28 14:59:00,2024-01-28 19:59:00+00:00,1706471940,KNYNEWYO1850,40.759,-73.802,America/New_York,4.0,4.0,4.0,3.0,3.0,3.0,4.0,4.0,4.0,3.0,4.0,1.0,96.0,97.0,96.0,1.3888888888888888,3.333333333333333,0.2777777777777778,2.2222222222222223,4.722222222222222,0.5555555555555556,331.0,1004.2,1003.39,-0.41,65.69,0.0,1
1.8,0.5999999999999979,2024-01-28 15:59:00,2024-01-28 20:59:00+00:00,1706475540,KNYNEWYO1850,40.759,-73.802,America/New_York,4.0,4.0,3.0,3.0,3.0,3.0,4.0,4.0,3.0,2.0,4.0,1.0,96.0,97.0,96.0,1.3888888888888888,2.5,0.2777777777777778,2.2222222222222223,3.611111111111111,0.5555555555555556,291.0,1003.89,1003.29,-0.1,62.79,0.0,1
1.8,0.490000000000002,2024-01-28 16:59:00,2024-01-28 21:59:00+00:00,1706479140,KNYNEWYO1850,40.759,-73.802,America/New_York,3.0,3.0,3.0,3.0,3.0,3.0,3.0,3.0,3.0,3.0,3.0,2.0,97.0,98.0,97.0,0.8333333333333333,1.6666666666666665,0.2777777777777778,1.1111111111111112,1.9444444444444444,0.5555555555555556,344.0,1003.39,1003.01,0.11,16.84,0.0,1
1.8,0.509999999999998,2024-01-28 17:59:00,2024-01-28 22:59:00+00:00,1706482740,KNYNEWYO1850,40.759,-73.802,America/New_York,3.0,3.0,3.0,3.0,3.0,3.0,3.0,3.0,3.0,3.0,3.0,1.0,98.0,99.0,98.0,0.8333333333333333,1.6666666666666665,0.2777777777777778,1.1111111111111112,2.5,0.5555555555555556,295.0,1003.49,1003.01,-0.1,0.69,0.0,1
1.8,0.5,2024-01-28 18:59:00,2024-01-28 23:59:00+00:00,1706486340,KNYNEWYO1850,40.759,-73.802,America/New_York,3.0,3.0,3.0,3.0,3.0,3.0,3.0,3.0,3.0,3.0,3.0,1.0,99.0,99.0,99.0,0.8333333333333333,1.9444444444444444,0.0,1.1111111111111112,2.5,0.5555555555555556,296.0,1003.29,1002.91,0.1,0.0,0.0,1
1.8,0.0,2024-01-28 19:59:00,2024-01-29 00:59:00+00:00,1706489940,KNYNEWYO1850,40.759,-73.802,America/New_York,3.0,3.0,3.0,3.0,3.0,3.0,3.0,3.0,3.0,3.0,3.0,0.0,98.0,99.0,98.0,0.8333333333333333,2.5,0.0,1.3888888888888888,3.0555555555555554,0.5555555555555556,301.0,1003.18,1002.71,-0.1,0.0,0.0,1
0.0,0.0,2024-01-28 20:59:00,2024-01-29 01:59:00+00:00,1706493540,KNYNEWYO1850,40.759,-73.802,America/New_York,3.0,3.0,3.0,3.0,3.0,3.0,3.0,3.0,3.0,3.0,3.0,3.0,98.0,98.0,98.0,0.5555555555555556,0.8333333333333333,0.5555555555555556,1.1111111111111112,1.3888888888888888,1.1111111111111112,308.0,1002.91,1002.3,-0.31,0.0,0.0,1
0.0,0.0,2024-01-28 21:59:00,2024-01-29 02:59:00+00:00,1706497140,KNYNEWYO1850,40.759,-73.802,America/New_York,3.0,3.0,3.0,3.0,3.0,2.0,3.0,3.0,3.0,3.0,3.0,3.0,97.0,98.0,97.0,0.8333333333333333,1.3888888888888888,0.5555555555555556,1.1111111111111112,1.3888888888888888,1.1111111111111112,300.0,1002.61,1002.2,-0.1,0.0,0.0,1
1.19,0.21000000000000085,2024-01-28 22:59:00,2024-01-29 03:59:00+00:00,1706500740,KNYNEWYO1850,40.759,-73.802,America/New_York,3.0,3.0,3.0,2.0,2.0,2.0,3.0,3.0,3.0,2.0,3.0,1.0,97.0,98.0,97.0,1.3888888888888888,1.9444444444444444,0.2777777777777778,1.9444444444444444,2.5,1.3888888888888888,304.0,1002.4,1002.0,0.1,0.0,0.0,1
0.0,0.0,2024-01-28 23:59:00,2024-01-29 04:59:00+00:00,1706504340,KNYNEWYO1850,40.759,-73.802,America/New_York,3.0,3.0,3.0,2.0,2.0,2.0,3.0,3.0,3.0,3.0,3.0,1.0,98.0,99.0,98.0,1.3888888888888888,1.3888888888888888,1.3888888888888888,1.6666666666666665,1.9444444444444444,1.3888888888888888,312.0,1002.71,1002.1,0.41,0.0,0.0,1
1.8,0.3,2024-01-29 00:59:00,2024-01-29 05:59:00+00:00,1706507940,KNYNEWYO1850,40.759,-73.802,America/New_York,3.0,3.0,3.0,2.0,2.0,2.0,3.0,3.0,3.0,2.0,3.0,1.0,99.0,99.0,99.0,0.2777777777777778,1.3888888888888888,0.0,0.8333333333333333,1.9444444444444444,0.5555555555555556,295.0,1002.91,1002.4,0.32,0.0,0.0,1
1.8,0.49000000000000005,2024-01-29 01:59:00,2024-01-29 06:59:00+00:00,1706511540,KNYNEWYO1850,40.759,-73.802,America/New_York,2.0,3.0,2.0,2.0,2.0,2.0,2.0,3.0,2.0,2.0,3.0,1.0,99.0,99.0,99.0,1.1111111111111112,1.6666666666666665,0.2777777777777778,1.9444444444444444,3.0555555555555554,0.5555555555555556,281.0,1003.18,1002.51,0.48,0.0,0.0,1
1.19,0.19999999999999996,2024-01-29 02:59:00,2024-01-29 07:59:00+00:00,1706515140,KNYNEWYO1850,40.759,-73.802,America/New_York,2.0,2.0,2.0,2.0,2.0,2.0,2.0,2.0,2.0,2.0,2.0,2.0,98.0,99.0,98.0,0.5555555555555556,1.3888888888888888,0.2777777777777778,1.1111111111111112,1.9444444444444444,0.5555555555555556,291.0,1003.69,1003.18,0.21,0.0,0.0,1
3.0,1.32,2024-01-29 03:59:00,2024-01-29 08:59:00+00:00,1706518740,KNYNEWYO1850,40.759,-73.802,America/New_York,2.0,2.0,1.0,1.0,2.0,1.0,2.0,2.0,1.0,2.0,2.0,0.0,97.0,98.0,97.0,1.1111111111111112,1.6666666666666665,0.5555555555555556,1.3888888888888888,2.5,1.1111111111111112,286.0,1004.3,1003.49,0.52,0.0,0.0,1
1.8,0.2799999999999998,2024-01-29 04:59:00,2024-01-29 09:59:00+00:00,1706522340,KNYNEWYO1850,40.759,-73.802,America/New_York,2.0,2.0,1.0,1.0,2.0,1.0,2.0,2.0,1.0,1.0,2.0,-1.0,95.0,97.0,93.0,1.3888888888888888,2.7777777777777777,0.5555555555555556,2.2222222222222223,4.166666666666667,0.5555555555555556,294.0,1004.61,1004.0,0.41,0.0,0.0,1
1.19,0.20000000000000018,2024-01-29 05:59:00,2024-01-29 10:59:00+00:00,1706525940,KNYNEWYO1850,40.759,-73.802,America/New_York,2.0,2.0,2.0,1.0,1.0,1.0,2.0,2.0,2.0,1.0,2.0,0.0,92.0,93.0,91.0,1.3888888888888888,2.2222222222222223,0.0,2.2222222222222223,5.0,0.5555555555555556,283.0,1005.59,1004.4,0.79,0.0,0.0,1
1.8,0.5099999999999998,2024-01-29 06:59:00,2024-01-29 11:59:00+00:00,1706529540,KNYNEWYO1850,40.759,-73.802,America/New_York,2.0,2.0,2.0,1.0,1.0,1.0,2.0,2.0,2.0,2.0,2.0,0.0,93.0,94.0,92.0,1.1111111111111112,1.6666666666666665,0.8333333333333333,1.1111111111111112,1.9444444444444444,1.1111111111111112,281.0,1006.5,1005.38,0.93,0.0,0.0,1
0.0,0.0,2024-01-29 07:59:00,2024-01-29 12:59:00+00:00,1706533140,KNYNEWYO1850,40.759,-73.802,America/New_York,2.0,2.0,2.0,1.0,1.0,1.0,2.0,2.0,2.0,2.0,2.0,2.0,94.0,94.0,94.0,1.1111111111111112,1.1111111111111112,1.1111111111111112,1.1111111111111112,1.1111111111111112,1.1111111111111112,262.0,1007.42,1006.2,0.93,0.0,0.0,1
0.0,0.0,2024-01-29 08:59:00,2024-01-29 13:59:00+00:00,1706536740,KNYNEWYO1850,40.759,-73.802,America/New_York,2.0,3.0,2.0,1.0,1.0,1.0,2.0,3.0,2.0,2.0,2.0,-1.0,89.0,90.0,89.0,1.6666666666666665,3.333333333333333,1.1111111111111112,1.9444444444444444,4.166666666666667,1.3888888888888888,287.0,1008.2,1007.42,0.79,47.64,0.0,1
0.0,0.0,2024-01-29 09:59:00,2024-01-29 14:59:00+00:00,1706540340,KNYNEWYO1850,40.759,-73.802,America/New_York,2.0,2.0,2.0,1.0,1.0,1.0,2.0,2.0,2.0,1.0,1.0,0.0,89.0,89.0,89.0,1.6666666666666665,2.2222222222222223,1.6666666666666665,2.2222222222222223,2.5,1.9444444444444444,310.0,1008.81,1007.89,0.52,47.57,0.0,1
0.0,0.0,2024-01-29 10:59:00,2024-01-29 15:59:00+00:00,1706543940,KNYNEWYO1850,40.759,-73.802,America/New_York,3.0,3.0,2.0,1.0,1.0,1.0,3.0,3.0,2.0,1.0,1.0,1.0,85.0,89.0,83.0,1.9444444444444444,2.2222222222222223,1.6666666666666665,2.5,3.0555555555555554,1.9444444444444444,272.0,1009.69,1008.81,0.62,162.03,1.0,1
0.0,0.0,2024-01-29 11:59:00,2024-01-29 16:59:00+00:00,1706547540,KNYNEWYO1850,40.759,-73.802,America/New_York,3.0,3.0,3.0,1.0,1.0,0.0,3.0,3.0,3.0,1.0,1.0,1.0,82.0,83.0,82.0,2.2222222222222223,2.5,2.2222222222222223,3.333333333333333,3.611111111111111,3.0555555555555554,260.0,1009.89,1009.31,0.1,162.03,1.0,1
0.0,0.0,2024-01-29 12:59:00,2024-01-29 17:59:00+00:00,1706551140,KNYNEWYO1850,40.759,-73.802,America/New_York,3.0,3.0,3.0,0.0,0.0,0.0,3.0,3.0,3.0,1.0,2.0,1.0,81.0,82.0,80.0,2.2222222222222223,2.5,1.3888888888888888,3.0555555555555554,3.611111111111111,1.9444444444444444,303.0,1009.99,1009.58,0.1,136.57,1.0,1
0.0,0.0,2024-01-29 13:59:00,2024-01-29 18:59:00+00:00,1706554740,KNYNEWYO1850,40.759,-73.802,America/New_York,3.0,3.0,3.0,0.0,0.0,0.0,3.0,3.0,3.0,2.0,3.0,1.0,77.0,80.0,77.0,1.6666666666666665,2.2222222222222223,1.1111111111111112,2.5,3.611111111111111,1.3888888888888888,293.0,1010.3,1009.69,0.21,136.57,1.0,1
0.0,0.0,2024-01-29 14:58:00,2024-01-29 19:58:00+00:00,1706558280,KNYNEWYO1850,40.759,-73.802,America/New_York,3.0,3.0,3.0,0.0,0.0,-1.0,3.0,3.0,3.0,2.0,3.0,0.0,76.0,77.0,75.0,1.9444444444444444,4.166666666666667,1.1111111111111112,2.7777777777777777,6.111111111111111,1.3888888888888888,268.0,1011.11,1010.09,0.74,67.81,0.0,1
0.0,0.0,2024-01-29 15:59:00,2024-01-29 20:59:00+00:00,1706561940,KNYNEWYO1850,40.759,-73.802,America/New_York,3.0,3.0,3.0,0.0,0.0,-1.0,3.0,3.0,3.0,3.0,3.0,0.0,76.0,77.0,75.0,1.3888888888888888,3.0555555555555554,0.2777777777777778,1.9444444444444444,4.166666666666667,1.1111111111111112,291.0,1012.09,1010.9,1.21,49.23,0.0,1
0.0,0.0,2024-01-29 16:59:00,2024-01-29 21:59:00+00:00,1706565540,KNYNEWYO1850,40.759,-73.802,America/New_York,3.0,3.0,3.0,-1.0,0.0,-1.0,3.0,3.0,3.0,2.0,3.0,1.0,76.0,77.0,75.0,1.1111111111111112,1.9444444444444444,0.2777777777777778,1.6666666666666665,3.0555555555555554,0.5555555555555556,293.0,1013.21,1012.19,0.83,17.06,0.0,1
0.0,0.0,2024-01-29 17:59:00,2024-01-29 22:59:00+00:00,1706569140,KNYNEWYO1850,40.759,-73.802,America/New_York,3.0,3.0,3.0,-1.0,-1.0,-1.0,3.0,3.0,3.0,2.0,3.0,1.0,75.0,76.0,75.0,1.1111111111111112,1.6666666666666665,0.0,1.6666666666666665,2.5,0.5555555555555556,297.0,1014.39,1013.11,1.0,3.96,0.0,1
0.0,0.0,2024-01-29 18:59:00,2024-01-29 23:59:00+00:00,1706572740,KNYNEWYO1850,40.759,-73.802,America/New_York,3.0,3.0,3.0,-1.0,-1.0,-2.0,3.0,3.0,3.0,2.0,3.0,0.0,74.0,75.0,73.0,1.1111111111111112,2.7777777777777777,0.0,2.2222222222222223,4.722222222222222,0.5555555555555556,291.0,1015.51,1014.19,1.34,0.0,0.0,1
0.0,0.0,2024-01-29 19:59:00,2024-01-30 00:59:00+00:00,1706576340,KNYNEWYO1850,40.759,-73.802,America/New_York,3.0,3.0,3.0,-1.0,-1.0,-2.0,3.0,3.0,3.0,3.0,3.0,1.0,74.0,75.0,73.0,0.5555555555555556,1.9444444444444444,0.0,1.1111111111111112,3.611111111111111,0.0,309.0,1016.59,1015.41,1.0,0.0,0.0,1
0.0,0.0,2024-01-29 20:59:00,2024-01-30 01:59:00+00:00,1706579940,KNYNEWYO1850,40.759,-73.802,America/New_York,3.0,3.0,3.0,-2.0,-1.0,-2.0,3.0,3.0,3.0,2.0,3.0,0.0,73.0,74.0,73.0,1.3888888888888888,2.2222222222222223,0.8333333333333333,1.6666666666666665,3.0555555555555554,1.1111111111111112,294.0,1017.31,1016.39,0.93,0.0,0.0,1
0.0,0.0,2024-01-29 21:59:00,2024-01-30 02:59:00+00:00,1706583540,KNYNEWYO1850,40.759,-73.802,America/New_York,3.0,3.0,3.0,-2.0,-2.0,-2.0,3.0,3.0,3.0,2.0,3.0,0.0,73.0,74.0,73.0,1.1111111111111112,2.2222222222222223,0.8333333333333333,1.3888888888888888,3.0555555555555554,1.1111111111111112,313.0,1017.91,1017.1,0.53,0.0,0.0,1
0.0,0.0,2024-01-29 22:58:00,2024-01-30 03:58:00+00:00,1706587080,KNYNEWYO1850,40.759,-73.802,America/New_York,2.0,3.0,2.0,-2.0,-2.0,-2.0,2.0,3.0,2.0,2.0,3.0,2.0,73.0,75.0,73.0,0.5555555555555556,0.8333333333333333,0.2777777777777778,1.1111111111111112,1.1111111111111112,1.1111111111111112,328.0,1018.49,1017.81,0.6,0.0,0.0,1
0.0,0.0,2024-01-29 23:59:00,2024-01-30 04:59:00+00:00,1706590740,KNYNEWYO1850,40.759,-73.802,America/New_York,2.0,2.0,2.0,-2.0,-2.0,-2.0,2.0,2.0,2.0,2.0,2.0,2.0,74.0,75.0,74.0,0.5555555555555556,0.5555555555555556,0.2777777777777778,1.1111111111111112,1.1111111111111112,1.1111111111111112,309.0,1018.9,1018.29,0.21,0.0,0.0,1
0.0,0.0,2024-01-30 00:58:00,2024-01-30 05:58:00+00:00,1706594280,KNYNEWYO1850,40.759,-73.802,America/New_York,2.0,2.0,2.0,-3.0,-2.0,-3.0,2.0,2.0,2.0,2.0,2.0,2.0,70.0,74.0,70.0,0.8333333333333333,1.1111111111111112,0.5555555555555556,1.3888888888888888,1.3888888888888888,1.1111111111111112,300.0,1019.3,1018.69,0.42,0.0,0.0,1
0.0,0.0,2024-01-30 01:59:00,2024-01-30 06:59:00+00:00,1706597940,KNYNEWYO1850,40.759,-73.802,America/New_York,2.0,2.0,2.0,-3.0,-3.0,-3.0,2.0,2.0,2.0,2.0,2.0,2.0,70.0,70.0,70.0,1.1111111111111112,1.1111111111111112,1.1111111111111112,1.3888888888888888,1.3888888888888888,1.3888888888888888,299.0,1019.51,1018.8,0.53,0.0,0.0,1
,0.0,2024-01-30 02:58:00,2024-01-30 07:58:00+00:00,1706601480,KNYNEWYO1850,40.759,-73.802,America/New_York,,,,,,,,,,,,,,,,,,,,,,,1019.71,1019.3,0.11,,,1
,0.0,2024-01-30 03:59:00,2024-01-30 08:59:00+00:00,1706605140,KNYNEWYO1850,40.759,-73.802,America/New_York,,,,,,,,,,,,,,,,,,,,,,,1020.12,1019.4,0.32,,,1
0.0,0.0,2024-01-30 04:59:00,2024-01-30 09:59:00+00:00,1706608740,KNYNEWYO1850,40.759,-73.802,America/New_York,2.0,2.0,2.0,-3.0,-3.0,-3.0,2.0,2.0,2.0,2.0,2.0,2.0,73.0,73.0,73.0,0.0,0.0,0.0,0.5555555555555556,0.5555555555555556,0.5555555555555556,307.0,1020.59,1019.91,0.28,0.0,0.0,1
0.0,0.0,2024-01-30 05:59:00,2024-01-30 10:59:00+00:00,1706612340,KNYNEWYO1850,40.759,-73.802,America/New_York,2.0,2.0,2.0,-3.0,-3.0,-3.0,2.0,2.0,2.0,2.0,2.0,2.0,73.0,73.0,73.0,0.0,0.0,0.0,0.5555555555555556,0.5555555555555556,0.5555555555555556,307.0,1021.4,1020.29,1.03,0.0,0.0,1
0.0,0.0,2024-01-30 06:59:00,2024-01-30 11:59:00+00:00,1706615940,KNYNEWYO1850,40.759,-73.802,America/New_York,2.0,2.0,2.0,-3.0,-3.0,-3.0,2.0,2.0,2.0,2.0,2.0,2.0,72.0,72.0,72.0,0.2777777777777778,0.2777777777777778,0.2777777777777778,0.5555555555555556,0.5555555555555556,0.5555555555555556,300.0,1021.91,1021.2,0.1,0.0,0.0,1
0.0,0.0,2024-01-30 07:59:00,2024-01-30 12:59:00+00:00,1706619540,KNYNEWYO1850,40.759,-73.802,America/New_York,2.0,2.0,2.0,-3.0,-3.0,-3.0,2.0,2.0,2.0,2.0,2.0,2.0,71.0,72.0,71.0,0.0,0.2777777777777778,0.0,0.0,0.5555555555555556,0.0,300.0,1022.49,1021.61,0.91,0.94,0.0,1
0.0,0.0,2024-01-30 08:59:00,2024-01-30 13:59:00+00:00,1706623140,KNYNEWYO1850,40.759,-73.802,America/New_York,2.0,2.0,2.0,-3.0,-3.0,-3.0,2.0,2.0,2.0,2.0,2.0,2.0,71.0,71.0,71.0,0.0,0.0,0.0,0.0,0.0,0.0,313.0,1022.89,1022.38,0.31,32.35,0.0,1
0.0,0.0,2024-01-30 09:59:00,2024-01-30 14:59:00+00:00,1706626740,KNYNEWYO1850,40.759,-73.802,America/New_York,2.0,2.0,2.0,-3.0,-3.0,-3.0,2.0,2.0,2.0,2.0,2.0,2.0,71.0,71.0,71.0,0.0,0.0,0.0,0.0,0.0,0.0,313.0,1023.1,1022.59,0.41,32.35,0.0,1
,0.0,2024-01-30 10:59:00,2024-01-30 15:59:00+00:00,1706630340,KNYNEWYO1850,40.759,-73.802,America/New_York,,,,,,,,,,,,,,,,,,,,,,,1023.1,1022.69,-0.21,,,1
0.0,0.0,2024-01-30 11:59:00,2024-01-30 16:59:00+00:00,1706633940,KNYNEWYO1850,40.759,-73.802,America/New_York,2.0,2.0,2.0,-2.0,-2.0,-2.0,2.0,2.0,2.0,2.0,2.0,2.0,72.0,72.0,72.0,0.0,0.0,0.0,0.0,0.0,0.0,308.0,1022.79,1022.11,-0.48,47.73,0.0,1
0.0,0.0,2024-01-30 12:59:00,2024-01-30 17:59:00+00:00,1706637540,KNYNEWYO1850,40.759,-73.802,America/New_York,2.0,3.0,2.0,-3.0,-2.0,-3.0,2.0,3.0,2.0,2.0,3.0,2.0,68.0,72.0,68.0,0.2777777777777778,1.1111111111111112,0.0,0.5555555555555556,1.3888888888888888,0.0,9.0,1022.38,1021.71,-0.38,69.46,0.0,1
0.0,0.0,2024-01-30 13:59:00,2024-01-30 18:59:00+00:00,1706641140,KNYNEWYO1850,40.759,-73.802,America/New_York,3.0,3.0,3.0,-3.0,-3.0,-4.0,3.0,3.0,3.0,3.0,3.0,3.0,64.0,68.0,62.0,0.2777777777777778,1.3888888888888888,0.0,0.2777777777777778,1.3888888888888888,0.0,344.0,1022.11,1021.71,-0.1,69.08,0.0,1
0.0,0.0,2024-01-30 14:59:00,2024-01-30 19:59:00+00:00,1706644740,KNYNEWYO1850,40.759,-73.802,America/New_York,3.0,3.0,3.0,-4.0,-4.0,-4.0,3.0,3.0,3.0,3.0,3.0,3.0,62.0,63.0,61.0,0.5555555555555556,1.1111111111111112,0.0,0.5555555555555556,1.3888888888888888,0.0,340.0,1021.91,1021.5,-0.31,64.1,0.0,1
0.0,0.0,2024-01-30 15:59:00,2024-01-30 20:59:00+00:00,1706648340,KNYNEWYO1850,40.759,-73.802,America/New_York,3.0,3.0,3.0,-4.0,-4.0,-4.0,3.0,3.0,3.0,3.0,3.0,3.0,61.0,62.0,61.0,0.5555555555555556,1.1111111111111112,0.0,0.5555555555555556,1.3888888888888888,0.0,354.0,1021.71,1021.4,-0.31,49.38,0.0,1
0.0,0.0,2024-01-30 16:59:00,2024-01-30 21:59:00+00:00,1706651940,KNYNEWYO1850,40.759,-73.802,America/New_York,3.0,3.0,3.0,-4.0,-4.0,-4.0,3.0,3.0,3.0,3.0,3.0,3.0,62.0,62.0,62.0,0.0,0.0,0.0,0.0,0.0,0.0,328.0,1021.61,1021.2,0.1,20.77,0.0,1
0.0,0.0,2024-01-30 17:59:00,2024-01-30 22:59:00+00:00,1706655540,KNYNEWYO1850,40.759,-73.802,America/New_York,2.0,2.0,2.0,-3.0,-3.0,-3.0,2.0,2.0,2.0,2.0,2.0,2.0,68.0,68.0,68.0,0.0,0.0,0.0,0.0,0.0,0.0,320.0,1021.81,1021.5,0.0,0.09,0.0,1
0.0,0.0,2024-01-30 18:59:00,2024-01-30 23:59:00+00:00,1706659140,KNYNEWYO1850,40.759,-73.802,America/New_York,2.0,2.0,2.0,-2.0,-1.0,-3.0,2.0,2.0,2.0,1.0,2.0,0.0,77.0,82.0,68.0,1.1111111111111112,1.3888888888888888,0.0,1.3888888888888888,1.9444444444444444,0.0,352.0,1021.81,1021.3,0.21,0.09,0.0,1
0.0,0.0,2024-01-30 19:59:00,2024-01-31 00:59:00+00:00,1706662740,KNYNEWYO1850,40.759,-73.802,America/New_York,2.0,2.0,2.0,-1.0,-1.0,-1.0,2.0,2.0,2.0,1.0,2.0,0.0,83.0,84.0,82.0,0.8333333333333333,1.3888888888888888,0.2777777777777778,1.3888888888888888,1.9444444444444444,1.1111111111111112,343.0,1022.22,1021.61,0.21,0.0,0.0,1
0.0,0.0,2024-01-30 20:59:00,2024-01-31 01:59:00+00:00,1706666340,KNYNEWYO1850,40.759,-73.802,America/New_York,2.0,2.0,2.0,-1.0,-1.0,-1.0,2.0,2.0,2.0,2.0,2.0,2.0,84.0,84.0,84.0,0.2777777777777778,0.2777777777777778,0.2777777777777778,1.1111111111111112,1.1111111111111112,1.1111111111111112,323.0,1022.22,1021.61,-0.52,0.0,0.0,1
,0.0,2024-01-30 21:59:00,2024-01-31 02:59:00+00:00,1706669940,KNYNEWYO1850,40.759,-73.802,America/New_York,,,,,,,,,,,,,,,,,,,,,,,1021.81,1021.3,-0.41,,,1
,0.0,2024-01-30 22:59:00,2024-01-31 03:59:00+00:00,1706673540,KNYNEWYO1850,40.759,-73.802,America/New_York,,,,,,,,,,,,,,,,,,,,,,,1021.5,1021.1,-0.21,,,1
,0.0,2024-01-30 23:59:00,2024-01-31 04:59:00+00:00,1706677140,KNYNEWYO1850,40.759,-73.802,America/New_York,,,,,,,,,,,,,,,,,,,,,,,1021.3,1020.89,-0.31,,,1
